ST_CASE,VEH_NO,PER_NO,YEAR,P1,P2,P3,P4,P5,P6,P7,P8,P9,P10
10596,1,1,1989,0,0,0,0,0,0,0,0,0,0
10597,1,1,1989,0,0,0,0,0,0,0,0,0,0
10597,2,1,1989,0,12,0,12,13,0,22,0,22,16
10598,1,1,1989,0,0,17,10,2,31,0,8,0,19
10599,1,1,1989,0,0,0,0,0,0,14,0,0,0
10599,2,1,1989,0,0,0,0,0,0,0,0,0,0
10600,0,1,1989,0,0,0,0,0,0,0,0,0,0
10600,1,1,1989,0,0,0,0,0,0,0,0,0,0
10601,1,1,1989,1,1,1,1,1,1,1,1,1,1
10601,2,1,1989,0,0,0,0,0,0,0,0,0,0
10602,1,1,1989,0,0,0,0,0,0,0,0,0,0
10603,1,1,1989,28,28,28,28,28,28,28,28,28,28
10604,1,1,1989,17,17,17,17,17,17,17,17,17,17
10604,2,1,1989,0,0,0,10,0,0,0,0,0,0
10604,3,1,1989,0,0,0,0,0,0,0,0,0,0
10604,4,1,1989,0,0,0,0,0,0,0,0,0,0
10605,1,1,1989,5,5,5,5,5,5,5,5,5,5
10606,1,1,1989,21,21,21,21,21,21,21,21,21,21
10607,1,1,1989,0,0,0,0,0,0,0,0,0,0
10608,1,1,1989,0,9,0,0,22,0,0,0,0,0
10609,1,1,1989,0,0,0,0,0,0,0,0,0,0
10609,2,1,1989,0,0,0,0,0,0,0,0,0,0
10609,3,1,1989,0,0,0,0,0,0,0,0,0,0
10609,4,1,1989,0,0,0,0,0,0,0,0,0,0
10609,5,1,1989,0,0,0,0,0,0,0,0,0,0
10610,1,1,1989,0,0,0,0,0,0,0,0,0,0
10610,2,1,1989,0,0,0,0,0,0,0,0,0,0
10611,1,1,1989,25,25,25,25,25,25,25,25,25,25
10612,1,1,1989,0,0,0,0,0,0,0,0,0,0
10613,1,1,1989,0,0,0,0,0,0,0,0,0,0
10613,2,1,1989,0,0,0,0,0,0,0,0,0,0
10614,1,1,1989,16,16,16,16,16,16,16,16,16,16
10615,1,1,1989,0,0,0,0,0,0,0,0,0,0
10615,2,1,1989,0,0,0,0,0,0,0,0,0,0
10617,0,1,1989,19,21,20,13,0,0,0,21,0,13
10617,1,1,1989,9,0,0,0,4,6,4,5,0,0
10618,1,1,1989,0,0,0,0,0,0,0,0,0,0
10619,1,1,1989,21,21,21,21,21,21,21,21,21,21
10619,2,1,1989,0,0,17,0,23,0,10,0,0,0
10620,1,1,1989,9,15,17,20,16,10,18,13,24,11
10621,1,1,1989,0,0,0,0,0,0,0,0,0,0
10621,2,1,1989,0,0,0,0,0,0,0,0,0,0
10622,1,1,1989,5,5,5,5,5,5,5,5,5,5
10622,2,1,1989,0,0,0,0,0,0,0,0,0,0
10623,1,1,1989,25,25,25,25,25,25,25,25,25,25
10624,1,1,1989,30,30,30,30,30,30,30,30,30,30
10625,1,1,1989,0,0,20,21,33,28,0,0,0,14
10625,2,1,1989,0,0,0,0,0,29,0,0,0,0
10626,0,1,1989,0,0,0,0,0,26,16,0,0,0
10626,1,1,1989,0,0,0,0,0,0,0,0,0,0
10627,1,1,1989,7,14,5,2,11,21,9,6,10,5
10627,2,1,1989,0,0,0,0,0,0,0,0,0,0
10628,1,1,1989,0,0,0,0,0,0,0,0,0,0
10628,2,1,1989,0,0,0,0,0,0,0,33,0,0
10629,1,1,1989,0,0,0,0,0,0,0,0,0,0
10629,2,1,1989,0,0,0,0,0,0,0,0,0,0
10630,1,1,1989,11,11,11,11,11,11,11,11,11,11
10631,1,1,1989,0,0,0,0,0,0,0,0,0,0
10632,1,1,1989,25,25,25,25,25,25,25,25,25,25
10632,2,1,1989,19,8,19,7,14,12,7,9,15,23
10633,1,1,1989,0,0,0,0,0,0,0,0,0,0
10634,0,1,1989,11,9,27,17,15,4,16,14,20,29
10634,1,1,1989,0,0,12,0,0,0,0,0,0,0
10635,1,1,1989,0,3,0,0,0,0,0,0,0,0
10635,2,1,1989,0,0,0,0,0,0,0,0,0,0
10636,1,1,1989,0,0,0,0,0,0,0,0,0,0
10636,2,1,1989,0,0,0,0,0,0,0,0,0,0
10637,1,1,1989,22,22,22,22,22,22,22,22,22,22
10638,1,1,1989,0,0,0,0,0,0,0,0,0,0
10638,2,1,1989,0,0,0,0,0,0,0,0,0,0
10640,1,1,1989,21,21,21,21,21,21,21,21,21,21
10641,0,1,1989,0,0,0,0,0,0,0,0,0,0
10641,1,1,1989,0,0,0,0,0,0,0,0,0,0
10642,1,1,1989,0,0,0,0,0,0,0,0,0,0
10642,2,1,1989,6,0,22,0,0,0,8,0,0,9
10643,1,1,1989,0,0,0,0,0,0,0,0,0,0
10643,2,1,1989,14,14,14,14,14,14,14,14,14,14
10644,1,1,1989,13,13,13,13,13,13,13,13,13,13
10644,2,1,1989,0,0,0,0,0,0,0,0,0,0
10645,1,1,1989,0,0,0,0,0,0,0,0,0,0
10645,2,1,1989,0,0,0,0,0,20,0,0,0,0
10646,1,1,1989,7,7,7,7,7,7,7,7,7,7
10646,2,1,1989,0,0,0,0,0,0,0,0,0,0
10647,1,1,1989,1,1,1,1,1,1,1,1,1,1
10647,2,1,1989,0,0,0,0,0,0,0,0,0,0
10648,1,1,1989,0,0,0,0,0,0,0,0,0,0
10648,2,1,1989,0,0,0,0,0,0,0,0,0,0
10649,1,1,1989,0,0,0,6,0,0,0,0,0,0
10650,1,1,1989,20,20,20,20,20,20,20,20,20,20
10651,0,1,1989,0,0,0,0,0,0,0,0,0,0
10651,1,1,1989,0,0,0,0,0,0,0,0,0,0
10652,1,1,1989,26,26,26,26,26,26,26,26,26,26
10653,1,1,1989,0,0,0,0,0,0,0,0,0,0
10653,2,1,1989,0,0,0,16,18,0,0,0,0,0
10654,1,1,1989,0,0,0,0,0,0,0,0,0,0
10654,2,1,1989,0,0,0,0,0,0,17,0,0,0
10655,1,1,1989,0,0,0,0,0,0,0,0,0,0
10655,2,1,1989,0,12,0,0,0,0,0,0,0,0
10656,1,1,1989,0,0,0,0,0,0,0,0,0,0
10656,2,1,1989,0,0,0,0,0,0,0,0,0,0
10657,1,1,1989,24,24,24,24,24,24,24,24,24,24
10658,0,1,1989,0,0,0,0,0,0,0,0,0,0
10658,1,1,1989,0,0,0,0,0,0,0,0,0,0
10659,0,1,1989,4,12,23,26,0,40,35,20,18,9
10659,1,1,1989,32,32,32,32,32,32,32,32,32,32
10660,1,1,1989,0,0,0,0,0,0,0,0,0,0
10660,2,1,1989,0,0,0,0,0,0,0,0,0,0
10661,1,1,1989,25,18,0,19,0,0,0,15,0,17
10662,1,1,1989,18,18,18,18,18,18,18,18,18,18
10663,1,1,1989,0,0,0,22,0,0,0,0,0,0
10663,2,1,1989,0,0,0,0,0,0,0,0,0,0
10664,1,1,1989,0,0,0,0,0,0,0,0,0,0
10664,2,1,1989,0,0,0,0,0,0,0,0,0,0
10664,3,1,1989,0,0,0,0,0,0,0,0,0,0
10665,1,1,1989,0,0,0,0,0,0,0,0,0,0
10665,2,1,1989,0,0,0,0,0,0,0,0,0,0
10666,1,1,1989,22,22,22,22,22,22,22,22,22,22
10667,1,1,1989,0,0,0,7,0,0,0,0,0,0
10667,2,1,1989,0,0,0,0,0,0,0,0,0,0
10668,1,1,1989,28,26,0,24,16,34,8,25,9,0
10669,1,1,1989,1,1,1,1,1,1,1,1,1,1
10669,2,1,1989,0,0,7,0,4,0,4,0,0,0
10670,1,1,1989,12,12,12,12,12,12,12,12,12,12
10671,1,1,1989,2,2,2,2,2,2,2,2,2,2
10671,2,1,1989,0,0,0,6,0,0,0,0,0,0
10671,3,1,1989,17,0,0,0,0,0,0,0,0,0
10672,1,1,1989,0,0,0,0,0,0,0,0,0,0
10673,1,1,1989,0,0,0,0,0,0,0,0,0,0
10673,2,1,1989,0,0,0,0,0,0,0,0,0,0
10674,1,1,1989,0,0,0,0,0,0,0,0,0,11
10674,2,1,1989,0,0,0,0,0,0,0,0,0,0
10675,1,1,1989,0,0,0,0,0,0,0,0,0,0
10675,2,1,1989,0,0,0,0,0,0,0,0,0,0
10677,1,1,1989,0,0,0,0,0,0,0,0,0,0
10678,1,1,1989,0,0,0,0,0,0,0,0,0,0
10678,2,1,1989,0,0,0,0,0,0,0,0,0,0
10679,1,1,1989,0,0,0,0,0,0,0,0,9,0
10680,1,1,1989,9,9,9,9,9,9,9,9,9,9
10681,1,1,1989,13,13,13,13,13,13,13,13,13,13
10682,1,1,1989,0,0,0,0,0,0,0,0,0,0
10683,1,1,1989,0,0,0,0,20,0,0,0,0,0
10684,1,1,1989,0,0,0,0,0,0,0,0,0,0
10685,1,1,1989,0,0,0,0,0,0,0,0,0,0
10686,1,1,1989,0,0,12,0,0,0,0,0,0,0
10686,2,1,1989,0,0,0,0,0,0,0,0,0,0
10687,1,1,1989,18,8,31,16,27,32,30,8,25,18
10688,1,1,1989,23,23,23,23,23,23,23,23,23,23
10689,1,1,1989,0,0,0,0,0,0,0,0,0,0
10689,2,1,1989,0,0,0,0,0,0,0,0,16,0
10690,1,1,1989,0,0,0,0,0,0,0,0,0,0
10690,2,1,1989,0,0,0,0,0,0,0,0,0,0
10691,1,1,1989,18,22,20,11,13,15,24,6,25,37
10691,2,1,1989,0,0,0,0,0,0,0,0,5,0
10692,1,1,1989,24,24,24,24,24,24,24,24,24,24
10693,0,1,1989,0,0,0,0,0,0,0,0,0,0
10693,1,1,1989,0,0,0,0,0,0,0,0,0,0
10694,0,1,1989,0,0,0,0,0,0,0,0,0,0
10694,1,1,1989,0,0,0,0,0,0,0,0,0,0
10695,0,1,1989,22,22,22,22,22,22,22,22,22,22
10695,1,1,1989,4,0,0,0,12,0,0,0,0,7
10696,1,1,1989,0,0,0,0,0,0,0,0,0,0
10697,0,1,1989,0,0,34,15,28,21,24,0,15,9
10697,1,1,1989,0,0,0,0,0,0,0,0,0,0
10699,1,1,1989,7,7,7,7,7,7,7,7,7,7
10700,1,1,1989,19,19,30,35,12,12,9,21,8,17
10701,1,1,1989,0,0,0,0,0,0,0,0,0,0
10701,2,1,1989,0,0,0,0,0,0,0,0,0,0
10702,1,1,1989,0,0,0,0,0,0,0,0,0,0
10703,1,1,1989,0,0,0,0,0,0,0,0,0,0
10704,1,1,1989,14,14,14,14,14,14,14,14,14,14
10705,1,1,1989,0,0,0,0,0,0,0,0,0,0
10705,2,1,1989,0,0,0,0,0,0,0,0,0,0
10706,1,1,1989,0,0,0,0,0,0,0,0,0,0
10707,1,1,1989,0,0,0,0,0,0,0,0,0,0
10708,1,1,1989,0,0,0,0,0,0,0,0,0,0
10709,1,1,1989,13,0,16,11,0,0,0,0,14,0
10710,1,1,1989,15,15,15,15,15,15,15,15,15,15
10711,1,1,1989,23,23,23,23,23,23,23,23,23,23
10712,1,1,1989,0,0,0,0,0,0,0,0,0,0
10713,1,1,1989,0,0,0,0,0,0,0,0,0,0
10713,2,1,1989,26,26,26,26,26,26,26,26,26,26
10713,3,1,1989,0,0,0,0,0,0,0,0,0,0
10714,1,1,1989,15,15,15,15,15,15,15,15,15,15
10715,1,1,1989,21,21,21,21,21,21,21,21,21,21
10716,1,1,1989,0,0,0,0,0,0,0,0,0,0
10716,2,1,1989,0,0,0,0,0,0,0,0,0,0
10716,3,1,1989,0,0,0,0,0,0,0,0,0,0
10717,0,1,1989,40,12,20,39,29,12,0,8,12,23
10717,1,1,1989,10,21,9,7,0,4,12,27,25,22
10718,1,1,1989,0,0,0,0,0,0,0,0,0,0
10718,2,1,1989,0,0,0,0,0,0,0,0,0,0
10719,1,1,1989,0,0,0,0,0,0,0,0,0,0
10720,1,1,1989,0,0,0,0,0,0,0,0,0,0
10720,2,1,1989,0,0,0,0,0,0,0,0,0,0
10721,1,1,1989,0,0,0,0,0,0,0,0,0,0
10721,2,1,1989,1,1,1,1,1,1,1,1,1,1
10722,1,1,1989,0,0,0,0,0,0,0,0,0,0
10723,1,1,1989,23,23,23,23,23,23,23,23,23,23
10724,0,1,1989,0,0,0,0,0,0,0,0,0,0
10724,1,1,1989,0,21,0,0,0,0,0,0,0,0
10725,1,1,1989,25,20,18,16,20,9,18,18,19,14
10725,2,1,1989,0,0,0,0,0,0,0,0,0,0
10726,1,1,1989,15,15,15,15,15,15,15,15,15,15
10727,1,1,1989,16,16,16,16,16,16,16,16,16,16
10728,0,1,1989,32,32,32,32,32,32,32,32,32,32
10728,1,1,1989,0,0,0,0,0,0,0,0,0,0
10729,1,1,1989,13,11,0,0,19,0,17,14,0,16
10730,1,1,1989,28,28,28,28,28,28,28,28,28,28
10730,2,1,1989,10,17,17,0,0,0,0,0,0,0
10730,3,1,1989,0,16,16,0,0,0,0,0,14,0
10731,1,1,1989,0,0,0,0,0,0,0,0,0,0
10731,2,1,1989,0,0,0,0,0,0,12,0,24,0
10732,1,1,1989,23,23,23,23,23,23,23,23,23,23
10733,1,1,1989,21,21,21,21,21,21,21,21,21,21
10734,1,1,1989,0,0,0,0,0,0,0,17,0,0
10735,0,1,1989,23,23,23,23,23,23,23,23,23,23
10735,1,1,1989,0,18,0,13,0,0,0,14,0,0
10736,1,1,1989,0,0,0,0,0,0,0,0,0,0
10737,1,1,1989,21,21,21,21,21,21,21,21,21,21
10738,1,1,1989,30,30,30,30,30,30,30,30,30,30
10738,2,1,1989,0,0,0,0,0,0,0,0,0,0
10739,1,1,1989,0,0,0,0,0,0,0,0,0,0
10739,2,1,1989,0,0,0,0,0,0,0,0,0,0
10740,0,1,1989,0,0,14,0,0,0,8,0,0,0
10740,1,1,1989,0,0,0,0,0,0,0,21,13,7
10741,1,1,1989,0,0,0,0,0,0,0,0,0,0
10742,1,1,1989,10,10,10,10,10,10,10,10,10,10
10743,1,1,1989,34,0,0,14,13,11,13,34,0,30
10744,1,1,1989,0,0,0,0,0,0,0,0,0,0
10745,1,1,1989,0,0,0,0,0,0,0,0,0,0
10745,2,1,1989,18,0,0,0,0,13,0,0,0,0
10746,1,1,1989,0,0,0,0,0,0,0,0,0,0
10746,2,1,1989,0,0,0,0,0,0,0,0,0,0
10747,1,1,1989,0,25,10,23,16,17,24,13,41,11
10748,1,1,1989,34,34,34,34,34,34,34,34,34,34
10749,1,1,1989,9,9,9,9,9,9,9,9,9,9
10750,1,1,1989,0,0,0,0,0,0,0,0,0,0
10750,2,1,1989,0,0,0,0,0,0,0,0,0,0
10750,3,1,1989,0,0,0,0,0,0,0,0,0,0
10750,4,1,1989,9,0,0,0,0,0,0,0,0,0
10751,1,1,1989,13,0,0,42,0,6,0,0,0,8
10752,1,1,1989,22,22,22,22,22,22,22,22,22,22
10752,2,1,1989,0,0,0,0,0,0,0,0,0,0
10752,3,1,1989,0,0,0,0,0,0,0,0,0,0
10753,1,1,1989,0,0,0,0,0,0,0,0,0,0
10754,1,1,1989,0,0,0,0,0,0,0,0,0,0
10755,1,1,1989,0,0,0,0,0,0,0,14,0,0
10755,2,1,1989,0,0,0,0,0,0,0,0,0,0
10756,1,1,1989,24,24,24,24,24,24,24,24,24,24
10756,2,1,1989,0,0,0,0,0,0,8,0,0,0
10757,1,1,1989,21,5,29,13,20,42,32,17,12,15
10758,1,1,1989,20,20,20,20,20,20,20,20,20,20
10759,1,1,1989,22,22,22,22,22,22,22,22,22,22
10760,1,1,1989,0,0,0,0,0,0,0,0,0,0
10760,2,1,1989,0,13,23,23,0,0,16,0,0,0
10761,1,1,1989,0,0,0,0,0,0,0,0,0,0
10762,1,1,1989,36,36,36,36,36,36,36,36,36,36
10762,2,1,1989,0,0,0,0,0,0,0,0,0,0
10763,1,1,1989,16,16,16,16,16,16,16,16,16,16
10764,1,1,1989,0,0,0,0,0,0,0,0,0,0
10765,1,1,1989,28,28,28,28,28,28,28,28,28,28
10765,2,1,1989,0,0,0,0,0,0,0,0,0,0
10766,1,1,1989,0,0,0,0,0,0,0,0,0,0
10766,2,1,1989,0,0,0,0,0,0,0,0,0,0
10766,3,1,1989,0,0,0,0,0,0,0,0,0,0
10767,1,1,1989,0,0,0,0,0,0,0,0,0,0
10768,1,1,1989,12,12,12,12,12,12,12,12,12,12
10769,0,1,1989,0,0,0,0,0,0,0,0,0,0
10769,1,1,1989,0,0,0,0,0,0,0,0,0,0
10770,0,1,1989,0,7,0,0,0,0,5,0,0,0
10770,1,1,1989,0,0,0,0,0,0,0,0,0,0
10771,0,1,1989,0,10,0,21,0,0,43,0,4,0
10771,1,1,1989,0,0,0,0,0,0,0,0,0,0
10773,1,1,1989,27,27,27,27,27,27,27,27,27,27
10773,2,1,1989,0,0,0,0,0,0,0,0,0,0
10774,1,1,1989,16,16,16,16,16,16,16,16,16,16
10775,1,1,1989,0,0,0,0,0,0,0,0,0,0
10775,2,1,1989,0,0,0,0,0,0,0,0,0,0
10776,1,1,1989,0,0,0,0,19,17,8,0,11,13
10777,1,1,1989,11,11,11,11,11,11,11,11,11,11
10778,1,1,1989,0,0,0,0,0,0,0,0,0,0
10778,2,1,1989,0,0,0,17,0,0,0,0,0,0
10780,1,1,1989,0,0,0,0,0,0,0,0,0,0
10780,2,1,1989,2,2,2,2,2,2,2,2,2,2
10781,1,1,1989,0,0,0,0,0,0,0,0,0,0
10782,1,1,1989,4,10,0,13,14,32,17,12,16,24
10783,1,1,1989,0,0,0,0,0,0,17,0,0,0
10784,1,1,1989,20,20,20,20,20,20,20,20,20,20
10785,1,1,1989,27,27,27,27,27,27,27,27,27,27
10786,1,1,1989,12,12,12,12,12,12,12,12,12,12
10787,1,1,1989,0,0,9,0,15,31,12,0,21,0
10788,1,1,1989,32,32,32,32,32,32,32,32,32,32
10789,1,1,1989,27,27,27,27,27,27,27,27,27,27
10790,1,1,1989,4,4,4,4,4,4,4,4,4,4
10791,1,1,1989,6,6,6,6,6,6,6,6,6,6
10792,1,1,1989,0,0,0,0,0,0,0,0,0,0
10793,1,1,1989,24,0,0,21,0,13,0,0,0,11
10793,2,1,1989,0,0,0,0,0,0,0,0,0,0
10794,1,1,1989,24,28,13,18,26,2,7,23,12,27
10795,1,1,1989,24,24,24,24,24,24,24,24,24,24
10795,2,1,1989,0,0,0,0,0,0,0,0,0,0
10796,0,1,1989,0,0,21,0,0,7,0,40,0,11
10796,1,1,1989,0,0,0,0,0,0,0,0,0,0
10797,1,1,1989,0,0,0,0,0,0,0,0,0,0
10797,2,1,1989,13,24,0,2,10,19,20,8,15,6
10798,1,1,1989,0,0,0,0,0,0,0,0,0,0
10798,2,1,1989,0,0,0,0,0,0,0,0,0,0
10799,1,1,1989,0,0,0,0,0,0,13,0,0,0
10799,2,1,1989,0,0,0,0,0,0,0,0,0,0
10800,1,1,1989,0,0,0,6,0,20,0,0,0,0
10800,2,1,1989,16,14,20,21,19,17,37,33,14,4
10801,1,1,1989,0,0,0,0,0,0,0,0,0,0
10801,2,1,1989,0,0,0,0,0,0,0,0,0,0
10802,1,1,1989,25,25,25,25,25,25,25,25,25,25
10802,2,1,1989,0,0,13,0,0,0,0,0,0,0
10802,3,1,1989,0,0,0,0,0,0,0,0,0,0
10803,1,1,1989,11,11,11,11,11,11,11,11,11,11
10804,1,1,1989,0,0,0,0,0,0,0,0,0,0
10804,2,1,1989,20,20,20,20,20,20,20,20,20,20
10805,1,1,1989,23,27,14,0,15,18,14,9,0,0
10806,1,1,1989,30,30,30,30,30,30,30,30,30,30
10807,1,1,1989,0,0,0,0,0,0,0,0,0,0
10807,2,1,1989,0,0,0,9,0,0,0,0,0,0
10808,0,1,1989,4,18,0,0,0,22,0,28,0,0
10808,0,2,1989,0,0,0,0,0,0,0,0,0,0
10808,1,1,1989,9,9,9,9,9,9,9,9,9,9
10809,1,1,1989,0,20,17,19,20,16,0,15,0,19
10809,2,1,1989,0,0,0,0,0,0,0,0,0,0
10810,1,1,1989,15,15,5,14,8,26,8,14,15,7
10810,2,1,1989,29,29,29,29,29,29,29,29,29,29
10811,1,1,1989,0,18,0,0,0,0,0,0,0,0
10811,2,1,1989,0,0,0,0,0,0,0,0,0,0
10812,1,1,1989,0,0,0,0,0,0,0,0,17,0
10813,1,1,1989,20,20,20,20,20,20,20,20,20,20
10813,2,1,1989,0,0,0,0,0,0,0,0,0,0
10814,1,1,1989,2,2,2,2,2,2,2,2,2,2
10814,2,1,1989,27,18,20,27,17,20,7,8,23,22
10815,1,1,1989,17,17,17,17,17,17,17,17,17,17
10816,1,1,1989,44,44,44,44,44,44,44,44,44,44
10817,1,1,1989,35,35,35,35,35,35,35,35,35,35
10818,1,1,1989,0,0,0,0,0,0,0,0,0,0
10819,1,1,1989,0,15,0,0,0,0,37,0,0,0
10819,2,1,1989,0,0,0,0,0,0,0,0,0,0
10820,1,1,1989,11,11,11,11,11,11,11,11,11,11
10821,1,1,1989,21,21,21,21,21,21,21,21,21,21
10821,2,1,1989,0,0,0,0,0,0,0,0,0,0
10822,0,1,1989,31,0,0,0,0,25,5,0,0,0
10822,1,1,1989,0,0,0,0,0,0,0,0,0,0
10823,1,1,1989,35,35,35,35,35,35,35,35,35,35
10824,0,1,1989,10,11,20,54,31,16,14,13,11,33
10824,1,1,1989,0,0,0,0,0,0,0,0,0,0
10825,1,1,1989,7,7,7,7,7,7,7,7,7,7
10826,1,1,1989,15,15,15,15,15,15,15,15,15,15
10826,2,1,1989,0,0,0,0,0,0,0,0,0,0
10827,1,1,1989,0,0,0,0,0,0,0,0,0,0
10828,1,1,1989,27,27,27,27,27,27,27,27,27,27
10829,1,1,1989,0,0,0,0,0,0,0,0,0,0
10830,1,1,1989,0,0,0,0,0,0,0,0,0,0
10831,1,1,1989,23,23,23,23,23,23,23,23,23,23
10832,1,1,1989,23,23,23,23,23,23,23,23,23,23
10833,1,1,1989,0,27,0,17,26,23,0,9,9,17
10834,1,1,1989,16,16,16,16,16,16,16,16,16,16
10835,1,1,1989,10,21,31,17,13,27,0,14,31,0
10836,1,1,1989,15,15,15,15,15,15,15,15,15,15
10837,1,1,1989,12,12,12,12,12,12,12,12,12,12
10838,1,1,1989,21,21,21,21,21,21,21,21,21,21
10839,1,1,1989,0,0,0,0,0,0,0,0,0,0
10840,1,1,1989,0,0,0,0,0,2,0,0,0,0
10840,2,1,1989,0,0,0,0,0,0,0,0,0,0
10841,1,1,1989,0,0,0,0,0,0,0,0,0,0
10841,2,1,1989,0,0,0,0,0,0,0,0,0,0
10842,0,1,1989,0,22,11,0,8,15,15,21,13,39
10842,1,1,1989,0,0,32,0,0,0,0,0,10,0
10843,1,1,1989,15,0,0,0,15,0,0,0,0,0
10844,1,1,1989,0,0,0,0,0,0,0,0,0,0
10845,1,1,1989,15,17,11,22,2,0,30,25,24,21
10846,1,1,1989,6,6,6,6,6,6,6,6,6,6
10847,1,1,1989,14,0,12,21,27,28,10,22,13,15
10847,2,1,1989,0,0,0,1,0,0,0,0,0,0
10848,1,1,1989,29,29,29,29,29,29,29,29,29,29
10849,1,1,1989,0,5,0,0,10,3,0,0,0,0
10849,2,1,1989,0,0,0,0,0,0,0,0,0,0
10850,1,1,1989,0,0,0,0,0,0,0,0,0,0
10850,2,1,1989,22,0,0,0,15,0,0,4,0,0
10851,1,1,1989,39,39,39,39,39,39,39,39,39,39
10852,1,1,1989,0,0,0,0,0,0,0,0,0,0
10852,2,1,1989,0,0,0,0,0,0,0,0,0,0
10853,1,1,1989,0,0,0,0,0,0,0,0,0,0
10853,2,1,1989,0,0,0,0,0,0,0,0,0,0
10854,1,1,1989,0,0,0,0,0,0,0,0,0,0
10855,1,1,1989,25,25,25,25,25,25,25,25,25,25
10856,1,1,1989,20,9,12,23,9,25,19,12,12,12
10857,1,1,1989,24,26,18,27,21,17,10,20,22,20
10858,1,1,1989,0,0,0,0,0,0,0,0,0,0
10859,1,1,1989,15,15,15,15,15,15,15,15,15,15
10860,1,1,1989,0,0,0,0,0,0,0,0,0,0
10861,1,1,1989,14,14,14,14,14,14,14,14,14,14
10862,1,1,1989,21,21,21,21,21,21,21,21,21,21
10863,1,1,1989,0,0,0,0,0,0,0,0,0,0
10863,2,1,1989,0,0,0,0,0,0,0,0,0,0
10864,1,1,1989,0,0,0,0,32,0,0,0,21,0
10865,1,1,1989,17,17,17,17,17,17,17,17,17,17
10866,1,1,1989,0,18,26,20,18,13,19,12,14,11
10867,1,1,1989,0,0,0,0,0,0,0,0,0,0
10867,2,1,1989,0,0,0,0,0,0,0,0,0,0
10868,1,1,1989,21,21,21,21,21,21,21,21,21,21
10868,2,1,1989,0,0,0,0,0,0,0,0,0,0
10869,1,1,1989,0,0,0,0,10,0,0,0,0,0
10869,2,1,1989,0,0,0,0,0,0,0,0,0,0
10870,1,1,1989,10,27,21,5,17,15,16,18,0,10
10871,1,1,1989,8,8,8,8,8,8,8,8,8,8
10872,1,1,1989,19,29,2,16,12,15,22,7,20,17
10872,2,1,1989,0,0,0,0,0,0,0,0,0,0
10873,1,1,1989,0,0,0,0,0,0,0,0,0,0
10873,2,1,1989,0,0,0,0,0,0,0,0,0,0
10874,1,1,1989,16,13,40,18,18,20,8,23,10,10
10875,0,1,1989,0,0,0,0,0,0,0,0,0,0
10875,1,1,1989,0,0,0,0,0,0,0,0,0,0
10876,1,1,1989,14,14,14,14,14,14,14,14,14,14
10877,1,1,1989,25,25,25,25,25,25,25,25,25,25
10878,1,1,1989,20,20,20,20,20,20,20,20,20,20
10878,2,1,1989,0,0,0,0,0,0,0,31,0,0
10879,1,1,1989,7,16,8,23,17,9,12,10,22,11
10880,1,1,1989,3,0,11,14,12,0,4,24,7,15
10880,2,1,1989,0,0,0,0,0,0,0,0,0,0
10881,1,1,1989,9,23,4,5,6,13,12,17,18,17
10882,1,1,1989,0,0,0,0,0,0,0,0,0,0
10883,1,1,1989,12,12,12,12,12,12,12,12,12,12
10884,1,1,1989,0,0,0,0,0,0,0,0,0,0
10884,2,1,1989,0,0,0,0,0,0,0,0,0,0
10885,1,1,1989,18,23,29,16,0,0,0,0,14,23
10886,1,1,1989,0,0,0,0,0,0,0,0,0,0
10887,1,1,1989,0,0,0,0,0,0,0,0,0,0
10887,2,1,1989,0,0,0,0,0,0,0,0,0,13
10888,1,1,1989,0,0,0,0,0,0,0,0,0,0
10888,2,1,1989,0,0,0,0,0,0,0,0,0,0
10889,0,1,1989,0,13,0,16,0,0,21,20,27,0
10889,1,1,1989,0,0,0,12,0,0,0,0,0,0
10890,0,1,1989,0,0,0,0,0,0,0,0,0,0
10890,1,1,1989,0,0,0,0,0,0,0,0,0,0
10891,1,1,1989,0,0,0,0,0,0,0,0,0,0
10891,2,1,1989,0,0,0,0,0,0,0,0,0,0
10892,1,1,1989,0,0,0,0,0,0,0,0,0,0
10892,2,1,1989,0,0,0,18,0,0,0,16,0,0
10892,3,1,1989,0,0,0,0,0,0,0,0,0,0
10893,1,1,1989,30,22,26,23,17,26,11,13,19,11
10894,1,1,1989,11,0,0,0,0,0,0,0,0,0
10895,1,1,1989,0,0,0,0,0,0,0,0,0,0
10896,1,1,1989,26,26,26,26,26,26,26,26,26,26
10896,2,1,1989,0,0,0,0,0,0,0,0,0,0
10897,1,1,1989,0,0,0,0,0,0,0,0,0,0
10897,2,1,1989,0,0,0,0,0,0,0,0,0,0
10898,1,1,1989,0,0,0,0,0,0,0,0,0,0
10899,1,1,1989,32,32,32,32,32,32,32,32,32,32
10899,2,1,1989,0,0,0,0,0,0,0,0,0,0
10900,1,1,1989,0,0,0,0,0,0,0,0,0,0
10901,1,1,1989,4,4,4,4,4,4,4,4,4,4
10901,2,1,1989,0,0,0,0,0,0,0,0,0,0
10902,1,1,1989,0,14,10,5,0,0,0,0,0,0
10903,1,1,1989,0,0,0,0,0,0,0,0,0,0
10904,0,1,1989,18,13,17,23,8,19,12,34,34,0
10904,1,1,1989,5,22,0,19,0,0,21,3,0,26
10905,1,1,1989,30,5,13,25,33,25,16,33,17,27
10906,1,1,1989,0,0,0,0,0,0,0,0,0,0
10906,2,1,1989,0,0,0,0,0,32,0,0,0,0
10906,3,1,1989,0,0,0,0,0,0,0,0,0,0
10906,4,1,1989,0,0,0,0,0,0,0,0,0,0