ST_CASE,VEH_NO,PER_NO,YEAR,P1,P2,P3,P4,P5,P6,P7,P8,P9,P10
10907,1,1,1989,0,13,0,0,0,0,0,0,0,0
10907,2,1,1989,0,0,0,0,0,0,0,0,0,0
10908,1,3,1989,10,22,0,5,4,18,7,13,24,21
10909,1,1,1989,19,19,19,19,19,19,19,19,19,19
10910,1,1,1989,13,13,13,13,13,13,13,13,13,13
10911,0,1,1989,23,23,23,23,23,23,23,23,23,23
10911,1,1,1989,21,0,0,0,0,16,0,0,0,0
10912,0,1,1989,0,0,0,0,0,0,0,0,0,0
10912,1,1,1989,22,22,22,22,22,22,22,22,22,22
10913,1,1,1989,20,20,20,20,20,20,20,20,20,20
10913,2,1,1989,0,0,0,0,0,0,0,0,0,0
10913,3,1,1989,0,0,0,0,0,0,0,0,0,0
10914,1,1,1989,19,0,0,30,21,0,6,22,9,11
10915,1,1,1989,0,0,0,0,0,0,0,0,0,0
10915,2,1,1989,15,18,14,10,12,0,0,22,0,23
10916,1,1,1989,17,27,17,25,19,23,16,14,24,17
10917,0,1,1989,21,32,34,12,20,36,27,20,29,24
10917,1,1,1989,0,0,0,0,0,0,0,0,0,0
10918,1,1,1989,0,0,0,0,0,0,0,15,0,0
10918,2,1,1989,0,0,0,0,0,0,0,0,0,0
10918,3,1,1989,0,0,0,0,0,0,0,0,0,0
10919,1,1,1989,0,0,0,0,0,0,0,0,0,0
10919,2,1,1989,0,0,0,0,0,0,0,0,0,0
10920,1,1,1989,0,0,0,0,0,0,0,0,0,0
10920,2,1,1989,0,0,0,0,0,0,0,0,0,0
10921,1,1,1989,22,22,22,22,22,22,22,22,22,22
10921,2,1,1989,0,0,0,0,0,0,0,0,0,0
10922,1,1,1989,43,0,0,0,0,0,0,0,20,0
10922,2,1,1989,0,0,0,0,0,0,0,0,0,0
10923,0,1,1989,0,23,0,0,0,32,0,40,0,0
10923,1,1,1989,0,0,0,0,0,0,0,0,0,0
10924,1,1,1989,0,0,0,0,0,0,0,0,0,0
10924,2,1,1989,0,0,0,0,0,0,0,0,0,0
10925,1,1,1989,0,0,0,0,0,0,0,0,0,0
10925,2,1,1989,0,0,0,0,0,0,0,0,21,8
10926,1,1,1989,18,0,23,0,18,0,0,13,28,12
10927,0,1,1989,39,6,2,0,32,0,18,21,15,30
10927,1,1,1989,0,0,0,0,0,0,0,0,0,0
10928,1,1,1989,0,0,0,0,0,0,0,0,0,0
10928,2,1,1989,0,0,19,13,0,18,18,0,0,0
20001,1,1,1989,24,0,20,24,0,17,27,22,0,22
20002,1,1,1989,15,15,15,15,15,15,15,15,15,15
20002,2,1,1989,0,0,0,19,0,0,0,0,0,0
20004,1,1,1989,0,0,0,0,13,0,0,0,0,0
20004,2,1,1989,0,0,0,0,0,0,0,0,0,0
20006,0,1,1989,23,23,23,23,23,23,23,23,23,23
20006,1,1,1989,0,0,0,0,0,0,0,0,0,0
20007,1,1,1989,19,19,19,19,19,19,19,19,19,19
20008,1,1,1989,0,0,25,0,0,0,0,0,6,0
20008,2,1,1989,0,0,0,0,0,0,0,0,0,0
20009,1,1,1989,0,0,0,0,0,0,0,0,0,0
20009,2,1,1989,0,0,0,0,0,0,0,0,0,0
20010,1,1,1989,0,0,0,8,0,0,0,0,0,0
20010,2,1,1989,0,0,11,0,12,0,0,0,0,0
20010,3,1,1989,0,0,0,0,0,0,0,0,0,0
20011,1,1,1989,17,17,17,17,17,17,17,17,17,17
20012,1,1,1989,0,0,0,0,0,0,0,0,0,0
20012,2,1,1989,0,0,18,0,0,0,0,0,0,0
20013,0,1,1989,0,0,0,0,0,0,0,0,0,0
20013,1,1,1989,0,0,0,0,0,0,0,0,0,0
20014,0,1,1989,16,16,16,16,16,16,16,16,16,16
20014,1,1,1989,0,0,0,0,0,0,0,0,0,0
20015,1,1,1989,17,17,17,17,17,17,17,17,17,17
20015,2,1,1989,0,0,0,14,0,0,15,0,0,0
20016,1,1,1989,0,0,0,0,0,0,0,0,0,0
20016,2,1,1989,0,0,0,0,0,0,0,0,0,0
20017,0,1,1989,0,0,0,0,0,0,0,0,0,0
20017,1,1,1989,0,0,0,0,0,0,0,0,0,0
20018,1,1,1989,18,18,18,18,18,18,18,18,18,18
20018,2,1,1989,0,0,0,0,0,0,0,0,0,0
20019,1,1,1989,0,0,0,0,0,0,0,0,0,0
20019,2,1,1989,0,0,0,0,0,0,0,0,0,0
20020,1,1,1989,12,12,12,12,12,12,12,12,12,12
20021,1,1,1989,16,16,16,16,16,16,16,16,16,16
20022,1,1,1989,24,24,24,24,24,24,24,24,24,24
20023,1,1,1989,14,14,14,14,14,14,14,14,14,14
20024,1,1,1989,11,11,11,11,11,11,11,11,11,11
20025,0,1,1989,0,0,0,0,0,0,0,0,0,0
20025,1,1,1989,0,0,0,0,0,0,0,0,0,0
20026,1,1,1989,0,0,0,0,0,0,0,0,0,0
20026,2,1,1989,0,0,0,0,0,0,0,0,0,0
20028,1,1,1989,27,27,27,27,27,27,27,27,27,27
20029,1,1,1989,26,26,26,26,26,26,26,26,26,26
20029,2,1,1989,0,0,0,0,0,0,0,0,0,0
20030,1,1,1989,28,28,28,28,28,28,28,28,28,28
20031,1,1,1989,0,0,0,0,0,0,0,0,0,0
20031,2,1,1989,0,17,0,0,0,0,0,0,0,0
20032,1,1,1989,0,0,0,0,0,0,0,0,0,0
20033,1,1,1989,24,24,24,24,24,24,24,24,24,24
20033,2,1,1989,0,0,0,0,0,0,0,0,0,0
20034,1,1,1989,0,0,0,0,0,0,0,0,0,0
20035,1,1,1989,5,5,5,5,5,5,5,5,5,5
20036,1,1,1989,25,25,25,25,25,25,25,25,25,25
20036,2,1,1989,0,0,0,0,0,0,0,0,0,0
20037,1,1,1989,0,0,0,0,0,0,0,0,0,0
20037,2,1,1989,0,0,0,0,0,0,0,0,0,0
20038,1,1,1989,6,6,6,6,6,6,6,6,6,6
20038,2,1,1989,0,0,0,0,0,0,0,0,0,0
20039,1,1,1989,41,41,41,41,41,41,41,41,41,41
20040,1,1,1989,0,0,0,0,0,0,0,0,0,0
20041,0,1,1989,0,0,0,0,0,0,0,0,0,0
20041,1,1,1989,0,0,0,0,0,0,0,0,0,0
20043,1,1,1989,16,16,16,16,16,16,16,16,16,16
20044,1,1,1989,22,22,22,22,22,22,22,22,22,22
20045,1,1,1989,8,8,8,8,8,8,8,8,8,8
20045,2,1,1989,0,0,0,0,0,0,0,0,0,0
20046,1,1,1989,25,25,25,25,25,25,25,25,25,25
20047,0,1,1989,25,25,25,25,25,25,25,25,25,25
20047,1,1,1989,0,0,0,0,0,0,0,0,0,0
20048,1,1,1989,0,0,0,0,0,0,0,0,0,0
20048,2,1,1989,0,0,0,0,0,0,0,0,0,0
20049,1,1,1989,16,16,16,16,16,16,16,16,16,16
20050,0,1,1989,6,6,6,6,6,6,6,6,6,6
20050,1,1,1989,0,0,0,0,0,0,0,0,0,0
20051,1,1,1989,6,6,6,6,6,6,6,6,6,6
20051,2,1,1989,17,5,9,13,10,0,18,10,8,11
20052,0,1,1989,32,32,32,32,32,32,32,32,32,32
20052,1,1,1989,0,0,0,0,0,0,0,0,0,0
20053,0,1,1989,25,25,25,25,25,25,25,25,25,25
20053,1,1,1989,24,0,20,0,14,0,0,21,0,19
20054,1,1,1989,0,0,0,0,0,0,0,0,0,0
20054,2,1,1989,0,0,0,0,12,0,0,0,0,0
20055,1,1,1989,0,0,0,0,0,0,0,0,0,0
20055,2,1,1989,0,0,0,0,0,0,0,5,0,0
20056,1,1,1989,0,0,0,0,0,0,0,0,0,0
20056,2,1,1989,0,0,0,0,0,0,0,0,0,0
20057,1,1,1989,17,17,17,17,17,17,17,17,17,17
20058,1,1,1989,13,13,13,13,13,13,13,13,13,13
20059,1,1,1989,0,0,0,0,0,0,0,0,0,0
20059,2,1,1989,0,0,0,0,0,0,0,0,0,0
20060,0,1,1989,36,36,36,36,36,36,36,36,36,36
20060,1,1,1989,0,0,0,0,0,0,0,0,0,0
20061,1,1,1989,0,0,0,0,0,0,0,0,0,0
20061,2,1,1989,14,0,0,33,0,0,0,0,9,0
20062,1,1,1989,2,2,2,2,2,2,2,2,2,2
20063,1,1,1989,0,0,0,0,0,0,0,0,0,0
20063,2,1,1989,0,0,0,0,0,0,0,0,0,0
20064,1,1,1989,31,31,31,31,31,31,31,31,31,31
20064,2,1,1989,0,0,0,0,0,0,0,0,0,0
20065,1,1,1989,0,0,0,0,0,0,0,0,0,0
20066,1,1,1989,0,0,0,0,0,0,0,0,0,0
20066,2,1,1989,0,0,0,0,0,0,0,0,0,0
20068,1,1,1989,0,0,0,0,0,0,0,0,0,0
20068,2,1,1989,0,0,0,0,0,0,0,0,0,0
20069,0,1,1989,23,23,23,23,23,23,23,23,23,23
20069,1,1,1989,8,8,8,8,8,8,8,8,8,8
20070,1,1,1989,17,17,17,17,17,17,17,17,17,17
20071,1,1,1989,0,0,0,0,0,0,0,0,0,0
20071,2,1,1989,0,0,0,0,0,0,0,0,0,0
20072,1,1,1989,26,26,26,26,26,26,26,26,26,26
20073,1,1,1989,0,0,0,0,0,0,0,0,0,0
20074,1,1,1989,20,20,20,20,20,20,20,20,20,20
20075,1,1,1989,15,15,15,15,15,15,15,15,15,15
20076,1,1,1989,0,0,0,0,0,0,0,0,0,0
20077,1,1,1989,0,0,0,0,0,0,0,0,0,0
20077,2,1,1989,5,5,5,5,5,5,5,5,5,5
20078,1,1,1989,26,26,26,26,26,26,26,26,26,26
20079,1,1,1989,0,0,0,0,0,0,0,0,0,0
20079,2,1,1989,0,0,0,0,0,0,0,0,8,0
20080,1,1,1989,0,0,0,0,0,0,18,0,0,0
20080,2,1,1989,0,0,0,0,0,0,0,0,0,0
20080,3,1,1989,0,0,0,0,0,0,0,0,0,0
20080,4,1,1989,0,0,0,0,0,0,13,0,0,0
20080,5,1,1989,0,0,0,0,0,0,0,0,0,0
20081,1,1,1989,17,17,17,17,17,17,17,17,17,17
20082,1,1,1989,0,0,0,0,0,0,0,0,9,0
20082,2,1,1989,0,0,0,0,0,0,0,0,0,0
20083,0,1,1989,25,25,25,25,25,25,25,25,25,25
20083,1,1,1989,0,0,0,0,0,0,0,0,0,0
20084,1,1,1989,0,0,0,0,0,0,0,0,0,0
20084,2,1,1989,0,0,0,0,0,0,0,0,0,0
20084,3,1,1989,0,0,0,0,0,0,0,0,0,0
40001,0,1,1989,0,23,0,36,29,18,0,15,23,0
40001,1,1,1989,0,0,0,3,24,6,0,21,0,13
40002,1,1,1989,0,0,0,10,0,0,0,0,0,0
40003,1,1,1989,0,0,0,0,17,12,0,3,0,0
40003,2,1,1989,0,0,0,0,0,0,0,0,0,0
40003,3,1,1989,0,10,0,0,0,0,0,0,0,0
40003,4,1,1989,0,0,0,0,0,0,0,0,0,0
40004,1,1,1989,27,27,27,27,27,27,27,27,27,27
40005,1,1,1989,0,0,0,0,0,0,0,0,0,0
40005,2,1,1989,0,0,18,0,0,0,0,0,0,0
40005,3,1,1989,0,0,0,0,0,0,0,0,0,0
40005,4,1,1989,0,0,0,0,16,0,0,0,0,0
40006,1,1,1989,13,13,13,13,13,13,13,13,13,13
40007,1,1,1989,0,0,0,0,0,0,0,0,0,0
40008,1,1,1989,4,4,4,4,4,4,4,4,4,4
40009,1,1,1989,15,15,15,15,15,15,15,15,15,15
40009,2,1,1989,0,0,0,0,0,0,0,23,0,0
40010,0,1,1989,0,0,0,0,0,0,0,0,0,0
40010,1,1,1989,0,0,0,0,0,0,0,0,0,0
40011,1,1,1989,4,0,10,0,0,5,15,0,11,23
40012,1,1,1989,22,22,22,22,22,22,22,22,22,22
40013,1,1,1989,0,0,0,0,0,0,0,0,0,0
40014,0,1,1989,41,10,14,0,35,20,43,39,26,16
40014,1,1,1989,15,10,5,16,7,7,6,16,4,26
40015,0,1,1989,0,0,0,0,0,0,0,0,0,0
40015,1,1,1989,0,9,0,0,0,0,0,0,0,15
40016,1,1,1989,23,23,23,23,23,23,23,23,23,23
40016,2,1,1989,0,0,0,0,0,0,0,0,0,0
40017,1,1,1989,21,21,21,21,21,21,21,21,21,21
40018,1,1,1989,13,13,13,13,13,13,13,13,13,13
40019,1,1,1989,11,11,11,11,11,11,11,11,11,11
40020,1,1,1989,14,0,25,13,18,5,9,18,15,0
40021,0,1,1989,3,3,3,3,3,3,3,3,3,3
40021,2,1,1989,0,0,0,0,0,0,0,0,0,0
40021,3,1,1989,0,0,0,0,0,0,0,0,0,0
40022,1,1,1989,15,13,18,6,37,5,10,29,16,0
40023,1,1,1989,0,0,0,0,0,0,0,0,0,0
40023,2,1,1989,0,0,0,0,0,0,0,0,0,0
40023,3,1,1989,0,0,0,0,0,0,0,0,0,0
40024,0,1,1989,32,0,0,9,15,25,22,16,0,33
40024,1,1,1989,0,0,0,0,0,0,0,0,0,0
40025,1,1,1989,0,0,0,0,0,0,0,0,0,0
40025,2,1,1989,0,0,0,0,0,0,0,0,0,0
40026,1,1,1989,0,0,0,0,14,17,0,0,0,0
40026,2,1,1989,18,17,0,24,15,14,0,0,20,11
40027,1,1,1989,19,20,0,25,10,15,13,3,16,13
40027,2,1,1989,2,2,2,2,2,2,2,2,2,2
40028,1,1,1989,19,19,19,19,19,19,19,19,19,19
40028,2,1,1989,0,0,0,0,0,0,0,0,0,0
40028,3,1,1989,0,0,0,0,0,0,0,0,0,0
40029,1,1,1989,0,0,0,0,0,0,0,0,0,0
40029,2,1,1989,0,0,0,0,0,0,0,0,0,0
40030,1,1,1989,0,0,0,0,0,0,0,0,0,0
40030,2,1,1989,0,0,0,0,0,0,0,0,0,0
40031,1,1,1989,0,0,0,0,0,0,0,0,0,0
40032,1,1,1989,33,33,33,33,33,33,33,33,33,33
40033,1,1,1989,13,13,13,13,13,13,13,13,13,13
40034,1,1,1989,9,0,12,18,0,12,12,25,10,0
40034,2,1,1989,0,21,0,0,0,0,0,0,0,16
40035,1,1,1989,16,25,11,16,14,29,12,27,23,16
40036,0,1,1989,13,0,16,30,34,19,36,27,22,29
40036,0,2,1989,27,25,33,14,11,20,14,9,24,37
40036,1,1,1989,16,24,18,23,25,20,27,17,22,10
40037,1,1,1989,18,18,18,18,18,18,18,18,18,18
40037,2,1,1989,0,8,0,0,0,0,0,0,0,0
40038,1,1,1989,0,0,0,0,0,0,0,0,0,0
40038,2,1,1989,0,0,0,0,0,0,0,0,0,0
40039,1,1,1989,20,17,22,26,18,3,14,10,25,14
40039,2,1,1989,7,14,31,7,20,0,17,17,14,32
40040,1,1,1989,4,0,22,12,0,11,9,23,12,6
40040,2,1,1989,0,0,0,0,0,0,0,0,0,8
40041,1,1,1989,0,0,0,0,0,0,0,0,0,0
40042,1,1,1989,0,22,13,0,0,0,26,0,0,18
40042,2,1,1989,0,0,0,0,0,0,0,0,0,0
40043,1,1,1989,0,0,0,0,0,0,0,0,0,0
40044,1,1,1989,0,0,0,0,0,0,0,0,0,0
40044,2,1,1989,0,0,0,0,0,0,0,0,0,0
40045,1,1,1989,6,6,6,6,6,6,6,6,6,6
40045,2,1,1989,0,0,0,0,0,0,0,0,0,0
40045,3,1,1989,0,0,0,0,0,0,0,0,0,0
40046,1,1,1989,0,0,0,0,0,0,0,0,0,0
40046,2,1,1989,0,0,0,0,0,0,0,0,0,0
40047,1,1,1989,15,15,15,15,15,15,15,15,15,15
40048,1,1,1989,13,13,13,13,13,13,13,13,13,13
40049,1,1,1989,0,0,0,0,0,0,0,0,0,0
40049,2,1,1989,0,8,0,0,0,0,0,22,18,0
40050,1,1,1989,0,0,0,0,0,0,0,0,0,0
40051,1,1,1989,8,8,8,8,8,8,8,8,8,8
40051,2,1,1989,17,5,5,25,7,18,7,6,7,19
40052,1,1,1989,14,14,14,14,14,14,14,14,14,14
40053,1,1,1989,0,0,0,0,0,0,0,0,0,0
40054,1,1,1989,0,0,0,0,25,0,0,0,0,0
40055,1,1,1989,8,8,8,8,8,8,8,8,8,8
40055,2,1,1989,0,0,0,0,0,0,0,0,0,0
40056,1,1,1989,0,0,27,0,0,18,12,0,0,0
40057,0,1,1989,0,0,0,0,0,0,0,0,0,0
40057,1,1,1989,0,0,0,0,0,0,0,0,0,0
40058,0,1,1989,15,15,15,15,15,15,15,15,15,15
40058,1,1,1989,12,12,12,12,12,12,12,12,12,12
40059,1,1,1989,0,0,0,0,0,0,0,0,0,0
40059,2,1,1989,0,0,0,0,0,0,0,0,0,0
40059,3,1,1989,0,0,0,0,0,0,0,0,0,0
40059,4,1,1989,0,0,0,0,0,0,0,0,0,0
40059,5,1,1989,0,0,0,0,0,0,0,0,0,0
40059,6,1,1989,0,0,0,0,0,0,0,0,0,0
40059,7,1,1989,0,0,0,0,0,0,0,0,0,0
40060,1,1,1989,31,12,0,19,19,0,27,24,5,12
40060,2,1,1989,0,0,0,0,0,0,0,0,0,0
40061,0,1,1989,0,0,0,0,0,0,0,0,0,0
40061,1,1,1989,0,0,0,0,0,0,0,0,0,0
40062,1,1,1989,0,23,26,0,0,0,0,13,15,21
40063,1,1,1989,15,8,27,0,12,28,13,15,19,15
40063,2,1,1989,0,0,0,0,0,0,0,0,0,0
40064,1,1,1989,9,13,9,21,5,5,0,29,20,9
40064,2,1,1989,0,0,0,0,0,0,0,0,0,0
40065,1,1,1989,0,0,0,14,0,0,0,0,0,13
40066,1,1,1989,0,20,0,0,0,0,0,0,3,0
40066,2,1,1989,0,0,0,0,0,0,0,0,0,0
40066,3,1,1989,0,0,0,0,0,0,0,0,0,0
40066,4,1,1989,0,0,0,0,0,0,0,0,0,0
40067,1,1,1989,0,0,0,0,0,0,0,0,0,0
40068,1,1,1989,28,28,28,28,28,28,28,28,28,28
40068,2,1,1989,0,0,0,0,0,0,0,0,0,0
40068,3,1,1989,21,21,21,21,21,21,21,21,21,21
40069,1,1,1989,0,0,0,0,0,0,0,0,0,0
40069,2,1,1989,0,0,0,0,9,0,0,0,0,0
40070,0,1,1989,0,0,0,0,0,0,0,0,0,0
40070,1,1,1989,0,7,7,20,7,8,16,13,7,12
40071,1,1,1989,9,9,9,9,9,9,9,9,9,9
40072,0,1,1989,0,0,0,0,0,0,0,0,0,0
40072,1,1,1989,0,0,16,0,13,11,20,0,0,12
40073,1,1,1989,0,0,0,0,0,0,0,0,0,0
40073,2,1,1989,0,0,0,0,0,0,0,0,0,0
40073,3,1,1989,0,0,0,0,0,0,0,0,14,0
40074,1,1,1989,0,34,8,18,16,14,22,31,10,23
40075,0,1,1989,0,0,0,0,0,12,0,0,0,0
40075,0,2,1989,0,0,0,14,0,0,0,0,0,0
40075,0,3,1989,13,0,0,0,0,0,0,0,0,17
40075,1,1,1989,12,0,0,16,9,0,0,2,5,0
40076,1,1,1989,0,0,0,0,0,0,0,0,0,0
40076,2,1,1989,0,0,0,0,0,0,0,0,0,0
40076,3,1,1989,0,0,0,0,0,0,0,0,0,0
40077,1,1,1989,0,0,0,0,0,0,0,0,0,0
40077,2,1,1989,0,0,0,0,0,0,0,0,0,0
40078,1,1,1989,0,0,0,0,0,0,24,0,0,0
40079,0,1,1989,4,4,4,4,4,4,4,4,4,4
40079,1,1,1989,0,0,0,0,0,0,0,0,0,0
40080,0,1,1989,0,20,0,17,35,0,0,29,32,0
40080,1,1,1989,0,0,8,8,0,12,0,10,0,7
40081,1,1,1989,0,0,0,0,0,0,0,0,0,0
40081,2,1,1989,23,11,19,3,8,3,14,15,30,8
40082,0,1,1989,20,20,20,20,20,20,20,20,20,20
40082,1,1,1989,0,0,0,0,0,0,0,0,0,0
40082,2,1,1989,0,0,0,0,0,0,8,39,0,18
40083,1,1,1989,15,15,15,15,15,15,15,15,15,15
40083,2,1,1989,0,0,0,0,0,0,0,0,7,0
40084,1,1,1989,10,8,3,21,11,17,12,11,19,15
40084,2,1,1989,0,0,0,0,0,0,0,0,0,0
40085,1,1,1989,0,0,0,0,0,0,0,0,0,0
40085,2,1,1989,0,0,0,0,21,0,0,34,0,0
40086,1,1,1989,14,21,7,20,18,22,2,20,26,12
40087,1,1,1989,0,0,0,0,0,0,0,0,0,0
40088,0,1,1989,0,0,0,0,0,0,0,0,0,0
40088,1,1,1989,0,0,0,0,0,0,0,0,0,0
40089,1,1,1989,0,0,0,0,0,0,0,0,0,0
40089,2,1,1989,0,0,0,0,0,0,0,0,0,0
40090,0,1,1989,33,33,33,33,33,33,33,33,33,33
40090,1,1,1989,0,0,0,0,0,0,0,0,0,0
40091,0,1,1989,0,0,0,0,0,0,0,18,0,0
40091,1,1,1989,0,0,0,0,0,0,0,0,0,0
40093,0,1,1989,26,0,8,0,0,0,0,0,0,0
40093,1,1,1989,0,0,0,0,0,0,0,0,0,0
40094,0,1,1989,16,27,0,0,0,0,14,0,21,0
40094,1,1,1989,0,0,0,0,0,0,0,0,0,0
40095,1,1,1989,16,16,16,16,16,16,16,16,16,16
40096,1,1,1989,0,0,0,0,0,0,0,0,0,0
40097,1,1,1989,0,0,0,0,0,0,0,0,0,0
40097,2,1,1989,0,0,0,0,0,0,0,0,0,0
40097,3,1,1989,0,0,0,0,0,0,0,0,0,0
40098,1,1,1989,0,25,0,0,0,0,6,0,0,24
40098,2,1,1989,0,24,0,0,0,0,20,26,0,0
40098,3,1,1989,0,0,0,0,0,0,0,0,0,0
40099,1,1,1989,13,0,24,20,0,7,0,19,0,30
40100,1,1,1989,13,13,13,13,13,13,13,13,13,13
40100,2,1,1989,0,0,0,0,0,0,0,0,0,0
40101,1,1,1989,8,22,11,8,20,18,14,12,18,13
40101,2,1,1989,0,23,13,0,0,0,0,0,0,0
40101,3,1,1989,0,0,0,0,14,0,25,0,0,0
40102,1,1,1989,6,12,25,4,19,22,17,8,7,11
40102,2,1,1989,11,5,14,21,22,15,25,3,7,19
40103,1,1,1989,21,0,26,0,13,5,8,0,0,18
40104,1,1,1989,0,0,0,0,0,0,0,0,0,0
40104,2,1,1989,0,0,0,0,0,0,0,0,0,0
40104,3,1,1989,0,0,0,0,0,0,0,0,0,0
40105,1,1,1989,0,9,12,0,0,0,0,0,0,0
40105,2,1,1989,0,0,0,0,0,0,0,0,0,0
40106,1,1,1989,0,12,0,0,0,0,0,0,0,0
40106,2,1,1989,5,5,5,5,5,5,5,5,5,5
40107,1,1,1989,15,20,8,0,16,0,13,10,16,7
40107,2,1,1989,0,0,0,0,0,0,0,0,0,0
40108,1,1,1989,24,24,24,24,24,24,24,24,24,24
40109,1,1,1989,27,20,23,8,9,10,16,13,2,7
40109,2,1,1989,12,11,27,6,13,7,9,22,17,18
40112,1,1,1989,0,0,0,0,0,0,0,0,0,0
40112,2,1,1989,0,0,0,0,0,0,0,0,0,0
40112,3,1,1989,0,0,0,0,0,0,10,0,0,0
40113,1,1,1989,5,5,5,5,5,5,5,5,5,5
40114,1,1,1989,0,0,0,0,0,0,0,0,0,0
40114,2,1,1989,0,0,0,0,0,0,0,0,0,0
40115,1,1,1989,0,16,0,0,0,0,0,0,34,0
40116,1,1,1989,0,0,0,0,0,0,0,0,0,0
40116,2,1,1989,0,0,0,0,0,0,0,0,0,0
40117,1,1,1989,13,23,24,36,19,7,23,31,17,11
40118,1,1,1989,14,25,12,28,30,22,16,21,19,29
40119,0,1,1989,0,0,0,0,0,0,0,0,0,0
40119,1,1,1989,0,0,0,0,0,0,0,0,0,0
40120,1,1,1989,9,9,9,9,9,9,9,9,9,9
40121,1,1,1989,0,0,0,0,0,0,0,0,0,0
40121,2,1,1989,0,0,0,0,0,0,0,0,0,0
40121,3,1,1989,0,0,0,0,0,0,0,0,0,0
40121,4,1,1989,0,0,0,0,0,0,0,0,7,0
40122,1,1,1989,15,17,18,4,14,7,20,13,12,7
40122,2,1,1989,0,0,0,0,0,0,0,0,0,0
40122,3,1,1989,0,0,0,0,0,0,0,0,0,0
40123,1,1,1989,0,0,0,0,0,0,0,0,0,0
40124,1,1,1989,31,31,31,31,31,31,31,31,31,31
40125,0,1,1989,9,21,19,12,0,44,31,18,33,20
40125,1,1,1989,0,0,0,0,0,0,0,0,0,0
40126,1,1,1989,0,0,0,0,0,0,0,0,0,0
40126,2,1,1989,0,0,0,0,0,0,0,0,0,0
40127,1,1,1989,0,0,0,0,0,0,0,0,0,0
40127,2,1,1989,0,0,0,2,0,0,0,0,0,0
40128,0,1,1989,0,0,0,0,0,19,0,0,0,0
40128,1,1,1989,0,0,0,0,0,0,0,0,0,0
40129,1,1,1989,20,14,0,35,10,23,0,21,18,11
40130,0,1,1989,38,38,38,38,38,38,38,38,38,38
40130,1,1,1989,18,18,18,18,18,18,18,18,18,18
40131,1,1,1989,14,14,14,14,14,14,14,14,14,14
40132,1,1,1989,0,0,0,0,0,0,0,0,0,0
40132,2,1,1989,0,0,0,0,0,0,0,0,0,0
40133,1,1,1989,0,0,0,0,0,0,0,0,0,0
40133,2,1,1989,0,0,0,0,0,0,0,0,0,0
40134,0,1,1989,0,0,0,0,0,0,10,0,0,0
40134,1,1,1989,0,0,0,0,0,0,0,0,0,0
40135,1,1,1989,0,0,10,0,0,0,0,0,0,0
40135,2,1,1989,14,14,14,14,14,14,14,14,14,14
40136,0,1,1989,0,0,0,0,18,0,0,0,0,0
40136,1,1,1989,0,0,0,0,0,0,0,0,0,0
40137,1,1,1989,8,0,0,21,0,0,0,0,0,0
40137,2,1,1989,0,7,0,0,0,0,0,0,0,0
40138,1,1,1989,0,0,0,0,0,0,0,0,0,0
40138,2,1,1989,0,0,0,0,0,0,0,0,0,0
40139,1,1,1989,0,0,0,0,0,0,0,0,0,0
40139,2,1,1989,0,0,0,0,0,0,0,0,0,0
40140,0,1,1989,0,0,0,0,0,0,0,0,0,0
40140,1,1,1989,0,0,0,0,0,0,0,0,0,0
40141,1,1,1989,25,25,25,25,25,25,25,25,25,25
40142,0,1,1989,0,0,0,0,0,0,0,0,0,0
40142,1,1,1989,0,0,0,0,0,0,0,0,0,0
40143,1,1,1989,0,0,0,0,0,0,0,0,0,0
40144,1,1,1989,0,0,0,0,0,0,0,0,0,0
40145,0,1,1989,0,0,0,0,0,0,0,0,0,0
40145,1,1,1989,0,0,0,0,0,0,0,0,0,0
40146,1,1,1989,0,0,0,0,0,0,0,0,0,0
40146,2,1,1989,0,0,0,0,0,0,0,0,0,0
40147,1,1,1989,0,0,0,0,0,0,0,0,0,0
40147,2,1,1989,0,0,0,0,0,0,0,0,0,0
40148,1,1,1989,0,0,0,0,0,0,0,0,0,0
40148,2,1,1989,0,0,0,0,0,0,0,0,0,0
40148,3,1,1989,0,0,0,0,0,0,0,0,0,0
40149,0,1,1989,0,0,0,0,0,0,0,0,0,0
40149,0,2,1989,23,0,10,27,0,0,0,0,7,0
40149,1,1,1989,0,0,0,0,0,0,2,0,0,0
40150,0,1,1989,0,25,21,26,39,28,33,20,74,33
40150,1,1,1989,0,0,0,0,0,0,0,0,0,0
40151,1,1,1989,20,6,12,10,4,17,16,10,26,20
40152,0,1,1989,0,0,0,0,0,0,0,0,0,0
40152,1,1,1989,0,0,0,0,0,0,0,0,0,0
40152,2,1,1989,0,0,0,0,13,0,0,0,0,0
40154,1,1,1989,12,12,12,12,12,12,12,12,12,12
40154,2,1,1989,4,0,0,0,0,0,0,0,0,0
40154,3,1,1989,0,0,0,0,0,0,0,0,0,0
40156,1,1,1989,19,16,12,12,13,13,19,17,27,0
40156,2,1,1989,0,0,0,0,0,0,0,0,0,0
40157,1,1,1989,16,16,16,16,16,16,16,16,16,16
40158,1,1,1989,0,0,0,0,0,0,0,0,0,0
40158,2,1,1989,20,0,29,0,0,0,0,0,0,0
40159,1,1,1989,0,0,15,0,0,0,0,0,0,0
40159,2,1,1989,0,0,0,0,0,0,0,0,0,0
40160,0,1,1989,0,0,0,0,0,38,0,0,0,0
40160,1,1,1989,0,0,0,0,0,0,0,0,0,0
40161,1,1,1989,6,6,6,6,6,6,6,6,6,6
40161,2,1,1989,0,0,0,0,0,0,0,0,0,0
40162,1,1,1989,14,0,0,0,0,0,0,8,0,0
40162,2,1,1989,8,0,0,27,17,0,0,0,14,46
40163,1,1,1989,15,15,15,15,15,15,15,15,15,15
40164,1,1,1989,0,0,18,0,16,0,16,4,10,0
40165,1,1,1989,15,15,15,15,15,15,15,15,15,15
40165,2,1,1989,0,0,0,0,0,0,0,0,0,0
40166,1,1,1989,0,0,0,0,0,0,21,0,0,0