ST_CASE,VEH_NO,PER_NO,YEAR,P1,P2,P3,P4,P5,P6,P7,P8,P9,P10
40166,2,1,1989,0,0,0,0,0,0,0,0,0,0
40167,1,1,1989,0,0,20,0,0,0,12,0,0,0
40168,1,1,1989,0,0,0,0,0,0,0,0,0,0
40169,1,1,1989,15,15,15,15,15,15,15,15,15,15
40169,2,1,1989,27,0,0,0,0,0,0,0,0,0
40170,1,1,1989,0,0,0,0,0,0,0,0,0,0
40170,2,1,1989,0,0,0,0,0,0,0,0,0,0
40171,1,1,1989,32,12,12,16,15,19,6,0,17,22
40172,1,1,1989,0,0,0,0,0,0,0,0,0,0
40173,0,1,1989,19,19,19,19,19,19,19,19,19,19
40173,1,1,1989,0,0,0,0,0,0,0,0,0,0
40174,0,1,1989,0,0,0,0,0,0,0,0,0,0
40174,1,1,1989,8,11,8,8,13,15,33,15,13,0
40175,1,1,1989,0,0,0,0,0,0,0,0,0,0
40176,1,1,1989,0,0,0,0,0,0,0,0,0,0
40176,2,1,1989,0,0,0,0,0,0,0,0,0,0
40177,1,1,1989,0,0,0,0,0,0,0,0,0,0
40178,1,1,1989,0,0,0,0,0,0,0,0,0,0
40178,2,1,1989,8,0,0,0,0,0,0,0,0,0
40179,0,1,1989,0,0,0,0,0,0,0,0,0,0
40179,1,1,1989,0,0,0,0,0,0,0,0,0,0
40180,1,1,1989,22,22,22,22,22,22,22,22,22,22
40181,1,1,1989,0,0,0,0,0,0,0,0,0,0
40182,1,1,1989,0,0,0,0,0,0,0,0,0,0
40182,2,1,1989,0,0,0,0,0,0,0,0,0,0
40183,1,1,1989,12,11,5,0,12,18,24,0,21,0
40184,1,1,1989,12,21,20,17,12,7,26,8,18,29
40185,1,1,1989,0,0,0,0,0,0,0,0,0,0
40186,1,1,1989,0,0,0,0,0,0,0,0,0,0
40186,2,1,1989,12,12,12,12,12,12,12,12,12,12
40187,1,1,1989,0,0,0,0,0,0,0,0,0,0
40188,1,1,1989,0,36,0,0,19,18,0,9,22,28
40189,1,1,1989,0,0,0,0,0,0,0,0,0,0
40190,0,1,1989,20,20,20,20,20,20,20,20,20,20
40190,1,1,1989,0,6,0,0,0,0,0,0,0,0
40191,1,1,1989,0,0,0,0,0,0,0,0,0,0
40192,1,1,1989,0,0,0,0,0,0,0,0,0,0
40193,0,1,1989,0,0,0,0,0,0,0,0,0,0
40193,1,1,1989,13,4,10,21,12,10,12,31,17,8
40194,1,1,1989,0,0,0,0,0,0,0,0,0,0
40194,2,1,1989,0,0,0,0,0,0,0,0,0,0
40195,0,1,1989,0,0,0,0,0,0,0,0,0,5
40195,1,1,1989,0,0,0,0,0,0,0,0,0,0
40196,1,1,1989,23,23,23,23,23,23,23,23,23,23
40196,2,1,1989,0,0,0,0,0,0,0,0,0,0
40197,1,1,1989,0,0,0,0,0,0,0,0,0,0
40198,1,1,1989,13,15,19,27,15,27,27,17,22,12
40199,1,1,1989,0,0,0,0,0,0,0,0,0,0
40199,2,1,1989,0,0,0,0,0,0,0,0,0,0
40200,1,1,1989,0,0,0,0,7,11,0,0,0,0
40201,1,1,1989,0,0,0,0,0,8,0,0,0,10
40201,2,1,1989,0,0,0,0,0,0,0,0,0,0
40202,1,1,1989,0,0,0,0,0,0,0,0,0,0
40202,2,1,1989,0,0,0,0,0,0,22,0,0,0
40203,1,1,1989,20,0,31,0,0,0,0,0,0,0
40203,2,1,1989,0,18,0,0,0,0,0,0,0,0
40204,0,1,1989,0,22,0,0,37,10,0,20,0,14
40204,1,1,1989,5,17,4,0,0,0,5,0,34,0
40204,2,1,1989,11,0,0,2,0,0,0,0,0,0
40205,1,1,1989,0,0,0,0,0,0,0,0,0,0
40205,2,1,1989,0,0,0,0,0,0,0,0,0,0
40206,1,1,1989,0,0,0,0,0,0,0,0,0,0
40206,2,1,1989,0,0,0,0,0,0,0,0,0,0
40207,1,1,1989,0,0,0,0,0,0,0,0,0,0
40207,2,1,1989,0,0,0,0,0,0,0,0,0,0
40207,3,1,1989,0,0,0,17,0,0,0,0,0,0
40207,4,1,1989,0,0,0,0,0,0,0,0,0,0
40207,5,1,1989,0,0,0,0,0,0,0,0,0,0
40207,6,1,1989,0,0,0,0,0,0,0,0,0,0
40208,1,1,1989,0,0,0,0,0,0,0,0,0,0
40208,2,1,1989,0,0,0,0,0,0,0,0,0,0
40208,3,1,1989,0,0,0,0,0,0,0,0,0,0
40208,4,1,1989,0,0,27,0,0,0,0,0,0,0
40209,1,1,1989,0,0,0,0,0,0,5,12,0,0
40209,2,1,1989,0,0,0,0,0,0,0,0,0,0
40209,3,1,1989,0,0,0,0,0,0,0,0,0,0
40210,0,1,1989,38,38,38,38,38,38,38,38,38,38
40210,1,1,1989,0,0,0,0,0,0,0,0,0,0
40211,1,1,1989,37,37,37,37,37,37,37,37,37,37
40211,2,1,1989,0,0,0,0,0,0,0,0,0,0
40212,1,1,1989,0,0,0,0,0,0,0,0,0,0
40213,1,1,1989,15,15,15,15,15,15,15,15,15,15
40214,0,1,1989,0,0,0,0,0,0,0,0,0,0
40214,0,2,1989,0,0,0,0,0,0,0,0,0,0
40214,0,3,1989,0,0,0,0,0,0,0,0,0,0
40214,0,4,1989,0,0,0,0,0,0,0,0,0,0
40214,0,5,1989,0,0,0,0,0,0,0,0,0,0
40214,1,1,1989,0,39,0,0,20,0,0,0,0,23
40215,1,1,1989,22,15,24,21,13,24,14,9,36,0
40216,1,1,1989,3,3,3,3,3,3,3,3,3,3
40217,1,1,1989,0,0,0,0,0,0,0,0,0,0
40217,2,1,1989,0,0,0,0,0,0,0,0,0,0
40217,3,1,1989,0,0,0,0,0,0,0,0,0,0
40218,1,1,1989,0,0,0,0,0,0,0,0,0,0
40218,2,1,1989,24,24,24,24,24,24,24,24,24,24
40219,1,1,1989,0,0,0,0,0,0,0,0,0,0
40220,1,1,1989,5,11,0,18,0,26,0,11,0,0
40220,2,1,1989,0,0,0,0,0,0,0,0,0,0
40221,1,1,1989,12,24,0,13,11,0,0,18,0,21
40222,1,1,1989,11,16,24,17,13,26,10,28,28,25
40223,1,1,1989,23,0,0,0,12,0,0,0,0,0
40224,1,1,1989,9,9,9,9,9,9,9,9,9,9
40225,1,1,1989,0,0,0,0,0,0,0,0,0,0
40226,1,1,1989,0,0,19,0,24,0,29,0,0,0
40227,0,1,1989,23,23,23,23,23,23,23,23,23,23
40227,1,1,1989,0,0,0,0,0,0,0,0,0,0
40228,1,1,1989,0,0,0,0,0,0,0,0,0,0
40228,2,1,1989,0,0,0,0,0,0,0,27,0,0
40229,1,1,1989,17,11,33,10,22,20,17,16,14,13
40230,1,1,1989,38,38,38,38,38,38,38,38,38,38
40230,2,1,1989,0,0,0,0,0,11,0,0,0,0
40231,1,1,1989,15,9,17,0,34,9,17,21,15,14
40232,1,1,1989,4,4,4,4,4,4,4,4,4,4
40232,2,1,1989,0,0,0,0,0,0,0,0,0,0
40233,0,1,1989,0,0,0,0,0,0,0,0,0,0
40233,1,1,1989,31,16,9,0,8,21,20,18,13,17
40234,1,1,1989,0,0,0,0,0,0,0,0,0,0
40235,1,1,1989,18,18,18,18,18,18,18,18,18,18
40236,1,1,1989,0,0,0,0,0,0,0,7,0,0
40236,2,1,1989,15,0,0,0,0,0,0,0,0,0
40236,3,1,1989,0,0,0,0,0,0,0,0,0,0
40237,1,1,1989,28,28,28,28,28,28,28,28,28,28
40238,1,1,1989,8,6,11,13,11,11,11,15,0,15
40239,0,1,1989,0,0,0,0,0,0,0,0,0,0
40239,1,1,1989,0,0,0,0,0,0,0,0,0,0
40240,0,1,1989,17,17,17,17,17,17,17,17,17,17
40240,1,1,1989,0,23,0,26,12,0,0,12,0,0
40241,0,1,1989,16,0,0,0,21,0,0,0,0,0
40241,1,1,1989,0,0,0,0,0,0,0,0,0,0
40242,0,1,1989,0,0,0,0,0,0,0,0,0,0
40242,0,2,1989,0,0,0,0,0,0,0,0,0,0
40242,1,1,1989,0,0,0,0,0,0,0,0,0,0
40243,0,1,1989,10,10,10,10,10,10,10,10,10,10
40243,1,1,1989,0,0,0,0,0,0,0,0,0,0
40244,0,1,1989,16,16,16,16,16,16,16,16,16,16
40244,1,1,1989,0,0,0,0,0,0,0,0,0,0
40244,2,1,1989,0,11,0,12,12,3,0,0,0,21
40245,1,1,1989,0,17,11,15,0,0,19,0,20,0
40246,1,1,1989,16,15,10,10,18,5,0,14,0,5
40246,2,1,1989,21,32,31,24,22,17,32,5,6,23
40247,1,1,1989,25,15,21,16,30,11,10,32,21,20
40248,1,1,1989,25,25,25,25,25,25,25,25,25,25
40249,1,1,1989,15,15,15,15,15,15,15,15,15,15
40250,0,1,1989,0,0,0,0,0,0,0,0,0,0
40250,1,1,1989,0,0,0,0,0,0,0,0,0,0
40251,1,1,1989,24,11,25,20,33,26,31,22,27,27
40252,1,1,1989,1,1,1,1,1,1,1,1,1,1
40253,1,1,1989,11,11,11,11,11,11,11,11,11,11
40254,1,1,1989,0,0,0,0,17,0,11,0,0,0
40255,0,1,1989,14,14,14,14,14,14,14,14,14,14
40255,1,1,1989,0,0,0,0,0,0,0,0,0,0
40256,1,1,1989,4,11,4,14,12,14,5,14,11,15
40256,2,1,1989,25,25,25,25,25,25,25,25,25,25
40257,1,1,1989,29,20,19,25,19,32,29,18,20,9
40258,1,1,1989,7,7,7,7,7,7,7,7,7,7
40259,1,1,1989,8,11,25,17,21,0,11,0,19,8
40259,2,1,1989,0,0,0,0,0,0,0,0,0,0
40260,1,1,1989,33,15,14,22,8,13,13,15,18,15
40260,2,1,1989,12,12,12,12,12,12,12,12,12,12
40261,1,1,1989,8,8,8,8,8,8,8,8,8,8
40261,2,1,1989,0,0,0,0,0,0,0,15,0,0
40262,0,1,1989,0,0,0,0,0,24,0,15,34,0
40262,1,1,1989,0,0,0,0,0,0,0,0,0,0
40263,1,1,1989,12,25,18,13,20,10,21,14,5,3
40264,1,1,1989,0,0,0,0,0,0,0,0,0,0
40264,2,1,1989,0,0,0,0,0,0,0,0,0,0
40265,1,1,1989,0,0,0,0,0,0,0,0,0,0
40266,1,1,1989,16,16,16,16,16,16,16,16,16,16
40267,1,1,1989,0,0,0,0,0,0,0,0,0,0
40267,2,1,1989,0,0,0,0,0,0,0,0,0,0
40268,0,1,1989,0,0,0,0,0,0,0,0,0,0
40268,1,1,1989,0,0,0,0,0,0,0,0,0,0
40269,1,1,1989,14,14,14,14,14,14,14,14,14,14
40270,1,1,1989,0,0,13,0,0,0,0,17,0,0
40271,1,1,1989,0,0,0,0,0,0,0,0,0,0
40272,1,1,1989,10,10,10,10,10,10,10,10,10,10
40273,1,1,1989,0,0,0,0,0,0,8,0,0,0
40274,0,1,1989,15,15,15,15,15,15,15,15,15,15
40274,1,1,1989,0,0,0,35,10,0,0,3,0,0
40275,0,1,1989,0,0,0,0,0,0,0,0,0,0
40275,1,1,1989,0,0,0,0,0,0,0,0,0,0
40276,1,1,1989,0,0,0,0,0,0,7,0,0,0
40277,1,1,1989,0,0,0,0,0,0,0,0,0,0
40277,2,1,1989,0,0,0,0,0,0,0,0,0,0
40277,3,1,1989,0,0,0,0,0,0,0,0,0,0
40278,1,1,1989,0,0,0,0,0,0,0,0,0,3
40279,1,1,1989,24,24,20,18,18,17,15,11,15,16
40280,1,1,1989,21,21,21,21,21,21,21,21,21,21
40281,0,1,1989,0,0,0,0,35,0,0,0,0,0
40281,1,1,1989,0,13,30,0,0,0,0,0,0,0
40282,1,1,1989,21,21,21,21,21,21,21,21,21,21
40283,1,1,1989,0,0,20,0,0,0,27,0,0,0
40284,1,1,1989,13,15,20,0,7,0,8,0,0,0
40285,0,1,1989,0,0,0,0,0,0,0,0,0,0
40285,1,1,1989,0,0,0,0,0,0,0,0,0,0
40286,1,1,1989,0,0,0,0,0,0,0,0,0,0
40286,2,1,1989,0,0,0,0,0,0,0,0,0,0
40287,1,1,1989,5,5,5,5,5,5,5,5,5,5
40287,2,1,1989,0,0,0,0,0,0,0,0,0,0
40288,1,1,1989,0,0,0,0,0,0,0,0,0,0
40288,2,1,1989,0,0,0,0,0,0,0,0,0,0
40289,1,1,1989,0,0,0,0,0,0,0,0,0,0
40290,1,1,1989,9,0,22,13,0,10,13,8,16,0
40290,2,1,1989,0,0,0,0,0,0,0,0,0,0
40290,3,1,1989,0,0,0,0,0,0,0,0,0,0
40291,0,1,1989,0,0,0,0,0,0,0,0,0,0
40291,1,1,1989,0,0,0,0,0,0,0,5,20,0
40292,1,1,1989,0,0,0,0,0,0,0,0,0,0
40292,2,1,1989,0,0,0,0,0,0,0,0,0,0
40293,1,1,1989,0,0,0,0,0,0,0,0,0,0
40293,2,1,1989,0,0,0,0,0,0,0,0,0,0
40294,1,1,1989,0,0,0,0,0,0,0,0,0,0
40294,2,1,1989,0,0,0,0,0,0,0,0,0,0
40295,1,1,1989,0,0,0,0,0,0,0,0,0,0
40295,2,1,1989,0,0,0,0,0,0,0,0,0,0
40296,1,1,1989,0,0,0,0,0,0,0,0,0,0
40297,0,1,1989,0,0,0,0,0,0,0,0,0,0
40297,1,1,1989,0,0,0,0,0,0,0,0,0,0
40298,1,1,1989,18,18,18,18,18,18,18,18,18,18
40299,0,1,1989,0,0,0,0,0,0,11,14,0,11
40299,1,1,1989,0,0,0,5,0,0,0,0,0,0
40300,1,1,1989,28,14,13,11,18,17,17,23,10,9
40301,1,1,1989,7,17,21,11,7,13,21,22,25,21
40302,1,1,1989,9,24,19,24,27,25,16,30,12,0
40303,1,1,1989,0,0,0,0,6,0,0,0,0,0
40304,1,1,1989,5,5,5,5,5,5,5,5,5,5
40304,2,1,1989,0,0,0,0,23,0,7,0,0,7
40305,1,1,1989,5,5,5,5,5,5,5,5,5,5
40306,0,1,1989,26,26,26,26,26,26,26,26,26,26
40306,1,1,1989,0,0,23,11,0,36,0,36,0,11
40307,1,1,1989,25,25,25,25,25,25,25,25,25,25
40307,2,1,1989,0,0,0,0,10,0,0,0,0,0
40308,1,1,1989,0,0,0,0,0,0,0,0,0,0
40309,1,1,1989,13,9,0,20,0,0,0,0,0,0
40310,1,1,1989,0,0,0,0,0,0,0,0,0,0
40311,0,1,1989,0,0,0,0,0,0,0,0,0,0
40311,1,1,1989,20,32,23,12,25,27,17,24,18,13
40312,1,1,1989,0,0,0,0,0,0,0,0,0,0
40312,2,1,1989,0,0,0,0,0,0,0,0,0,0
40313,1,1,1989,20,14,8,16,10,0,21,8,12,6
40314,1,1,1989,19,0,9,21,13,15,22,6,17,8
40314,2,1,1989,12,0,0,0,14,0,0,0,0,0
40315,1,1,1989,25,25,25,25,25,25,25,25,25,25
40315,2,1,1989,0,0,0,0,24,25,0,0,0,0
40316,1,1,1989,11,3,16,0,0,0,19,0,0,12
40316,2,1,1989,0,0,0,0,0,0,0,0,0,0
40317,1,1,1989,23,23,23,23,23,23,23,23,23,23
40318,1,1,1989,0,0,0,0,0,0,0,0,0,0
40318,2,1,1989,0,0,0,0,0,0,0,0,0,0
40318,3,1,1989,0,0,0,0,0,0,0,0,0,0
40319,1,1,1989,0,0,0,0,0,0,0,0,0,0
40319,2,1,1989,0,0,0,0,0,0,0,0,0,0
40320,1,1,1989,0,0,0,0,0,0,0,0,0,0
40320,2,1,1989,0,0,13,0,17,28,0,0,0,0
40321,1,1,1989,21,21,21,21,21,21,21,21,21,21
40322,1,1,1989,16,16,16,16,16,16,16,16,16,16
40323,1,1,1989,9,9,9,9,9,9,9,9,9,9
40323,2,1,1989,0,0,0,0,0,0,0,0,0,0
40324,0,1,1989,0,0,0,0,0,0,0,0,0,0
40324,1,1,1989,0,0,0,0,0,0,0,0,0,0
40325,1,1,1989,0,0,0,0,0,0,0,0,0,0
40325,2,1,1989,0,0,0,0,0,0,0,0,6,0
40326,1,1,1989,0,0,0,0,0,0,0,0,0,0
40327,1,1,1989,0,0,0,0,0,0,0,0,0,0
40328,1,1,1989,0,0,0,0,0,0,0,0,0,0
40328,2,1,1989,0,9,0,0,0,0,0,17,0,0
40329,1,1,1989,0,0,0,0,0,0,0,0,0,0
40329,2,1,1989,0,0,0,0,0,0,0,0,0,0
40330,1,1,1989,0,0,0,0,0,0,0,0,0,0
40330,2,1,1989,0,0,0,0,0,0,0,0,0,0
40331,1,1,1989,13,0,3,32,0,5,0,17,0,0
40332,1,1,1989,15,15,15,15,15,15,15,15,15,15
40333,1,1,1989,0,0,0,0,0,0,0,0,0,0
40334,0,1,1989,6,6,6,6,6,6,6,6,6,6
40334,1,1,1989,0,0,0,0,0,0,0,0,0,0
40335,1,1,1989,0,0,0,0,0,0,0,0,0,0
40336,1,1,1989,0,0,0,0,0,0,0,0,0,0
40337,1,1,1989,0,0,0,0,0,0,0,0,0,0
40337,2,1,1989,0,0,0,0,0,0,0,0,0,0
40338,0,1,1989,2,2,2,2,2,2,2,2,2,2
40338,1,1,1989,0,0,0,0,0,0,0,0,0,0
40340,1,1,1989,0,0,0,0,0,0,0,0,0,0
40341,1,1,1989,0,0,0,0,0,0,0,0,0,0
40341,2,1,1989,0,0,0,0,0,0,0,0,0,0
40341,3,1,1989,0,10,0,0,0,0,0,0,0,0
40342,1,1,1989,0,0,0,0,0,0,0,0,0,0
40342,2,1,1989,0,0,0,0,0,0,0,0,0,0
40343,1,1,1989,0,0,0,0,15,0,0,0,0,0
40343,2,1,1989,0,0,0,0,0,0,0,0,0,0
40344,1,1,1989,17,17,17,17,17,17,17,17,17,17
40345,1,1,1989,0,0,0,0,0,0,0,0,0,0
40346,0,1,1989,0,0,0,0,0,0,0,0,0,0
40346,1,1,1989,0,0,0,0,0,0,0,0,0,0
40347,1,1,1989,0,0,0,0,0,0,0,0,0,0
40347,2,1,1989,0,0,0,0,0,0,0,0,0,0
40347,3,1,1989,0,0,0,0,0,0,0,0,0,0
40348,1,1,1989,0,0,0,0,0,0,0,0,0,0
40349,1,1,1989,0,0,0,13,6,0,0,0,19,22
40349,2,1,1989,0,0,0,0,0,0,0,0,0,0
40350,0,1,1989,13,13,13,13,13,13,13,13,13,13
40350,1,1,1989,0,0,0,0,0,0,0,0,0,0
40351,1,1,1989,0,0,0,0,0,0,0,0,0,0
40351,2,1,1989,0,0,0,0,0,0,0,0,0,0
40352,1,1,1989,0,0,0,0,0,0,0,0,0,0
40353,1,1,1989,0,0,0,0,0,0,0,0,0,0
40353,2,1,1989,0,0,0,0,0,0,0,0,0,0
40354,1,1,1989,24,5,30,0,22,11,20,4,16,9
40354,2,1,1989,0,0,12,0,11,0,0,18,0,0
40355,1,1,1989,17,20,10,10,23,25,21,26,12,9
40356,1,1,1989,17,17,17,17,17,17,17,17,17,17
40357,1,1,1989,18,0,0,0,0,0,0,0,0,0
40358,1,1,1989,0,0,0,0,0,0,0,0,0,0
40358,2,1,1989,0,0,10,0,6,0,0,0,0,0
40359,1,1,1989,0,0,0,0,9,0,18,19,0,11
40360,1,1,1989,0,0,0,0,0,0,0,0,0,0
40360,2,1,1989,0,0,0,0,0,0,0,0,0,0
40361,1,1,1989,29,29,29,29,29,29,29,29,29,29
40361,2,1,1989,0,0,0,0,0,0,0,0,0,9
40362,1,1,1989,5,5,5,5,5,5,5,5,5,5
40363,1,1,1989,8,0,13,26,0,0,17,0,0,22
40364,1,1,1989,0,0,0,0,0,0,0,0,0,0
40365,1,1,1989,0,0,0,0,0,15,0,0,0,0
40366,1,1,1989,28,28,28,28,28,28,28,28,28,28
40366,2,1,1989,0,0,22,0,0,0,0,0,0,0
40367,1,1,1989,14,0,0,0,0,12,0,0,0,0
40368,1,1,1989,18,28,37,24,27,0,12,16,13,16
40369,1,1,1989,0,0,0,0,0,0,0,0,0,0
40370,1,1,1989,13,13,13,13,13,13,13,13,13,13
40371,1,1,1989,0,0,0,0,0,0,0,0,8,0
40372,1,1,1989,27,27,27,27,27,27,27,27,27,27
40372,2,1,1989,0,0,0,0,0,0,0,0,0,0
40373,1,1,1989,0,0,0,0,0,0,0,0,0,0
40373,2,1,1989,0,0,0,0,0,0,0,0,0,0
40374,0,1,1989,19,16,34,22,14,30,16,0,21,11
40374,2,1,1989,0,0,0,0,0,0,0,0,0,0
40375,1,1,1989,24,0,0,0,0,0,3,0,0,11
40375,2,1,1989,0,0,0,0,0,0,0,0,0,0
40376,1,1,1989,27,13,19,27,28,25,12,11,29,9
40377,1,1,1989,0,0,0,0,0,0,0,0,0,0
40377,2,1,1989,0,0,0,0,0,0,0,0,0,0
40378,0,1,1989,15,15,15,15,15,15,15,15,15,15
40378,1,1,1989,19,19,19,19,19,19,19,19,19,19
40379,1,1,1989,0,20,14,0,0,10,0,0,14,0
40380,0,1,1989,0,0,0,0,0,0,0,0,0,0
40380,1,1,1989,0,0,0,0,0,0,0,0,0,0
40381,1,1,1989,0,0,0,0,0,0,0,0,0,0
40381,2,1,1989,0,0,0,0,0,0,0,0,0,0
40382,0,1,1989,0,0,0,0,0,0,0,0,0,0
40382,1,1,1989,0,0,0,0,0,0,0,0,0,0
40383,1,1,1989,0,0,0,0,0,8,0,0,0,0
40383,2,1,1989,18,9,19,21,16,28,9,16,12,20
40384,0,1,1989,34,19,19,10,23,10,28,22,23,7
40384,1,1,1989,0,0,0,0,0,0,0,0,0,0
40385,1,1,1989,15,15,15,15,15,15,15,15,15,15
40386,0,1,1989,0,0,0,0,0,27,0,13,0,20
40386,1,1,1989,0,0,0,0,0,0,0,0,0,0
40387,0,1,1989,0,0,0,0,0,0,0,0,0,0
40387,1,1,1989,0,0,0,0,0,0,0,0,0,0
40388,1,1,1989,0,0,25,0,0,0,4,0,0,9
40389,0,1,1989,0,0,0,0,0,0,0,0,0,0
40389,1,1,1989,0,0,0,0,0,0,0,0,0,0
40390,1,1,1989,17,0,17,37,25,27,23,19,0,17
40391,1,1,1989,24,24,24,24,24,24,24,24,24,24
40391,2,1,1989,0,0,0,0,0,0,27,0,0,0
40392,1,1,1989,0,0,0,0,0,0,0,0,0,0
40393,1,1,1989,16,16,16,16,16,16,16,16,16,16
40394,1,1,1989,0,0,0,11,0,0,0,0,0,0
40395,0,1,1989,0,0,0,0,0,0,0,0,0,0
40395,1,1,1989,14,0,34,3,22,9,19,13,9,18
40396,1,1,1989,13,0,0,0,12,14,0,0,32,0
40396,2,1,1989,11,17,11,12,0,16,13,16,0,11
40397,1,1,1989,8,8,8,8,8,8,8,8,8,8
40398,1,1,1989,0,0,0,0,0,0,0,0,0,0
40399,1,1,1989,11,11,11,11,11,11,11,11,11,11
40400,1,1,1989,30,0,2,6,19,12,18,24,14,23
40401,0,1,1989,0,0,0,0,39,0,14,0,23,7
40401,1,1,1989,0,0,0,0,0,0,0,0,0,0
40402,1,1,1989,12,20,21,11,23,11,21,7,23,13
40403,1,1,1989,0,0,0,0,0,12,0,0,0,0
40403,2,1,1989,16,18,0,10,7,4,16,5,0,12
40404,1,1,1989,22,0,0,0,0,0,0,0,0,0
40404,2,1,1989,0,0,0,0,0,0,0,0,0,0
40405,1,1,1989,6,0,0,0,0,0,0,0,0,0
40405,2,1,1989,0,0,0,0,0,0,0,0,0,0
40406,0,1,1989,0,0,0,0,0,0,0,0,0,0
40406,1,1,1989,0,0,0,0,0,0,0,0,0,0
40407,1,1,1989,0,0,0,0,0,0,0,0,0,0
40408,1,1,1989,16,16,16,16,16,16,16,16,16,16
40409,0,1,1989,8,12,14,33,8,16,0,27,36,27
40409,1,1,1989,0,0,0,0,0,0,0,0,0,0
40410,1,1,1989,17,24,6,42,9,19,9,38,0,30
40411,0,1,1989,15,12,17,19,37,23,5,15,12,18
40411,1,1,1989,34,0,0,11,10,18,24,0,0,0
40412,1,1,1989,9,9,9,9,9,9,9,9,9,9
40412,2,1,1989,0,0,0,0,0,0,0,0,0,0
40413,0,1,1989,23,15,19,9,38,20,30,8,16,24
40413,1,1,1989,15,20,14,19,0,15,7,17,24,15
40414,0,1,1989,0,0,0,0,0,0,0,0,0,0
40414,1,1,1989,0,0,0,0,0,0,0,0,0,0
40415,1,1,1989,0,0,0,0,16,0,8,0,0,0
40415,2,1,1989,0,0,0,0,0,0,0,0,0,0
40415,3,1,1989,0,0,0,0,0,0,0,0,0,0
40415,4,1,1989,0,0,18,0,0,0,0,0,0,0
40416,1,1,1989,0,0,0,0,0,0,0,0,0,0
40416,2,1,1989,16,16,16,16,16,16,16,16,16,16
40417,1,1,1989,15,15,26,11,20,18,13,24,26,23
40418,1,1,1989,0,0,0,0,0,0,0,0,0,0
40419,1,1,1989,0,0,0,0,14,2,0,0,7,0
40419,2,1,1989,0,0,0,0,0,0,0,0,0,0
40420,1,1,1989,0,0,0,0,0,0,0,0,0,0
40420,2,1,1989,0,0,0,0,0,0,0,0,0,0
40421,1,1,1989,0,0,0,0,0,0,0,0,0,0
40421,2,1,1989,0,0,0,0,0,0,0,0,0,0
40422,0,1,1989,6,0,0,0,28,0,0,0,0,0
40422,1,1,1989,0,0,0,0,0,0,0,0,0,0
40423,1,1,1989,0,0,0,0,0,0,0,0,0,0
40423,2,1,1989,0,0,0,0,0,0,0,0,0,0
40424,1,1,1989,0,0,0,0,0,0,0,0,0,0
40425,1,1,1989,0,0,0,0,0,0,0,0,0,0
40425,2,1,1989,0,0,2,15,0,0,0,0,0,0
40426,1,1,1989,30,30,30,30,30,30,30,30,30,30
40427,1,1,1989,0,0,0,0,0,0,0,0,0,0
40427,2,1,1989,0,0,0,0,0,0,0,0,0,0
40428,0,1,1989,16,16,16,16,16,16,16,16,16,16
40428,1,1,1989,0,0,0,0,0,0,0,0,0,0
40429,1,1,1989,0,0,0,0,0,0,0,0,0,0
40430,0,1,1989,0,0,0,0,0,0,0,0,0,0
40430,1,1,1989,0,0,0,0,0,0,0,0,0,0
40431,1,1,1989,0,0,0,0,0,0,0,0,0,0
40431,2,1,1989,0,0,0,0,0,0,0,0,0,0
40432,1,1,1989,0,0,25,22,0,28,18,37,0,0
40433,1,1,1989,0,0,0,0,0,0,0,0,0,0
40434,1,1,1989,0,0,0,0,0,0,0,0,0,0
40434,2,1,1989,0,0,12,24,0,0,0,10,9,0
40435,0,1,1989,0,26,0,0,0,10,0,43,0,0
40435,1,1,1989,3,3,3,3,3,3,3,3,3,3
40436,1,1,1989,17,17,17,17,17,17,17,17,17,17
40437,1,1,1989,0,0,0,0,0,0,0,0,0,0
40438,1,1,1989,17,0,0,0,0,0,0,0,0,0
40438,2,1,1989,0,0,0,0,0,0,0,0,0,0
40439,1,1,1989,0,0,0,0,18,0,0,0,0,0
40440,1,1,1989,0,0,0,0,0,0,0,0,0,0
40441,1,1,1989,10,22,0,10,18,0,18,0,16,0
40442,1,1,1989,0,12,0,0,14,0,0,0,0,4
40442,2,1,1989,0,0,0,0,0,0,0,0,0,0
40443,1,1,1989,13,5,9,28,9,19,10,9,13,23
40444,0,1,1989,7,7,7,7,7,7,7,7,7,7
40444,1,1,1989,0,11,0,11,0,0,0,0,18,0
40445,1,1,1989,18,18,18,18,18,18,18,18,18,18
40447,0,1,1989,28,28,28,28,28,28,28,28,28,28
40447,1,1,1989,0,0,0,11,11,0,0,0,0,0
40448,1,1,1989,5,13,8,14,19,6,12,16,6,30
40449,1,1,1989,0,0,0,0,0,0,0,0,0,0
40449,2,1,1989,0,0,0,0,0,0,0,0,0,0
40450,1,1,1989,9,0,0,0,0,0,0,12,0,0
40451,1,1,1989,0,0,16,0,0,0,9,0,0,18
40452,1,1,1989,0,0,0,0,0,0,0,11,0,0
40452,2,1,1989,0,0,0,0,0,0,0,12,18,0
40453,1,1,1989,27,10,9,0,11,10,35,19,15,11
40454,1,1,1989,0,0,0,0,0,0,0,0,0,0
40454,2,1,1989,42,42,42,42,42,42,42,42,42,42
40455,1,1,1989,0,21,0,9,0,0,38,0,0,0
40456,1,1,1989,18,18,18,18,18,18,18,18,18,18
40457,1,1,1989,0,0,0,0,0,0,0,0,0,0
40458,0,1,1989,0,0,0,0,0,0,0,0,0,0
40458,1,1,1989,0,0,0,0,0,13,0,0,0,0
40459,1,1,1989,27,27,27,27,27,27,27,27,27,27
40460,1,1,1989,19,19,19,19,19,19,19,19,19,19
40461,1,1,1989,0,0,0,0,4,0,0,0,0,0
40462,0,1,1989,30,25,31,16,3,19,17,17,14,24
40462,1,1,1989,0,0,0,0,0,0,0,0,0,0
40463,1,1,1989,31,9,12,21,18,6,21,22,0,9
40463,2,1,1989,41,0,4,0,10,8,0,14,0,19