ST_CASE,VEH_NO,PER_NO,YEAR,P1,P2,P3,P4,P5,P6,P7,P8,P9,P10
40464,1,1,1989,0,0,0,0,0,0,0,0,0,0
40464,2,1,1989,0,0,0,0,0,0,0,0,0,0
40465,1,1,1989,27,27,27,27,27,27,27,27,27,27
40466,1,1,1989,0,0,0,0,0,0,0,0,0,0
40466,2,1,1989,0,0,0,0,0,0,0,0,0,0
40467,1,1,1989,0,0,0,18,0,0,0,0,0,0
40468,1,1,1989,13,19,12,18,35,13,28,23,13,10
40469,0,1,1989,0,0,0,0,0,0,0,0,0,0
40469,1,1,1989,0,0,0,0,0,0,0,0,0,0
40470,1,1,1989,10,10,12,16,9,19,19,23,5,0
40470,2,1,1989,0,0,0,0,0,0,0,0,0,0
40471,1,1,1989,25,25,25,25,25,25,25,25,25,25
40472,0,1,1989,0,0,0,3,0,0,0,0,0,0
40472,1,1,1989,0,0,0,0,0,0,0,0,0,0
40473,1,1,1989,0,0,0,0,0,0,0,0,0,0
40473,2,1,1989,0,0,0,0,0,0,0,0,0,0
40474,1,1,1989,16,16,16,16,16,16,16,16,16,16
40475,1,1,1989,0,2,2,24,27,15,9,15,13,14
40476,0,1,1989,22,22,22,22,22,22,22,22,22,22
40476,1,1,1989,0,0,14,10,0,0,0,0,0,8
40477,1,1,1989,21,21,21,21,21,21,21,21,21,21
40478,1,1,1989,2,14,26,15,13,15,8,24,18,6
40478,2,1,1989,15,19,11,36,16,13,25,21,17,13
40479,1,1,1989,0,0,0,0,0,0,0,0,0,0
40479,2,1,1989,0,0,0,0,0,0,0,0,0,0
40480,1,1,1989,0,0,0,0,0,0,0,26,0,0
40481,1,1,1989,18,27,0,0,0,0,22,0,0,0
40481,2,1,1989,0,0,0,0,0,0,0,0,0,0
40482,0,1,1989,29,29,29,29,29,29,29,29,29,29
40482,1,1,1989,0,0,0,0,0,0,0,0,0,0
40483,1,1,1989,0,10,0,0,0,0,0,34,0,0
40483,2,1,1989,0,0,0,0,0,0,0,0,0,0
40484,1,1,1989,13,0,23,0,0,0,0,16,0,0
40485,1,1,1989,0,0,0,0,0,0,0,0,0,0
40486,1,1,1989,0,0,0,0,0,0,0,0,0,0
40487,0,1,1989,0,0,0,0,0,0,0,0,0,0
40487,1,1,1989,0,0,0,0,0,0,0,0,0,0
40487,2,1,1989,0,4,0,0,0,0,0,0,0,0
40488,1,1,1989,0,16,21,25,0,0,0,30,0,0
40489,1,1,1989,22,22,22,22,22,22,22,22,22,22
40489,2,1,1989,0,0,0,0,0,0,0,0,0,0
40490,1,1,1989,0,0,0,0,0,0,0,0,0,0
40490,2,1,1989,17,0,0,0,0,0,0,0,0,0
40491,1,1,1989,4,22,0,22,21,21,18,31,7,0
40492,1,1,1989,17,13,0,21,8,0,6,24,25,26
40493,1,1,1989,0,0,0,0,0,0,0,0,12,0
40494,0,1,1989,10,10,10,10,10,10,10,10,10,10
40494,1,1,1989,0,0,0,21,0,0,0,0,0,0
40495,1,1,1989,24,24,24,24,24,24,24,24,24,24
40496,0,1,1989,0,0,0,0,0,0,12,0,0,0
40496,1,1,1989,0,8,0,19,11,0,0,0,0,0
40498,1,1,1989,0,0,0,0,0,0,0,0,0,0
40498,2,1,1989,0,0,0,0,0,0,0,0,0,0
40498,3,1,1989,0,0,0,0,0,0,0,0,0,0
40499,0,1,1989,33,16,0,0,19,0,0,0,0,0
40499,1,1,1989,0,0,0,0,0,0,0,0,0,0
40500,1,1,1989,0,0,0,5,0,0,0,0,14,0
40501,1,1,1989,0,0,0,0,0,0,0,0,0,0
40501,2,1,1989,0,0,0,0,0,0,0,0,0,0
40502,1,1,1989,0,0,0,0,0,0,0,0,0,13
40502,2,1,1989,4,4,4,4,4,4,4,4,4,4
40503,0,1,1989,0,0,0,0,0,0,0,0,0,0
40503,1,1,1989,0,0,0,0,0,0,0,0,0,0
40504,0,1,1989,0,0,0,0,0,0,0,0,0,0
40504,1,1,1989,0,0,0,0,0,0,0,0,0,0
40505,1,1,1989,13,13,13,13,13,13,13,13,13,13
40506,1,1,1989,10,10,10,10,10,10,10,10,10,10
40507,0,1,1989,21,21,21,21,21,21,21,21,21,21
40507,1,1,1989,0,0,20,20,0,18,41,22,7,0
40508,1,1,1989,21,21,21,21,21,21,21,21,21,21
40508,2,1,1989,0,0,0,0,0,0,0,0,11,0
40509,1,1,1989,0,0,0,0,9,0,14,2,0,0
40509,2,1,1989,0,0,0,0,0,0,0,0,0,0
40510,1,1,1989,0,0,0,0,0,0,0,7,0,0
40510,2,1,1989,0,0,0,0,0,0,0,0,0,0
40511,1,1,1989,0,0,0,0,0,0,0,0,0,0
40511,2,1,1989,0,0,0,0,0,0,0,0,0,0
40512,1,1,1989,0,0,0,0,0,0,0,0,0,0
40512,2,1,1989,0,0,0,0,0,0,0,0,0,0
40512,3,1,1989,0,0,0,0,0,0,0,0,0,0
40513,1,1,1989,0,0,0,0,0,0,18,6,0,0
40514,1,1,1989,0,0,0,0,0,0,0,0,0,0
40514,2,1,1989,0,0,17,0,0,0,0,0,0,0
40515,1,1,1989,0,0,0,0,0,0,0,0,0,0
40515,2,1,1989,0,0,0,0,0,0,0,0,0,0
40516,1,1,1989,0,0,0,0,0,0,0,0,0,0
40517,1,1,1989,22,14,26,16,22,10,14,26,36,19
40518,1,1,1989,0,0,0,0,0,0,0,0,0,0
40518,2,1,1989,0,0,0,0,0,0,0,0,0,0
40519,1,1,1989,20,20,20,20,20,20,20,20,20,20
40520,1,1,1989,0,0,0,0,0,0,0,0,13,0
40520,2,1,1989,0,0,18,0,0,0,0,0,0,0
40521,1,1,1989,15,25,0,9,17,14,15,6,12,9
40522,1,1,1989,21,21,21,21,21,21,21,21,21,21
40522,2,1,1989,0,0,0,0,0,0,0,0,0,0
40523,1,1,1989,0,0,0,0,0,0,0,0,0,0
40523,2,1,1989,0,0,0,0,0,0,0,0,0,0
40525,1,1,1989,0,0,0,0,0,0,0,0,0,0
40525,2,1,1989,0,0,0,0,0,0,0,0,0,0
40526,1,1,1989,0,0,0,0,0,0,0,0,0,0
40527,1,1,1989,12,12,12,12,12,12,12,12,12,12
40528,1,1,1989,0,0,0,0,0,0,0,0,0,0
40529,1,1,1989,0,0,0,0,0,0,0,0,0,0
40529,2,1,1989,0,0,0,6,0,0,16,0,0,0
40530,1,1,1989,0,16,4,9,7,22,10,23,33,11
40530,2,1,1989,0,0,0,0,0,0,0,0,0,0
40531,1,1,1989,20,20,20,20,20,20,20,20,20,20
40532,1,1,1989,13,13,13,13,13,13,13,13,13,13
40533,1,1,1989,0,0,0,0,0,0,0,0,0,0
40534,0,1,1989,0,0,0,0,0,0,0,0,0,0
40534,1,1,1989,0,0,0,0,0,0,0,0,0,0
40535,1,1,1989,0,0,0,0,0,0,9,0,0,0
40535,2,1,1989,0,0,0,0,0,0,0,0,0,0
40536,1,1,1989,12,7,7,17,11,14,0,6,24,11
40536,2,1,1989,20,27,11,5,15,19,17,6,19,12
40537,1,1,1989,10,7,3,21,14,11,14,25,13,18
40537,2,1,1989,0,0,0,0,0,0,0,0,0,0
40538,1,1,1989,0,0,6,8,31,10,18,6,17,11
40539,1,1,1989,0,0,0,0,0,0,0,0,0,0
40539,2,1,1989,0,0,0,0,0,0,0,0,0,0
40539,3,1,1989,0,0,0,0,0,0,0,0,0,0
40540,1,1,1989,0,0,0,0,0,0,0,0,0,0
40541,1,1,1989,14,26,21,24,25,26,33,5,19,24
40543,0,1,1989,31,31,31,31,31,31,31,31,31,31
40543,1,1,1989,0,0,0,0,0,0,0,0,0,0
40544,1,1,1989,17,0,12,10,23,11,4,14,3,11
40544,2,1,1989,26,26,26,26,26,26,26,26,26,26
40545,1,1,1989,24,10,15,3,5,13,11,13,15,20
40546,1,1,1989,13,13,13,13,13,13,13,13,13,13
40547,1,1,1989,0,29,10,23,16,0,8,12,0,0
40548,1,1,1989,0,19,0,0,0,0,0,0,0,0
40548,2,1,1989,0,0,0,0,0,0,0,0,0,0
40548,3,1,1989,0,0,0,0,0,0,0,0,0,0
40549,1,1,1989,0,0,0,0,0,0,0,0,0,0
40549,2,1,1989,0,0,0,0,0,0,0,0,0,0
40549,3,1,1989,0,0,0,0,0,0,0,0,0,0
40550,1,1,1989,5,5,5,5,5,5,5,5,5,5
40551,1,1,1989,24,24,24,24,24,24,24,24,24,24
40552,1,1,1989,0,0,0,0,0,0,0,0,0,0
40552,2,1,1989,0,0,0,0,0,0,0,0,0,0
40553,1,1,1989,0,0,0,0,0,0,0,0,0,0
40553,2,1,1989,9,20,23,13,17,0,10,20,25,27
40554,0,1,1989,0,0,0,0,0,0,0,0,0,0
40554,1,1,1989,0,0,12,0,0,0,10,0,0,0
40555,1,1,1989,0,0,0,0,0,0,0,0,0,0
40555,2,1,1989,16,16,16,16,16,16,16,16,16,16
40556,0,1,1989,0,19,12,19,16,19,0,0,0,0
40556,2,1,1989,0,0,0,0,0,0,0,0,0,0
40557,0,1,1989,0,0,0,0,0,0,0,0,0,0
40557,1,1,1989,14,0,19,27,13,14,20,17,8,14
40558,1,1,1989,0,0,0,27,0,0,0,9,0,0
40559,1,1,1989,0,20,0,23,0,0,0,11,0,0
40559,2,1,1989,20,19,31,5,0,23,0,0,0,17
40560,1,1,1989,22,22,22,22,22,22,22,22,22,22
40561,1,1,1989,0,0,0,0,0,0,0,0,0,0
40561,2,1,1989,0,0,0,0,0,0,0,0,0,0
40562,1,1,1989,0,0,0,0,0,0,0,0,0,0
40562,2,1,1989,0,0,0,0,0,0,0,0,0,0
40563,0,1,1989,0,0,0,0,0,0,0,0,0,0
40563,1,1,1989,16,18,5,12,8,17,12,12,26,17
40564,1,1,1989,0,0,0,0,0,0,0,0,0,0
40564,2,1,1989,0,0,0,0,0,0,0,0,0,0
40565,0,1,1989,21,21,21,21,21,21,21,21,21,21
40565,1,1,1989,0,0,0,0,0,0,0,0,0,0
40566,1,1,1989,24,28,30,27,28,0,15,0,28,20
40567,1,1,1989,0,0,0,0,0,0,0,0,0,0
40567,2,1,1989,0,0,0,0,0,0,0,0,0,0
40568,0,1,1989,0,0,0,0,0,0,0,0,0,0
40568,0,2,1989,0,0,0,0,0,0,0,0,0,0
40568,0,3,1989,2,10,24,0,0,0,8,10,10,0
40568,0,4,1989,16,0,13,20,0,6,0,0,0,0
40568,1,1,1989,18,22,24,10,21,29,19,25,19,29
40569,1,1,1989,0,0,0,0,0,0,0,0,0,0
40570,0,1,1989,0,0,0,0,0,0,0,0,0,0
40570,0,2,1989,15,0,0,5,0,0,0,0,0,0
40570,1,1,1989,0,0,0,0,0,0,18,0,0,0
40571,1,1,1989,16,16,16,16,16,16,16,16,16,16
40572,1,1,1989,0,0,0,0,0,0,0,0,0,0
40572,2,1,1989,0,0,0,0,0,0,0,0,0,0
40572,3,1,1989,0,0,0,0,0,0,0,0,0,0
40573,1,1,1989,0,0,0,0,5,0,14,0,0,0
40574,1,1,1989,0,0,0,0,0,0,0,0,0,0
40574,2,1,1989,0,0,0,0,0,0,0,0,11,0
40575,1,1,1989,0,0,0,0,0,0,0,0,0,0
40576,0,1,1989,0,0,0,0,0,13,21,0,0,0
40576,1,1,1989,0,10,0,0,0,0,0,30,0,0
40576,2,1,1989,0,0,0,0,0,0,0,0,0,0
40576,4,1,1989,0,0,0,0,0,0,0,0,0,0
40576,5,1,1989,0,0,0,0,0,0,0,0,0,0
40577,1,1,1989,28,0,0,0,0,0,0,0,0,0
40578,1,1,1989,0,0,0,0,0,0,0,0,0,0
40578,2,1,1989,0,0,0,0,0,0,0,0,0,0
40579,0,1,1989,26,26,26,26,26,26,26,26,26,26
40579,1,1,1989,0,0,0,0,0,0,0,0,0,24
40580,0,1,1989,17,17,17,17,17,17,17,17,17,17
40580,1,1,1989,8,8,8,8,8,8,8,8,8,8
40581,0,1,1989,0,0,0,0,0,0,0,0,0,0
40581,1,1,1989,0,0,0,0,0,0,0,0,0,0
40582,1,1,1989,26,28,28,12,22,13,17,17,8,17
40583,1,1,1989,0,0,0,0,0,0,0,0,0,0
40583,2,1,1989,0,0,0,0,0,0,0,0,0,0
40584,1,1,1989,0,0,0,18,25,38,15,17,0,11
40585,1,1,1989,0,0,0,10,0,0,0,0,0,0
40586,0,1,1989,3,21,24,20,29,21,27,15,14,18
40586,1,1,1989,0,23,0,7,0,0,0,13,5,13
40587,1,1,1989,13,8,13,20,7,7,20,13,16,29
40588,1,1,1989,16,0,14,9,0,10,0,9,12,0
40589,1,1,1989,5,0,15,10,10,0,16,6,19,22
40590,1,1,1989,0,0,0,0,0,0,0,0,0,8
40591,1,1,1989,0,13,13,0,0,9,3,15,19,16
40592,0,1,1989,30,9,25,16,25,30,0,14,21,35
40592,1,1,1989,0,0,0,0,17,6,0,0,0,0
40593,1,1,1989,24,24,24,24,24,24,24,24,24,24
40594,1,1,1989,16,0,20,0,0,0,0,0,28,0
40595,1,1,1989,26,26,26,26,26,26,26,26,26,26
40596,1,1,1989,16,16,16,16,16,16,16,16,16,16
40597,0,1,1989,28,28,28,28,28,28,28,28,28,28
40597,1,1,1989,0,0,0,0,0,0,0,0,0,0
40598,1,1,1989,17,15,21,18,19,62,7,25,32,20
40599,1,1,1989,0,0,0,0,0,0,0,0,0,0
40599,2,1,1989,0,0,0,0,0,0,0,0,0,0
40600,1,1,1989,2,0,29,16,17,0,16,0,14,7
40600,2,1,1989,0,0,0,0,0,0,0,0,0,0
40600,3,1,1989,0,0,0,0,0,0,0,0,0,0
40601,0,1,1989,0,0,0,0,0,0,0,0,0,0
40601,1,1,1989,6,0,0,0,0,0,0,0,0,0
40602,1,1,1989,56,56,56,56,56,56,56,56,56,56
40603,0,1,1989,0,26,18,28,0,17,29,0,0,0
40603,1,1,1989,0,9,0,0,0,0,0,0,12,0
40604,1,1,1989,11,30,32,17,12,23,20,26,16,13
40605,1,1,1989,6,25,14,19,7,13,11,12,10,6
40605,2,1,1989,16,16,16,16,16,16,16,16,16,16
40605,3,1,1989,0,0,0,0,0,0,0,0,0,0
40606,1,1,1989,0,0,0,0,0,0,0,0,0,0
40606,2,1,1989,0,0,0,0,0,0,0,0,0,0
40607,1,1,1989,31,12,0,0,26,0,21,8,17,13
40608,0,1,1989,0,0,0,0,0,0,0,0,0,0
40608,1,1,1989,0,0,0,0,0,0,0,0,0,0
40609,1,1,1989,17,17,17,17,17,17,17,17,17,17
40609,2,1,1989,0,0,0,0,0,0,0,0,0,0
40610,1,1,1989,23,12,16,0,15,0,11,18,11,37
40611,1,1,1989,0,0,0,0,0,0,0,22,0,0
40612,1,1,1989,4,0,7,0,0,9,0,18,24,0
40613,1,1,1989,0,0,0,0,0,0,0,0,0,0
40614,1,1,1989,0,18,0,21,0,0,0,0,0,0
40614,2,1,1989,0,0,0,0,0,0,0,0,0,0
40615,1,1,1989,20,0,24,6,11,9,6,12,9,5
40616,1,1,1989,0,16,0,0,0,0,0,0,0,28
40617,1,1,1989,14,0,0,0,0,0,0,0,0,0
40617,2,1,1989,0,0,0,0,0,0,0,0,0,0
40618,1,1,1989,0,0,0,0,0,0,0,0,0,0
40618,2,1,1989,0,11,0,0,0,0,0,0,0,0
40618,3,1,1989,0,0,0,0,0,0,0,0,0,0
40619,1,1,1989,0,0,0,0,0,0,0,0,0,0
40619,2,1,1989,0,0,0,0,0,0,0,0,0,0
40620,1,1,1989,7,7,7,7,7,7,7,7,7,7
40621,1,1,1989,16,0,0,0,0,0,0,0,0,0
40622,0,1,1989,12,36,18,18,15,9,8,18,15,10
40622,1,1,1989,0,0,0,0,0,3,0,0,0,0
40623,0,1,1989,0,0,0,0,0,0,0,0,0,0
40623,1,1,1989,0,0,0,0,0,0,0,0,0,0
40623,2,1,1989,0,0,0,0,0,0,0,0,0,0
40623,3,1,1989,0,0,0,0,0,12,0,5,0,0
40624,1,1,1989,9,27,6,21,14,18,10,23,10,13
40625,1,1,1989,9,9,9,9,9,9,9,9,9,9
40625,2,1,1989,0,0,0,0,0,0,0,0,0,0
40626,0,1,1989,0,0,0,0,0,0,0,0,0,0
40626,1,1,1989,9,0,0,0,0,15,0,0,9,0
40627,1,1,1989,17,17,17,17,17,17,17,17,17,17
40628,1,1,1989,0,0,13,0,0,0,0,0,0,0
40628,2,1,1989,0,0,0,0,0,0,0,0,0,0
40628,3,1,1989,0,0,0,0,0,0,0,0,0,0
40630,1,1,1989,15,0,7,17,0,0,0,18,0,14
40631,1,1,1989,0,0,12,9,10,0,0,17,0,9
40633,1,1,1989,0,0,0,0,0,0,0,0,0,0
40633,2,1,1989,0,0,0,0,0,0,0,0,0,0
40634,0,1,1989,0,0,0,0,0,0,0,0,0,0
40634,1,1,1989,0,0,0,0,0,0,0,0,0,0
40635,1,1,1989,0,0,0,0,0,0,0,0,0,0
40635,2,1,1989,0,0,0,0,0,0,0,0,0,0
40636,1,1,1989,0,0,0,0,0,0,0,0,0,0
40636,2,1,1989,0,0,0,0,0,0,0,0,0,0
40637,0,1,1989,0,0,0,0,0,0,0,0,0,0
40637,1,1,1989,0,0,0,0,0,0,0,0,0,0
40637,2,1,1989,0,0,0,0,0,0,0,0,0,0
40638,0,1,1989,22,22,22,22,22,22,22,22,22,22
40638,1,1,1989,0,0,0,11,0,0,31,0,0,0
40639,1,1,1989,28,0,30,8,0,24,14,23,41,13
40639,2,1,1989,0,0,0,0,0,0,0,0,0,10
40640,0,1,1989,0,0,0,0,0,0,0,0,0,0
40640,1,1,1989,0,0,0,0,0,0,18,0,0,0
40641,0,1,1989,0,11,0,0,0,0,6,6,3,0
40641,1,1,1989,0,0,0,0,0,0,0,0,0,0
40641,2,1,1989,0,0,0,0,0,0,0,0,0,0
40641,3,1,1989,0,0,0,0,0,0,0,0,0,0
40642,1,1,1989,22,22,22,22,22,22,22,22,22,22
40643,1,1,1989,17,27,16,24,18,37,12,26,13,33
40644,1,1,1989,0,0,0,0,0,0,0,0,0,0
40644,2,1,1989,0,0,0,0,0,0,0,0,0,0
40644,3,1,1989,0,0,0,0,0,0,0,0,0,0
40645,1,1,1989,0,11,0,16,8,0,10,19,0,12
40645,2,1,1989,0,0,0,0,0,0,0,0,0,0
40645,3,1,1989,29,29,29,29,29,29,29,29,29,29
40646,1,1,1989,0,0,0,0,0,0,0,0,0,0
40646,2,1,1989,0,0,0,0,0,0,0,0,0,0
40647,1,1,1989,12,11,8,5,7,14,17,17,14,13
40647,2,1,1989,0,22,0,8,0,0,0,0,29,0
40648,1,1,1989,0,0,0,18,0,0,0,0,0,0
40649,1,1,1989,24,0,23,0,5,10,2,0,16,0
40649,2,1,1989,0,0,0,0,0,0,0,0,0,0
40650,1,1,1989,0,0,0,0,0,0,0,0,0,0
40650,2,1,1989,0,0,0,0,0,0,0,0,0,0
40651,1,1,1989,0,0,0,0,0,0,0,0,27,0
40652,0,1,1989,0,0,0,0,0,0,0,0,0,0
40652,1,1,1989,9,14,14,15,11,27,15,9,17,20
40653,1,1,1989,14,22,13,8,14,15,11,8,22,11
40653,2,1,1989,0,0,0,0,0,0,0,0,0,0
40654,1,1,1989,27,27,27,27,27,27,27,27,27,27
40655,0,1,1989,0,21,0,0,10,15,0,23,11,0
40655,1,1,1989,0,0,0,0,0,0,0,0,0,0
40656,1,1,1989,22,22,22,22,22,22,22,22,22,22
40657,1,1,1989,9,9,9,9,9,9,9,9,9,9
40658,0,1,1989,0,0,0,0,0,0,0,0,0,0
40658,1,1,1989,12,0,0,0,0,0,0,0,4,0
40659,1,1,1989,0,0,0,0,0,0,0,0,0,0
40660,1,1,1989,0,0,0,0,0,0,0,0,0,0
40660,2,1,1989,0,0,0,0,0,0,0,0,0,0
40661,1,1,1989,19,20,8,17,14,16,9,28,17,6
40661,2,1,1989,0,0,0,0,0,0,0,0,20,0
40662,1,1,1989,13,13,13,13,13,13,13,13,13,13
40663,1,1,1989,13,0,0,0,0,0,7,0,0,0
40664,1,1,1989,21,21,21,21,21,21,21,21,21,21
40665,1,1,1989,0,12,0,0,10,0,0,9,0,35
40665,2,1,1989,0,0,0,0,0,0,0,0,0,0
40666,0,1,1989,0,0,0,0,0,0,0,0,0,0
40666,1,1,1989,0,0,0,0,0,0,0,0,0,0
40667,1,1,1989,19,19,19,19,19,19,19,19,19,19
40668,1,1,1989,13,13,13,13,13,13,13,13,13,13
40669,1,1,1989,0,0,0,0,0,0,0,0,0,0
40669,2,1,1989,0,0,0,0,0,0,0,0,0,0
40669,3,1,1989,0,0,0,0,0,0,0,0,0,0
40670,1,1,1989,0,0,26,0,0,0,0,5,0,11
40671,1,1,1989,16,14,0,0,0,0,0,0,0,11
40672,1,1,1989,36,18,0,0,0,0,12,8,7,25
40673,1,1,1989,14,14,14,14,14,14,14,14,14,14
40674,1,1,1989,0,0,0,0,13,14,0,0,0,22
40674,2,1,1989,0,0,0,0,0,0,0,0,0,0
40675,1,1,1989,0,0,0,0,0,0,0,0,0,0
40675,2,1,1989,0,0,0,0,0,0,0,0,0,0
40676,1,1,1989,0,0,0,0,0,0,0,0,0,0
40677,1,1,1989,0,0,0,0,15,0,0,0,0,0
40677,2,1,1989,0,0,0,0,0,0,0,0,0,0
40678,1,1,1989,27,9,7,11,5,15,14,15,15,0
40678,2,1,1989,0,0,0,0,0,0,0,0,0,0
40679,1,1,1989,5,5,5,5,5,5,5,5,5,5
40679,2,1,1989,0,0,0,0,0,0,0,0,0,0
40680,1,1,1989,0,0,0,0,0,4,0,0,0,0
40681,1,1,1989,0,0,0,0,0,0,0,0,0,0
40681,2,1,1989,13,13,13,13,13,13,13,13,13,13
40682,0,1,1989,0,0,0,0,0,0,0,0,0,0
40682,0,2,1989,0,11,3,12,2,3,16,31,16,14
40682,1,1,1989,0,0,0,0,0,0,0,0,0,0
40683,1,1,1989,0,0,1,0,0,0,0,0,0,0
40684,0,1,1989,0,0,0,23,9,42,0,0,0,0
40684,1,1,1989,0,0,0,0,0,0,0,0,0,0
40685,1,1,1989,12,2,5,2,17,23,14,14,20,7
40685,2,1,1989,10,24,13,16,14,10,20,6,0,16
40686,0,1,1989,28,28,28,28,28,28,28,28,28,28
40686,1,1,1989,12,0,2,22,0,0,18,0,0,7
40687,1,1,1989,0,0,0,0,0,0,0,0,0,0
40687,2,1,1989,0,0,0,0,0,0,0,0,0,0
40688,1,1,1989,0,0,0,0,0,0,0,0,0,0
40689,1,1,1989,0,0,0,0,0,0,0,0,0,0
40689,2,1,1989,0,0,0,0,0,0,0,0,0,0
40690,1,1,1989,0,0,0,0,0,0,0,0,0,0
40690,2,1,1989,0,0,0,0,0,0,0,0,0,0
40691,0,1,1989,0,7,23,0,0,27,0,0,0,0
40691,0,2,1989,0,0,0,0,0,0,0,18,10,0
40691,1,1,1989,0,0,0,0,0,0,0,0,0,0
40692,1,1,1989,0,8,15,19,27,6,25,21,4,12
40693,1,1,1989,15,25,17,15,23,28,35,21,14,29
40694,1,1,1989,22,18,25,14,26,16,11,34,29,19
40694,2,1,1989,0,0,0,0,0,0,0,0,30,0
40695,1,1,1989,0,0,0,0,0,0,5,0,0,0
40695,2,1,1989,0,0,0,0,0,0,0,0,0,0
40696,1,1,1989,12,0,23,11,0,0,12,0,0,0
40696,2,1,1989,0,0,0,0,0,0,0,0,0,0
40697,1,1,1989,0,0,0,0,19,0,0,0,0,0
40697,2,1,1989,0,0,0,0,0,0,0,14,0,0
40698,1,1,1989,0,15,28,9,0,32,0,0,27,24
40699,0,1,1989,0,0,0,0,0,0,0,0,0,0
40699,1,1,1989,0,0,0,0,0,0,0,0,0,0
40700,1,1,1989,0,0,0,0,0,0,0,0,0,0
40701,1,1,1989,0,0,0,9,0,10,12,0,0,0
40701,2,1,1989,11,11,11,11,11,11,11,11,11,11
40702,0,1,1989,0,0,0,0,0,0,0,0,0,0
40702,1,1,1989,0,0,0,0,0,0,0,0,0,0
40703,1,1,1989,10,10,15,12,30,9,14,14,13,18
40703,2,1,1989,0,0,0,0,0,0,0,0,0,0
40704,0,1,1989,0,0,0,0,0,0,0,0,0,0
40704,1,1,1989,0,0,0,0,0,0,0,0,0,0
40705,1,1,1989,0,0,0,0,0,0,0,0,0,0
40706,1,1,1989,12,21,0,0,0,0,0,13,10,0
40707,1,1,1989,22,23,5,12,27,20,14,18,6,22
40708,1,1,1989,0,0,0,0,0,0,0,0,0,0
40708,2,1,1989,0,0,0,0,0,0,0,0,0,0
40709,1,1,1989,19,23,11,10,12,0,5,13,14,0
40709,2,1,1989,21,32,22,16,14,10,20,9,13,23
40710,1,1,1989,10,22,8,8,5,2,19,17,23,14
40711,0,1,1989,30,30,30,30,30,30,30,30,30,30
40711,1,1,1989,0,0,0,0,0,0,0,0,0,0
40712,1,1,1989,23,6,37,11,11,0,0,18,35,0
40713,1,1,1989,0,0,0,0,0,0,7,0,0,0
40714,1,1,1989,10,10,10,10,10,10,10,10,10,10
40715,1,1,1989,0,0,24,0,0,14,13,0,2,0
40716,1,1,1989,22,22,22,22,22,22,22,22,22,22
40717,1,1,1989,0,0,0,0,0,0,0,0,0,0
40717,2,1,1989,0,0,0,0,0,0,0,0,0,0
40718,0,1,1989,0,0,0,0,0,0,0,0,0,0
40718,1,1,1989,0,0,0,0,0,0,0,0,0,0
40719,1,1,1989,0,0,0,0,0,0,0,0,0,0
40719,2,1,1989,0,0,0,11,0,0,0,0,0,0
40720,1,1,1989,0,0,0,0,0,0,0,0,0,0
40720,2,1,1989,4,0,0,0,0,0,0,0,0,0
40721,1,1,1989,0,0,0,0,0,0,0,0,0,0
40721,2,1,1989,0,0,0,0,0,0,0,0,0,0
40722,1,1,1989,0,0,0,0,15,7,21,17,21,0
40723,0,1,1989,13,13,13,13,13,13,13,13,13,13
40723,1,1,1989,23,0,30,19,11,0,36,0,0,20
40724,1,1,1989,0,0,0,0,0,0,0,0,0,0
40725,1,1,1989,0,0,0,0,0,0,0,0,0,0
40726,1,1,1989,18,18,18,18,18,18,18,18,18,18
40727,1,1,1989,0,0,0,0,0,0,0,0,0,0
40727,2,1,1989,0,0,0,0,0,0,0,0,0,0
40728,1,1,1989,18,18,18,18,18,18,18,18,18,18
40728,2,1,1989,0,0,10,0,0,0,21,23,15,25
40729,1,1,1989,0,0,0,0,0,0,0,0,0,0
40729,2,1,1989,0,0,0,0,0,0,0,0,0,0
40730,1,1,1989,20,17,13,9,22,14,19,18,6,15
40730,2,1,1989,0,0,0,0,0,0,0,0,0,0
40731,1,1,1989,0,10,11,0,0,0,0,0,0,0
40731,2,1,1989,0,0,0,0,0,0,0,0,0,0
40732,0,1,1989,32,19,0,0,0,16,0,42,25,0
40732,1,1,1989,0,0,0,0,0,0,0,0,0,0
40733,1,1,1989,0,0,15,26,0,21,13,9,13,18
40733,2,1,1989,21,21,21,21,21,21,21,21,21,21
40734,1,1,1989,0,0,0,0,0,0,27,0,0,0
40734,2,1,1989,23,0,0,0,0,13,14,0,0,0
40735,0,1,1989,0,0,0,0,0,0,0,0,0,0
40735,1,1,1989,12,12,12,12,12,12,12,12,12,12
40736,1,1,1989,12,12,12,12,12,12,12,12,12,12
40737,0,1,1989,0,0,0,0,0,0,0,0,0,0
40737,1,1,1989,12,0,0,0,0,0,0,0,0,0
40738,0,1,1989,0,0,0,0,0,0,0,0,0,0
40738,0,2,1989,0,0,0,0,0,0,0,0,0,0
40738,1,1,1989,0,18,0,0,0,0,0,0,0,0
40739,1,1,1989,0,0,0,0,0,0,0,0,0,0
40739,2,1,1989,0,0,0,0,0,0,5,0,17,0
40740,0,1,1989,12,12,12,12,12,12,12,12,12,12
40740,1,1,1989,0,0,0,0,0,0,10,0,12,15
40741,1,1,1989,0,0,0,0,0,0,0,0,0,0
40742,1,1,1989,0,0,0,0,0,0,0,0,0,6
40743,1,1,1989,7,30,0,19,11,18,0,15,24,13
40744,1,1,1989,0,0,34,0,0,20,19,0,37,11
40745,0,1,1989,0,19,20,0,12,0,0,31,0,0
40745,1,1,1989,0,34,4,0,0,14,0,0,0,20
40746,1,1,1989,0,24,22,29,12,27,23,33,15,0
40748,1,1,1989,0,16,12,13,7,23,18,10,19,20
40749,1,1,1989,2,16,8,21,9,17,17,7,17,10
40750,1,1,1989,0,12,0,0,19,0,0,18,0,0
40750,2,1,1989,0,0,0,0,0,0,23,7,11,0