ST_CASE,VEH_NO,PER_NO,YEAR,P1,P2,P3,P4,P5,P6,P7,P8,P9,P10
80251,1,1,1989,0,0,0,0,0,0,0,0,0,0
80251,2,1,1989,0,0,0,0,0,0,0,0,0,0
80252,0,1,1989,0,0,0,0,0,0,0,0,0,0
80252,0,2,1989,0,21,26,0,0,23,37,34,10,6
80252,1,1,1989,3,3,3,3,3,3,3,3,3,3
80252,3,1,1989,0,0,0,0,0,0,0,0,0,0
80252,4,1,1989,0,0,0,0,0,0,0,0,0,0
80253,1,1,1989,0,14,0,0,0,0,0,0,0,0
80254,1,1,1989,0,0,0,14,0,0,0,0,0,0
80254,2,1,1989,0,9,6,16,0,0,0,0,0,5
80255,0,1,1989,13,13,13,13,13,13,13,13,13,13
80255,1,1,1989,0,0,0,0,0,0,0,0,0,0
80256,1,1,1989,11,11,11,11,11,11,11,11,11,11
80257,1,1,1989,0,0,0,0,0,0,0,0,0,0
80257,2,1,1989,0,0,0,0,0,0,0,0,0,0
80258,1,1,1989,2,2,2,2,2,2,2,2,2,2
80259,0,1,1989,0,0,11,0,11,0,0,0,0,17
80259,1,1,1989,0,0,0,0,0,0,0,0,0,0
80260,0,1,1989,0,0,0,0,0,0,0,0,0,0
80261,1,1,1989,18,18,18,18,18,18,18,18,18,18
80262,1,1,1989,0,0,0,0,0,0,0,0,0,0
80263,0,1,1989,0,0,0,0,0,0,0,0,0,0
80263,1,1,1989,0,0,0,0,0,0,0,0,0,0
80264,1,1,1989,0,0,0,0,0,0,0,0,0,0
80265,1,1,1989,0,0,0,0,0,0,0,0,0,0
80265,2,1,1989,0,0,0,0,0,0,0,0,0,0
80266,1,1,1989,0,0,0,0,0,0,0,0,0,0
80267,1,1,1989,29,29,29,29,29,29,29,29,29,29
80268,0,1,1989,0,0,0,0,13,0,0,0,0,0
80268,1,1,1989,0,0,0,0,0,0,0,0,0,0
80269,1,1,1989,0,0,0,0,0,0,0,0,0,0
80269,2,1,1989,0,0,0,0,0,0,0,0,0,0
80270,1,1,1989,0,0,0,0,0,0,0,0,0,0
80270,2,1,1989,0,0,0,0,0,0,0,0,0,0
80270,3,1,1989,0,0,0,0,0,0,0,0,0,0
80271,1,1,1989,0,0,0,0,0,0,0,0,0,0
80272,1,1,1989,23,23,23,23,23,23,23,23,23,23
80272,2,1,1989,9,9,9,9,9,9,9,9,9,9
80273,1,1,1989,22,22,22,22,22,22,22,22,22,22
80274,1,1,1989,15,32,0,16,0,24,0,0,11,0
80275,1,1,1989,0,0,0,0,0,0,0,0,0,0
80275,2,1,1989,0,0,0,0,0,0,0,0,0,0
80275,3,1,1989,0,0,0,0,0,0,0,0,0,0
80275,4,1,1989,0,0,0,0,0,0,0,0,0,0
80275,5,1,1989,0,0,0,0,4,0,0,0,0,0
80275,6,1,1989,0,0,0,0,0,0,0,0,0,0
80275,7,1,1989,0,0,0,0,0,0,0,0,0,0
80276,1,1,1989,20,20,20,20,20,20,20,20,20,20
80276,2,1,1989,0,0,0,0,0,0,0,0,0,0
80277,1,1,1989,0,0,0,0,0,0,0,0,0,0
80277,2,1,1989,0,0,0,0,0,0,0,0,0,0
80278,1,1,1989,3,3,3,3,3,3,3,3,3,3
80279,1,1,1989,10,10,10,10,10,10,10,10,10,10
80279,2,1,1989,0,0,0,0,0,0,0,0,0,0
80280,1,1,1989,17,17,17,17,17,17,17,17,17,17
80280,2,1,1989,0,0,0,0,0,0,0,0,0,0
80281,1,1,1989,8,8,8,8,8,8,8,8,8,8
80282,1,1,1989,25,25,25,25,25,25,25,25,25,25
80283,0,1,1989,18,18,18,18,18,18,18,18,18,18
80283,1,1,1989,0,0,0,0,0,0,0,0,0,0
80284,1,1,1989,0,0,0,0,0,0,0,0,0,0
80285,1,1,1989,0,0,0,0,0,0,0,0,0,0
80285,2,1,1989,0,0,0,0,0,0,0,0,0,0
80286,1,1,1989,0,0,0,0,0,0,0,0,0,0
80286,2,1,1989,0,0,0,0,0,0,0,0,0,0
80287,1,1,1989,0,0,0,0,0,0,0,0,0,0
80288,1,1,1989,26,26,26,26,26,26,26,26,26,26
80289,1,1,1989,20,20,20,20,20,20,20,20,20,20
80291,1,1,1989,0,0,0,0,0,0,0,0,0,0
80291,2,1,1989,0,0,0,0,0,0,0,0,0,0
80292,0,1,1989,0,0,0,0,0,0,0,0,0,0
80292,1,1,1989,0,0,0,0,0,0,0,0,0,0
80293,1,1,1989,18,18,18,18,18,18,18,18,18,18
80294,1,1,1989,8,8,8,8,8,8,8,8,8,8
80295,1,1,1989,9,9,9,9,9,9,9,9,9,9
80296,1,1,1989,19,19,19,19,19,19,19,19,19,19
80296,2,1,1989,0,0,0,0,0,0,0,0,0,0
80297,0,1,1989,0,0,0,0,0,0,0,0,0,0
80297,1,1,1989,0,0,0,0,0,0,0,0,0,0
80298,1,1,1989,18,18,18,18,18,18,18,18,18,18
80299,1,1,1989,9,9,9,9,9,9,9,9,9,9
80300,1,1,1989,0,0,0,0,0,0,0,0,0,0
80300,2,1,1989,0,0,0,0,0,0,0,0,0,0
80301,1,1,1989,0,0,0,0,0,0,0,0,0,0
80302,1,1,1989,0,0,0,0,0,0,0,0,0,0
80302,2,1,1989,0,0,0,0,0,0,0,0,0,0
80303,1,1,1989,0,0,0,0,0,0,0,0,10,0
80303,2,1,1989,0,0,21,0,0,19,0,25,0,0
80304,1,1,1989,0,0,0,0,0,0,0,0,0,0
80305,1,1,1989,0,0,0,0,0,0,0,0,0,0
80306,1,1,1989,0,0,0,0,0,0,0,0,0,0
80306,2,1,1989,0,0,0,0,0,0,0,0,0,0
80307,1,1,1989,0,0,0,0,0,0,0,0,0,0
80308,1,1,1989,0,0,0,0,0,0,0,0,0,0
80308,2,1,1989,0,0,0,0,0,0,0,0,0,0
80309,1,1,1989,0,0,0,0,0,0,0,0,0,0
80310,1,1,1989,0,0,24,28,23,26,11,8,0,32
80311,1,1,1989,18,18,18,18,18,18,18,18,18,18
80312,1,1,1989,19,19,19,19,19,19,19,19,19,19
80313,1,1,1989,0,0,0,0,0,0,0,0,0,0
80313,2,1,1989,0,0,0,0,0,0,0,0,0,0
80314,1,1,1989,24,24,24,24,24,24,24,24,24,24
80314,2,1,1989,9,13,12,0,17,6,24,22,21,0
80315,1,1,1989,0,0,0,0,0,0,0,0,0,0
80316,1,1,1989,25,25,25,25,25,25,25,25,25,25
80317,1,1,1989,19,16,11,10,20,0,14,22,0,27
80317,2,1,1989,18,18,18,18,18,18,18,18,18,18
80318,1,1,1989,0,0,0,0,0,0,0,0,0,0
80318,2,1,1989,0,0,0,0,0,0,0,0,0,0
80319,1,1,1989,0,0,0,0,0,0,0,0,0,0
80319,2,1,1989,0,0,0,0,0,0,0,0,0,0
80320,1,1,1989,0,0,0,0,0,0,0,0,0,0
80321,1,1,1989,5,5,5,5,5,5,5,5,5,5
80322,1,1,1989,10,10,10,10,10,10,10,10,10,10
80323,1,1,1989,0,0,0,19,0,0,0,0,0,0
80324,1,1,1989,0,0,0,0,14,0,0,0,0,0
80325,1,1,1989,0,0,0,0,0,0,0,0,0,0
80325,2,1,1989,0,29,0,0,0,0,8,0,0,27
80325,3,1,1989,0,0,0,0,0,0,0,0,0,0
80326,1,1,1989,0,0,0,0,0,0,0,0,0,0
80326,2,1,1989,0,0,0,0,0,0,0,0,0,0
80327,1,1,1989,0,0,0,0,4,0,0,0,0,0
80328,1,1,1989,0,0,0,0,0,0,0,0,0,0
80328,2,1,1989,0,0,0,0,0,0,0,0,0,0
80329,1,1,1989,0,0,0,0,0,0,0,0,0,0
80330,1,1,1989,0,0,0,0,0,0,0,0,0,0
80331,1,1,1989,27,27,27,27,27,27,27,27,27,27
80332,1,1,1989,20,20,20,20,20,20,20,20,20,20
80332,2,1,1989,0,0,0,0,0,0,0,0,0,0
80333,0,1,1989,0,0,0,0,0,0,0,0,0,0
80333,1,1,1989,0,0,0,0,0,0,0,0,0,0
80334,0,1,1989,0,0,0,0,0,0,0,0,0,0
80334,1,1,1989,12,12,12,12,12,12,12,12,12,12
80335,1,1,1989,39,39,39,39,39,39,39,39,39,39
80335,2,1,1989,0,0,0,0,0,0,0,0,0,0
80337,1,1,1989,0,0,0,0,0,0,0,0,3,0
80338,1,1,1989,10,10,10,10,10,10,10,10,10,10
80339,1,1,1989,0,0,0,0,0,0,0,0,0,0
80340,1,1,1989,20,20,20,20,20,20,20,20,20,20
80340,2,1,1989,0,0,0,0,0,0,0,0,0,0
80341,1,1,1989,0,0,14,23,29,0,0,9,0,0
80342,1,1,1989,0,0,0,0,0,0,0,0,0,0
80342,2,1,1989,0,0,0,0,0,0,0,0,0,0
80343,1,1,1989,0,0,0,0,0,0,23,0,0,0
80343,2,1,1989,0,0,0,0,0,0,0,0,0,0
80344,1,1,1989,20,20,20,20,20,20,20,20,20,20
80345,1,1,1989,0,0,0,0,0,0,0,0,0,0
80346,1,1,1989,0,0,0,0,0,0,0,0,0,0
80346,2,1,1989,0,0,0,0,0,0,0,0,0,0
80346,3,1,1989,0,0,0,0,0,0,0,0,0,0
80347,1,1,1989,29,29,29,29,29,29,29,29,29,29
80348,1,1,1989,0,0,0,0,0,0,0,0,0,0
80348,2,1,1989,0,0,0,0,0,0,0,0,0,0
80348,3,1,1989,0,0,0,0,0,0,0,0,0,0
80349,0,1,1989,0,0,0,16,0,0,0,0,0,0
80349,1,1,1989,0,0,0,0,0,0,0,0,0,0
80350,1,1,1989,22,22,22,22,22,22,22,22,22,22
80351,1,1,1989,8,8,8,8,8,8,8,8,8,8
80351,2,1,1989,6,6,6,6,6,6,6,6,6,6
80352,1,1,1989,15,15,15,15,15,15,15,15,15,15
80352,2,1,1989,0,0,0,0,0,0,0,0,20,0
80352,3,1,1989,0,0,0,27,0,0,0,0,0,0
80353,0,1,1989,0,0,0,0,5,0,0,0,0,0
80353,1,1,1989,0,0,0,0,0,0,0,0,20,0
80354,1,1,1989,28,28,28,28,28,28,28,28,28,28
80355,1,1,1989,0,0,0,0,0,0,0,0,0,0
80355,2,1,1989,0,0,0,0,0,0,0,0,0,0
80356,1,1,1989,21,21,21,21,21,21,21,21,21,21
80356,2,1,1989,0,0,0,0,0,0,0,0,0,0
80357,1,1,1989,0,0,0,0,0,0,0,0,0,0
80357,2,1,1989,0,0,0,0,0,0,0,0,0,0
80358,1,1,1989,0,0,0,0,0,0,0,0,0,0
80359,1,1,1989,12,12,12,12,12,12,12,12,12,12
80360,1,1,1989,0,0,0,0,0,0,0,0,0,0
80360,2,1,1989,0,0,0,0,0,0,0,0,0,0
80361,1,1,1989,25,25,25,25,25,25,25,25,25,25
80362,1,1,1989,0,0,0,0,0,0,0,0,0,0
80362,2,1,1989,0,0,0,0,0,0,0,0,0,0
80363,1,1,1989,0,0,0,0,0,0,0,0,0,0
80363,2,1,1989,0,0,0,0,0,0,0,0,0,0
80364,1,1,1989,0,0,0,0,0,0,0,0,0,0
80364,2,1,1989,0,0,0,0,0,0,0,0,0,0
80365,1,1,1989,29,29,29,29,29,29,29,29,29,29
80366,0,1,1989,0,0,0,0,0,0,0,0,0,0
80366,0,2,1989,0,0,0,0,10,5,0,0,0,0
80366,1,1,1989,9,9,9,9,9,9,9,9,9,9
80367,1,1,1989,0,0,0,0,0,0,0,0,0,0
80368,1,1,1989,14,14,14,14,14,14,14,14,14,14
80369,0,1,1989,0,0,0,0,0,0,0,0,0,0
80369,1,1,1989,0,0,0,0,0,0,0,0,4,0
80370,1,1,1989,0,0,0,0,0,0,0,0,0,0
80370,2,1,1989,0,0,0,0,0,0,0,0,0,0
80371,0,1,1989,18,18,18,18,18,18,18,18,18,18
80371,1,1,1989,0,0,0,0,0,0,0,0,0,0
80372,1,1,1989,0,0,0,0,0,0,0,0,0,0
80373,0,1,1989,0,0,0,0,0,0,0,0,0,0
80373,1,1,1989,0,0,0,0,0,0,0,0,0,0
80374,1,1,1989,20,20,20,20,20,20,20,20,20,20
80374,2,1,1989,0,0,0,0,0,0,0,0,0,0
80374,3,1,1989,0,0,0,0,0,0,0,0,0,0
80375,1,1,1989,0,0,0,0,0,0,0,0,0,0
80376,1,1,1989,29,29,29,29,29,29,29,29,29,29
80376,2,1,1989,0,0,0,0,0,0,0,0,0,0
80377,0,1,1989,14,14,14,14,14,14,14,14,14,14
80377,1,1,1989,0,0,0,0,0,0,0,0,0,0
80378,1,1,1989,0,0,0,0,0,0,0,0,0,0
80379,1,1,1989,31,31,31,31,31,31,31,31,31,31
80379,2,1,1989,0,0,0,0,0,0,0,0,0,0
80380,1,1,1989,22,22,22,22,22,22,22,22,22,22
80381,1,1,1989,16,16,16,16,16,16,16,16,16,16
80382,1,1,1989,0,0,0,0,0,0,0,0,0,0
80382,2,1,1989,0,0,0,0,0,0,0,0,0,0
80383,1,1,1989,0,0,0,0,0,0,0,0,0,0
80383,2,1,1989,0,0,0,0,0,0,0,0,0,0
80384,1,1,1989,0,0,0,0,0,0,0,0,0,0
80384,2,1,1989,0,0,0,0,0,0,0,0,0,0
80385,1,1,1989,12,12,12,12,12,12,12,12,12,12
80386,1,1,1989,0,0,0,0,0,0,0,0,0,0
80387,1,1,1989,0,0,0,0,0,0,5,6,0,0
80387,2,1,1989,0,0,0,0,0,0,0,0,0,0
80388,1,1,1989,0,13,0,14,16,11,7,26,0,16
80389,1,1,1989,0,0,0,0,0,0,0,0,0,0
80390,1,1,1989,10,10,10,10,10,10,10,10,10,10
80390,2,1,1989,12,12,12,12,12,12,12,12,12,12
80391,1,1,1989,2,2,2,2,2,2,2,2,2,2
80392,1,1,1989,0,0,0,0,0,0,0,0,0,0
80392,2,1,1989,0,0,0,0,0,0,0,0,0,0
80392,3,1,1989,0,0,0,0,0,0,0,0,0,0
80392,4,1,1989,0,0,0,0,0,0,0,0,0,0
80393,1,1,1989,0,0,0,0,0,0,0,0,0,0
80394,0,1,1989,0,0,0,0,0,0,0,0,0,0
80394,1,1,1989,0,0,0,0,0,0,0,0,22,0
80395,1,1,1989,0,0,0,0,0,0,0,0,0,0
80395,2,1,1989,0,0,0,0,0,0,0,0,0,0
80396,1,1,1989,11,11,11,11,11,11,11,11,11,11
80397,1,1,1989,0,0,0,0,0,0,0,0,0,0
80398,1,1,1989,17,17,17,17,17,17,17,17,17,17
80399,1,1,1989,12,12,12,12,12,12,12,12,12,12
80400,0,1,1989,0,0,0,0,0,0,0,0,0,0
80400,1,1,1989,0,0,0,0,0,0,0,0,0,0
80401,1,1,1989,0,14,0,0,0,0,0,0,0,0
80401,2,1,1989,0,0,0,0,0,0,0,0,0,0
80402,1,1,1989,9,9,9,9,9,9,9,9,9,9
80403,1,1,1989,7,7,7,7,7,7,7,7,7,7
80403,2,1,1989,0,0,0,0,0,0,0,0,0,0
80404,1,1,1989,0,0,0,0,0,0,0,0,0,0
80405,1,1,1989,0,0,0,0,16,0,0,0,0,0
80406,1,1,1989,22,22,22,22,22,22,22,22,22,22
80407,1,1,1989,0,0,0,0,0,0,0,0,0,0
80408,1,1,1989,13,13,13,13,13,13,13,13,13,13
80409,1,1,1989,10,10,10,10,10,10,10,10,10,10
80409,2,1,1989,0,0,0,0,0,0,0,0,0,0
80410,1,1,1989,12,12,12,12,12,12,12,12,12,12
80410,2,1,1989,0,0,0,0,0,0,0,0,0,0
80411,0,1,1989,0,0,0,0,0,0,0,0,0,0
80411,1,1,1989,0,0,0,0,0,0,0,0,0,0
80412,1,1,1989,0,0,0,0,0,0,0,0,0,0
80412,2,1,1989,0,0,0,0,0,0,0,0,0,0
80413,0,1,1989,0,0,0,0,0,18,0,0,0,0
80413,1,1,1989,0,0,0,0,0,0,0,0,0,0
80413,2,1,1989,0,0,0,0,0,0,0,9,0,0
80414,1,1,1989,24,24,24,24,24,24,24,24,24,24
80415,1,1,1989,20,20,20,20,20,20,20,20,20,20
80416,1,1,1989,13,13,13,13,13,13,13,13,13,13
80417,1,1,1989,24,24,24,24,24,24,24,24,24,24
80417,2,1,1989,0,0,0,0,0,14,0,0,0,0
80419,1,1,1989,0,0,0,0,0,0,25,0,0,0
80419,2,1,1989,0,0,0,0,0,0,0,10,0,0
80420,1,1,1989,25,34,10,27,19,27,22,23,19,39
80421,1,1,1989,0,0,0,0,0,0,0,0,0,0
80421,2,1,1989,0,0,0,0,0,0,0,0,0,0
80422,1,1,1989,0,0,0,0,0,0,0,0,0,0
80423,1,1,1989,0,0,0,0,0,0,0,0,0,0
80424,1,1,1989,0,0,0,0,0,0,0,0,0,0
80425,1,1,1989,22,22,22,22,22,22,22,22,22,22
80426,1,1,1989,0,0,0,0,0,0,0,0,0,0
80426,2,1,1989,0,0,0,0,0,0,0,0,0,0
80427,0,1,1989,0,0,0,0,0,0,0,0,0,0
80427,1,1,1989,0,0,0,0,0,0,0,0,0,0
80428,1,1,1989,15,15,15,15,15,15,15,15,15,15
80429,1,1,1989,0,0,0,0,0,0,0,0,0,0
80430,1,1,1989,15,15,15,15,15,15,15,15,15,15
80431,1,1,1989,0,0,0,0,0,0,0,0,0,0
80432,0,1,1989,0,0,0,0,0,0,0,0,0,0
80432,0,2,1989,0,0,0,0,0,0,0,0,0,0
80432,1,1,1989,0,20,9,20,5,0,12,5,0,0
80433,0,1,1989,0,0,0,0,0,0,0,0,0,0
80433,1,1,1989,0,0,0,0,0,0,0,0,0,0
80434,1,1,1989,23,23,23,23,23,23,23,23,23,23
80435,1,1,1989,0,0,0,0,0,0,0,0,0,0
80436,1,1,1989,13,13,13,13,13,13,13,13,13,13
80436,2,1,1989,0,0,0,0,0,0,0,0,0,0
80436,3,1,1989,0,0,0,0,0,0,0,0,0,0
80437,0,1,1989,14,14,14,14,14,14,14,14,14,14
80437,1,1,1989,0,13,0,6,0,10,8,42,0,22
80438,1,1,1989,16,16,16,16,16,16,16,16,16,16
80439,1,1,1989,28,28,28,28,28,28,28,28,28,28
80440,0,1,1989,0,0,0,0,0,0,0,0,0,0
80440,1,1,1989,0,0,0,0,0,0,0,0,0,0
80440,2,1,1989,0,0,0,0,0,0,0,0,0,0
80441,1,1,1989,11,11,11,11,11,11,11,11,11,11
80442,0,1,1989,0,0,0,0,0,0,0,0,0,0
80442,1,1,1989,0,0,0,0,0,0,0,0,0,0
80443,1,1,1989,1,1,1,1,1,1,1,1,1,1
80443,2,1,1989,8,8,8,8,8,8,8,8,8,8
80443,3,1,1989,0,0,4,0,10,0,36,0,0,0
80444,1,1,1989,8,0,19,0,12,0,0,0,0,0
80445,1,1,1989,0,0,0,0,0,0,0,0,0,0
80445,2,1,1989,0,0,0,0,0,0,0,0,0,0
80445,3,1,1989,0,0,0,0,17,16,0,0,0,0
80446,1,1,1989,0,0,0,0,0,0,0,0,0,0
80446,2,1,1989,0,0,0,0,0,0,0,0,0,0
80447,1,1,1989,0,0,0,0,0,0,0,16,7,0
80448,1,1,1989,20,20,20,20,20,20,20,20,20,20
80448,2,1,1989,0,0,0,0,0,0,19,0,0,0
80449,1,1,1989,24,24,24,24,24,24,24,24,24,24
80450,1,1,1989,0,0,0,0,0,0,0,0,0,0
80451,1,1,1989,0,0,0,0,0,0,0,0,0,0
80451,2,1,1989,0,0,0,0,0,0,0,0,0,0
80452,1,1,1989,7,0,0,0,0,0,0,0,0,0
80452,2,1,1989,0,0,0,0,0,0,0,0,0,0
80453,1,1,1989,0,0,0,0,0,0,0,0,0,0
80453,2,1,1989,0,0,0,0,0,0,0,0,0,0
80454,1,1,1989,0,0,0,0,0,0,0,0,0,0
80454,2,1,1989,0,0,0,0,0,0,0,0,0,0
80455,1,1,1989,27,27,27,27,27,27,27,27,27,27
80456,0,1,1989,10,10,10,10,10,10,10,10,10,10
80456,1,1,1989,0,0,0,0,2,0,0,0,0,0
80457,1,1,1989,0,0,0,0,0,0,0,0,0,0
80457,2,1,1989,0,0,0,0,0,0,0,0,0,0
80458,1,1,1989,21,21,21,21,21,21,21,21,21,21
80459,0,1,1989,0,0,0,0,0,0,0,0,0,0
80459,1,1,1989,0,0,0,0,0,0,0,0,0,0
80459,2,1,1989,0,0,0,0,0,0,0,0,0,0
80460,1,1,1989,10,10,10,10,10,10,10,10,10,10
80460,2,1,1989,0,0,0,0,0,0,0,0,0,0
80460,3,1,1989,0,0,0,0,0,0,0,0,0,0
80461,1,1,1989,0,15,0,0,20,30,0,17,0,0
80462,1,1,1989,0,4,0,0,5,0,0,0,0,0
80462,2,1,1989,0,19,0,0,0,0,0,0,0,0
80463,1,1,1989,0,0,0,7,0,0,0,0,0,0
80463,2,1,1989,0,0,0,0,0,0,0,0,0,0
80464,1,1,1989,0,0,0,0,0,0,0,0,0,0
80464,2,1,1989,0,0,0,0,0,0,0,0,0,0
80465,1,1,1989,13,13,13,13,13,13,13,13,13,13
80466,1,1,1989,0,0,0,0,0,0,0,0,0,0
80467,1,1,1989,0,0,0,0,0,0,0,0,0,0
80468,1,1,1989,15,15,15,15,15,15,15,15,15,15
80468,2,1,1989,0,0,0,0,0,0,0,0,0,0
80469,1,1,1989,24,24,24,24,24,24,24,24,24,24
80469,2,1,1989,0,0,0,0,0,0,0,0,0,0
80470,1,1,1989,17,17,17,17,17,17,17,17,17,17
80471,1,1,1989,28,28,28,28,28,28,28,28,28,28
80472,1,1,1989,0,0,0,0,0,0,0,0,0,0
80472,2,1,1989,0,0,0,0,0,0,0,0,0,0
80473,1,1,1989,0,0,0,0,0,0,0,0,0,0
80474,1,1,1989,26,26,26,26,26,26,26,26,26,26
80475,1,1,1989,0,0,0,0,0,0,0,0,0,0
80475,2,1,1989,0,0,0,0,0,0,0,0,0,0
80475,3,1,1989,0,0,0,0,0,0,0,0,0,0
80476,1,1,1989,0,0,0,0,0,0,0,0,0,0
80476,2,1,1989,3,3,3,3,3,3,3,3,3,3
80477,0,1,1989,0,13,0,43,29,17,0,26,21,0
80477,1,1,1989,0,0,0,0,0,0,0,0,11,0
80478,1,1,1989,21,0,0,0,20,0,31,0,4,0
80479,0,1,1989,42,42,42,42,42,42,42,42,42,42
80479,1,1,1989,15,0,16,25,0,9,0,0,0,0
80480,1,1,1989,6,6,6,6,6,6,6,6,6,6
80480,2,1,1989,0,0,0,0,0,0,0,0,20,0
80481,1,1,1989,26,26,26,26,26,26,26,26,26,26
80482,1,1,1989,0,0,0,0,0,0,0,0,0,0
80482,2,1,1989,0,0,0,0,0,0,0,0,0,0
80483,1,1,1989,24,0,0,0,5,0,0,0,0,0
80484,1,1,1989,0,0,0,0,0,0,0,0,0,0
80484,2,1,1989,0,0,0,0,0,0,0,0,0,0
90001,1,1,1989,13,13,13,13,13,13,13,13,13,13
90002,1,1,1989,14,14,14,14,14,14,14,14,14,14
90003,1,1,1989,0,0,0,0,0,0,0,0,0,0
90003,2,1,1989,0,0,0,0,0,0,0,0,0,0
90004,1,1,1989,28,28,28,28,28,28,28,28,28,28
90005,1,1,1989,16,16,16,16,16,16,16,16,16,16
90006,0,1,1989,0,0,0,0,0,0,0,0,0,0
90006,1,1,1989,0,0,0,0,0,0,0,0,0,0
90007,0,1,1989,0,0,0,0,0,0,0,0,0,0
90007,1,1,1989,0,0,0,0,0,0,0,0,0,0
90008,1,1,1989,0,0,0,0,0,0,0,0,0,0
90009,1,1,1989,8,33,0,18,0,0,12,11,10,26
90010,1,1,1989,0,0,0,0,0,0,0,0,0,0
90011,0,1,1989,17,17,17,17,17,17,17,17,17,17
90011,1,1,1989,18,18,18,18,18,18,18,18,18,18
90012,1,1,1989,0,0,0,0,0,0,0,0,0,0
90013,0,1,1989,0,0,14,13,0,11,0,0,22,0
90013,1,1,1989,0,0,0,0,0,0,0,0,0,0
90014,1,1,1989,10,10,10,10,10,10,10,10,10,10
90015,1,1,1989,0,0,0,0,0,0,0,0,0,0
90015,2,1,1989,22,10,23,15,6,22,16,11,4,6
90016,1,1,1989,0,0,0,0,0,0,0,0,0,0
90016,2,1,1989,0,0,0,0,0,0,0,0,0,0
90017,1,1,1989,7,7,7,7,7,7,7,7,7,7
90017,2,1,1989,0,0,0,0,0,0,0,0,0,0
90017,3,1,1989,0,0,0,0,0,0,0,0,0,0
90018,1,1,1989,0,0,0,0,0,0,0,0,0,0
90019,1,1,1989,27,27,27,27,27,27,27,27,27,27
90020,1,1,1989,17,17,17,17,17,17,17,17,17,17
90021,1,1,1989,23,23,23,23,23,23,23,23,23,23
90022,1,1,1989,5,12,0,0,4,0,14,0,0,18
90023,1,1,1989,0,0,0,0,0,0,0,0,0,0
90023,2,1,1989,0,0,0,0,0,0,0,0,0,0
90024,1,1,1989,0,0,0,0,0,0,0,0,0,0
90024,2,1,1989,0,0,0,0,0,0,0,0,0,0
90025,1,1,1989,0,0,0,0,0,0,0,0,0,0
90025,2,1,1989,0,0,0,0,0,0,0,0,0,0
90026,1,1,1989,0,0,0,0,0,0,0,0,0,0
90026,2,1,1989,0,0,0,0,0,0,0,0,0,0
90027,0,1,1989,0,0,0,0,0,0,0,0,0,0
90027,1,1,1989,0,0,0,0,0,0,0,0,0,0
90028,1,1,1989,32,32,32,32,32,32,32,32,32,32
90028,2,1,1989,0,0,0,0,0,0,0,0,0,0
90029,1,1,1989,13,13,13,13,13,13,13,13,13,13
90030,1,1,1989,50,11,9,20,28,0,0,0,0,0
90031,1,1,1989,19,19,19,19,19,19,19,19,19,19
90032,1,1,1989,10,10,10,10,10,10,10,10,10,10
90032,2,1,1989,24,24,24,24,24,24,24,24,24,24
90033,1,1,1989,0,0,0,0,0,0,0,0,0,0
90034,1,1,1989,23,23,23,23,23,23,23,23,23,23
90035,0,1,1989,0,0,0,0,0,0,0,0,0,0
90035,1,1,1989,0,0,0,0,0,0,0,19,0,0
90036,0,1,1989,6,6,6,6,6,6,6,6,6,6
90036,1,1,1989,15,15,15,15,15,15,15,15,15,15
90037,0,1,1989,0,25,0,0,0,0,0,0,0,0
90037,1,1,1989,0,0,0,0,23,0,0,0,0,0
90038,1,1,1989,0,0,0,0,0,0,0,0,0,0
90039,0,1,1989,0,0,0,0,0,0,0,7,0,0
90039,1,1,1989,0,0,0,0,0,0,0,0,0,0
90040,1,1,1989,10,10,10,10,10,10,10,10,10,10
90041,1,1,1989,16,16,16,16,16,16,16,16,16,16
90042,0,1,1989,0,0,0,0,0,0,0,0,0,0
90042,1,1,1989,0,0,0,0,0,0,0,0,8,0
90043,0,1,1989,21,21,21,21,21,21,21,21,21,21
90043,1,1,1989,0,0,0,0,0,0,0,0,0,0
90043,2,1,1989,0,0,0,0,0,0,0,0,0,0
90044,1,1,1989,15,15,15,15,15,15,15,15,15,15
90045,1,1,1989,20,20,20,20,20,20,20,20,20,20
90046,0,1,1989,21,21,21,21,21,21,21,21,21,21
90046,1,1,1989,0,0,0,0,0,0,0,0,0,0
90047,1,1,1989,21,19,16,0,7,2,17,23,19,12
90047,2,1,1989,0,0,0,0,0,0,0,0,0,0
90048,1,1,1989,0,0,0,0,0,0,0,0,0,0
90048,2,1,1989,17,17,17,17,17,17,17,17,17,17
90049,1,1,1989,0,0,0,0,0,0,0,0,0,0
90049,2,1,1989,0,0,0,0,0,0,0,0,0,0
90050,1,1,1989,0,0,0,0,0,0,0,0,0,0
90050,2,1,1989,0,0,0,0,0,0,12,0,0,0
90051,1,1,1989,10,10,10,10,10,10,10,10,10,10
90052,1,1,1989,26,26,26,26,26,26,26,26,26,26
90053,1,1,1989,16,16,16,16,16,16,16,16,16,16
90054,0,1,1989,0,0,0,0,0,0,0,0,0,0
90054,1,1,1989,0,0,0,0,0,0,0,21,0,14
90055,1,1,1989,8,8,8,8,8,8,8,8,8,8
90056,1,1,1989,0,0,0,0,0,0,0,0,0,0
90057,1,1,1989,15,15,15,15,15,15,15,15,15,15
90058,1,1,1989,18,31,18,0,4,0,0,0,0,9
90058,2,1,1989,8,8,8,8,8,8,8,8,8,8
90059,1,1,1989,39,20,6,30,10,18,17,17,14,9
90060,1,1,1989,17,17,17,17,17,17,17,17,17,17
90061,1,1,1989,0,0,0,0,0,0,0,0,0,0
90061,2,1,1989,0,0,0,0,0,0,0,0,0,0
90062,1,1,1989,13,13,13,13,13,13,13,13,13,13
90063,1,1,1989,5,5,5,5,5,5,5,5,5,5
90064,1,1,1989,0,0,0,0,0,0,0,0,0,0
90065,1,1,1989,0,0,0,0,0,0,0,0,0,0