ST_CASE,VEH_NO,PER_NO,YEAR,P1,P2,P3,P4,P5,P6,P7,P8,P9,P10
90066,1,1,1989,0,0,0,0,0,0,0,0,0,0
90067,1,1,1989,21,21,21,21,21,21,21,21,21,21
90068,1,1,1989,0,0,0,0,0,0,0,0,0,0
90069,1,1,1989,0,0,0,0,0,0,0,0,0,0
90069,2,1,1989,15,0,24,0,32,7,0,0,0,27
90070,1,1,1989,0,0,0,0,0,0,0,0,11,0
90070,2,1,1989,0,0,0,0,0,0,0,0,0,0
90071,1,1,1989,0,0,0,0,0,0,0,0,0,0
90071,2,1,1989,0,0,0,0,0,0,0,0,0,0
90072,1,1,1989,11,11,11,11,11,11,11,11,11,11
90072,2,1,1989,10,6,10,7,3,15,12,12,21,22
90073,1,1,1989,20,20,20,20,20,20,20,20,20,20
90074,1,1,1989,3,0,8,0,20,9,18,0,0,0
90075,0,1,1989,25,25,25,25,25,25,25,25,25,25
90075,1,1,1989,0,0,0,0,19,0,12,0,0,0
90076,1,1,1989,0,0,0,0,0,0,0,0,0,0
90076,2,1,1989,0,0,0,0,0,0,0,0,0,0
90077,0,1,1989,0,0,0,0,0,0,0,0,0,0
90077,1,1,1989,5,14,18,22,23,10,18,10,8,4
90078,0,1,1989,17,17,17,17,17,17,17,17,17,17
90078,1,1,1989,0,0,0,0,0,0,0,0,0,0
90079,1,1,1989,11,11,11,11,11,11,11,11,11,11
90080,1,1,1989,27,27,27,27,27,27,27,27,27,27
90082,1,1,1989,0,0,0,0,0,0,0,0,0,0
90082,2,1,1989,0,0,0,0,0,0,0,12,0,0
90083,0,1,1989,4,4,4,4,4,4,4,4,4,4
90083,1,1,1989,13,0,7,10,0,0,0,7,0,0
90083,2,1,1989,0,18,0,0,0,0,0,0,11,13
90084,1,1,1989,23,23,23,23,23,23,23,23,23,23
90084,2,1,1989,17,17,17,17,17,17,17,17,17,17
90085,1,1,1989,9,9,9,9,9,9,9,9,9,9
90085,2,1,1989,0,0,0,0,0,0,0,0,0,0
90086,0,1,1989,17,8,0,0,0,0,8,29,0,0
90086,1,1,1989,0,0,0,0,0,0,0,0,13,0
90087,1,1,1989,2,2,2,2,2,2,2,2,2,2
90087,2,1,1989,0,0,0,0,0,0,0,0,0,0
90088,1,1,1989,0,0,0,0,0,0,0,0,0,0
90088,2,1,1989,0,0,0,0,0,0,0,0,0,0
90089,1,1,1989,0,0,0,0,0,0,0,0,0,0
90089,2,1,1989,0,0,0,0,0,0,0,0,0,0
90090,0,1,1989,13,13,13,13,13,13,13,13,13,13
90090,1,1,1989,0,0,0,0,0,0,0,0,0,0
90091,0,1,1989,0,0,0,0,0,0,0,0,0,0
90091,1,1,1989,0,0,0,0,0,0,0,0,0,0
90092,1,1,1989,17,17,17,17,17,17,17,17,17,17
90092,2,1,1989,0,0,0,0,0,0,0,0,0,0
90093,1,1,1989,18,18,18,18,18,18,18,18,18,18
90094,1,1,1989,0,0,0,0,0,0,0,0,0,0
90094,2,1,1989,25,25,25,25,25,25,25,25,25,25
90095,0,1,1989,19,19,19,19,19,19,19,19,19,19
90095,1,1,1989,0,0,0,0,0,0,0,0,0,0
90096,1,1,1989,0,0,0,0,0,0,0,0,0,0
90096,2,1,1989,8,8,8,8,8,8,8,8,8,8
90097,1,1,1989,0,0,0,13,14,0,0,0,14,14
90098,1,1,1989,0,0,0,0,0,0,0,0,0,0
90099,1,1,1989,37,37,37,37,37,37,37,37,37,37
90100,0,1,1989,0,0,0,0,0,0,0,0,0,0
90100,0,2,1989,0,0,0,0,0,0,0,0,0,0
90100,1,1,1989,0,0,0,0,0,0,0,0,0,20
90101,1,1,1989,0,0,0,0,0,0,0,0,0,9
90101,2,1,1989,0,0,0,0,0,0,0,0,0,0
90101,3,1,1989,0,0,0,0,0,0,0,0,0,13
90101,4,1,1989,0,0,0,0,0,0,0,0,0,0
90102,1,1,1989,15,13,6,9,10,6,0,8,12,4
90103,1,1,1989,0,0,0,0,0,0,0,0,0,0
90103,2,1,1989,0,0,0,0,0,0,0,0,0,0
90104,1,1,1989,0,27,0,27,39,15,42,15,0,0
90104,2,1,1989,17,13,8,10,23,11,29,10,27,11
90105,1,1,1989,0,0,0,0,0,0,0,0,0,0
90105,2,1,1989,0,0,0,0,0,0,0,0,0,0
90106,1,1,1989,0,0,0,0,0,0,0,9,7,0
90107,0,1,1989,0,0,0,0,0,0,0,0,0,0
90107,1,1,1989,0,0,0,0,0,0,0,0,0,0
90108,1,1,1989,22,22,22,22,22,22,22,22,22,22
90109,1,1,1989,0,0,0,0,0,0,0,0,0,0
90109,2,1,1989,0,0,0,0,0,0,0,0,0,0
90110,0,1,1989,0,0,57,0,14,12,10,30,16,30
90110,1,1,1989,0,0,0,0,0,0,0,0,0,0
90111,1,1,1989,14,14,14,14,14,14,14,14,14,14
90112,1,1,1989,0,0,0,0,0,0,0,0,0,0
90113,0,1,1989,0,0,0,0,0,0,0,0,0,0
90113,1,1,1989,0,0,0,0,0,0,0,0,0,0
90114,1,1,1989,12,12,12,12,12,12,12,12,12,12
90115,1,1,1989,15,35,17,14,9,24,29,16,16,33
90116,1,1,1989,0,0,0,0,0,0,0,0,0,0
90116,2,1,1989,0,0,0,0,0,0,0,0,0,0
90117,0,1,1989,0,0,0,0,0,0,0,0,0,0
90117,1,1,1989,0,0,0,0,0,0,0,0,0,0
90118,1,1,1989,13,13,13,13,13,13,13,13,13,13
90119,1,1,1989,0,0,0,0,0,0,0,0,0,0
90119,2,1,1989,0,0,0,0,0,0,0,0,0,0
90120,0,1,1989,0,0,0,0,0,0,0,0,0,0
90120,1,1,1989,0,0,0,0,0,0,0,0,0,0
90121,1,1,1989,0,0,0,0,0,0,0,0,0,0
90121,2,1,1989,0,0,0,0,0,0,0,0,0,0
90122,1,1,1989,23,23,23,23,23,23,23,23,23,23
90122,2,1,1989,0,0,0,0,0,0,0,0,0,0
90122,3,1,1989,0,0,0,0,0,0,0,0,0,0
90123,1,1,1989,0,0,0,0,0,0,0,0,0,0
90124,1,1,1989,28,13,0,0,23,0,0,0,12,0
90124,2,1,1989,0,0,0,0,0,0,0,0,0,0
90125,1,1,1989,0,0,18,12,0,0,3,7,0,23
90126,1,1,1989,0,0,0,0,0,0,0,0,0,0
90127,1,1,1989,22,22,22,22,22,22,22,22,22,22
90128,1,1,1989,0,12,14,0,9,0,14,14,0,0
90129,1,1,1989,39,39,39,39,39,39,39,39,39,39
90129,2,1,1989,0,0,0,0,0,0,0,0,0,0
90130,0,1,1989,0,34,0,0,0,0,0,0,0,0
90130,1,1,1989,0,0,0,0,0,0,0,0,0,0
90131,1,1,1989,14,14,14,14,14,14,14,14,14,14
90132,1,1,1989,0,0,0,0,0,0,0,0,0,0
90133,1,1,1989,19,10,6,11,0,10,2,8,3,21
90133,2,1,1989,10,15,11,25,5,0,13,18,18,13
90134,0,1,1989,34,34,34,34,34,34,34,34,34,34
90134,1,1,1989,0,0,0,0,0,0,0,0,0,0
90135,0,1,1989,0,0,0,0,0,0,0,0,0,0
90135,1,1,1989,0,0,0,12,25,0,0,0,0,0
90136,0,1,1989,0,0,0,0,0,0,0,0,0,0
90136,0,2,1989,0,0,0,0,0,0,25,10,0,0
90136,1,1,1989,0,0,0,0,0,0,0,0,16,0
90137,1,1,1989,5,6,13,7,21,16,4,10,5,0
90137,2,1,1989,0,0,0,0,0,0,0,0,0,0
90137,3,1,1989,0,0,0,0,0,0,0,5,0,0
90138,1,1,1989,8,8,8,8,8,8,8,8,8,8
90138,2,1,1989,13,0,0,0,24,0,20,0,3,21
90139,1,1,1989,0,0,0,0,0,0,0,0,0,0
90139,2,1,1989,0,0,0,0,0,0,0,0,0,0
90140,1,1,1989,12,12,12,12,12,12,12,12,12,12
90141,1,1,1989,0,0,0,0,0,0,0,0,11,0
90142,1,1,1989,0,0,0,0,0,0,0,0,0,0
90142,2,1,1989,0,0,0,0,0,0,0,0,12,0
90143,1,1,1989,19,19,19,19,19,19,19,19,19,19
90144,1,1,1989,11,11,11,11,11,11,11,11,11,11
90144,2,1,1989,0,0,0,0,0,0,0,0,0,0
90145,1,1,1989,0,0,0,0,0,0,0,0,0,0
90145,2,1,1989,0,0,0,0,0,0,0,0,0,0
90146,0,1,1989,0,0,0,0,0,0,0,0,0,0
90146,1,1,1989,0,0,0,0,0,0,0,0,0,0
90147,1,1,1989,1,1,1,1,1,1,1,1,1,1
90147,2,1,1989,0,0,0,0,0,0,0,0,0,0
90148,0,1,1989,9,9,9,9,9,9,9,9,9,9
90148,1,1,1989,18,5,8,14,28,20,18,30,12,21
90149,1,1,1989,16,16,16,16,16,16,16,16,16,16
90151,1,1,1989,30,30,30,30,30,30,30,30,30,30
90151,2,1,1989,0,0,0,0,0,0,0,0,0,0
90152,1,1,1989,19,24,19,0,13,12,6,0,0,0
90154,0,1,1989,0,0,0,0,0,0,0,0,0,0
90154,1,1,1989,13,0,0,0,0,0,0,0,0,0
90156,1,1,1989,19,19,19,19,19,19,19,19,19,19
90157,1,1,1989,0,0,0,0,0,0,0,0,0,0
90158,1,1,1989,14,14,14,14,14,14,14,14,14,14
90158,2,1,1989,0,0,0,0,0,0,0,0,0,0
90159,1,1,1989,13,13,13,13,13,13,13,13,13,13
90160,1,1,1989,0,0,0,0,0,0,0,0,0,0
90160,2,1,1989,0,0,0,0,0,0,0,0,0,0
90161,1,1,1989,8,8,8,8,8,8,8,8,8,8
90162,1,1,1989,16,16,16,16,16,16,16,16,16,16
90163,1,1,1989,23,16,29,8,24,20,22,20,30,9
90164,1,1,1989,30,30,30,30,30,30,30,30,30,30
90165,1,1,1989,0,0,0,0,0,0,0,0,0,0
90165,2,1,1989,0,0,0,0,0,0,0,0,0,0
90166,0,1,1989,0,0,0,0,0,0,0,0,0,0
90166,1,1,1989,8,0,0,8,0,0,15,0,0,0
90167,1,1,1989,11,0,0,6,0,0,0,0,0,0
90167,2,1,1989,0,0,0,0,0,0,0,0,0,0
90168,1,1,1989,24,0,0,0,0,18,0,22,0,0
90168,2,1,1989,25,25,25,25,25,25,25,25,25,25
90169,1,1,1989,0,21,13,7,0,14,19,9,13,32
90170,1,1,1989,0,0,0,0,0,0,0,0,0,0
90170,2,1,1989,0,0,0,0,0,0,0,0,0,0
90170,3,1,1989,0,0,0,0,0,0,0,0,0,0
90171,1,1,1989,0,0,0,0,0,0,0,0,0,0
90172,1,1,1989,26,26,26,26,26,26,26,26,26,26
90172,2,1,1989,0,0,0,0,0,0,0,0,0,0
90172,3,1,1989,0,21,13,0,0,0,0,0,12,0
90173,1,1,1989,8,8,8,8,8,8,8,8,8,8
90173,2,1,1989,0,0,0,0,0,0,0,0,0,0
90174,1,1,1989,0,0,0,0,0,0,0,0,0,0
90174,2,1,1989,0,0,0,0,0,0,0,13,0,9
90174,3,1,1989,0,0,0,0,0,0,0,0,0,0
90174,4,1,1989,0,0,0,0,0,0,0,0,0,0
90174,5,1,1989,0,0,27,7,0,0,0,0,0,0
90175,1,1,1989,23,0,17,24,27,10,25,16,10,17
90176,1,1,1989,16,16,16,16,16,16,16,16,16,16
90176,2,1,1989,0,0,0,6,0,0,0,0,12,0
90177,1,1,1989,17,12,0,0,8,14,0,13,0,0
90177,2,1,1989,13,13,13,13,13,13,13,13,13,13
90177,3,1,1989,0,0,0,0,0,0,0,0,0,0
90177,4,1,1989,11,34,7,12,5,13,16,9,17,0
90178,1,1,1989,0,0,0,0,0,0,0,0,0,0
90178,2,1,1989,0,0,0,0,0,0,0,0,0,0
90179,0,1,1989,0,15,0,0,0,0,0,0,25,0
90179,1,1,1989,7,17,16,17,12,13,13,0,9,15
90180,1,1,1989,0,0,0,0,0,0,0,0,0,0
90180,2,1,1989,0,0,0,0,0,0,0,0,0,0
90181,1,1,1989,0,0,0,0,0,0,0,0,0,0
90181,2,1,1989,0,0,0,0,0,0,0,0,0,0
90182,0,1,1989,0,16,0,0,0,0,0,0,0,0
90182,1,1,1989,0,0,0,0,0,0,0,0,0,0
90183,1,1,1989,0,0,0,0,0,0,0,0,0,0
90184,0,1,1989,0,0,0,0,0,0,0,0,0,0
90184,1,1,1989,0,0,0,0,0,0,0,0,0,0
90185,1,1,1989,10,10,10,10,10,10,10,10,10,10
90186,1,1,1989,0,0,0,0,0,0,0,0,0,0
90186,2,1,1989,0,0,0,0,0,0,0,0,0,0
90187,1,1,1989,0,0,0,0,0,0,0,0,0,0
90188,1,1,1989,22,22,17,0,6,0,12,0,0,0
90189,1,1,1989,0,0,0,0,0,0,0,0,0,0
90189,2,1,1989,0,0,0,0,0,0,0,0,0,0
90189,3,1,1989,0,0,0,0,0,0,0,0,0,0
90190,1,1,1989,0,0,0,0,0,0,0,0,0,0
90190,2,1,1989,0,0,0,0,13,0,16,0,0,3
90191,1,1,1989,19,19,19,19,19,19,19,19,19,19
90192,0,1,1989,0,0,0,0,0,0,0,0,0,0
90192,1,1,1989,0,0,0,0,0,0,0,0,0,0
90193,1,1,1989,12,20,15,27,20,14,22,26,35,13
90194,1,1,1989,15,20,23,24,20,19,0,0,16,11
90195,1,1,1989,0,0,0,0,0,0,0,0,24,0
90195,2,1,1989,0,0,0,0,0,0,0,0,0,0
90195,3,1,1989,0,0,0,0,0,0,0,0,23,0
90196,1,1,1989,0,0,0,0,0,0,0,0,0,0
90197,0,1,1989,36,36,36,36,36,36,36,36,36,36
90197,1,1,1989,0,0,0,0,0,0,0,18,0,0
90198,1,1,1989,15,15,15,15,15,15,15,15,15,15
90199,1,1,1989,7,7,7,7,7,7,7,7,7,7
90200,1,1,1989,0,0,0,0,0,0,0,0,0,0
90200,2,1,1989,0,0,0,0,0,0,0,0,0,0
90201,1,1,1989,0,0,0,0,0,0,0,0,0,0
90201,2,1,1989,0,0,0,0,0,0,0,0,0,0
90201,3,1,1989,0,0,0,0,0,0,0,9,0,0
90202,1,1,1989,0,0,0,0,0,0,0,0,0,0
90202,2,1,1989,0,0,0,0,0,0,0,0,0,0
90203,1,1,1989,17,17,17,17,17,17,17,17,17,17
90204,1,1,1989,0,0,0,0,0,0,0,0,0,0
90205,1,1,1989,18,16,19,15,9,8,6,4,17,6
90206,0,1,1989,0,0,0,0,0,0,0,0,0,0
90206,1,1,1989,0,0,0,0,0,0,0,0,0,0
90207,0,1,1989,0,0,0,0,0,0,0,0,0,0
90207,1,1,1989,0,0,0,0,0,0,0,0,0,0
90208,1,1,1989,0,0,0,0,0,0,0,0,0,0
90209,1,1,1989,17,17,17,17,17,17,17,17,17,17
90210,1,1,1989,0,0,0,0,0,0,0,0,0,0
90211,1,1,1989,20,20,20,20,20,20,20,20,20,20
90212,1,1,1989,26,26,26,26,26,26,26,26,26,26
90213,1,1,1989,23,0,0,0,0,0,0,0,15,18
90213,2,1,1989,21,21,21,21,21,21,21,21,21,21
90214,1,1,1989,0,0,0,26,0,0,0,0,0,0
90214,2,1,1989,3,3,3,3,3,3,3,3,3,3
90215,0,1,1989,0,0,0,0,0,0,0,0,0,0
90215,1,1,1989,0,0,0,0,0,0,0,0,0,0
90216,1,1,1989,11,8,21,24,9,15,10,19,29,21
90216,2,1,1989,0,0,0,0,0,0,0,0,0,0
90217,1,1,1989,0,0,0,0,0,0,0,0,0,0
90218,1,1,1989,0,0,0,0,0,0,0,0,0,0
90219,1,1,1989,0,0,0,0,0,0,0,0,0,0
90220,0,1,1989,0,0,0,0,0,0,0,0,0,0
90220,1,1,1989,31,31,31,31,31,31,31,31,31,31
90221,1,1,1989,0,0,18,12,0,0,0,0,0,0
90222,1,1,1989,0,0,0,0,0,0,0,0,0,0
90222,2,1,1989,7,0,2,0,0,0,0,0,0,0
90223,1,1,1989,0,0,0,0,0,0,0,0,0,0
90224,1,1,1989,0,0,0,0,0,0,0,0,0,0
90225,1,1,1989,0,0,0,0,0,0,0,0,0,0
90225,2,1,1989,0,0,0,0,0,0,13,0,0,0
90226,1,1,1989,0,0,0,0,0,0,0,0,0,0
90227,0,1,1989,0,26,0,0,0,0,0,0,0,0
90227,1,1,1989,0,0,0,0,0,0,0,0,0,0
90229,1,1,1989,0,0,0,0,0,0,0,0,0,0
90229,2,1,1989,0,0,0,0,0,0,0,0,0,0
90230,1,1,1989,0,0,0,0,0,0,0,0,0,0
90230,2,1,1989,21,21,21,21,21,21,21,21,21,21
90231,1,1,1989,20,20,20,20,20,20,20,20,20,20
90232,1,1,1989,0,0,0,0,0,0,0,0,0,0
90232,2,1,1989,0,0,0,0,0,0,0,0,0,0
90233,1,1,1989,0,0,0,0,0,0,0,0,0,0
90233,2,1,1989,0,0,0,0,0,0,0,0,0,0
90234,1,1,1989,9,19,5,36,12,23,38,21,14,5
90234,2,1,1989,21,21,21,21,21,21,21,21,21,21
90236,0,1,1989,0,0,8,0,10,21,12,0,0,30
90236,1,1,1989,0,0,0,0,0,0,0,26,0,0
90237,1,1,1989,0,0,0,0,0,0,0,0,0,0
90238,1,1,1989,13,13,13,13,13,13,13,13,13,13
90239,1,1,1989,13,13,13,13,13,13,13,13,13,13
90240,1,1,1989,0,0,0,28,4,6,0,10,8,0
90241,1,1,1989,12,12,12,12,12,12,12,12,12,12
90242,0,1,1989,21,0,0,0,0,0,0,13,21,0
90242,0,2,1989,0,0,0,0,0,0,0,0,0,0
90242,1,1,1989,0,0,0,0,0,0,0,0,0,0
90243,0,1,1989,0,0,0,0,0,0,0,0,0,0
90243,1,1,1989,0,0,0,0,0,0,0,0,0,0
90244,1,1,1989,23,23,23,23,23,23,23,23,23,23
90245,1,1,1989,10,0,0,20,0,8,9,0,0,0
90245,2,1,1989,17,17,17,17,17,17,17,17,17,17
90246,0,1,1989,0,0,0,0,0,0,0,0,0,0
90246,1,1,1989,0,0,0,0,0,0,0,0,0,0
90247,1,1,1989,0,0,0,0,0,0,0,0,0,11
90247,2,1,1989,17,17,17,17,17,17,17,17,17,17
90248,1,1,1989,23,23,23,23,23,23,23,23,23,23
90248,2,1,1989,0,0,0,0,0,0,0,0,0,0
90249,0,1,1989,22,22,22,22,22,22,22,22,22,22
90249,1,1,1989,0,0,0,0,0,0,0,0,0,0
90250,1,1,1989,0,0,0,0,0,0,0,0,0,0
90250,2,1,1989,20,20,20,20,20,20,20,20,20,20
90252,1,1,1989,0,0,0,0,0,0,0,0,23,0
90253,1,1,1989,19,19,19,19,19,19,19,19,19,19
90254,1,1,1989,0,0,0,0,0,0,0,0,0,0
90255,1,1,1989,17,17,17,17,17,17,17,17,17,17
90255,2,1,1989,24,24,24,24,24,24,24,24,24,24
90256,1,1,1989,20,20,20,20,20,20,20,20,20,20
90257,1,1,1989,0,0,0,0,0,0,0,0,0,25
90258,1,1,1989,0,0,0,0,0,0,0,0,0,0
90258,2,1,1989,32,32,32,32,32,32,32,32,32,32
90260,1,1,1989,0,0,0,0,0,0,0,0,0,0
90260,2,1,1989,0,0,0,0,0,0,0,0,0,0
90261,1,1,1989,16,0,0,0,10,10,6,0,0,0
90262,1,1,1989,3,3,3,3,3,3,3,3,3,3
90263,1,1,1989,0,0,0,0,0,0,0,0,0,0
90264,1,1,1989,0,0,17,0,15,14,23,0,0,0
90264,2,1,1989,20,0,17,0,10,0,0,6,0,0
90264,3,1,1989,30,0,0,0,0,0,0,18,5,0
90264,4,1,1989,0,22,22,0,0,0,9,7,0,0
90265,0,1,1989,0,0,0,0,0,0,0,0,0,0
90265,0,2,1989,0,0,0,0,0,0,0,0,0,0
90265,1,1,1989,0,0,0,0,0,0,0,0,0,0
90266,1,1,1989,0,0,0,0,0,0,0,0,0,0
90266,2,1,1989,0,0,0,0,0,0,0,0,0,0
90267,1,1,1989,17,17,17,17,17,17,17,17,17,17
90268,1,1,1989,24,24,24,24,24,24,24,24,24,24
90269,1,1,1989,4,3,0,0,0,0,4,11,0,0
90269,2,1,1989,0,0,18,0,0,21,0,0,0,0
90270,1,1,1989,10,15,34,11,25,9,22,11,14,19
90270,2,1,1989,0,0,7,0,0,0,0,0,0,0
90271,1,1,1989,0,0,0,0,0,0,0,0,0,0
90271,2,1,1989,14,14,14,14,14,14,14,14,14,14
90272,1,1,1989,0,15,32,22,6,19,13,23,16,5
90272,2,1,1989,0,0,0,0,0,0,0,0,0,0
90273,1,1,1989,6,6,6,6,6,6,6,6,6,6
90275,1,1,1989,0,0,0,0,0,0,8,0,0,0
90275,2,1,1989,0,0,0,0,0,0,0,0,0,0
90275,3,1,1989,0,0,0,0,0,0,0,0,0,0
90275,4,1,1989,0,0,0,0,0,0,0,0,0,0
90275,5,1,1989,0,0,0,0,0,0,0,0,0,0
90276,1,1,1989,0,0,0,0,0,0,0,0,0,0
90276,2,1,1989,0,0,0,0,0,0,0,0,0,0
90277,1,1,1989,0,0,0,0,0,0,0,0,0,0
90277,2,1,1989,0,4,12,21,7,7,15,17,0,26
90278,1,1,1989,16,16,16,16,16,16,16,16,16,16
90279,1,1,1989,0,0,0,0,0,0,0,0,0,0
90279,2,1,1989,14,14,14,14,14,14,14,14,14,14
90280,1,1,1989,0,0,0,0,0,0,0,0,0,0
90280,2,1,1989,0,0,0,0,0,0,0,0,0,0
90280,3,1,1989,0,0,0,0,0,0,0,0,0,0
90281,1,1,1989,0,0,0,0,0,0,0,0,0,0
90281,2,1,1989,7,7,7,7,7,7,7,7,7,7
90282,1,1,1989,0,0,0,0,0,16,0,0,0,0
90282,2,1,1989,0,0,0,15,0,0,0,0,0,0
90282,3,1,1989,0,0,0,0,0,0,0,14,0,0
90282,4,1,1989,0,0,0,0,0,0,0,0,0,0
90283,0,1,1989,0,23,0,0,25,6,0,0,21,0
90283,1,1,1989,0,0,0,0,0,0,0,0,0,0
90284,1,1,1989,20,20,20,20,20,20,20,20,20,20
90285,1,1,1989,0,0,0,0,0,0,0,0,0,0
90285,2,1,1989,7,0,0,0,0,0,0,0,0,0
90286,1,1,1989,24,24,24,24,24,24,24,24,24,24
90287,1,1,1989,0,0,0,0,0,0,0,0,0,0
90287,2,1,1989,0,0,0,0,0,0,0,0,0,0
90288,0,1,1989,0,19,22,22,0,13,0,25,21,0
90288,1,1,1989,11,15,8,20,17,25,15,14,15,20
90289,1,1,1989,18,18,18,18,18,18,18,18,18,18
90290,1,1,1989,0,0,11,25,0,26,16,21,12,11
90291,1,1,1989,24,24,24,24,24,24,24,24,24,24
90292,1,1,1989,0,0,0,0,0,0,0,0,0,0
90292,2,1,1989,0,0,0,0,0,0,0,0,0,0
90293,1,1,1989,0,0,0,0,0,0,0,0,0,0
90293,2,1,1989,0,0,0,0,0,0,0,0,0,0
90294,0,1,1989,8,8,8,8,8,8,8,8,8,8
90294,1,1,1989,0,0,0,0,0,0,0,0,8,0
90295,0,1,1989,29,29,29,29,29,29,29,29,29,29
90295,1,1,1989,0,0,0,0,0,0,0,0,0,0
90297,1,1,1989,0,0,0,0,0,0,0,0,0,0
90297,2,1,1989,0,0,0,0,0,0,0,0,0,0
90298,1,1,1989,0,0,0,0,0,0,0,0,0,0
90298,2,1,1989,0,0,0,0,0,0,0,0,0,0
90299,1,1,1989,13,13,13,13,13,13,13,13,13,13
90300,1,1,1989,32,32,32,32,32,32,32,32,32,32
90300,2,1,1989,11,0,0,0,0,0,0,12,0,0
90301,0,1,1989,20,20,20,20,20,20,20,20,20,20
90301,1,1,1989,10,0,0,4,13,0,0,0,0,0
90302,1,1,1989,16,16,16,16,16,16,16,16,16,16
90303,1,1,1989,7,0,0,16,26,19,9,15,0,0
90304,0,1,1989,0,0,0,0,0,0,0,0,0,0
90304,1,1,1989,0,0,0,9,0,0,0,0,11,0
90305,1,1,1989,0,0,0,0,0,0,0,0,0,0
90306,1,1,1989,0,0,0,0,0,0,0,0,0,0
90306,2,1,1989,0,0,0,0,0,0,0,0,0,0
90307,1,1,1989,0,0,0,0,0,0,0,0,0,24
90307,2,1,1989,0,0,0,13,0,0,0,0,0,0
90308,1,1,1989,0,0,0,0,0,0,0,0,0,0
90309,1,1,1989,0,0,0,0,20,10,0,0,0,0
90310,1,1,1989,0,0,0,0,0,0,0,0,0,0
90310,2,1,1989,0,0,0,0,0,0,0,0,0,0
90310,3,1,1989,0,0,0,0,0,0,0,0,0,0
90311,1,1,1989,0,0,0,0,0,0,0,0,0,0
90312,0,1,1989,0,20,10,0,33,31,23,0,8,0
90312,1,1,1989,0,0,23,0,0,0,0,0,0,0
90313,1,1,1989,0,0,0,0,0,0,0,0,0,0
90313,2,1,1989,0,0,14,0,0,0,0,0,0,0
90314,1,1,1989,0,0,0,0,0,0,0,0,0,0
90315,0,1,1989,0,0,0,0,0,0,0,0,0,0
90315,1,1,1989,0,0,0,0,0,0,0,0,0,0
90317,0,1,1989,0,0,0,0,0,0,0,0,0,0
90317,1,1,1989,0,7,0,0,0,0,0,0,0,0
90318,1,1,1989,23,23,23,23,23,23,23,23,23,23
90319,0,1,1989,38,38,38,38,38,38,38,38,38,38
90319,1,1,1989,0,0,0,7,0,15,0,14,20,0
90320,1,1,1989,0,0,13,0,0,0,0,0,0,0
90320,2,1,1989,26,26,26,26,26,26,26,26,26,26
90321,1,1,1989,0,0,0,0,0,0,0,0,0,0
90322,1,1,1989,0,0,0,0,0,0,0,0,0,0
90322,2,1,1989,15,15,15,15,15,15,15,15,15,15
90323,1,1,1989,38,10,16,11,25,5,6,11,8,23
90324,1,1,1989,0,0,0,0,0,0,0,0,0,0
90325,0,1,1989,19,11,16,17,34,34,0,20,17,33
90325,1,1,1989,0,0,0,0,0,0,0,0,0,0
90326,1,1,1989,0,0,0,0,0,0,0,0,0,0
90326,2,1,1989,0,0,0,25,0,0,0,0,0,0
90327,1,1,1989,0,0,0,0,0,0,0,0,0,0
90327,2,1,1989,0,0,0,0,0,0,0,0,0,0
90328,0,1,1989,7,0,0,22,0,0,0,0,20,0
90328,1,1,1989,0,0,17,0,0,0,0,0,0,0
90329,1,1,1989,41,41,41,41,41,41,41,41,41,41
90329,2,1,1989,0,9,8,0,0,8,0,0,0,0
90330,1,1,1989,0,0,0,0,0,0,0,0,0,0
90331,0,1,1989,22,22,22,22,22,22,22,22,22,22
90331,1,1,1989,0,0,0,0,0,0,0,0,0,0
90331,2,1,1989,0,0,0,0,0,0,0,0,0,0
90332,1,1,1989,38,12,14,20,23,19,29,11,0,18
90333,1,1,1989,23,23,23,23,23,23,23,23,23,23
90335,1,1,1989,0,0,0,0,0,21,0,0,0,0
90335,2,1,1989,13,13,13,13,13,13,13,13,13,13
90336,1,1,1989,0,0,0,0,0,0,0,0,0,0
90337,1,1,1989,32,32,32,32,32,32,32,32,32,32
90338,1,1,1989,0,0,0,0,0,0,0,0,0,0
90339,1,1,1989,0,0,0,0,0,0,0,0,0,0
90339,2,1,1989,0,14,0,0,0,0,0,0,0,0
90340,1,1,1989,0,0,0,0,0,0,0,0,0,0
90341,0,1,1989,0,0,0,0,0,0,0,0,0,0
90341,1,1,1989,0,0,0,0,0,0,0,0,0,0
90342,1,1,1989,0,0,0,0,0,0,0,0,0,0
90342,2,1,1989,0,0,0,0,0,0,0,0,0,0
90343,0,1,1989,0,0,0,0,0,0,0,17,0,0
90343,1,1,1989,0,0,0,0,0,0,0,0,0,0
90344,1,1,1989,20,20,20,20,20,20,20,20,20,20
90345,1,1,1989,0,0,22,0,0,0,2,0,0,0
90345,2,1,1989,17,17,17,17,17,17,17,17,17,17
90346,0,1,1989,0,0,0,0,0,0,0,0,0,0
90346,1,1,1989,0,0,0,0,0,0,0,0,0,0
90348,1,1,1989,28,28,28,28,28,28,28,28,28,28
90349,0,1,1989,0,0,0,0,0,0,0,0,0,0
90349,1,1,1989,0,0,0,0,0,0,0,6,10,0
90350,1,1,1989,28,28,28,28,28,28,28,28,28,28
90350,2,1,1989,0,12,5,21,0,0,13,29,0,0
90351,1,1,1989,0,0,0,0,0,0,0,0,0,0
90351,2,1,1989,0,0,0,0,0,0,0,0,0,0
90353,1,1,1989,0,0,0,0,0,0,0,0,0,0
90354,1,1,1989,0,0,0,0,0,0,0,0,0,0
90354,2,1,1989,0,0,0,0,0,0,0,0,0,0
90355,1,1,1989,15,15,15,15,15,15,15,15,15,15
90356,1,1,1989,13,13,13,13,13,13,13,13,13,13
90358,1,1,1989,23,23,23,23,23,23,23,23,23,23