ST_CASE,VEH_NO,PER_NO,YEAR,P1,P2,P3,P4,P5,P6,P7,P8,P9,P10
90359,0,1,1989,0,0,0,0,0,0,0,0,0,0
90359,1,1,1989,0,0,0,6,0,0,0,4,0,0
90360,1,1,1989,0,0,0,0,0,0,0,0,0,0
90360,2,1,1989,0,0,0,0,0,0,0,0,0,0
90361,1,1,1989,0,0,0,0,0,0,0,0,0,0
90361,2,1,1989,0,0,0,0,0,0,0,0,0,0
90362,1,1,1989,9,9,9,9,9,9,9,9,9,9
90363,0,1,1989,34,34,34,34,34,34,34,34,34,34
90363,1,1,1989,0,0,0,0,0,0,0,0,0,0
90364,1,1,1989,12,12,12,12,12,12,12,12,12,12
90367,1,1,1989,0,0,0,0,0,0,0,0,0,0
90368,1,1,1989,0,0,0,0,0,0,16,0,0,0
90369,1,1,1989,15,15,15,15,15,15,15,15,15,15
90370,1,1,1989,28,28,28,28,28,28,28,28,28,28
90372,1,1,1989,14,20,4,21,0,17,7,10,21,0
90372,2,1,1989,0,0,0,0,0,0,0,0,0,0
90374,1,1,1989,0,0,0,15,0,0,0,0,0,0
90374,2,1,1989,0,0,0,0,0,0,0,0,0,0
90375,1,1,1989,0,0,0,0,0,0,0,0,0,0
90375,2,1,1989,11,11,25,12,16,5,27,28,10,30
90376,1,1,1989,10,10,10,10,10,10,10,10,10,10
90376,2,1,1989,20,20,20,20,20,20,20,20,20,20
90376,3,1,1989,0,0,0,0,0,0,0,0,0,0
90377,1,1,1989,0,0,0,2,0,0,0,0,0,0
90377,2,1,1989,7,19,19,19,24,27,17,16,0,18
90379,1,1,1989,21,21,21,21,21,21,21,21,21,21
90380,1,1,1989,0,0,0,0,0,0,0,0,0,0
90380,2,1,1989,0,0,0,0,0,0,0,0,0,28
90381,1,1,1989,0,0,0,0,0,0,0,0,0,0
90381,2,1,1989,0,0,0,0,0,0,0,0,0,0
90382,1,1,1989,0,0,0,0,0,0,0,0,0,0
90382,2,1,1989,23,23,23,23,23,23,23,23,23,23
90383,1,1,1989,0,0,0,0,0,0,0,0,0,0
90384,0,1,1989,0,0,0,0,0,0,0,0,0,0
90384,1,1,1989,0,0,0,0,0,0,0,0,0,0
90385,1,1,1989,0,0,0,0,0,0,0,0,0,0
90386,1,1,1989,0,0,0,0,0,0,0,0,0,0
90386,2,1,1989,0,0,0,0,0,0,0,0,0,0
90386,3,1,1989,0,0,0,0,0,0,0,0,0,0
90387,1,1,1989,20,20,20,20,20,20,20,20,20,20
90388,1,1,1989,19,19,19,19,19,19,19,19,19,19
90389,1,1,1989,28,28,28,28,28,28,28,28,28,28
90390,0,1,1989,10,10,10,10,10,10,10,10,10,10
90390,1,1,1989,0,13,0,0,0,0,17,0,0,0
90391,1,1,1989,13,26,6,22,15,25,12,13,26,18
90392,1,1,1989,0,0,0,12,0,0,0,15,0,0
90393,1,1,1989,15,15,15,15,15,15,15,15,15,15
90393,2,1,1989,0,0,0,0,0,0,0,0,0,17
90394,0,1,1989,45,0,0,0,0,0,0,0,0,0
90394,1,1,1989,0,0,0,0,0,0,0,0,0,0
90395,0,1,1989,0,0,0,0,0,0,0,0,0,0
90395,1,1,1989,0,0,0,0,0,0,0,0,0,3
90396,1,1,1989,15,15,15,15,15,15,15,15,15,15
90397,1,1,1989,0,0,0,0,0,0,0,0,0,0
90398,1,1,1989,0,0,0,0,0,0,0,0,0,0
90398,2,1,1989,0,0,0,0,0,0,0,0,0,0
90399,1,1,1989,0,0,0,0,0,0,0,0,0,0
100001,1,1,1989,0,0,0,0,0,0,0,0,0,0
100001,2,1,1989,0,0,0,0,0,0,0,0,0,0
100002,0,1,1989,28,28,28,28,28,28,28,28,28,28
100002,1,1,1989,0,0,0,0,0,0,0,0,0,0
100003,1,1,1989,0,0,0,0,0,0,0,0,0,0
100003,2,1,1989,0,0,0,0,0,0,0,0,0,0
100004,0,1,1989,12,12,12,12,12,12,12,12,12,12
100004,1,1,1989,0,0,0,0,0,0,0,0,0,0
100005,1,1,1989,20,20,20,20,20,20,20,20,20,20
100006,1,1,1989,30,30,30,30,30,30,30,30,30,30
100007,1,1,1989,0,0,0,0,0,0,0,0,0,0
100008,1,1,1989,0,6,0,28,0,20,0,0,0,3
100009,1,1,1989,0,0,0,0,0,0,0,0,0,0
100010,1,1,1989,10,10,10,10,10,10,10,10,10,10
100011,1,1,1989,0,0,0,0,0,0,0,0,0,0
100012,1,1,1989,4,4,4,4,4,4,4,4,4,4
100013,1,1,1989,16,16,16,16,16,16,16,16,16,16
100014,1,1,1989,0,0,0,0,0,0,0,0,0,0
100014,2,1,1989,0,0,0,0,0,0,0,0,0,0
100015,1,1,1989,0,0,0,0,0,0,0,0,0,0
100015,2,1,1989,0,0,0,0,0,0,0,0,0,0
100015,3,1,1989,0,0,0,0,0,0,0,0,0,0
100016,1,1,1989,25,25,25,25,25,25,25,25,25,25
100017,1,1,1989,0,0,0,0,0,0,0,0,0,0
100017,2,1,1989,0,0,0,0,0,0,0,0,0,0
100018,1,1,1989,0,0,0,0,0,0,0,0,0,0
100018,2,1,1989,7,7,7,7,7,7,7,7,7,7
100019,1,1,1989,0,0,0,0,0,0,0,0,0,0
100020,1,1,1989,0,0,0,0,0,0,0,0,0,0
100020,2,1,1989,0,0,0,0,0,0,0,0,0,0
100021,0,1,1989,0,0,0,0,0,0,0,0,0,0
100021,1,1,1989,0,0,0,0,0,0,0,0,0,0
100022,1,1,1989,15,15,15,15,15,15,15,15,15,15
100023,1,1,1989,0,0,0,0,0,0,0,0,0,0
100023,2,1,1989,0,0,0,0,0,0,0,0,0,0
100024,1,1,1989,8,8,8,8,8,8,8,8,8,8
100025,1,1,1989,21,21,21,21,21,21,21,21,21,21
100026,1,1,1989,0,0,0,0,0,0,0,0,0,0
100026,2,1,1989,0,0,0,0,0,0,0,0,0,0
100027,1,1,1989,10,10,10,10,10,10,10,10,10,10
100027,2,1,1989,0,0,0,0,0,0,0,0,0,0
100028,1,1,1989,15,15,15,15,15,15,15,15,15,15
100029,1,1,1989,8,8,8,8,8,8,8,8,8,8
100030,1,1,1989,17,17,17,17,17,17,17,17,17,17
100031,1,1,1989,17,17,17,17,17,17,17,17,17,17
100035,1,1,1989,0,0,0,0,0,0,0,0,0,0
100035,2,1,1989,0,0,0,0,0,0,0,0,0,0
100035,3,1,1989,0,0,0,0,0,0,0,0,0,0
100036,1,1,1989,0,0,0,0,0,0,0,0,0,0
100036,2,1,1989,0,0,0,0,0,0,0,0,0,0
100036,3,1,1989,0,0,0,0,0,0,0,0,0,0
100037,0,1,1989,16,16,16,16,16,16,16,16,16,16
100037,1,1,1989,0,0,0,0,0,0,0,0,0,0
100039,0,1,1989,7,7,7,7,7,7,7,7,7,7
100039,1,1,1989,0,0,0,0,0,0,0,0,0,0
100040,1,1,1989,0,0,0,0,0,0,0,0,0,0
100040,2,1,1989,0,0,0,0,0,0,0,0,0,0
100040,3,1,1989,0,0,0,0,0,0,0,0,0,0
100041,1,1,1989,36,36,36,36,36,36,36,36,36,36
100042,1,1,1989,23,23,23,23,23,23,23,23,23,23
100043,1,1,1989,13,13,13,13,13,13,13,13,13,13
100043,2,1,1989,0,0,0,0,0,0,0,0,0,0
100044,0,1,1989,29,29,29,29,29,29,29,29,29,29
100044,1,1,1989,11,16,16,23,16,0,21,4,0,16
100045,1,1,1989,0,0,0,0,0,0,0,0,0,0
100045,2,1,1989,0,0,0,0,0,0,0,0,0,0
100046,1,1,1989,0,0,0,0,0,0,0,0,0,0
100046,2,1,1989,0,0,0,0,0,0,0,0,0,0
100047,1,1,1989,22,22,22,22,22,22,22,22,22,22
100048,1,1,1989,0,0,0,0,0,0,0,0,0,0
100049,1,1,1989,0,15,0,0,0,0,14,14,0,0
100050,1,1,1989,0,0,0,0,0,0,0,0,0,0
100050,2,1,1989,0,0,0,0,0,0,0,0,0,0
100051,0,1,1989,0,0,0,0,0,0,0,0,0,0
100052,1,1,1989,14,14,14,14,14,14,14,14,14,14
100053,1,1,1989,0,0,0,0,0,0,0,0,0,0
100054,1,1,1989,20,20,20,20,20,20,20,20,20,20
100055,1,1,1989,12,12,12,12,12,12,12,12,12,12
100055,2,1,1989,0,0,0,0,0,0,0,0,0,0
100056,1,1,1989,0,0,0,0,0,0,0,0,0,0
100056,2,1,1989,0,0,0,0,0,0,0,0,0,0
100057,1,1,1989,23,23,23,23,23,23,23,23,23,23
100058,1,1,1989,20,20,20,20,20,20,20,20,20,20
100058,2,1,1989,0,0,0,0,0,0,0,0,0,0
100059,0,1,1989,0,0,0,0,0,0,0,0,0,0
100059,1,1,1989,0,0,0,18,16,24,11,0,29,0
100059,2,1,1989,0,0,0,0,0,0,0,0,0,0
100060,1,1,1989,0,0,0,0,0,0,0,0,0,0
100060,2,1,1989,0,0,13,0,0,0,0,0,21,7
100061,0,1,1989,18,23,0,0,24,0,30,16,0,26
100061,1,1,1989,0,0,0,0,0,0,0,0,0,0
100062,1,1,1989,0,0,0,0,0,0,0,0,0,0
100063,1,1,1989,0,0,0,0,0,0,0,0,0,0
100063,2,1,1989,0,0,0,0,0,0,0,0,0,0
100064,0,1,1989,0,0,0,0,0,0,0,0,0,0
100064,1,1,1989,3,3,3,3,3,3,3,3,3,3
100065,1,1,1989,0,0,0,0,0,0,0,0,0,0
100065,2,1,1989,0,0,0,0,0,0,0,0,0,0
100067,0,1,1989,15,15,15,15,15,15,15,15,15,15
100067,1,1,1989,0,0,0,0,0,0,0,0,0,0
100068,1,1,1989,0,0,0,0,0,0,0,0,0,0
100068,2,1,1989,0,0,0,0,0,0,0,0,0,0
100068,3,1,1989,0,0,0,0,0,0,0,0,0,0
100069,1,1,1989,28,28,28,28,28,28,28,28,28,28
100069,2,1,1989,0,0,0,0,0,0,0,0,0,0
100070,1,1,1989,0,0,0,0,0,0,0,0,0,0
100070,2,1,1989,0,0,0,0,0,0,0,0,0,0
100071,1,1,1989,14,14,14,14,14,14,14,14,14,14
100072,0,1,1989,36,36,36,36,36,36,36,36,36,36
100072,1,1,1989,0,0,0,0,0,0,0,0,0,0
100073,1,1,1989,0,0,0,0,0,0,0,0,0,0
100073,2,1,1989,0,0,0,0,0,0,0,0,0,0
100073,3,1,1989,0,0,0,0,0,0,0,0,0,0
100074,1,1,1989,0,0,0,0,0,0,0,0,0,0
100074,2,1,1989,0,0,0,0,0,0,0,0,0,0
100075,0,1,1989,0,11,0,0,0,0,0,0,0,0
100075,1,1,1989,0,0,0,0,0,0,0,0,0,0
100076,1,1,1989,17,17,17,17,17,17,17,17,17,17
100077,1,1,1989,0,0,0,0,0,0,0,0,0,0
100078,1,1,1989,20,20,20,20,20,20,20,20,20,20
100079,1,1,1989,19,19,19,19,19,19,19,19,19,19
100079,2,1,1989,0,0,0,0,0,0,0,0,0,0
100080,1,1,1989,0,0,0,0,0,0,0,0,0,0
100081,1,1,1989,0,0,0,0,0,0,0,0,0,0
100081,2,1,1989,0,0,0,0,0,0,0,0,0,0
100082,1,1,1989,14,14,14,14,14,14,14,14,14,14
100083,1,1,1989,16,16,16,16,16,16,16,16,16,16
100083,2,1,1989,0,0,0,0,0,0,0,0,0,0
100084,1,1,1989,0,0,0,0,0,0,0,0,0,0
100084,2,1,1989,0,0,0,0,0,0,0,0,0,0
100085,1,1,1989,0,0,0,0,0,0,0,0,0,0
100085,2,1,1989,16,16,16,16,16,16,16,16,16,16
100086,1,1,1989,10,10,10,10,10,10,10,10,10,10
100086,2,1,1989,0,0,0,17,16,0,0,0,0,0
100087,1,1,1989,0,0,0,0,0,0,0,0,0,0
100088,1,1,1989,0,0,0,0,0,0,0,0,0,0
100088,2,1,1989,0,0,0,0,0,0,0,0,0,0
100089,1,1,1989,24,24,24,24,24,24,24,24,24,24
100089,2,1,1989,0,0,0,0,0,0,0,0,0,0
100090,1,1,1989,32,32,32,32,32,32,32,32,32,32
100093,0,1,1989,0,0,0,0,0,0,0,0,0,0
100093,1,1,1989,0,12,0,28,11,0,0,0,0,0
100094,1,1,1989,0,0,0,0,0,0,0,0,0,0
100095,1,1,1989,11,0,25,0,0,0,0,0,0,0
100095,2,1,1989,0,0,0,0,0,0,0,0,0,0
100098,1,1,1989,11,11,11,11,11,11,11,11,11,11
100099,1,1,1989,2,2,2,2,2,2,2,2,2,2
100099,2,1,1989,40,40,40,40,40,40,40,40,40,40
100100,1,1,1989,0,0,0,0,0,0,0,0,0,0
100101,1,1,1989,43,43,43,43,43,43,43,43,43,43
100102,1,1,1989,0,0,0,0,0,0,0,12,0,0
100102,2,1,1989,0,0,0,0,0,0,0,0,0,0
100104,1,1,1989,0,0,0,0,0,0,0,0,0,0
100104,2,1,1989,0,0,0,0,0,0,0,0,0,0
100105,1,1,1989,15,15,15,15,15,15,15,15,15,15
100106,1,1,1989,8,8,8,8,8,8,8,8,8,8
100106,2,1,1989,12,12,12,12,12,12,12,12,12,12
100107,0,1,1989,25,25,25,25,25,25,25,25,25,25
100107,1,1,1989,5,5,5,5,5,5,5,5,5,5
100108,1,1,1989,9,9,9,9,9,9,9,9,9,9
100109,1,1,1989,0,0,0,0,0,0,0,0,0,0
100110,0,1,1989,26,26,26,26,26,26,26,26,26,26
100110,1,1,1989,0,0,0,0,0,0,0,19,0,0
100110,2,1,1989,0,0,0,0,0,0,0,0,0,0
100111,1,1,1989,8,8,8,8,8,8,8,8,8,8
100112,0,1,1989,19,19,19,19,19,19,19,19,19,19
100112,1,1,1989,0,0,0,0,0,0,0,0,0,0
100114,0,1,1989,32,32,32,32,32,32,32,32,32,32
100114,1,1,1989,0,0,0,0,0,0,0,0,0,0
100114,2,1,1989,0,0,0,0,0,0,0,0,0,0
100115,1,1,1989,16,16,16,16,16,16,16,16,16,16
100116,1,1,1989,0,0,0,0,0,0,0,0,0,0
100116,2,1,1989,20,20,20,20,20,20,20,20,20,20
100117,1,1,1989,27,27,27,27,27,27,27,27,27,27
100118,0,1,1989,0,0,0,0,0,0,0,0,0,0
100118,1,1,1989,0,0,0,0,0,0,0,21,0,0
100119,1,1,1989,0,0,0,0,0,0,0,0,0,0
100119,2,1,1989,0,0,0,0,10,0,0,0,0,0
110002,1,1,1989,0,0,0,0,0,0,0,0,0,0
110002,2,1,1989,0,0,0,22,0,14,0,0,0,4
110002,3,1,1989,0,0,0,0,0,0,4,0,0,0
110003,0,1,1989,23,23,23,23,23,23,23,23,23,23
110003,1,1,1989,0,0,0,0,0,0,0,0,0,0
110004,0,1,1989,0,0,0,0,0,0,0,0,0,0
110004,1,1,1989,0,0,0,0,0,0,0,0,0,0
110005,0,1,1989,0,0,0,0,0,0,0,0,0,0
110005,1,1,1989,0,0,0,0,0,0,0,0,0,0
110007,0,1,1989,19,19,19,19,19,19,19,19,19,19
110007,1,1,1989,0,0,0,0,0,0,0,15,18,0
110008,1,1,1989,0,0,0,0,0,0,0,0,0,0
110008,2,1,1989,0,0,0,0,0,0,22,0,0,0
110009,0,1,1989,0,0,0,0,0,0,0,0,0,0
110009,1,1,1989,0,0,0,0,0,0,0,0,0,0
110010,1,1,1989,25,0,0,0,0,0,0,2,0,0
110010,2,1,1989,0,0,0,0,0,0,0,0,0,0
110011,0,1,1989,0,0,0,0,0,0,0,0,0,0
110011,1,1,1989,15,0,21,0,0,11,21,0,11,23
110012,1,1,1989,0,0,0,0,0,0,0,0,0,0
110012,2,1,1989,0,0,0,0,0,0,0,0,0,0
110013,1,1,1989,6,0,8,0,0,0,6,0,0,0
110013,2,1,1989,33,20,34,25,0,25,14,6,0,15
110014,1,1,1989,0,0,0,0,0,0,17,12,7,0
110014,2,1,1989,0,17,0,0,0,0,0,0,0,0
110015,1,1,1989,0,0,8,0,0,0,0,0,0,0
110015,2,1,1989,0,0,0,0,0,0,0,0,0,0
110016,1,1,1989,0,0,0,0,0,0,0,0,0,0
110017,0,1,1989,0,0,0,0,0,0,0,0,0,0
110017,1,1,1989,0,0,0,0,0,0,0,0,0,0
110018,1,1,1989,31,31,31,31,31,31,31,31,31,31
110019,1,1,1989,8,0,21,3,0,0,4,0,0,0
110019,2,1,1989,0,25,14,17,13,8,18,0,0,0
110021,1,1,1989,28,28,28,28,28,28,28,28,28,28
110022,1,1,1989,0,0,0,0,0,0,0,0,0,0
110023,1,1,1989,6,6,6,6,6,6,6,6,6,6
110023,2,1,1989,0,0,0,0,0,0,0,0,0,0
110023,3,1,1989,0,0,0,0,0,0,0,0,0,0
110024,1,1,1989,6,6,6,6,6,6,6,6,6,6
110024,2,1,1989,0,0,0,0,0,0,0,0,0,0
110025,1,1,1989,0,0,0,0,0,0,0,0,0,0
110026,0,1,1989,0,0,0,0,0,0,0,0,0,0
110026,1,1,1989,0,0,0,0,0,0,0,0,0,0
110027,1,2,1989,0,0,0,7,0,0,0,0,0,13
110027,2,1,1989,0,0,0,0,0,0,0,0,0,0
110028,0,1,1989,0,0,0,0,0,12,0,0,0,0
110028,1,1,1989,0,0,0,0,0,0,0,0,0,0
110031,1,1,1989,0,0,0,0,0,0,0,0,0,0
110031,2,1,1989,0,0,26,0,0,0,0,13,0,0
110032,1,2,1989,0,0,0,0,0,19,0,9,0,0
110033,0,1,1989,13,13,13,13,13,13,13,13,13,13
110033,1,1,1989,8,28,0,0,13,0,8,0,0,7
110033,2,1,1989,0,0,0,0,33,0,5,0,11,15
110033,3,1,1989,0,0,0,8,0,5,6,0,11,0
110034,0,1,1989,0,0,0,0,0,0,0,0,0,0
110034,1,1,1989,0,0,0,0,0,0,0,0,0,0
110036,0,1,1989,18,18,18,18,18,18,18,18,18,18
110036,1,1,1989,0,26,9,22,0,0,6,0,0,0
110037,0,1,1989,0,2,0,0,0,0,13,0,0,24
110037,1,1,1989,0,13,19,0,8,0,0,0,0,0
110038,1,2,1989,0,13,0,5,0,0,8,0,0,11
110038,2,1,1989,0,0,0,0,2,0,0,0,0,8
110039,1,2,1989,15,13,32,0,0,13,9,22,14,0
110040,0,1,1989,0,0,0,0,0,0,0,0,0,0
110040,1,1,1989,0,0,0,0,0,0,9,0,0,0
110041,1,1,1989,0,0,0,0,0,0,0,0,0,0
110042,1,1,1989,24,24,24,24,24,24,24,24,24,24
110043,1,2,1989,14,14,14,14,14,14,14,14,14,14
110044,0,1,1989,8,8,8,8,8,8,8,8,8,8
110044,1,1,1989,0,2,0,0,0,22,0,0,0,0
110045,1,1,1989,17,17,17,17,17,17,17,17,17,17
110046,1,1,1989,0,8,0,0,0,0,5,0,13,0
110048,1,1,1989,0,0,24,0,6,0,0,0,7,0
110048,2,1,1989,0,0,0,0,0,0,0,0,0,0
110049,1,1,1989,0,0,0,0,0,0,0,0,0,0
110049,2,1,1989,0,0,0,0,0,0,0,11,0,0
110050,1,1,1989,0,0,0,0,0,20,0,14,10,30
110050,2,1,1989,0,0,0,0,0,0,0,0,0,0
110051,0,1,1989,0,0,0,0,0,0,0,0,0,0
110051,1,1,1989,0,0,0,0,0,0,0,0,0,0
110052,1,1,1989,0,0,0,0,0,0,0,0,0,0
110053,1,1,1989,0,0,0,0,0,0,0,0,0,0
110054,0,1,1989,0,0,0,0,0,0,0,0,0,0
110054,1,1,1989,0,0,0,0,0,0,9,0,0,0
110055,0,1,1989,42,8,0,0,18,29,6,0,0,26
110055,1,1,1989,23,6,3,0,12,16,0,19,15,0
110056,0,1,1989,0,0,0,0,0,0,0,0,0,0
110056,1,1,1989,5,0,0,0,7,4,7,0,0,6
110057,0,1,1989,0,0,0,0,0,0,0,0,0,0
110057,1,1,1989,0,0,0,0,0,0,0,0,0,0
110058,0,1,1989,0,0,0,0,0,0,0,0,0,0
110058,1,1,1989,0,0,0,0,0,0,0,0,0,0
110059,0,1,1989,0,0,0,0,0,0,0,0,0,0
110059,1,1,1989,0,0,0,0,0,0,0,0,0,0
110060,1,1,1989,0,0,0,0,0,0,0,0,0,0
110061,1,1,1989,21,21,21,21,21,21,21,21,21,21
110062,1,1,1989,18,18,18,18,18,18,18,18,18,18
110063,1,1,1989,24,9,25,17,0,18,10,40,12,21
110064,1,1,1989,12,18,18,0,0,14,13,14,9,14
110064,2,1,1989,7,0,0,9,3,0,22,0,10,11
110068,1,1,1989,14,14,14,14,14,14,14,14,14,14
110069,0,1,1989,0,0,0,0,0,0,0,0,0,0
110069,1,1,1989,0,0,0,0,0,0,0,0,0,0
110070,0,1,1989,0,0,0,0,0,0,0,0,0,0
110070,1,1,1989,0,0,0,0,22,0,0,0,0,0
110072,0,1,1989,0,0,0,0,0,0,0,0,0,0
110072,1,1,1989,0,0,0,0,0,0,0,0,0,0
110073,0,1,1989,0,0,0,0,0,0,0,0,0,0
110073,1,1,1989,0,0,0,0,0,0,0,0,0,15
110074,0,1,1989,0,0,0,0,0,0,0,0,0,0
110074,1,1,1989,10,10,10,10,10,10,10,10,10,10
110076,1,1,1989,14,14,14,14,14,14,14,14,14,14
110077,0,1,1989,24,24,24,24,24,24,24,24,24,24
110077,1,1,1989,0,0,4,10,20,0,0,0,0,0
110078,0,1,1989,16,16,16,16,16,16,16,16,16,16
110078,1,1,1989,0,0,0,23,0,23,0,5,0,0
110079,1,1,1989,25,0,0,0,0,8,5,0,22,11
110079,2,1,1989,15,0,13,3,0,0,0,0,10,19
110079,3,1,1989,0,8,23,0,23,0,0,19,0,3
110079,4,1,1989,0,0,0,0,0,0,0,0,0,0
110080,1,1,1989,0,0,0,0,0,0,0,0,0,0
110080,2,1,1989,0,0,0,0,0,0,8,0,0,0
110081,0,1,1989,3,3,3,3,3,3,3,3,3,3
110081,1,1,1989,0,27,0,20,0,0,0,0,0,0
110082,0,1,1989,28,28,28,28,28,28,28,28,28,28
110082,1,1,1989,0,0,0,0,0,0,0,0,0,0
120001,0,1,1989,21,21,21,21,21,21,21,21,21,21
120001,1,1,1989,0,0,0,0,0,0,0,16,0,16
120002,1,1,1989,0,0,0,0,0,0,0,0,0,0
120003,1,1,1989,22,22,22,22,22,22,22,22,22,22
120004,1,1,1989,15,15,15,15,15,15,15,15,15,15
120004,2,1,1989,0,0,0,0,0,0,0,0,0,0
120005,0,1,1989,12,12,12,12,12,12,12,12,12,12
120005,1,1,1989,0,0,0,0,0,0,0,0,0,0
120007,1,1,1989,35,24,20,30,26,39,15,14,20,34
120008,1,1,1989,0,0,0,0,0,0,0,0,0,0
120008,2,1,1989,0,0,0,0,0,0,0,0,0,17
120008,3,1,1989,0,0,5,16,0,0,0,0,0,14
120010,1,1,1989,0,0,0,0,0,0,0,0,0,0
120010,2,1,1989,0,0,0,0,0,0,0,0,0,0
120011,0,1,1989,0,0,0,0,0,0,0,0,0,0
120011,1,1,1989,0,0,0,0,0,0,0,0,0,0
120012,1,1,1989,15,15,15,15,15,15,15,15,15,15
120012,2,1,1989,0,0,0,0,0,0,0,0,0,0
120013,1,1,1989,6,6,6,6,6,6,6,6,6,6
120014,1,1,1989,18,18,18,18,18,18,18,18,18,18
120015,1,1,1989,0,0,0,0,0,0,0,0,0,0
120015,2,1,1989,0,0,0,0,0,0,0,0,0,0
120016,1,1,1989,22,22,22,22,22,22,22,22,22,22
120016,2,1,1989,0,0,0,0,0,4,0,10,0,0
120017,1,1,1989,19,0,29,0,0,0,13,0,17,25
120017,2,1,1989,0,0,0,0,0,0,0,0,0,0
120018,0,1,1989,29,29,29,29,29,29,29,29,29,29
120018,1,1,1989,0,0,0,0,0,0,0,0,0,0
120019,0,1,1989,0,0,0,0,0,0,0,0,0,0
120019,1,1,1989,0,0,0,10,0,0,0,0,0,0
120020,1,1,1989,0,0,0,0,0,0,0,0,0,0
120020,2,1,1989,22,22,22,22,22,22,22,22,22,22
120021,1,1,1989,26,26,26,26,26,26,26,26,26,26
120022,1,1,1989,0,0,0,0,0,0,24,0,0,0
120022,2,1,1989,0,0,0,0,0,0,0,0,0,0
120023,1,1,1989,0,0,0,0,0,0,0,0,0,0
120023,2,1,1989,23,23,23,23,23,23,23,23,23,23
120024,1,1,1989,0,0,0,0,0,0,0,0,0,0
120025,1,1,1989,0,0,0,0,0,0,0,0,0,0
120025,2,1,1989,0,0,0,0,0,0,0,0,0,0
120026,1,1,1989,12,0,0,0,0,0,0,0,0,0
120026,2,1,1989,0,0,0,0,0,0,0,0,0,0
120026,3,1,1989,0,0,0,0,0,0,0,4,0,0
120027,1,1,1989,0,0,0,0,0,0,0,0,0,0
120027,2,1,1989,0,0,0,0,0,0,0,0,0,0
120028,1,1,1989,0,0,0,0,0,0,0,0,0,0
120029,1,1,1989,29,29,29,29,29,29,29,29,29,29
120029,2,1,1989,0,0,0,0,0,0,0,0,0,4
120030,1,1,1989,0,0,0,0,0,0,0,0,0,0
120030,2,1,1989,0,0,0,0,0,0,0,0,0,0
120031,1,1,1989,16,16,16,16,16,16,16,16,16,16
120031,2,1,1989,0,0,0,0,0,0,0,0,0,0
120032,1,1,1989,0,0,0,0,0,0,0,0,0,0
120032,2,1,1989,0,0,0,0,0,0,0,0,10,0
120032,3,1,1989,0,0,0,0,0,0,0,0,0,0
120033,1,1,1989,0,0,0,0,0,0,0,0,0,0
120033,2,1,1989,0,0,0,0,0,0,0,0,0,0
120034,1,1,1989,0,0,0,0,0,0,0,0,0,0
120034,2,1,1989,0,0,0,0,0,0,0,0,0,0
120035,1,1,1989,0,0,0,17,0,0,0,0,0,0
120035,2,1,1989,0,0,0,0,0,0,0,0,0,0
120035,3,1,1989,0,0,6,0,0,0,0,0,0,0
120036,0,1,1989,18,18,18,18,18,18,18,18,18,18
120036,1,1,1989,0,0,0,0,0,0,0,0,0,0
120038,1,1,1989,25,25,25,25,25,25,25,25,25,25
120039,1,1,1989,18,18,18,18,18,18,18,18,18,18
120040,0,1,1989,9,17,27,0,29,15,18,37,9,21
120040,1,1,1989,0,0,0,0,0,13,13,14,0,12
120041,1,1,1989,21,21,21,21,21,21,21,21,21,21
120041,2,1,1989,0,0,25,0,0,0,0,0,0,0
120042,1,1,1989,26,26,26,26,26,26,26,26,26,26
120043,1,1,1989,33,33,33,33,33,33,33,33,33,33
120044,0,1,1989,7,7,7,7,7,7,7,7,7,7
120044,1,1,1989,0,0,0,0,0,0,0,0,0,0
120045,0,1,1989,0,0,0,0,0,0,0,0,30,0
120045,1,1,1989,0,0,0,0,0,0,0,0,0,0
120046,1,1,1989,12,12,12,12,12,12,12,12,12,12
120047,0,1,1989,0,0,0,0,0,0,0,0,0,0
120047,1,1,1989,19,19,19,19,19,19,19,19,19,19
120048,1,1,1989,0,0,0,0,0,0,0,0,0,0
120048,2,1,1989,0,0,0,0,0,0,0,0,0,0
120049,0,1,1989,0,0,0,0,0,0,0,0,0,0
120049,1,1,1989,0,0,0,0,0,0,0,0,0,0
120050,1,1,1989,17,17,17,17,17,17,17,17,17,17
120050,2,1,1989,0,0,0,0,0,0,0,0,0,0
120051,1,1,1989,20,20,20,20,20,20,20,20,20,20
120052,1,1,1989,0,0,0,0,0,0,0,11,0,0
120052,2,1,1989,17,17,17,17,17,17,17,17,17,17
120053,0,1,1989,0,0,0,0,0,0,0,0,0,0
120053,1,1,1989,0,0,0,0,0,0,0,0,0,0
120053,2,1,1989,0,0,0,0,0,0,0,0,0,0
120053,3,1,1989,0,0,0,0,0,0,0,0,0,0
120053,4,1,1989,0,0,0,0,0,0,0,0,0,0
120053,5,1,1989,0,0,0,0,0,0,0,0,0,0
120053,6,1,1989,0,0,0,0,0,0,0,0,0,0
120053,7,1,1989,0,0,0,0,0,0,22,0,0,0
120053,8,1,1989,0,0,0,14,0,0,0,0,0,0
120053,9,1,1989,0,0,0,0,0,0,0,0,0,0
120053,10,1,1989,0,0,0,0,5,0,0,0,0,5