ST_CASE,VEH_NO,PER_NO,YEAR,P1,P2,P3,P4,P5,P6,P7,P8,P9,P10
120054,1,1,1989,0,10,10,23,17,14,0,7,22,17
120054,2,1,1989,0,0,0,0,0,0,0,0,0,0
120055,0,1,1989,44,44,44,44,44,44,44,44,44,44
120055,1,1,1989,30,30,30,30,30,30,30,30,30,30
120056,1,1,1989,0,0,0,0,0,0,0,0,0,0
120056,2,1,1989,0,0,0,0,0,0,0,0,0,0
120057,0,1,1989,10,10,10,10,10,10,10,10,10,10
120057,1,1,1989,0,0,9,0,0,0,0,0,0,0
120058,1,1,1989,0,0,0,0,0,0,0,0,0,0
120059,1,1,1989,0,0,0,0,13,0,0,11,18,0
120059,2,1,1989,0,0,0,0,0,0,0,0,0,0
120059,3,1,1989,0,0,0,0,0,0,0,0,0,0
120060,0,1,1989,0,0,0,0,0,0,0,0,0,0
120060,1,1,1989,0,0,0,0,0,0,0,0,0,0
120060,2,1,1989,0,0,0,0,0,0,0,0,0,0
120061,1,1,1989,0,0,0,0,0,0,0,0,0,7
120061,2,1,1989,0,0,0,0,0,0,0,0,0,0
120061,3,1,1989,0,0,0,0,0,0,0,0,5,0
120062,0,1,1989,6,6,6,6,6,6,6,6,6,6
120062,1,1,1989,0,0,0,0,0,0,0,0,0,0
120063,1,1,1989,0,0,0,0,0,0,0,0,0,0
120063,2,1,1989,6,26,17,10,0,4,0,10,15,0
120064,1,1,1989,23,23,23,23,23,23,23,23,23,23
120065,1,1,1989,0,0,0,0,0,0,0,0,0,0
120065,2,1,1989,0,0,0,0,0,0,0,0,0,0
120066,1,1,1989,34,34,34,34,34,34,34,34,34,34
120067,0,1,1989,0,0,0,0,0,0,0,0,0,0
120067,1,1,1989,0,0,0,0,0,0,0,0,0,0
120068,1,1,1989,0,0,0,0,0,0,0,0,0,0
120068,2,1,1989,0,0,0,0,0,0,0,0,0,0
120069,1,1,1989,0,0,0,0,0,0,0,0,0,0
120069,2,1,1989,0,0,0,0,0,0,0,0,0,0
120070,0,1,1989,7,7,7,7,7,7,7,7,7,7
120070,0,2,1989,22,22,22,22,22,22,22,22,22,22
120070,1,1,1989,20,20,20,20,20,20,20,20,20,20
120071,1,1,1989,0,0,0,0,0,0,0,0,0,0
120071,2,1,1989,0,0,0,0,0,0,0,0,0,0
120072,0,1,1989,20,20,20,20,20,20,20,20,20,20
120072,1,1,1989,0,0,0,0,0,0,0,0,0,0
120072,2,1,1989,0,0,0,0,0,0,0,0,0,0
120073,1,1,1989,24,24,24,24,24,24,24,24,24,24
120074,1,1,1989,0,0,0,0,0,0,0,0,0,0
120074,2,1,1989,0,0,0,0,0,0,0,0,0,0
120075,0,1,1989,0,0,0,0,0,0,0,0,13,0
120075,0,2,1989,0,0,0,0,0,0,0,4,0,0
120075,0,3,1989,0,8,7,17,9,0,0,0,8,0
120075,1,1,1989,0,0,0,0,0,0,0,0,0,0
120076,1,1,1989,0,0,0,0,0,0,0,0,0,0
120076,2,1,1989,20,20,20,20,20,20,20,20,20,20
120077,1,1,1989,19,19,19,19,19,19,19,19,19,19
120078,0,1,1989,25,25,25,25,25,25,25,25,25,25
120078,1,1,1989,0,0,0,0,0,0,26,0,0,0
120079,0,1,1989,2,2,2,2,2,2,2,2,2,2
120079,0,2,1989,0,0,0,0,0,0,0,0,0,0
120079,1,1,1989,12,18,18,8,22,30,26,30,13,0
120080,1,1,1989,6,6,6,6,6,6,6,6,6,6
120080,2,1,1989,0,0,0,0,0,0,0,0,0,0
120081,1,1,1989,11,11,11,11,11,11,11,11,11,11
120082,1,1,1989,31,27,31,15,17,26,32,13,22,13
120083,1,1,1989,17,17,17,17,17,17,17,17,17,17
120084,1,1,1989,0,0,0,0,0,0,0,0,0,0
120084,2,1,1989,0,0,0,0,0,0,0,0,0,0
120085,1,1,1989,24,24,24,24,24,24,24,24,24,24
120086,1,1,1989,0,0,0,0,0,0,0,0,0,0
120087,1,1,1989,0,0,0,0,0,0,0,0,0,0
120088,0,1,1989,18,30,15,0,15,23,12,6,25,14
120088,1,1,1989,0,0,0,0,0,0,0,0,0,0
120089,1,1,1989,17,18,13,12,29,24,13,33,10,19
120090,1,1,1989,0,0,0,0,0,0,14,0,0,5
120091,1,1,1989,20,20,20,20,20,20,20,20,20,20
120092,1,1,1989,23,0,6,21,0,22,17,13,0,22
120093,0,1,1989,19,19,19,19,19,19,19,19,19,19
120093,1,1,1989,0,0,0,0,0,0,0,0,0,8
120094,0,1,1989,22,9,0,49,21,23,11,12,22,0
120094,1,1,1989,0,0,0,0,0,0,0,0,0,0
120095,0,1,1989,19,19,19,19,19,19,19,19,19,19
120095,1,1,1989,0,0,0,0,0,0,0,0,0,0
120096,1,1,1989,0,0,0,0,0,0,0,0,0,0
120096,2,1,1989,0,0,0,0,0,0,0,0,0,0
120097,0,1,1989,0,38,0,0,7,0,0,0,0,18
120097,1,1,1989,0,0,0,0,0,0,0,0,0,0
120098,1,1,1989,0,0,0,0,0,0,0,0,0,0
120099,0,1,1989,0,0,0,0,0,0,0,0,0,0
120099,1,1,1989,0,0,0,0,0,0,0,0,0,0
120100,0,1,1989,0,4,0,0,0,0,24,0,0,0
120100,1,1,1989,0,0,0,13,0,0,0,0,0,0
120101,0,1,1989,0,0,0,0,0,0,0,0,0,0
120101,1,1,1989,0,0,0,0,0,0,0,0,0,0
120102,0,1,1989,33,36,11,15,0,0,0,18,29,23
120102,1,1,1989,0,0,0,0,0,0,0,0,0,0
120103,1,1,1989,0,0,0,0,0,0,0,0,0,0
120104,1,1,1989,5,5,5,5,5,5,5,5,5,5
120105,1,1,1989,15,15,15,15,15,15,15,15,15,15
120105,2,1,1989,0,25,0,0,0,14,0,8,0,0
120106,0,1,1989,19,19,19,19,19,19,19,19,19,19
120106,1,1,1989,0,0,0,0,0,0,0,0,0,0
120107,0,1,1989,0,0,0,0,0,0,20,0,0,0
120107,1,1,1989,0,0,0,0,0,0,0,0,0,0
120108,1,1,1989,0,0,0,0,0,0,0,0,0,0
120108,2,1,1989,0,0,0,0,0,0,6,0,0,0
120109,1,1,1989,25,25,25,25,25,25,25,25,25,25
120110,1,1,1989,6,6,6,6,6,6,6,6,6,6
120111,1,1,1989,0,0,0,0,0,3,0,0,0,0
120112,1,1,1989,12,0,0,15,0,0,0,0,0,0
120112,2,1,1989,0,0,0,0,0,0,0,0,0,0
120113,1,1,1989,0,0,0,0,0,0,0,0,0,0
120113,2,1,1989,0,0,10,6,0,0,0,0,0,8
120113,3,1,1989,0,0,0,0,0,0,0,0,0,0
120113,4,1,1989,0,0,0,0,0,0,0,0,0,0
120114,1,1,1989,0,0,15,0,0,0,0,0,0,0
120114,2,1,1989,0,0,0,0,0,0,0,0,25,0
120114,3,1,1989,0,7,0,0,0,0,0,0,0,0
120115,1,1,1989,0,0,0,0,0,0,0,0,0,0
120115,2,1,1989,0,0,0,0,0,0,0,0,0,0
120116,0,1,1989,39,39,39,39,39,39,39,39,39,39
120116,1,1,1989,10,15,30,21,12,15,15,0,10,11
120117,1,1,1989,0,0,0,0,0,0,0,0,0,0
120117,2,1,1989,0,0,0,0,0,0,0,0,0,0
120118,0,1,1989,0,0,0,0,0,0,0,0,0,0
120118,1,1,1989,0,0,0,0,0,0,0,0,0,0
120118,2,1,1989,0,0,0,0,0,0,0,0,0,0
120119,1,1,1989,14,14,14,14,14,14,14,14,14,14
120120,1,1,1989,0,0,0,0,0,0,0,0,0,0
120120,2,1,1989,0,0,0,0,0,0,0,0,0,0
120121,1,1,1989,0,0,0,0,0,0,0,0,0,0
120121,2,1,1989,0,0,0,0,12,0,0,0,0,0
120122,0,1,1989,0,0,0,0,0,0,0,0,0,0
120122,1,1,1989,0,0,0,0,0,0,0,0,0,0
120123,0,1,1989,17,21,11,27,5,10,12,0,0,0
120123,1,1,1989,0,0,11,0,0,0,20,0,0,0
120124,1,1,1989,0,0,0,0,0,0,0,0,0,0
120124,2,1,1989,0,0,0,0,0,0,0,0,0,0
120124,3,1,1989,0,0,0,0,0,0,0,0,0,0
120124,4,1,1989,0,0,0,0,0,0,0,0,0,0
120125,0,1,1989,35,25,11,28,23,21,26,18,16,26
120125,1,1,1989,0,0,6,0,0,4,6,7,0,0
120126,0,1,1989,30,30,30,30,30,30,30,30,30,30
120126,1,1,1989,0,0,0,0,0,0,0,0,0,0
120127,0,1,1989,0,0,0,0,0,0,32,0,0,28
120127,1,1,1989,14,14,0,12,22,0,0,0,41,0
120129,1,1,1989,18,18,18,18,18,18,18,18,18,18
120130,1,1,1989,0,0,0,0,0,0,0,0,0,0
120130,2,1,1989,0,0,0,0,0,0,0,0,0,0
120130,3,1,1989,0,0,0,0,0,0,0,0,0,0
120131,0,1,1989,21,21,21,21,21,21,21,21,21,21
120131,1,1,1989,7,0,0,0,0,0,0,0,0,0
120132,1,1,1989,6,6,6,6,6,6,6,6,6,6
120132,2,1,1989,0,0,0,0,0,0,0,0,0,0
120133,0,1,1989,17,12,33,13,46,0,30,23,32,12
120133,1,1,1989,0,0,0,0,0,0,0,0,0,0
120134,1,1,1989,0,0,0,0,0,0,0,0,0,0
120134,2,1,1989,0,0,0,0,0,0,0,0,0,0
120135,0,1,1989,22,22,22,22,22,22,22,22,22,22
120135,1,1,1989,0,0,0,0,0,0,0,0,0,0
120136,0,1,1989,19,19,19,19,19,19,19,19,19,19
120136,1,1,1989,0,0,0,0,0,0,0,0,0,0
120136,2,1,1989,0,0,0,0,0,0,0,0,0,0
120137,0,1,1989,0,0,0,0,0,19,0,6,0,0
120137,1,1,1989,6,13,6,10,11,0,10,3,2,12
120138,1,1,1989,0,16,0,0,0,34,0,0,0,12
120139,1,1,1989,0,0,0,0,0,0,0,0,0,0
120139,2,1,1989,0,0,0,0,0,0,0,0,0,0
120140,1,1,1989,11,11,11,11,11,11,11,11,11,11
120140,2,1,1989,0,0,0,0,0,0,0,0,0,0
120141,1,1,1989,36,36,36,36,36,36,36,36,36,36
120141,2,1,1989,12,0,0,0,0,0,0,0,0,0
120141,3,1,1989,0,0,0,14,0,0,0,0,0,0
120141,4,1,1989,0,0,0,0,0,0,0,0,0,0
120142,1,1,1989,19,19,19,19,19,19,19,19,19,19
120143,1,1,1989,12,12,12,12,12,12,12,12,12,12
120143,2,1,1989,0,0,0,0,0,0,0,0,0,0
120144,1,1,1989,10,10,10,10,10,10,10,10,10,10
120145,1,1,1989,21,21,21,21,21,21,21,21,21,21
120146,1,1,1989,2,2,2,2,2,2,2,2,2,2
120146,2,1,1989,0,0,0,0,0,0,0,0,0,0
120146,3,1,1989,0,0,0,0,0,0,0,0,0,1
120147,1,1,1989,0,0,0,0,0,0,0,0,0,0
120147,2,1,1989,8,8,8,8,8,8,8,8,8,8
120148,1,1,1989,0,0,0,0,0,0,0,28,0,0
120148,2,1,1989,0,0,0,0,0,0,0,0,0,0
120149,0,1,1989,2,2,2,2,2,2,2,2,2,2
120149,1,1,1989,23,23,23,23,23,23,23,23,23,23
120150,1,1,1989,0,0,0,0,0,0,0,0,0,0
120150,2,1,1989,0,0,0,0,0,0,0,0,0,0
120151,1,1,1989,0,0,0,0,0,0,0,0,0,0
120151,2,1,1989,0,0,0,0,0,0,0,0,0,0
120152,1,1,1989,0,0,0,0,0,0,0,0,0,0
120152,2,1,1989,0,0,0,0,0,0,0,0,0,0
120152,3,1,1989,0,0,0,0,0,0,0,0,0,0
120153,0,1,1989,28,28,28,28,28,28,28,28,28,28
120153,1,1,1989,0,0,0,0,0,0,0,0,0,0
120154,1,1,1989,0,0,0,0,0,0,0,0,0,0
120154,2,1,1989,0,0,0,0,0,0,0,0,0,0
120155,1,1,1989,0,0,0,0,0,0,0,0,0,0
120155,2,1,1989,0,0,0,0,0,0,0,0,0,0
120155,3,1,1989,0,0,0,0,0,0,0,0,0,0
120156,1,1,1989,0,0,0,0,0,13,24,0,19,0
120157,0,1,1989,0,0,0,0,0,0,0,0,39,0
120157,1,1,1989,0,0,0,0,0,14,0,6,0,0
120157,2,1,1989,0,0,24,0,15,0,12,0,0,0
120157,3,1,1989,12,0,9,0,0,6,0,6,16,0
120158,1,1,1989,24,24,24,24,24,24,24,24,24,24
120159,1,1,1989,0,0,0,0,0,0,0,0,0,0
120159,2,1,1989,0,0,0,0,0,0,0,0,0,0
120160,1,1,1989,0,0,0,0,0,0,0,0,0,0
120160,2,1,1989,0,0,0,0,0,0,0,0,0,0
120161,0,1,1989,13,13,13,13,13,13,13,13,13,13
120161,1,1,1989,0,0,0,0,0,0,0,0,0,0
120162,0,1,1989,0,0,0,0,0,0,0,0,0,0
120162,1,1,1989,0,0,0,0,0,0,0,0,0,0
120163,1,1,1989,0,0,0,0,0,0,0,0,0,0
120163,2,1,1989,0,0,0,0,0,0,0,0,0,0
120164,1,1,1989,0,0,0,0,0,0,8,0,0,0
120164,2,1,1989,0,0,0,0,0,0,0,0,0,0
120164,3,1,1989,31,31,31,31,31,31,31,31,31,31
120165,1,1,1989,11,11,11,11,11,11,11,11,11,11
120166,0,1,1989,26,24,0,0,23,0,0,13,26,0
120166,1,1,1989,0,0,0,19,0,0,0,0,0,0
120167,1,1,1989,0,0,0,0,0,0,0,0,0,0
120167,2,1,1989,0,0,0,0,0,0,0,0,0,0
120168,1,1,1989,18,18,18,18,18,18,18,18,18,18
120169,1,1,1989,0,0,0,0,10,0,0,0,0,14
120169,2,1,1989,0,0,17,0,0,0,8,11,0,0
120170,0,1,1989,0,0,0,0,0,0,0,0,0,0
120170,1,1,1989,0,0,0,0,0,0,0,0,0,0
120171,1,1,1989,20,20,20,20,20,20,20,20,20,20
120172,1,1,1989,0,0,0,0,0,0,0,0,0,0
120172,2,1,1989,0,0,0,0,0,0,0,0,0,0
120173,1,1,1989,0,0,0,0,0,0,0,0,0,0
120173,2,1,1989,0,10,13,0,0,0,0,0,0,0
120174,1,1,1989,0,0,0,0,0,0,0,0,0,0
120175,1,1,1989,0,0,0,0,0,0,0,0,0,0
120175,2,1,1989,0,21,20,0,0,0,0,0,0,0
120177,0,1,1989,24,24,24,24,24,24,24,24,24,24
120177,1,1,1989,0,0,0,0,0,0,0,0,0,0
120178,0,1,1989,0,12,0,0,0,0,0,0,0,0
120178,1,1,1989,0,0,0,0,0,0,0,0,0,0
120179,0,1,1989,0,5,0,0,0,0,27,0,12,0
120179,1,1,1989,0,0,0,0,0,0,0,0,0,0
120180,1,1,1989,0,0,0,0,0,0,0,9,0,0
120180,2,1,1989,0,0,0,0,0,0,0,0,0,0
120181,0,1,1989,27,27,27,27,27,27,27,27,27,27
120181,1,1,1989,0,0,0,0,0,0,0,0,0,0
120181,2,1,1989,0,0,0,0,0,0,0,0,0,0
120182,0,1,1989,26,26,26,26,26,26,26,26,26,26
120182,1,1,1989,0,0,11,0,0,0,0,0,10,0
120183,1,1,1989,9,9,9,9,9,9,9,9,9,9
120183,2,1,1989,39,39,39,39,39,39,39,39,39,39
120184,0,1,1989,0,6,0,0,0,7,0,0,33,30
120184,1,1,1989,8,16,18,15,17,25,34,8,21,14
120185,0,1,1989,0,10,16,0,0,0,20,0,0,0
120185,1,1,1989,0,0,0,0,0,0,0,0,0,0
120186,1,1,1989,0,0,0,0,0,0,0,0,0,0
120187,0,1,1989,0,0,0,0,0,0,0,0,0,0
120187,1,1,1989,15,0,0,0,0,14,0,0,0,0
120188,1,1,1989,14,10,10,0,20,4,16,13,10,26
120188,2,1,1989,0,0,0,0,0,0,0,0,0,0
120189,1,1,1989,19,0,10,0,13,0,15,0,28,35
120190,1,1,1989,0,0,0,0,0,0,0,0,0,0
120190,2,1,1989,0,0,0,0,0,0,0,0,0,0
120191,1,1,1989,19,19,19,19,19,19,19,19,19,19
120191,2,1,1989,0,0,0,0,0,0,0,0,0,0
120192,1,1,1989,0,0,0,0,0,0,0,0,0,0
120193,0,1,1989,0,0,0,0,0,0,0,0,0,0
120193,1,1,1989,28,28,28,28,28,28,28,28,28,28
120194,1,1,1989,0,0,0,0,0,0,0,0,0,0
120194,2,1,1989,0,0,0,0,0,0,0,0,0,0
120194,3,1,1989,0,0,0,0,0,0,0,0,0,0
120195,0,1,1989,0,0,0,0,0,0,13,0,0,0
120195,1,1,1989,0,0,0,0,0,0,0,0,0,0
120196,1,1,1989,17,28,0,11,0,0,0,0,0,0
120196,2,1,1989,20,0,0,0,0,0,0,0,28,0
120197,1,1,1989,0,0,0,0,0,0,0,0,0,0
120197,2,1,1989,0,0,0,0,0,0,0,0,0,6
120198,1,1,1989,16,21,0,25,24,9,20,18,21,19
120199,0,1,1989,0,0,0,0,0,0,0,0,0,0
120199,1,1,1989,0,0,10,0,0,0,0,0,0,0
120200,1,1,1989,0,0,0,0,0,0,15,0,0,0
120200,2,1,1989,0,0,0,0,0,19,0,0,0,0
120201,1,1,1989,0,0,0,0,0,0,0,0,0,0
120202,1,1,1989,0,0,0,0,0,0,0,0,0,0
120202,2,1,1989,0,0,0,0,0,0,0,0,0,0
120202,3,1,1989,0,0,0,0,0,0,0,0,0,0
120203,1,1,1989,0,0,0,0,0,0,0,0,0,0
120203,2,1,1989,0,0,0,0,0,0,8,0,0,0
120204,0,1,1989,11,11,11,11,11,11,11,11,11,11
120204,1,1,1989,0,0,7,0,0,0,0,0,0,0
120205,0,1,1989,0,0,0,0,0,0,0,0,0,0
120205,1,1,1989,0,0,0,0,0,7,0,0,0,0
120206,1,1,1989,0,0,0,0,0,0,0,0,0,0
120206,2,1,1989,0,0,0,0,0,0,0,0,0,0
120207,0,1,1989,0,0,0,0,0,0,0,0,0,0
120207,1,1,1989,0,0,0,0,0,0,0,0,0,0
120207,2,1,1989,0,0,0,0,0,0,0,0,0,0
120207,3,1,1989,0,0,0,0,0,0,0,0,0,0
120208,1,1,1989,25,25,25,25,25,25,25,25,25,25
120209,1,1,1989,2,2,2,2,2,2,2,2,2,2
120210,0,1,1989,26,26,26,26,26,26,26,26,26,26
120210,1,1,1989,3,3,3,3,3,3,3,3,3,3
120210,2,1,1989,13,17,0,0,28,0,0,18,0,0
120211,0,1,1989,8,8,8,8,8,8,8,8,8,8
120211,1,1,1989,0,0,0,0,0,0,0,0,0,0
120212,1,1,1989,23,23,23,23,23,23,23,23,23,23
120213,0,1,1989,28,28,28,28,28,28,28,28,28,28
120213,1,1,1989,0,0,0,10,0,0,0,10,0,0
120214,1,1,1989,15,14,23,9,9,15,0,4,22,19
120214,2,1,1989,8,13,0,0,26,20,0,13,11,14
120215,1,1,1989,20,20,20,20,20,20,20,20,20,20
120216,0,1,1989,27,27,27,27,27,27,27,27,27,27
120216,1,1,1989,0,0,0,0,0,13,0,0,0,0
120216,2,1,1989,0,0,0,0,0,0,0,0,0,0
120217,0,1,1989,21,21,21,21,21,21,21,21,21,21
120217,1,1,1989,0,0,0,0,0,0,0,0,0,0
120217,2,1,1989,0,0,0,13,17,0,19,0,0,0
120217,3,1,1989,0,0,0,0,0,9,24,0,0,0
120218,1,1,1989,0,0,0,0,0,0,0,0,0,0
120218,2,1,1989,1,1,1,1,1,1,1,1,1,1
120219,1,1,1989,15,15,15,15,15,15,15,15,15,15
120220,1,1,1989,0,0,0,0,0,0,0,0,0,0
120220,2,1,1989,0,0,0,0,0,0,0,0,0,0
120221,1,1,1989,0,0,0,0,0,0,0,0,0,0
120222,0,1,1989,20,20,20,20,20,20,20,20,20,20
120222,1,1,1989,0,0,0,0,0,0,0,0,0,2
120222,2,1,1989,0,0,0,0,0,0,0,0,0,0
120223,0,1,1989,20,20,20,20,20,20,20,20,20,20
120223,1,1,1989,0,0,0,0,0,11,0,11,0,15
120224,1,1,1989,20,20,20,20,20,20,20,20,20,20
120225,0,1,1989,17,17,17,17,17,17,17,17,17,17
120225,1,1,1989,16,16,16,16,16,16,16,16,16,16
120226,1,1,1989,0,0,0,0,0,0,0,0,0,0
120226,2,1,1989,0,0,0,0,0,0,0,0,0,0
120227,1,1,1989,15,15,15,15,15,15,15,15,15,15
120228,1,1,1989,0,0,0,0,0,0,0,0,0,0
120228,2,1,1989,0,0,0,0,24,0,0,0,0,0
120229,0,1,1989,0,0,0,0,0,0,0,0,0,23
120229,1,1,1989,0,0,0,0,0,0,0,15,0,0
120229,2,1,1989,0,0,0,0,0,0,0,0,0,0
120230,1,1,1989,0,0,0,0,0,0,0,0,0,0
120230,2,1,1989,0,0,0,0,0,0,0,0,0,0
120231,0,1,1989,0,0,0,0,0,0,0,0,0,0
120231,1,1,1989,0,0,0,0,0,0,0,0,0,0
120232,0,1,1989,0,0,0,0,0,0,0,0,0,0
120232,1,1,1989,0,0,0,0,0,0,0,24,0,0
120233,0,1,1989,0,11,0,0,0,0,0,11,0,31
120233,1,1,1989,31,17,25,6,26,14,8,16,9,6
120234,1,1,1989,0,0,0,0,0,0,0,0,0,0
120234,2,1,1989,0,0,0,0,0,0,0,0,0,0
120234,3,1,1989,0,0,0,0,0,0,0,0,0,0
120235,0,1,1989,0,0,0,0,0,0,0,0,0,0
120235,1,1,1989,0,0,0,0,0,0,0,0,0,0
120236,1,1,1989,19,19,19,19,19,19,19,19,19,19
120237,1,1,1989,0,16,0,0,0,0,0,0,0,0
120237,2,1,1989,0,0,0,0,0,0,0,0,7,0
120238,1,1,1989,13,13,13,13,13,13,13,13,13,13
120239,0,1,1989,26,26,26,26,26,26,26,26,26,26
120239,1,1,1989,0,0,0,0,2,0,0,0,0,0
120240,1,1,1989,19,19,19,19,19,19,19,19,19,19
120241,1,1,1989,0,0,0,0,0,0,26,0,13,0
120241,2,1,1989,0,0,0,0,0,0,0,0,0,0
120242,1,1,1989,14,14,14,14,14,14,14,14,14,14
120242,2,1,1989,0,0,0,0,0,0,0,0,0,0
120243,1,1,1989,13,13,13,13,13,13,13,13,13,13
120244,1,1,1989,11,11,11,11,11,11,11,11,11,11
120244,2,1,1989,21,21,21,21,21,21,21,21,21,21
120246,1,1,1989,9,0,0,0,0,0,0,5,0,0
120246,2,1,1989,0,0,0,0,0,0,0,0,0,0
120247,1,1,1989,0,0,0,0,0,0,0,0,0,0
120247,2,1,1989,11,11,11,11,11,11,11,11,11,11
120249,1,1,1989,14,14,14,14,14,14,14,14,14,14
120250,1,1,1989,21,21,21,21,21,21,21,21,21,21
120251,1,1,1989,0,0,0,0,0,0,0,0,0,0
120252,1,1,1989,0,0,0,0,0,0,0,0,0,0
120252,2,1,1989,22,22,22,22,22,22,22,22,22,22
120253,1,1,1989,13,13,13,13,13,13,13,13,13,13
120254,1,1,1989,22,22,22,22,22,22,22,22,22,22
120255,1,1,1989,10,10,10,10,10,10,10,10,10,10
120256,0,1,1989,0,0,18,0,23,22,0,38,0,27
120256,1,1,1989,0,0,0,21,0,0,8,0,0,0
120257,1,1,1989,7,7,7,7,7,7,7,7,7,7
120257,2,1,1989,10,10,10,10,10,10,10,10,10,10
120258,1,1,1989,0,0,0,0,0,0,0,0,0,0
120258,2,1,1989,0,0,0,0,0,0,0,0,0,0
120260,0,1,1989,0,0,0,0,0,0,0,0,0,0
120260,1,1,1989,0,0,0,0,0,0,0,0,0,0
120261,1,1,1989,0,0,0,0,12,0,0,0,0,0
120261,2,1,1989,0,0,0,0,0,0,0,0,0,0
120262,0,1,1989,0,0,0,0,0,0,0,0,0,0
120262,1,1,1989,0,0,0,0,0,0,0,0,0,0
120263,0,1,1989,19,0,50,0,0,0,0,0,0,39
120263,1,1,1989,0,0,0,0,0,0,0,0,0,0
120264,0,1,1989,20,8,17,36,0,0,11,0,21,19
120264,1,1,1989,0,0,0,0,0,0,0,0,0,0
120265,1,1,1989,0,0,0,0,0,0,0,0,0,0
120265,2,1,1989,0,0,0,0,14,0,0,0,0,0
120265,3,1,1989,0,0,0,0,0,0,0,0,0,0
120266,0,1,1989,0,0,0,0,0,0,36,0,0,0
120266,1,1,1989,0,0,0,0,0,0,0,0,0,0
120268,1,1,1989,20,20,20,20,20,20,20,20,20,20
120269,0,1,1989,35,35,35,35,35,35,35,35,35,35
120269,1,1,1989,0,0,23,0,14,7,0,0,0,0
120269,2,1,1989,0,0,0,0,0,0,0,0,0,0
120270,1,1,1989,0,0,14,0,11,0,0,0,0,20
120271,1,1,1989,11,11,11,11,11,11,11,11,11,11
120271,2,1,1989,0,0,0,0,0,0,0,0,0,0
120272,1,1,1989,0,0,0,0,29,0,0,0,18,0
120272,2,1,1989,0,0,0,0,0,0,0,0,0,0
120273,1,1,1989,0,0,0,0,0,0,0,0,0,0
120273,2,1,1989,0,0,0,0,0,0,0,0,0,0
120275,1,1,1989,0,0,0,0,0,0,0,0,0,0
120275,2,1,1989,0,9,0,0,0,0,0,0,0,0
120276,1,1,1989,0,0,0,0,0,0,0,0,0,0
120277,1,1,1989,4,4,4,4,4,4,4,4,4,4
120277,2,1,1989,0,0,0,0,0,0,0,0,0,0
120278,1,1,1989,28,28,28,28,28,28,28,28,28,28
120278,2,1,1989,30,0,0,0,0,0,0,0,0,0
120279,0,1,1989,0,0,0,0,0,0,0,0,0,0
120279,1,1,1989,0,0,0,0,10,0,0,0,0,11
120280,0,1,1989,0,0,0,0,0,0,0,0,0,0
120280,1,1,1989,23,16,7,26,8,16,0,9,10,16
120281,1,1,1989,0,0,0,0,0,0,0,0,0,0
120281,2,1,1989,0,0,0,0,0,0,0,0,0,0
120282,0,1,1989,0,0,0,0,0,0,0,0,0,0
120282,1,1,1989,15,0,5,0,0,0,0,0,0,0
120283,1,1,1989,14,14,14,14,14,14,14,14,14,14
120283,2,1,1989,0,0,0,0,0,0,0,0,0,0
120283,3,1,1989,0,26,0,0,14,0,0,0,0,0
120284,0,1,1989,0,0,0,0,0,0,0,8,0,0
120284,1,1,1989,0,0,0,0,0,0,0,0,0,0
120285,1,1,1989,0,0,0,0,0,0,0,0,0,0
120285,2,1,1989,0,0,0,0,0,0,0,0,0,0
120286,1,1,1989,0,0,0,0,0,0,0,0,0,0
120286,2,1,1989,0,0,0,0,0,0,0,0,0,0
120287,1,1,1989,0,0,0,0,0,0,0,0,0,0
120287,2,1,1989,0,0,0,0,0,0,0,0,0,0
120288,1,1,1989,0,0,0,0,0,0,0,0,0,0
120289,1,1,1989,0,0,0,0,0,0,0,0,0,0
120289,2,1,1989,0,0,0,0,0,0,0,0,0,0
120290,1,1,1989,18,18,18,18,18,18,18,18,18,18
120291,1,1,1989,8,10,26,15,0,9,0,5,10,0
120292,1,1,1989,14,14,14,14,14,14,14,14,14,14
120292,2,1,1989,0,0,0,0,0,14,0,0,0,0
120293,1,1,1989,25,8,15,35,20,25,27,18,0,0
120294,1,1,1989,0,0,0,0,0,0,0,0,0,0
120294,2,1,1989,0,0,0,18,0,0,0,0,0,10
120295,1,1,1989,15,15,15,15,15,15,15,15,15,15
120296,1,1,1989,20,20,20,20,20,20,20,20,20,20
120296,2,1,1989,0,0,0,0,0,0,0,0,0,0
120297,1,1,1989,11,11,11,11,11,11,11,11,11,11
120298,0,1,1989,0,0,0,0,0,0,0,0,0,0
120298,1,1,1989,0,0,0,0,0,0,0,0,0,0
120299,1,1,1989,23,23,23,23,23,23,23,23,23,23
120299,2,1,1989,0,0,0,0,0,0,0,0,0,0
120300,1,1,1989,20,20,20,20,20,20,20,20,20,20
120301,1,1,1989,20,14,0,34,0,12,12,0,16,12
120301,2,1,1989,0,0,0,0,0,0,17,0,0,0
120301,3,1,1989,0,0,0,0,0,0,0,0,0,0
120302,1,1,1989,0,0,15,9,0,0,0,0,0,7
120303,0,1,1989,29,41,12,27,7,10,7,0,21,23
120303,1,1,1989,0,0,0,0,0,0,0,0,0,0
120304,1,1,1989,16,16,16,16,16,16,16,16,16,16