ST_CASE,VEH_NO,PER_NO,YEAR,P1,P2,P3,P4,P5,P6,P7,P8,P9,P10
120567,1,1,1989,0,0,0,0,0,0,0,0,0,0
120568,1,1,1989,0,0,0,0,0,0,0,0,0,0
120568,2,1,1989,0,0,0,0,0,0,0,0,0,0
120568,3,1,1989,0,0,0,0,0,0,0,0,0,0
120568,4,1,1989,0,0,0,0,0,0,0,0,0,0
120569,1,1,1989,14,14,14,0,20,5,22,15,20,20
120571,1,1,1989,19,19,19,19,19,19,19,19,19,19
120571,2,1,1989,22,22,22,22,22,22,22,22,22,22
120572,0,1,1989,23,23,23,23,23,23,23,23,23,23
120572,1,1,1989,0,0,0,0,0,0,0,0,0,0
120573,1,1,1989,7,7,7,7,7,7,7,7,7,7
120573,2,1,1989,0,0,0,0,0,0,0,0,0,0
120574,0,1,1989,0,0,0,0,0,0,0,0,0,0
120574,1,1,1989,0,0,0,0,0,0,0,0,0,0
120575,1,1,1989,0,0,0,0,0,0,0,0,0,0
120575,2,1,1989,0,0,0,0,0,0,0,0,0,0
120576,1,1,1989,20,20,20,20,20,20,20,20,20,20
120577,0,1,1989,0,0,0,0,0,0,0,0,0,0
120577,1,1,1989,0,0,0,0,0,0,0,0,0,0
120578,1,1,1989,21,21,21,21,21,21,21,21,21,21
120578,2,1,1989,0,0,0,0,0,0,0,0,0,0
120579,1,1,1989,7,7,7,7,7,7,7,7,7,7
120579,2,1,1989,0,0,0,0,0,0,0,0,0,0
120580,1,1,1989,0,0,0,0,0,0,0,0,0,0
120580,2,1,1989,0,0,0,0,0,0,0,0,0,0
120581,0,1,1989,3,3,3,3,3,3,3,3,3,3
120581,1,1,1989,0,0,0,0,0,0,0,0,0,0
120582,0,1,1989,0,0,0,0,0,0,0,0,0,0
120582,1,1,1989,9,9,9,9,9,9,9,9,9,9
120583,1,1,1989,2,2,2,2,2,2,2,2,2,2
120583,2,1,1989,2,2,2,2,2,2,2,2,2,2
120584,1,1,1989,23,20,16,11,19,9,26,25,15,26
120584,2,1,1989,4,4,4,4,4,4,4,4,4,4
120585,0,1,1989,24,24,24,24,24,24,24,24,24,24
120585,1,1,1989,3,0,0,0,0,0,0,0,0,0
120586,0,1,1989,4,4,4,4,4,4,4,4,4,4
120586,1,1,1989,0,0,0,0,0,0,0,0,0,0
120587,1,1,1989,0,0,0,0,0,0,0,0,0,0
120588,0,1,1989,36,0,0,23,0,0,41,35,31,0
120588,1,1,1989,0,0,0,0,0,21,0,0,0,0
120589,1,1,1989,25,25,25,25,25,25,25,25,25,25
120589,2,1,1989,0,0,0,0,0,0,0,0,0,0
120590,1,1,1989,15,15,15,15,15,15,15,15,15,15
120591,1,1,1989,16,16,16,16,16,16,16,16,16,16
120591,2,1,1989,0,0,0,0,0,0,13,11,12,5
120591,3,1,1989,9,0,0,0,0,0,0,0,0,0
120592,1,1,1989,21,21,21,21,21,21,21,21,21,21
120592,2,1,1989,0,0,0,0,0,0,0,0,0,0
120593,0,1,1989,0,0,0,0,0,0,0,0,0,0
120593,1,1,1989,12,11,8,8,14,15,20,11,16,10
120594,1,1,1989,20,20,20,20,20,20,20,20,20,20
120596,1,1,1989,26,26,26,26,26,26,26,26,26,26
120597,0,1,1989,20,20,20,20,20,20,20,20,20,20
120597,1,1,1989,0,0,0,0,9,0,0,15,0,0
120598,1,1,1989,26,26,26,26,26,26,26,26,26,26
120598,2,1,1989,13,13,13,13,13,13,13,13,13,13
120599,1,1,1989,30,30,30,30,30,30,30,30,30,30
120600,0,1,1989,21,21,21,21,21,21,21,21,21,21
120600,1,1,1989,0,0,0,0,0,0,0,0,0,0
120601,1,1,1989,0,0,0,0,0,0,0,0,0,0
120601,2,1,1989,0,0,0,0,0,0,0,0,0,0
120602,1,1,1989,14,14,14,14,14,14,14,14,14,14
120603,0,1,1989,0,0,0,0,0,0,0,0,0,0
120603,1,1,1989,0,0,0,0,0,0,0,0,0,0
120604,1,1,1989,0,0,0,0,0,0,0,0,0,0
120604,2,1,1989,0,0,0,0,0,0,0,0,0,0
120605,1,1,1989,32,32,32,32,32,32,32,32,32,32
120606,1,1,1989,0,0,0,0,0,0,0,0,0,0
120606,2,1,1989,0,0,0,0,0,0,0,0,0,0
120607,1,1,1989,16,16,16,16,16,16,16,16,16,16
120608,0,1,1989,0,0,0,0,0,0,0,0,0,0
120608,0,2,1989,0,0,0,0,0,3,0,15,8,0
120608,0,3,1989,0,0,0,0,0,0,0,0,0,0
120608,1,1,1989,0,0,0,0,0,0,0,0,0,0
120608,2,1,1989,0,0,0,0,0,0,0,8,0,0
120609,1,1,1989,0,0,0,0,0,0,0,0,0,0
120609,2,1,1989,0,0,0,0,0,0,0,0,0,0
120610,1,1,1989,0,0,0,0,0,0,0,0,18,0
120610,2,1,1989,0,0,0,0,0,0,0,0,0,0
120611,1,1,1989,0,0,0,0,0,0,0,0,0,0
120611,2,1,1989,0,0,0,0,0,0,0,0,0,0
120612,0,1,1989,0,0,0,0,0,0,0,0,0,0
120612,1,1,1989,0,0,0,0,0,0,0,0,0,0
120613,1,1,1989,0,0,0,0,0,0,0,0,0,0
120613,2,1,1989,0,0,0,0,0,0,0,0,0,0
120614,1,1,1989,25,0,0,0,0,0,0,0,0,7
120615,1,1,1989,8,8,8,8,8,8,8,8,8,8
120615,2,1,1989,0,0,0,0,0,0,0,0,0,0
120616,1,1,1989,17,17,17,17,17,17,17,17,17,17
120616,2,1,1989,6,0,29,0,0,0,0,8,0,17
120617,1,1,1989,35,35,35,35,35,35,35,35,35,35
120617,2,1,1989,0,0,0,0,0,0,0,0,0,0
120618,1,1,1989,3,3,3,3,3,3,3,3,3,3
120619,1,1,1989,16,16,16,16,16,16,16,16,16,16
120619,2,1,1989,0,0,0,0,0,0,0,0,0,0
120620,1,1,1989,0,0,0,11,0,0,17,0,20,0
120620,2,1,1989,0,6,0,0,0,0,0,0,0,0
120621,1,1,1989,13,13,13,13,13,13,13,13,13,13
120622,0,1,1989,0,0,0,0,0,0,0,0,0,0
120622,1,1,1989,0,0,0,0,0,0,0,0,0,0
120623,0,1,1989,20,20,20,20,20,20,20,20,20,20
120623,1,1,1989,0,0,13,0,0,0,0,0,0,0
120625,1,1,1989,0,0,0,0,0,0,0,0,0,0
120626,1,1,1989,22,22,22,22,22,22,22,22,22,22
120627,1,1,1989,0,0,0,0,0,0,0,0,0,0
120628,1,1,1989,29,29,29,29,29,29,29,29,29,29
120629,1,1,1989,25,25,25,25,25,25,25,25,25,25
120630,1,1,1989,22,22,22,22,22,22,22,22,22,22
120631,1,1,1989,0,0,0,22,12,0,0,0,0,0
120632,1,1,1989,0,0,0,0,0,0,0,0,0,0
120632,2,1,1989,0,0,0,0,0,0,0,0,0,0
120633,1,1,1989,0,0,0,0,0,0,0,0,0,0
120633,2,1,1989,0,0,0,0,0,0,0,0,0,0
120634,1,1,1989,0,0,0,0,0,0,0,0,0,0
120634,2,1,1989,12,8,13,40,14,17,23,26,20,0
120635,0,1,1989,0,0,0,0,0,0,0,0,0,0
120635,0,2,1989,0,0,0,0,0,0,0,0,0,0
120635,1,1,1989,21,21,21,21,21,21,21,21,21,21
120636,0,1,1989,0,0,0,0,0,0,0,0,0,0
120636,1,1,1989,13,0,10,0,0,9,0,0,0,0
120637,1,1,1989,0,0,0,0,0,0,0,0,0,0
120637,2,1,1989,0,0,0,0,0,0,0,0,0,0
120637,3,1,1989,0,0,0,0,0,0,0,0,0,0
120638,0,1,1989,15,15,15,15,15,15,15,15,15,15
120638,1,1,1989,8,8,8,8,8,8,8,8,8,8
120639,1,1,1989,0,0,0,0,0,0,0,0,0,0
120639,2,1,1989,0,0,0,0,0,0,0,0,0,0
120640,1,1,1989,0,0,0,0,0,0,0,0,0,0
120640,2,1,1989,0,0,0,0,0,0,0,0,0,0
120641,1,1,1989,0,0,0,0,0,0,0,0,0,0
120641,2,1,1989,0,0,0,0,0,0,0,0,0,0
120642,1,1,1989,0,0,0,0,0,0,0,0,15,0
120643,1,1,1989,24,24,24,24,24,24,24,24,24,24
120643,2,1,1989,0,13,0,0,0,0,0,18,0,0
120644,1,1,1989,17,17,17,17,17,17,17,17,17,17
120644,2,1,1989,0,0,0,0,0,0,0,0,0,0
120645,0,1,1989,0,0,0,0,13,0,0,0,0,0
120645,1,1,1989,0,0,0,0,0,0,0,0,0,0
120646,0,1,1989,0,0,17,18,0,0,18,9,0,0
120646,1,1,1989,19,19,19,19,19,19,19,19,19,19
120647,0,1,1989,14,14,14,14,14,14,14,14,14,14
120647,1,1,1989,0,0,0,0,0,0,0,0,0,0
120648,1,1,1989,4,0,0,0,0,0,24,0,0,0
120648,2,1,1989,0,0,0,0,0,0,0,0,0,0
120648,3,1,1989,0,0,0,0,0,0,0,0,0,0
120649,1,1,1989,29,29,29,29,29,29,29,29,29,29
120649,2,1,1989,0,0,0,0,0,0,0,0,0,0
120650,1,1,1989,17,0,11,14,18,18,18,14,11,12
120651,1,1,1989,24,0,28,0,8,7,0,0,11,8
120651,2,1,1989,0,0,0,0,0,0,0,0,0,0
120652,1,1,1989,0,0,0,0,0,0,0,0,0,0
120652,2,1,1989,0,0,0,0,0,0,0,0,0,0
120653,0,1,1989,0,0,5,0,0,0,0,0,0,0
120653,1,1,1989,0,0,0,0,0,0,0,0,0,0
120653,2,1,1989,0,0,0,0,0,0,22,0,0,0
120654,1,1,1989,21,21,21,21,21,21,21,21,21,21
120655,1,1,1989,0,0,0,0,0,0,0,0,0,0
120655,2,1,1989,0,0,0,0,0,0,0,0,0,0
120656,1,1,1989,6,0,5,0,12,16,0,8,9,7
120656,2,1,1989,0,0,0,0,0,0,0,0,0,0
120657,1,1,1989,0,0,0,0,0,0,0,0,0,0
120658,0,1,1989,0,0,0,0,0,0,0,0,0,0
120658,1,1,1989,0,0,0,4,0,0,0,0,0,0
120659,1,1,1989,0,0,0,0,0,0,0,0,0,0
120659,2,1,1989,0,0,0,0,0,0,0,0,0,0
120661,1,1,1989,23,23,23,23,23,23,23,23,23,23
120661,2,1,1989,0,0,0,0,0,0,0,0,0,0
120662,1,1,1989,0,0,0,0,0,0,0,0,0,0
120662,2,1,1989,12,12,12,12,12,12,12,12,12,12
120663,1,1,1989,0,0,0,0,0,0,0,0,0,0
120663,2,1,1989,0,0,0,0,0,10,0,0,0,0
120664,1,1,1989,11,11,11,11,11,11,11,11,11,11
120664,2,1,1989,0,0,0,0,0,0,0,0,0,0
120665,1,1,1989,0,0,0,0,0,0,0,0,0,0
120665,2,1,1989,0,0,0,0,0,0,0,0,0,0
120666,1,1,1989,30,30,30,30,30,30,30,30,30,30
120667,1,1,1989,0,0,0,0,0,0,0,0,0,0
120667,2,1,1989,0,0,0,0,0,0,0,0,0,0
120668,1,1,1989,0,0,0,0,0,0,0,0,0,0
120669,0,1,1989,0,0,29,0,0,0,0,25,0,0
120669,1,1,1989,0,0,0,0,0,0,0,0,0,0
120670,1,1,1989,27,27,27,27,27,27,27,27,27,27
120671,1,1,1989,0,0,0,0,0,0,0,0,0,0
120671,2,1,1989,0,0,0,0,0,0,0,0,0,0
120672,1,1,1989,16,16,16,16,16,16,16,16,16,16
120674,1,1,1989,29,29,29,29,29,29,29,29,29,29
120674,2,1,1989,0,0,0,0,0,0,0,0,0,0
120675,1,1,1989,22,22,22,22,22,22,22,22,22,22
120676,1,1,1989,6,6,6,6,6,6,6,6,6,6
120676,2,1,1989,0,0,0,0,14,0,0,0,0,0
120677,1,1,1989,0,0,0,0,0,0,0,0,0,0
120677,2,1,1989,30,15,12,14,11,7,15,5,8,14
120678,1,1,1989,10,24,0,5,19,17,12,21,0,12
120679,0,1,1989,0,0,0,0,0,0,0,0,28,0
120679,1,1,1989,0,0,0,0,0,0,0,0,0,0
120680,1,1,1989,0,27,32,0,0,16,17,0,0,0
120681,1,1,1989,0,15,0,0,0,9,0,0,0,0
120682,1,1,1989,18,18,18,18,18,18,18,18,18,18
120682,2,1,1989,0,0,0,0,5,0,0,0,0,0
120683,0,1,1989,0,0,0,27,0,21,0,0,0,0
120683,1,1,1989,0,0,0,0,12,0,0,0,0,0
120684,1,1,1989,0,0,0,0,0,0,0,0,0,0
120684,2,1,1989,0,0,0,0,0,0,0,0,0,0
120685,0,1,1989,18,39,0,18,0,23,22,25,14,10
120685,1,1,1989,13,10,7,23,6,18,0,20,21,7
120686,0,1,1989,0,0,0,0,0,0,0,0,0,0
120686,1,1,1989,0,0,0,0,0,0,0,0,0,0
120687,0,1,1989,0,0,0,0,0,0,0,0,0,0
120687,1,1,1989,0,0,25,0,0,0,0,0,2,0
120688,1,1,1989,16,16,16,16,16,16,16,16,16,16
120689,1,1,1989,25,25,25,25,25,25,25,25,25,25
120689,2,1,1989,0,0,0,0,0,0,0,0,0,0
120690,0,1,1989,0,0,0,0,0,0,0,0,0,0
120690,1,1,1989,0,18,27,19,0,0,31,22,0,0
120691,0,1,1989,28,28,28,28,28,28,28,28,28,28
120691,1,1,1989,0,0,0,0,0,0,0,0,0,0
120692,1,1,1989,0,0,0,0,0,0,0,0,0,0
120693,1,1,1989,0,0,0,0,0,0,0,0,0,0
120693,2,1,1989,0,0,0,0,0,0,0,0,0,0
120693,3,1,1989,0,0,0,0,0,0,0,0,0,0
120694,1,1,1989,22,22,22,22,22,22,22,22,22,22
120694,2,1,1989,0,0,0,0,0,0,0,0,0,0
120695,1,1,1989,16,16,16,16,16,16,16,16,16,16
120695,2,1,1989,0,0,0,0,0,0,0,0,0,0
120696,0,1,1989,0,0,0,0,0,0,0,0,0,0
120696,1,1,1989,0,0,17,0,0,0,0,0,0,0
120697,1,1,1989,0,0,0,0,0,0,0,0,0,0
120697,2,1,1989,0,0,0,0,0,0,0,0,0,0
120698,1,1,1989,23,22,9,15,15,10,23,11,15,18
120699,1,1,1989,0,0,0,0,0,0,4,0,0,0
120699,2,1,1989,0,0,0,0,0,0,0,0,0,0
120700,1,1,1989,0,0,0,0,0,0,0,0,0,0
120700,2,1,1989,0,0,0,0,0,0,0,0,0,0
120701,1,1,1989,0,0,0,0,0,0,0,0,0,37
120702,1,1,1989,19,19,19,19,19,19,19,19,19,19
120703,1,1,1989,0,0,0,0,0,0,0,0,0,0
120703,2,1,1989,0,0,0,0,0,0,0,0,0,0
120704,1,1,1989,0,0,0,0,0,0,0,0,0,0
120705,1,1,1989,12,12,12,12,12,12,12,12,12,12
120705,2,1,1989,3,3,3,3,3,3,3,3,3,3
120706,1,1,1989,0,0,0,0,0,0,0,0,0,12
120706,2,1,1989,14,0,0,0,0,0,0,0,0,5
120707,0,1,1989,34,34,34,34,34,34,34,34,34,34
120707,1,1,1989,0,0,10,13,0,3,0,28,0,0
120708,1,1,1989,21,21,21,21,21,21,21,21,21,21
120709,0,1,1989,31,31,31,31,31,31,31,31,31,31
120709,1,1,1989,0,0,0,0,0,0,0,0,0,0
120710,0,1,1989,27,27,27,27,27,27,27,27,27,27
120710,1,1,1989,17,17,17,17,17,17,17,17,17,17
120711,1,1,1989,14,14,14,14,14,14,14,14,14,14
120712,1,1,1989,0,0,0,0,0,0,0,0,0,0
120713,1,1,1989,0,0,0,12,0,0,0,0,0,0
120713,2,1,1989,0,0,0,0,0,0,0,0,0,0
120714,1,1,1989,22,22,22,22,22,22,22,22,22,22
120715,1,1,1989,0,0,0,0,0,0,0,0,0,0
120715,2,1,1989,0,0,0,0,0,0,0,0,0,0
120715,3,1,1989,0,0,0,0,0,0,0,0,0,0
120716,1,1,1989,0,0,0,0,0,0,0,0,0,0
120717,1,1,1989,10,14,8,13,0,20,32,26,9,18
120717,2,1,1989,7,0,0,0,16,22,0,0,0,0
120718,1,1,1989,17,17,17,17,17,17,17,17,17,17
120719,1,1,1989,26,26,26,26,26,26,26,26,26,26
120719,2,1,1989,0,0,0,0,0,0,0,0,0,0
120720,1,1,1989,19,19,19,19,19,19,19,19,19,19
120721,1,1,1989,17,17,17,17,17,17,17,17,17,17
120722,0,1,1989,37,37,37,37,37,37,37,37,37,37
120722,1,1,1989,0,0,0,0,11,0,0,12,0,0
120722,2,1,1989,0,9,0,0,8,0,9,0,0,0
120723,0,1,1989,0,0,0,0,0,0,0,0,0,0
120723,0,2,1989,0,0,0,0,0,0,0,0,0,0
120723,1,1,1989,10,22,8,20,15,11,9,20,18,11
120724,1,1,1989,3,16,0,7,12,3,9,0,0,7
120724,2,1,1989,0,0,0,0,0,0,12,0,0,0
120725,1,1,1989,16,12,0,0,9,24,19,5,24,23
120725,2,1,1989,22,0,17,7,11,7,3,12,4,10
120726,1,1,1989,0,0,0,0,0,0,0,0,9,0
120726,2,1,1989,0,0,0,0,0,0,0,0,0,0
120727,1,1,1989,0,0,0,0,0,0,0,0,0,0
120727,2,1,1989,0,0,0,0,0,0,0,0,0,0
120727,3,1,1989,0,0,0,0,0,0,0,0,0,0
120727,4,1,1989,0,0,0,0,0,0,0,0,0,0
120728,0,1,1989,23,23,23,23,23,23,23,23,23,23
120728,1,1,1989,0,0,0,0,0,0,23,0,0,0
120729,1,1,1989,9,9,9,9,9,9,9,9,9,9
120729,2,1,1989,0,0,0,0,0,0,0,0,0,0
120730,1,1,1989,0,0,0,0,0,0,0,0,0,0
120730,2,1,1989,0,0,0,0,0,0,0,0,0,0
120731,1,1,1989,30,30,30,30,30,30,30,30,30,30
120732,0,1,1989,0,0,0,0,0,0,0,0,0,0
120732,1,1,1989,0,0,0,0,0,0,6,0,0,0
120733,0,1,1989,12,12,12,12,12,12,12,12,12,12
120733,1,1,1989,0,0,0,0,0,0,0,0,0,0
120734,0,1,1989,0,0,0,0,0,0,0,0,0,0
120734,1,1,1989,0,0,0,0,0,0,0,0,0,0
120735,1,1,1989,0,0,0,0,0,0,0,0,0,0
120736,1,1,1989,21,21,21,21,21,21,21,21,21,21
120737,0,1,1989,0,0,0,0,0,0,0,0,0,26
120737,1,1,1989,0,0,0,0,0,0,0,0,0,0
120738,1,1,1989,0,0,0,0,0,0,0,0,0,0
120739,1,1,1989,0,0,0,0,0,0,0,0,0,0
120739,2,1,1989,0,0,0,0,0,0,0,0,0,0
120740,1,1,1989,8,0,0,10,0,0,14,14,10,0
120741,1,1,1989,0,0,0,17,0,0,0,0,0,0
120742,1,1,1989,7,7,7,7,7,7,7,7,7,7
120742,2,1,1989,0,0,0,5,0,0,0,0,0,0
120743,1,1,1989,0,0,0,0,0,0,0,0,0,0
120744,1,1,1989,0,0,0,0,0,0,0,0,0,0
120744,2,1,1989,0,0,0,0,0,0,0,0,0,0
120745,1,1,1989,16,16,16,16,16,16,16,16,16,16
120745,2,1,1989,0,0,0,0,0,0,0,0,0,0
120746,1,1,1989,0,0,0,0,0,24,0,21,0,0
120746,2,1,1989,0,0,0,4,0,0,0,0,0,0
120747,1,1,1989,23,23,23,23,23,23,23,23,23,23
120748,1,1,1989,20,20,20,20,20,20,20,20,20,20
120749,0,1,1989,33,33,33,33,33,33,33,33,33,33
120749,1,1,1989,6,7,5,0,0,0,0,0,0,0
120750,1,1,1989,0,0,0,0,0,0,0,0,0,0
120751,0,1,1989,0,0,0,22,33,11,8,14,12,0
120751,0,2,1989,10,0,8,30,17,20,0,25,14,0
120751,0,3,1989,0,0,0,0,0,0,0,0,0,0
120751,1,1,1989,20,20,20,20,20,20,20,20,20,20
120752,1,1,1989,18,18,18,18,18,18,18,18,18,18
120753,0,1,1989,23,23,28,27,11,19,21,23,25,25
120753,1,1,1989,0,0,0,0,0,0,0,0,0,0
120754,0,1,1989,0,0,0,0,0,0,0,0,0,0
120754,1,1,1989,0,0,0,0,0,0,0,0,0,0
120755,1,1,1989,8,23,0,14,0,0,9,21,0,0
120756,1,1,1989,24,24,24,24,24,24,24,24,24,24
120757,1,1,1989,0,0,0,0,0,26,0,0,0,0
120757,2,1,1989,0,0,0,0,0,0,0,0,0,0
120758,0,1,1989,0,0,0,0,0,0,0,0,0,0
120758,1,1,1989,0,0,0,0,0,0,0,0,0,0
120759,0,1,1989,34,34,34,34,34,34,34,34,34,34
120759,1,1,1989,0,0,0,0,0,0,0,0,0,0
120760,1,1,1989,21,21,21,21,21,21,21,21,21,21
120761,1,1,1989,16,16,16,16,16,16,16,16,16,16
120761,2,1,1989,23,23,23,23,23,23,23,23,23,23
120762,0,1,1989,23,23,23,23,23,23,23,23,23,23
120762,1,1,1989,3,11,0,25,21,0,11,0,9,19
120763,1,1,1989,15,15,15,15,15,15,15,15,15,15
120763,2,1,1989,0,0,0,0,0,0,0,0,0,0
120764,0,1,1989,22,22,22,22,22,22,22,22,22,22
120764,1,1,1989,0,0,0,0,0,0,22,0,0,17
120765,1,1,1989,32,32,32,32,32,32,32,32,32,32
120766,1,1,1989,0,0,0,0,0,0,0,0,0,0
120766,2,1,1989,0,0,0,0,0,0,0,0,0,0
120767,1,1,1989,0,0,0,0,0,0,0,0,0,0
120767,2,1,1989,0,0,0,0,0,0,0,0,0,0
120768,1,1,1989,22,22,22,22,22,22,22,22,22,22
120769,1,1,1989,0,0,0,0,0,0,0,0,0,0
120770,1,1,1989,0,0,0,0,0,0,0,0,0,0
120770,2,1,1989,0,0,0,0,0,0,0,0,0,0
120771,1,1,1989,0,0,0,0,0,0,0,0,0,0
120772,1,1,1989,5,5,5,5,5,5,5,5,5,5
120772,2,1,1989,0,0,0,0,0,0,0,0,0,0
120773,1,1,1989,16,16,16,16,16,16,16,16,16,16
120774,1,1,1989,0,0,0,0,0,0,0,0,0,0
120776,1,1,1989,0,0,0,0,0,0,0,0,0,0
120776,2,1,1989,0,0,0,0,0,0,0,0,0,0
120777,0,1,1989,0,0,0,0,0,0,17,0,0,0
120777,1,1,1989,0,0,0,0,0,0,0,0,0,0
120778,1,1,1989,0,0,0,0,0,0,0,0,0,0
120778,2,1,1989,15,15,15,15,15,15,15,15,15,15
120779,1,1,1989,0,0,0,0,0,0,0,0,0,0
120780,1,1,1989,0,0,0,0,0,0,0,0,0,0
120780,2,1,1989,0,0,0,0,0,0,0,0,0,0
120781,1,1,1989,24,24,24,24,24,24,24,24,24,24
120781,2,1,1989,0,0,0,18,0,0,0,0,0,0
120782,1,1,1989,15,15,15,15,15,15,15,15,15,15
120782,2,1,1989,0,0,0,0,0,0,0,0,8,0
120783,1,1,1989,0,0,0,0,0,0,0,0,0,0
120783,2,1,1989,10,10,10,10,10,10,10,10,10,10
120783,3,1,1989,0,0,0,0,0,0,0,0,0,0
120784,1,1,1989,0,0,0,0,0,0,0,0,0,0
120784,2,1,1989,0,0,0,0,0,0,0,0,0,0
120785,1,1,1989,18,18,18,18,18,18,18,18,18,18
120786,1,1,1989,0,0,0,0,0,0,0,0,0,0
120786,2,1,1989,0,0,0,0,0,0,0,0,0,14
120787,1,1,1989,38,0,0,0,0,0,25,0,0,0
120787,2,1,1989,0,0,0,0,0,0,0,0,0,0
120788,1,1,1989,0,0,0,0,0,0,0,0,0,0
120788,2,1,1989,0,0,0,0,0,0,0,0,0,0
120789,1,1,1989,0,0,0,0,0,0,0,0,0,0
120789,2,1,1989,16,16,16,16,16,16,16,16,16,16
120790,1,1,1989,0,0,0,0,0,0,0,0,0,0
120790,2,1,1989,0,0,0,0,0,0,0,0,0,0
120791,1,1,1989,0,0,0,0,0,0,0,0,0,0
120792,1,1,1989,36,36,36,36,36,36,36,36,36,36
120792,2,1,1989,0,15,0,0,0,0,0,0,0,0
120794,0,1,1989,19,19,19,19,19,19,19,19,19,19
120794,1,1,1989,0,0,0,1,11,0,0,0,17,5
120795,0,1,1989,0,0,0,0,0,0,0,0,0,0
120795,1,1,1989,0,0,0,0,0,0,0,0,0,0
120796,1,1,1989,25,25,25,25,25,25,25,25,25,25
120797,1,1,1989,0,12,0,0,0,12,0,0,17,24
120797,2,1,1989,0,0,0,0,0,0,0,0,0,0
120798,1,1,1989,0,0,0,0,0,0,0,0,0,0
120798,2,1,1989,0,0,0,0,0,0,0,0,0,0
120798,3,1,1989,0,0,0,0,0,0,33,0,14,0
120799,0,1,1989,20,0,0,0,0,35,0,0,0,0
120799,1,1,1989,0,0,0,0,0,0,0,0,0,0
120800,1,1,1989,0,0,0,0,0,0,0,0,0,0
120801,1,1,1989,0,0,0,0,0,0,18,0,0,0
120801,2,1,1989,0,0,0,0,0,0,0,0,0,0
120802,1,1,1989,0,0,0,0,0,0,0,0,0,0
120802,2,1,1989,30,25,31,20,0,16,17,0,6,30
120803,0,1,1989,0,0,0,0,0,0,0,0,0,0
120803,1,1,1989,3,3,3,3,3,3,3,3,3,3
120804,1,1,1989,34,34,34,34,34,34,34,34,34,34
120805,1,1,1989,0,0,0,0,0,0,0,0,0,0
120805,2,1,1989,0,0,0,0,0,0,0,0,0,0
120806,1,1,1989,11,11,11,11,11,11,11,11,11,11
120806,2,1,1989,11,11,11,11,11,11,11,11,11,11
120806,3,1,1989,0,0,0,0,0,0,8,0,0,0
120807,1,1,1989,0,0,0,0,0,0,0,0,0,0
120808,0,1,1989,1,1,1,1,1,1,1,1,1,1
120808,0,2,1989,1,1,1,1,1,1,1,1,1,1
120808,0,3,1989,0,0,0,0,0,0,0,0,0,0
120808,1,1,1989,14,14,14,14,14,14,14,14,14,14
120809,1,1,1989,3,3,3,3,3,3,3,3,3,3
120809,2,1,1989,0,0,0,0,0,0,0,0,0,0
120810,1,1,1989,0,0,0,0,0,0,0,0,0,0
120811,1,1,1989,3,3,3,3,3,3,3,3,3,3
120811,2,1,1989,0,0,0,0,0,0,0,0,0,0
120812,0,1,1989,16,16,16,16,16,16,16,16,16,16
120812,1,1,1989,0,0,7,0,6,0,0,0,0,20
120813,1,1,1989,0,0,0,21,0,0,10,3,14,23
120814,1,1,1989,16,16,16,16,16,16,16,16,16,16
120814,2,1,1989,0,0,0,0,0,0,0,0,0,0
120815,0,1,1989,0,0,0,0,0,0,0,0,0,0
120815,1,1,1989,17,17,20,11,21,10,36,12,14,10
120816,1,1,1989,0,0,0,0,0,0,0,0,0,0
120816,2,1,1989,0,0,0,5,0,0,0,0,0,3
120817,1,1,1989,14,14,14,14,14,14,14,14,14,14
120817,2,1,1989,0,0,0,0,0,0,0,0,0,0
120820,0,1,1989,0,0,0,0,0,0,0,0,0,0
120820,1,1,1989,0,0,0,0,0,0,0,0,0,0
120821,1,1,1989,10,10,10,10,10,10,10,10,10,10
120822,1,1,1989,0,0,0,0,0,0,0,0,0,0
120823,1,1,1989,0,0,0,0,0,0,0,0,0,0
120823,2,1,1989,0,0,0,0,0,0,0,0,0,0
120824,0,1,1989,0,0,0,0,0,0,0,0,0,0
120824,1,1,1989,0,0,0,0,0,0,0,0,0,0
120825,0,1,1989,0,0,0,0,0,0,0,0,0,0
120825,1,1,1989,0,0,0,0,0,0,0,0,0,0
120826,1,1,1989,0,0,0,0,0,0,0,0,0,0
120826,2,1,1989,0,0,0,0,0,0,0,0,0,0
120827,0,1,1989,0,0,0,0,0,0,0,0,0,0
120827,1,1,1989,0,0,0,0,0,0,0,0,0,0
120828,1,1,1989,0,0,0,0,0,7,0,0,0,0
120828,2,1,1989,0,0,0,0,0,0,0,0,0,0
120829,1,1,1989,22,22,22,22,22,22,22,22,22,22
120829,2,1,1989,0,0,0,0,0,0,0,0,0,0
120830,1,1,1989,25,25,25,25,25,25,25,25,25,25
120830,2,1,1989,0,0,0,0,0,0,0,0,0,0
120831,1,1,1989,23,23,23,23,23,23,23,23,23,23
120831,2,1,1989,0,0,0,0,0,0,0,0,0,0