ST_CASE,VEH_NO,PER_NO,YEAR,P1,P2,P3,P4,P5,P6,P7,P8,P9,P10
120833,0,1,1989,19,0,12,0,0,25,0,0,0,0
120833,3,1,1989,0,0,0,0,0,0,0,0,0,0
120834,1,1,1989,12,12,12,12,12,12,12,12,12,12
120834,2,1,1989,8,27,20,15,19,9,5,17,10,11
120835,0,1,1989,30,30,30,30,30,30,30,30,30,30
120835,1,1,1989,0,12,0,0,0,0,0,0,0,0
120836,1,1,1989,0,0,0,0,0,0,0,0,0,0
120837,1,1,1989,20,20,20,20,20,20,20,20,20,20
120838,1,1,1989,0,0,0,0,0,0,0,0,0,0
120838,2,1,1989,0,0,0,0,0,0,0,0,0,0
120839,1,1,1989,11,0,0,0,0,0,0,0,0,0
120839,2,1,1989,0,0,0,0,0,0,0,0,0,0
120839,3,1,1989,0,0,0,0,0,0,0,0,0,0
120840,0,1,1989,12,18,12,0,0,0,0,0,6,0
120840,0,2,1989,0,0,0,0,0,0,0,0,0,0
120840,1,1,1989,0,0,0,0,0,0,0,0,0,0
120841,0,1,1989,31,31,31,31,31,31,31,31,31,31
120841,1,1,1989,0,0,0,0,0,0,0,0,0,0
120841,2,1,1989,10,0,26,0,9,0,0,26,0,3
120842,1,1,1989,0,0,0,0,0,0,0,0,0,0
120842,2,1,1989,0,0,0,0,0,0,0,0,0,0
120843,0,1,1989,0,0,0,0,0,0,0,0,0,0
120843,1,1,1989,12,12,12,12,12,12,12,12,12,12
120844,1,1,1989,11,11,11,11,11,11,11,11,11,11
120844,2,1,1989,0,0,0,0,0,0,0,0,0,0
120845,1,1,1989,11,11,11,11,11,11,11,11,11,11
120846,1,1,1989,12,12,12,12,12,12,12,12,12,12
120847,1,1,1989,19,19,19,19,19,19,19,19,19,19
120848,1,1,1989,0,0,0,0,0,0,0,0,0,0
120849,1,1,1989,0,23,0,15,0,16,7,17,0,0
120849,2,1,1989,0,0,0,0,0,0,0,0,0,0
120850,1,1,1989,19,19,19,19,19,19,19,19,19,19
120850,2,1,1989,0,0,0,0,0,0,0,0,0,0
120851,1,1,1989,0,0,0,0,0,0,0,0,0,0
120852,0,1,1989,0,0,0,0,0,0,0,0,0,0
120852,1,1,1989,0,0,0,0,0,0,0,0,0,0
120853,1,1,1989,23,23,23,23,23,23,23,23,23,23
120853,2,1,1989,0,0,0,0,0,0,0,0,0,0
120854,1,1,1989,9,9,9,9,9,9,9,9,9,9
120855,0,1,1989,24,24,24,24,24,24,24,24,24,24
120855,1,1,1989,0,0,0,0,0,0,0,0,0,0
120856,1,1,1989,0,0,0,0,0,0,0,0,0,0
120857,1,1,1989,0,0,0,0,0,0,0,0,0,0
120857,2,1,1989,0,0,0,0,0,0,0,0,0,0
120857,3,1,1989,0,0,0,0,0,0,0,0,0,0
120858,0,1,1989,0,0,0,9,0,0,0,0,0,0
120858,1,1,1989,0,0,0,0,0,0,0,14,0,0
120859,1,1,1989,27,12,18,20,5,26,0,16,25,0
120860,0,1,1989,0,0,0,0,0,0,0,0,0,0
120860,1,1,1989,0,0,0,0,0,0,0,0,0,0
120861,1,1,1989,20,20,20,20,20,20,20,20,20,20
120861,2,1,1989,0,0,0,0,0,0,0,0,0,0
120862,0,1,1989,9,0,0,0,16,0,8,24,9,21
120862,1,1,1989,14,14,7,20,6,11,6,14,7,8
120863,1,1,1989,0,0,0,0,0,0,0,0,0,0
120863,2,1,1989,0,0,0,0,0,0,0,0,0,0
120864,1,1,1989,0,0,0,0,0,0,0,0,0,0
120864,2,1,1989,0,0,0,0,0,0,0,0,0,0
120865,1,1,1989,0,0,0,0,0,0,0,0,0,0
120865,2,1,1989,0,0,0,0,0,0,0,0,0,0
120865,3,1,1989,0,0,0,0,0,0,0,0,0,0
120866,1,1,1989,0,0,0,0,0,0,0,0,0,0
120866,2,1,1989,0,0,0,0,0,0,0,0,0,0
120867,1,1,1989,0,0,0,0,0,0,0,14,13,0
120868,1,1,1989,22,0,0,13,0,0,3,0,0,23
120868,2,1,1989,0,0,0,0,0,0,0,0,0,0
120868,3,1,1989,0,8,4,0,0,0,0,0,16,21
120868,4,1,1989,0,0,0,0,0,0,0,0,0,0
120869,1,1,1989,13,5,2,9,13,18,15,10,5,0
120869,2,1,1989,0,6,0,0,0,0,0,0,0,0
120870,1,1,1989,0,0,0,0,0,0,0,0,0,0
120871,0,1,1989,0,0,0,0,0,0,0,0,0,0
120871,1,1,1989,0,0,0,0,0,0,0,0,0,0
120872,0,1,1989,32,21,0,0,0,0,0,20,11,0
120872,1,1,1989,0,0,0,0,0,0,0,0,0,0
120873,0,1,1989,0,26,0,0,23,12,7,0,4,0
120873,1,1,1989,7,0,4,0,0,0,0,0,2,11
120874,0,1,1989,18,23,35,30,14,12,14,19,23,0
120874,1,1,1989,0,0,0,0,0,0,0,0,0,0
120876,1,1,1989,0,0,0,0,0,0,0,0,0,0
120876,2,1,1989,6,6,6,6,6,6,6,6,6,6
120877,1,1,1989,0,0,0,0,0,0,0,0,0,0
120877,2,1,1989,0,0,0,0,0,0,0,0,0,0
120878,1,1,1989,18,18,18,18,18,18,18,18,18,18
120879,1,1,1989,0,0,0,0,0,0,0,0,0,0
120879,2,1,1989,15,15,15,15,15,15,15,15,15,15
120880,1,1,1989,0,0,0,0,0,0,0,0,0,0
120880,2,1,1989,0,0,0,0,0,0,0,0,0,0
120881,1,1,1989,0,0,0,0,0,0,0,0,0,0
120881,2,1,1989,0,0,0,0,0,12,0,0,0,0
120882,1,1,1989,32,11,7,0,10,0,11,22,9,10
120882,2,1,1989,13,13,13,13,13,13,13,13,13,13
120883,1,1,1989,0,0,0,0,0,0,0,0,22,0
120883,2,1,1989,0,0,0,0,0,0,0,0,0,0
120884,0,1,1989,8,8,8,8,8,8,8,8,8,8
120884,1,1,1989,0,14,0,0,0,0,0,0,0,0
120885,1,1,1989,21,21,21,21,21,21,21,21,21,21
120885,2,1,1989,0,0,0,0,0,0,0,0,0,0
120886,0,1,1989,9,9,9,9,9,9,9,9,9,9
120886,1,1,1989,0,0,0,0,0,0,0,0,0,0
120887,1,1,1989,0,0,0,0,0,0,0,0,0,0
120887,2,1,1989,0,0,0,0,0,0,0,0,0,0
120888,0,1,1989,0,0,0,0,0,0,0,0,0,0
120888,1,1,1989,0,0,0,0,0,0,19,0,0,0
120888,2,1,1989,0,0,0,6,0,0,0,0,0,0
120889,1,1,1989,16,16,16,16,16,16,16,16,16,16
120889,2,1,1989,0,0,0,0,0,0,0,0,0,0
120890,1,1,1989,18,18,18,18,18,18,18,18,18,18
120891,1,1,1989,0,0,0,0,0,0,0,0,0,0
120891,2,1,1989,10,10,10,10,10,10,10,10,10,10
120892,1,1,1989,0,0,0,4,0,9,16,0,0,0
120893,1,1,1989,20,20,20,20,20,20,20,20,20,20
120894,1,1,1989,0,0,0,0,0,0,0,0,0,0
120895,1,1,1989,3,3,3,3,3,3,3,3,3,3
120896,1,1,1989,0,0,0,0,0,0,0,0,0,0
120896,2,1,1989,0,0,0,0,0,0,0,0,0,0
120897,1,1,1989,20,20,20,20,20,20,20,20,20,20
120898,1,1,1989,0,0,0,0,0,0,0,0,0,0
120899,1,1,1989,12,12,12,12,12,12,12,12,12,12
120900,0,1,1989,19,19,19,19,19,19,19,19,19,19
120900,1,1,1989,0,0,0,0,0,0,0,0,0,0
120901,1,1,1989,0,0,0,7,0,0,0,0,0,0
120901,2,1,1989,0,0,0,0,0,0,0,0,0,0
120902,0,1,1989,0,0,0,0,0,0,0,0,0,0
120902,1,1,1989,0,0,0,0,0,0,0,0,0,0
120903,0,1,1989,0,0,20,0,0,0,30,17,0,0
120903,1,1,1989,0,0,0,0,0,0,0,0,0,0
120904,0,1,1989,0,0,0,0,0,0,0,0,0,0
120904,1,1,1989,0,0,0,0,0,0,0,0,0,0
120905,0,1,1989,16,11,0,0,0,13,0,12,20,22
120905,1,1,1989,0,0,0,0,2,0,0,0,0,0
120906,1,1,1989,0,0,0,0,0,0,0,0,0,0
120906,2,1,1989,0,0,0,0,0,0,0,0,0,0
120907,1,1,1989,32,32,32,32,32,32,32,32,32,32
120908,1,1,1989,0,0,0,0,0,0,0,0,0,0
120908,2,1,1989,0,0,0,0,0,0,0,0,0,0
120909,1,1,1989,0,0,0,0,0,0,0,0,0,0
120909,2,1,1989,0,0,0,0,0,0,0,0,0,0
120910,0,1,1989,0,0,0,0,0,0,0,0,0,0
120910,1,1,1989,0,0,0,0,0,12,0,0,0,0
120911,1,1,1989,0,0,0,0,0,0,0,0,0,0
120912,1,1,1989,0,0,0,0,0,0,0,0,0,0
120912,2,1,1989,0,0,0,0,15,0,0,0,0,0
120913,0,1,1989,34,34,34,34,34,34,34,34,34,34
120913,1,1,1989,0,2,0,0,0,0,0,0,0,0
120914,1,1,1989,0,0,0,0,0,0,0,0,0,0
120914,2,1,1989,0,0,0,0,0,0,0,0,0,0
120914,3,1,1989,0,0,0,0,0,0,0,0,0,0
120915,0,1,1989,5,5,5,5,5,5,5,5,5,5
120915,1,1,1989,0,0,0,0,0,0,0,0,0,0
120916,0,1,1989,0,0,0,0,0,0,0,0,0,0
120916,1,1,1989,0,0,0,0,0,0,0,0,0,0
120917,0,1,1989,0,0,0,0,0,0,0,0,0,0
120917,1,1,1989,0,0,0,0,0,0,0,0,0,0
120919,0,1,1989,0,0,0,0,0,0,0,0,11,0
120919,1,1,1989,9,0,0,0,0,0,0,0,0,0
120920,1,1,1989,11,11,11,11,11,11,11,11,11,11
120921,1,1,1989,29,29,29,29,29,29,29,29,29,29
120921,2,1,1989,0,0,0,0,0,0,0,0,0,0
120922,0,1,1989,0,0,0,0,0,0,0,0,0,0
120922,1,1,1989,0,0,0,0,0,0,0,0,0,0
120923,1,1,1989,0,0,0,0,0,0,0,0,0,0
120923,2,1,1989,0,0,0,0,0,0,0,0,0,0
120924,1,1,1989,21,21,21,21,21,21,21,21,21,21
120925,1,1,1989,25,25,25,25,25,25,25,25,25,25
120926,1,1,1989,0,0,0,0,0,0,0,0,0,0
120926,2,1,1989,0,0,0,0,0,0,0,0,0,0
120927,1,1,1989,0,0,0,0,0,0,0,0,0,0
120927,2,1,1989,0,0,0,0,0,0,0,0,0,0
120928,1,1,1989,19,19,19,19,19,19,19,19,19,19
120929,1,1,1989,0,0,0,0,0,0,0,0,0,0
120929,2,1,1989,0,0,0,0,0,0,0,0,3,0
120930,0,1,1989,27,27,27,27,27,27,27,27,27,27
120930,1,1,1989,0,0,0,4,0,0,0,0,0,0
120931,1,1,1989,25,25,25,25,25,25,25,25,25,25
120931,2,1,1989,0,0,0,0,0,0,0,0,0,0
120931,3,1,1989,10,0,9,22,21,11,12,13,0,9
120932,0,1,1989,22,22,22,22,22,22,22,22,22,22
120932,1,1,1989,0,6,0,0,10,0,14,0,0,27
120933,1,1,1989,15,15,15,15,15,15,15,15,15,15
120934,1,1,1989,0,0,0,0,0,0,0,0,0,0
120934,2,1,1989,0,0,0,0,0,0,0,0,0,0
120935,1,1,1989,0,0,0,0,0,0,0,0,0,0
120935,2,1,1989,0,0,0,0,0,0,0,0,0,0
120935,3,1,1989,0,0,0,0,0,0,14,0,0,0
120936,1,1,1989,15,15,15,15,15,15,15,15,15,15
120937,0,1,1989,6,6,6,6,6,6,6,6,6,6
120937,1,1,1989,0,0,0,0,0,0,0,0,8,0
120938,1,1,1989,10,10,10,10,10,10,10,10,10,10
120938,2,1,1989,0,0,0,14,0,0,0,0,0,0
120939,1,1,1989,17,17,17,17,17,17,17,17,17,17
120940,1,1,1989,0,0,0,0,0,0,0,0,0,0
120940,2,1,1989,0,0,0,0,0,0,0,0,0,0
120941,1,1,1989,16,16,16,16,16,16,16,16,16,16
120942,0,1,1989,22,0,51,24,0,0,0,0,0,18
120942,1,1,1989,3,0,0,0,0,0,0,0,0,0
120943,1,1,1989,23,23,23,23,23,23,23,23,23,23
120944,1,1,1989,0,0,0,0,0,0,0,0,0,0
120945,1,1,1989,0,0,0,0,0,0,0,0,0,0
120945,2,1,1989,0,0,0,0,0,0,0,0,0,0
120946,1,1,1989,0,0,0,0,0,0,0,0,0,0
120947,1,1,1989,0,0,0,0,0,0,0,0,0,0
120947,2,1,1989,0,0,0,0,0,0,0,0,0,0
120948,1,1,1989,0,0,0,0,0,0,0,0,0,0
120949,1,1,1989,10,10,10,10,10,10,10,10,10,10
120950,1,1,1989,11,11,11,11,11,11,11,11,11,11
120951,1,1,1989,0,0,0,0,0,0,21,0,0,0
120951,2,1,1989,3,12,0,12,21,12,13,0,20,8
120952,1,1,1989,0,0,0,0,0,0,0,0,0,0
120953,1,1,1989,0,0,0,0,0,0,0,0,0,0
120953,2,1,1989,0,0,0,0,0,0,0,0,0,0
120953,3,1,1989,0,0,0,0,0,0,0,0,0,0
120954,1,1,1989,23,23,23,23,23,23,23,23,23,23
120955,0,1,1989,0,0,0,0,0,0,0,0,0,0
120955,1,1,1989,0,0,0,0,0,0,0,0,0,0
120956,1,1,1989,24,24,24,24,24,24,24,24,24,24
120956,2,1,1989,0,0,0,0,0,0,0,0,0,0
120957,1,1,1989,0,0,0,0,0,0,0,0,0,0
120957,2,1,1989,0,0,0,0,0,0,0,0,0,0
120957,3,1,1989,0,0,0,0,0,0,0,0,0,0
120958,1,1,1989,26,26,26,26,26,26,26,26,26,26
120958,2,1,1989,0,0,0,0,0,0,0,0,0,0
120959,1,1,1989,0,0,0,0,0,0,0,0,0,0
120959,2,1,1989,0,0,0,0,0,0,0,0,0,0
120960,1,1,1989,16,16,16,16,16,16,16,16,16,16
120960,2,1,1989,0,0,0,0,0,0,0,0,0,0
120961,1,1,1989,0,0,0,0,0,19,0,0,0,0
120961,2,1,1989,0,0,0,0,0,0,0,0,0,0
120962,1,1,1989,15,15,15,15,15,15,15,15,15,15
120962,2,1,1989,11,21,19,32,13,25,22,9,27,21
120963,1,1,1989,0,0,0,0,0,0,0,0,0,0
120963,2,1,1989,0,0,0,0,0,0,0,0,0,0
120963,3,1,1989,0,0,0,0,0,0,0,0,0,0
120965,1,1,1989,0,0,0,0,0,0,0,0,0,0
120968,1,1,1989,0,0,0,0,0,0,0,0,0,0
120968,2,1,1989,0,0,0,0,0,0,0,0,0,0
120969,1,1,1989,19,19,19,19,19,19,19,19,19,19
120970,1,1,1989,0,0,0,0,0,0,0,0,19,0
120971,0,1,1989,0,0,0,0,0,0,0,0,0,0
120971,1,1,1989,0,0,0,0,0,0,0,0,0,0
120972,1,1,1989,3,3,3,3,3,3,3,3,3,3
120972,2,1,1989,0,0,0,0,0,0,0,0,0,0
120973,1,1,1989,0,0,0,0,0,0,0,0,0,0
120973,2,1,1989,0,0,9,0,0,0,0,0,0,0
120974,0,1,1989,0,0,0,0,0,0,0,0,0,0
120974,1,1,1989,17,8,0,0,0,0,7,0,7,0
120975,1,1,1989,0,0,0,0,0,0,0,0,0,0
120976,1,1,1989,0,0,0,0,0,0,0,0,0,0
120976,2,1,1989,0,0,0,0,0,0,9,0,0,0
120978,0,1,1989,19,0,0,31,17,0,0,18,14,19
120978,1,1,1989,0,6,0,0,0,14,0,0,0,3
120979,0,1,1989,20,20,20,20,20,20,20,20,20,20
120979,1,1,1989,3,3,3,3,3,3,3,3,3,3
120980,0,1,1989,15,0,19,14,0,0,0,0,11,0
120980,1,1,1989,0,0,0,0,0,0,0,0,0,0
120981,1,1,1989,0,0,0,0,0,0,0,0,0,0
120981,2,1,1989,0,0,0,0,0,0,0,0,0,0
120982,1,1,1989,6,19,15,0,0,13,18,5,5,11
120983,1,1,1989,13,17,22,21,5,12,30,0,10,21
120984,0,1,1989,8,0,0,0,0,0,0,4,7,24
120984,1,1,1989,0,0,0,0,0,0,0,0,0,0
120985,0,1,1989,0,0,0,0,0,0,0,0,0,0
120985,1,1,1989,0,0,0,0,0,0,0,0,0,0
120986,1,1,1989,0,0,0,0,0,0,0,0,0,0
120986,2,1,1989,0,0,0,0,0,0,0,0,0,0
120987,1,1,1989,0,0,0,0,0,0,0,0,0,0
120988,1,1,1989,0,0,0,0,0,0,0,0,0,0
120989,1,1,1989,0,0,0,0,0,0,0,0,0,0
120989,2,1,1989,0,0,0,0,0,0,0,0,0,0
120990,1,1,1989,0,0,0,0,0,0,0,0,0,0
120991,1,1,1989,0,0,0,0,0,0,0,0,0,0
120991,2,1,1989,0,0,0,0,0,0,0,0,0,0
120991,3,1,1989,0,0,0,0,0,0,0,0,0,0
120992,1,1,1989,0,0,0,0,0,0,0,0,0,0
120993,1,1,1989,0,0,0,0,0,0,0,0,0,0
120994,1,1,1989,0,0,0,0,0,0,0,0,0,0
120994,2,1,1989,0,0,0,0,0,0,0,0,0,0
120995,1,1,1989,0,0,0,0,0,0,0,0,0,0
120996,0,1,1989,17,17,17,17,17,17,17,17,17,17
120996,1,1,1989,0,0,0,0,0,0,0,0,0,0
120997,1,1,1989,13,13,13,13,13,13,13,13,13,13
120997,2,1,1989,0,0,0,0,0,0,0,0,0,0
120998,1,1,1989,13,13,13,13,13,13,13,13,13,13
120998,2,1,1989,0,0,0,0,0,0,0,0,0,0
120999,1,1,1989,0,0,0,0,0,0,0,0,0,0
120999,2,1,1989,21,0,0,0,0,0,15,0,0,0
121000,1,1,1989,0,0,0,0,0,12,0,0,0,0
121000,2,1,1989,0,0,0,0,0,0,0,0,0,0
121000,3,1,1989,0,0,0,0,4,0,0,0,0,0
121000,4,1,1989,0,0,0,0,0,0,0,0,0,0
121000,5,1,1989,0,0,0,0,0,0,0,0,0,0
121000,6,1,1989,0,0,0,0,0,0,0,0,0,0
121000,7,1,1989,0,0,0,0,0,0,0,0,0,0
121001,1,1,1989,28,28,28,28,28,28,28,28,28,28
121002,0,1,1989,0,0,0,0,0,0,0,0,0,0
121002,1,1,1989,17,0,0,7,0,0,0,0,0,0
121003,1,1,1989,0,0,0,0,0,0,0,0,0,0
121003,2,1,1989,13,0,0,0,0,0,0,0,0,0
121004,0,1,1989,0,0,0,28,0,18,0,0,8,0
121004,1,1,1989,0,0,0,0,0,0,0,0,0,0
121005,1,1,1989,0,0,0,0,0,0,0,0,0,0
121006,1,1,1989,0,0,0,0,0,0,0,0,0,0
121006,2,1,1989,0,0,0,0,0,0,0,0,0,0
121008,1,1,1989,0,0,0,0,0,0,0,0,0,0
121008,2,1,1989,6,6,6,6,6,6,6,6,6,6
121008,3,1,1989,21,21,21,21,21,21,21,21,21,21
121009,0,1,1989,0,0,0,0,0,0,0,0,0,0
121009,1,1,1989,0,0,0,0,0,0,0,0,0,0
121010,1,1,1989,15,15,15,15,15,15,15,15,15,15
121010,2,1,1989,19,19,19,19,19,19,19,19,19,19
121011,1,1,1989,9,9,9,9,9,9,9,9,9,9
121012,0,1,1989,22,22,22,22,22,22,22,22,22,22
121012,1,1,1989,0,0,0,0,0,0,0,0,0,0
121013,1,1,1989,0,0,0,0,0,0,0,0,0,0
121013,2,1,1989,0,0,0,0,0,0,0,0,0,0
121014,1,1,1989,14,19,14,29,18,29,19,21,27,22
121015,1,1,1989,0,0,0,0,0,0,0,0,0,0
121016,1,1,1989,17,17,17,17,17,17,17,17,17,17
121016,2,1,1989,21,21,21,21,21,21,21,21,21,21
121017,1,1,1989,14,14,14,14,14,14,14,14,14,14
121018,1,1,1989,0,0,0,0,0,0,0,0,0,0
121018,2,1,1989,0,0,0,0,0,0,0,0,0,0
121019,1,1,1989,0,0,0,0,0,0,0,0,0,0
121019,2,1,1989,5,0,0,0,0,0,0,0,0,0
121019,3,1,1989,0,0,0,0,0,0,0,0,0,0
121020,1,1,1989,28,28,28,28,28,28,28,28,28,28
121021,1,1,1989,0,0,0,0,0,0,0,0,0,0
121022,1,1,1989,0,0,0,0,0,0,0,0,0,0
121022,2,1,1989,8,8,8,8,8,8,8,8,8,8
121023,0,1,1989,0,0,0,0,0,0,0,26,0,0
121023,1,1,1989,0,0,0,0,0,0,0,0,0,0
121024,1,1,1989,0,0,0,0,0,0,0,0,0,0
121024,2,1,1989,0,0,0,0,0,0,0,0,0,0
121025,1,1,1989,0,0,0,0,0,0,0,0,0,0
121025,2,1,1989,0,0,0,0,0,0,0,0,0,0
121026,1,1,1989,23,23,23,23,23,23,23,23,23,23
121027,1,1,1989,0,0,0,0,0,0,0,0,0,0
121027,2,1,1989,0,0,0,0,0,0,0,0,0,0
121027,3,1,1989,0,0,0,0,0,0,0,0,0,0
121028,1,1,1989,0,0,0,0,0,0,0,0,0,0
121028,2,1,1989,4,0,0,0,0,0,0,0,0,0
121029,1,1,1989,27,27,27,27,27,27,27,27,27,27
121030,1,1,1989,0,0,0,0,0,0,0,0,0,0
121030,2,1,1989,0,0,0,0,0,0,0,0,0,0
121031,1,1,1989,0,0,0,0,0,0,0,0,0,0
121031,2,1,1989,0,0,0,0,0,0,0,0,0,0
121032,0,1,1989,0,0,0,0,0,0,0,0,0,0
121032,1,1,1989,0,0,0,0,0,0,0,0,0,0
121033,0,1,1989,23,23,23,23,23,23,23,23,23,23
121033,1,1,1989,0,0,0,0,0,0,0,0,0,0
121034,1,1,1989,0,0,0,0,0,0,0,0,0,0
121034,2,1,1989,0,0,0,0,0,0,0,0,0,0
121035,0,1,1989,4,4,4,4,4,4,4,4,4,4
121035,1,1,1989,4,4,4,4,4,4,4,4,4,4
121036,0,1,1989,6,6,6,6,6,6,6,6,6,6
121036,1,1,1989,9,9,9,9,9,9,9,9,9,9
121037,1,1,1989,17,17,17,17,17,17,17,17,17,17
121037,2,1,1989,0,0,0,0,0,0,0,0,0,0
121038,1,1,1989,0,0,0,0,0,0,0,0,0,0
121038,2,1,1989,0,0,0,0,0,0,0,0,0,0
121039,1,1,1989,0,0,0,0,0,0,0,0,0,0
121039,2,1,1989,0,0,0,0,0,0,0,0,0,0
121040,0,1,1989,30,30,30,30,30,30,30,30,30,30
121040,1,1,1989,0,0,0,0,0,0,0,0,0,0
121040,2,1,1989,30,30,30,30,30,30,30,30,30,30
121041,1,1,1989,0,0,0,0,0,0,0,0,0,0
121042,0,1,1989,18,18,18,18,18,18,18,18,18,18
121042,1,1,1989,0,0,0,0,0,17,0,0,0,0
121043,1,1,1989,0,0,0,0,0,0,0,0,0,0
121044,1,1,1989,12,12,12,12,12,12,12,12,12,12
121045,1,1,1989,18,18,18,18,18,18,18,18,18,18
121045,2,1,1989,0,0,0,0,0,0,0,0,0,0
121046,1,1,1989,0,0,0,0,0,0,0,0,0,0
121046,2,1,1989,0,0,20,0,0,0,0,0,0,0
121047,0,1,1989,1,1,1,1,1,1,1,1,1,1
121047,1,1,1989,0,0,4,0,13,0,0,0,0,0
121048,0,1,1989,15,0,8,0,21,0,0,30,11,45
121048,1,1,1989,30,0,0,0,21,0,0,12,0,0
121049,1,1,1989,47,47,47,47,47,47,47,47,47,47
121050,1,1,1989,0,0,0,0,0,0,0,0,0,0
121051,1,1,1989,18,18,18,18,18,18,18,18,18,18
121051,2,1,1989,0,0,0,0,0,0,0,0,0,0
121052,0,1,1989,14,14,14,14,14,14,14,14,14,14
121052,1,1,1989,0,0,0,6,0,0,0,0,0,0
121053,1,1,1989,15,15,15,15,15,15,15,15,15,15
121054,0,1,1989,0,0,0,0,0,0,0,0,0,0
121054,1,1,1989,23,23,23,23,23,23,23,23,23,23
121055,0,1,1989,0,0,0,0,0,0,0,0,0,0
121055,1,1,1989,11,0,0,0,5,0,0,0,0,13
121056,1,1,1989,10,10,10,10,10,10,10,10,10,10
121057,1,1,1989,0,0,0,0,0,0,0,0,0,0
121057,2,1,1989,0,0,0,0,0,0,0,0,0,0
121058,1,1,1989,0,0,0,0,0,0,0,0,0,0
121058,2,1,1989,0,0,0,0,0,0,0,0,0,0
121059,1,1,1989,11,0,0,8,21,0,30,24,35,22
121060,1,1,1989,29,29,29,29,29,29,29,29,29,29
121061,1,1,1989,0,0,0,0,0,0,0,0,0,0
121062,1,1,1989,18,18,18,18,18,18,18,18,18,18
121063,0,1,1989,0,0,0,0,0,0,0,0,0,0
121063,1,1,1989,0,0,0,0,0,0,0,0,0,0
121063,2,1,1989,0,8,15,0,5,0,0,0,0,0
121064,1,1,1989,12,12,12,12,12,12,12,12,12,12
121064,2,1,1989,0,0,0,0,0,0,0,0,0,0
121065,1,1,1989,24,24,24,24,24,24,24,24,24,24
121066,1,1,1989,17,7,21,0,0,14,20,0,0,0
121067,1,1,1989,10,10,10,10,10,10,10,10,10,10
121067,2,1,1989,0,0,0,0,15,0,0,0,0,0
121068,0,1,1989,0,0,0,0,0,0,0,0,0,0
121068,1,1,1989,0,19,0,0,0,0,0,0,0,0
121069,1,1,1989,0,0,0,0,0,0,0,0,0,0
121069,2,1,1989,0,0,0,0,0,0,0,0,0,0
121070,1,1,1989,20,20,20,20,20,20,20,20,20,20
121071,1,1,1989,0,0,0,0,0,0,0,0,0,0
121071,2,1,1989,0,0,0,0,0,0,0,0,0,0
121072,0,1,1989,8,8,8,8,8,8,8,8,8,8
121072,1,1,1989,21,21,21,21,21,21,21,21,21,21
121073,0,1,1989,0,0,0,0,0,0,0,0,0,0
121073,1,1,1989,0,0,0,0,0,0,0,0,0,0
121074,0,1,1989,22,22,22,22,22,22,22,22,22,22
121074,1,1,1989,14,0,20,15,14,7,24,24,25,18
121075,1,1,1989,4,4,4,4,4,4,4,4,4,4
121076,1,1,1989,0,0,0,0,0,0,0,0,0,0
121076,2,1,1989,0,0,0,0,0,0,0,0,0,0
121076,3,1,1989,0,0,0,0,0,0,0,0,0,0
121076,4,1,1989,0,0,0,0,0,0,0,0,0,0
121077,1,1,1989,0,0,0,0,0,0,0,0,0,0
121077,2,1,1989,4,4,4,4,4,4,4,4,4,4
121078,1,1,1989,0,0,15,0,0,0,0,0,0,0
121079,1,1,1989,0,0,0,0,0,0,6,0,0,0
121079,2,1,1989,1,1,1,1,1,1,1,1,1,1
121080,1,1,1989,9,9,9,9,9,9,9,9,9,9
121080,2,1,1989,3,3,3,3,3,3,3,3,3,3
121081,0,1,1989,26,26,26,26,26,26,26,26,26,26
121081,1,1,1989,13,0,0,0,0,0,0,7,0,0
121082,1,1,1989,14,14,14,14,14,14,14,14,14,14
121083,1,1,1989,13,13,13,13,13,13,13,13,13,13
121083,2,1,1989,0,0,0,0,0,0,0,0,0,0
121084,1,1,1989,16,22,12,24,9,14,17,16,14,24
121085,1,1,1989,17,17,17,17,17,17,17,17,17,17
121086,1,1,1989,0,0,0,0,0,0,0,0,0,0
121087,1,1,1989,8,8,8,8,8,8,8,8,8,8
121088,1,1,1989,13,13,13,13,13,13,13,13,13,13
121089,1,1,1989,16,16,16,16,16,16,16,16,16,16
121089,2,1,1989,0,0,10,0,0,0,0,0,0,0
121090,0,1,1989,0,0,0,0,0,0,0,0,0,0
121090,1,1,1989,0,0,0,0,17,0,0,0,0,0
121091,1,1,1989,0,0,16,0,0,0,0,0,0,0
121091,2,1,1989,0,0,0,0,0,0,0,0,0,0
121092,1,1,1989,22,22,22,22,22,22,22,22,22,22
121092,2,1,1989,0,0,0,0,0,0,0,0,0,0
121093,1,1,1989,0,0,0,0,0,0,0,0,0,0
121093,2,1,1989,0,0,19,0,0,0,0,0,0,0
121094,1,1,1989,15,15,15,15,15,15,15,15,15,15
121094,2,1,1989,0,0,12,0,0,0,0,0,0,0
121095,1,1,1989,0,0,0,0,0,0,0,0,0,0
121095,2,1,1989,0,0,0,0,0,0,0,0,0,0
121097,0,1,1989,0,0,0,0,0,0,0,0,0,0
121097,0,2,1989,0,0,0,0,0,0,0,0,0,0
121097,1,1,1989,0,0,0,0,0,0,0,0,13,0
121098,1,1,1989,21,21,21,21,21,21,21,21,21,21
121098,2,1,1989,0,0,0,0,0,0,0,0,0,0
121099,1,1,1989,19,19,19,19,19,19,19,19,19,19