ST_CASE,VEH_NO,PER_NO,YEAR,P1,P2,P3,P4,P5,P6,P7,P8,P9,P10
121100,1,1,1989,2,2,2,2,2,2,2,2,2,2
121100,2,1,1989,0,0,0,0,0,0,0,0,0,0
121100,3,1,1989,0,0,0,0,0,0,0,0,0,0
121101,0,1,1989,0,0,0,0,0,0,0,0,0,0
121101,1,1,1989,0,0,0,0,0,0,0,0,0,0
121102,1,1,1989,0,0,0,0,0,0,0,0,0,0
121102,2,1,1989,0,0,0,0,0,0,0,0,0,0
121103,0,1,1989,19,19,19,19,19,19,19,19,19,19
121103,1,1,1989,0,0,0,0,0,0,0,0,0,0
121104,0,1,1989,18,18,18,18,18,18,18,18,18,18
121104,1,1,1989,0,0,0,0,0,0,0,0,0,0
121105,1,1,1989,0,0,0,0,0,0,0,0,0,0
121105,2,1,1989,0,0,0,0,0,0,0,0,0,0
121105,3,1,1989,0,0,0,0,0,0,0,0,0,16
121106,1,1,1989,0,20,0,0,0,0,0,0,0,0
121107,1,1,1989,7,7,7,7,7,7,7,7,7,7
121107,2,1,1989,0,0,0,0,0,0,0,0,0,11
121108,1,1,1989,0,0,0,0,0,0,0,0,0,0
121108,2,1,1989,0,0,0,0,0,0,0,0,0,0
121109,0,1,1989,26,26,26,26,26,26,26,26,26,26
121109,1,1,1989,16,0,0,16,19,4,0,0,0,0
121110,1,1,1989,0,0,0,0,0,0,0,0,0,0
121111,1,1,1989,9,0,0,25,9,20,8,0,8,15
121111,2,1,1989,0,0,0,17,0,0,0,0,11,10
121112,1,1,1989,23,23,23,23,23,23,23,23,23,23
121113,0,1,1989,22,22,22,22,22,22,22,22,22,22
121113,1,1,1989,0,0,0,0,0,30,0,0,0,0
121113,2,1,1989,0,0,0,0,0,0,0,13,0,5
121114,1,1,1989,0,0,0,0,0,0,0,0,0,0
121115,0,1,1989,13,0,0,0,0,0,29,0,0,20
121115,1,1,1989,0,0,0,0,0,0,0,0,0,0
121116,1,1,1989,0,0,0,0,0,0,0,0,0,0
121117,1,1,1989,0,0,0,0,0,0,0,0,0,0
121119,0,1,1989,0,0,0,0,0,0,0,0,0,0
121119,1,1,1989,0,0,0,0,0,0,0,0,0,0
121120,1,1,1989,0,0,0,0,0,0,0,0,0,0
121121,1,1,1989,0,0,0,0,0,0,0,0,0,0
121122,0,1,1989,0,0,0,0,0,0,0,0,0,0
121122,1,1,1989,0,0,0,0,0,0,0,0,0,4
121123,1,1,1989,0,0,0,0,0,0,0,0,0,0
121123,2,1,1989,0,0,0,0,0,0,0,0,0,0
121124,0,1,1989,0,0,0,0,0,0,0,0,0,0
121124,1,1,1989,0,0,0,0,0,0,0,0,0,0
121125,1,1,1989,17,17,17,17,17,17,17,17,17,17
121125,2,1,1989,0,0,0,0,0,0,0,0,0,0
121126,1,1,1989,0,0,0,0,0,0,0,0,0,0
121126,2,1,1989,21,0,0,21,0,0,0,0,17,13
121127,1,1,1989,0,0,0,0,0,0,0,0,0,0
121127,2,1,1989,0,0,0,0,0,0,0,0,0,0
121128,1,1,1989,0,0,0,0,0,0,0,0,0,0
121128,2,1,1989,0,0,0,0,0,0,0,0,0,0
121129,1,1,1989,0,15,0,0,0,0,0,0,0,0
121129,2,1,1989,0,0,0,0,0,0,0,0,0,0
121130,1,1,1989,0,8,0,0,0,0,0,0,0,0
121130,2,1,1989,0,0,0,0,0,0,0,0,0,0
121131,1,1,1989,0,0,0,0,0,0,0,0,0,0
121131,2,1,1989,2,2,2,2,2,2,2,2,2,2
121132,1,1,1989,0,12,0,0,0,0,10,0,0,0
121133,1,1,1989,0,0,0,0,0,0,0,0,0,0
121133,2,1,1989,0,0,0,0,0,0,0,0,0,0
121134,1,1,1989,0,8,0,21,0,26,0,0,12,14
121134,2,1,1989,2,17,15,12,0,15,7,3,5,5
121135,0,1,1989,31,31,31,31,31,31,31,31,31,31
121135,1,1,1989,0,38,0,0,0,0,11,0,0,0
121136,0,1,1989,0,0,0,0,0,0,35,0,0,0
121136,1,1,1989,0,0,0,0,0,0,0,0,0,0
121137,1,1,1989,23,23,23,23,23,23,23,23,23,23
121138,1,1,1989,0,0,32,0,0,0,0,0,0,15
121138,2,1,1989,2,2,2,2,2,2,2,2,2,2
121138,3,1,1989,0,0,0,0,0,0,0,0,21,0
121139,1,1,1989,0,0,0,0,0,0,8,12,0,0
121140,0,1,1989,36,36,36,36,36,36,36,36,36,36
121140,1,1,1989,10,10,10,10,10,10,10,10,10,10
121141,1,1,1989,0,0,0,0,0,0,0,0,0,0
121141,2,1,1989,0,0,0,0,0,0,0,0,0,0
121142,1,1,1989,0,0,0,0,0,0,0,0,0,0
121143,1,1,1989,0,0,0,0,0,0,0,0,0,0
121144,0,1,1989,7,27,0,0,0,0,0,0,0,0
121144,1,1,1989,0,0,0,0,0,0,0,0,0,0
121145,1,1,1989,0,0,0,0,0,0,0,0,0,0
121146,1,1,1989,22,0,0,0,23,0,19,16,33,0
121146,2,1,1989,0,0,0,0,3,0,0,0,0,0
121147,0,1,1989,0,0,0,0,0,0,0,0,0,0
121147,1,1,1989,0,0,0,0,0,0,0,0,0,0
121148,1,1,1989,0,0,0,0,0,0,0,0,0,0
121148,2,1,1989,0,0,0,0,0,0,0,0,0,0
121149,1,1,1989,0,0,0,0,0,0,0,0,0,0
121150,0,1,1989,0,0,0,0,0,0,0,0,0,0
121150,1,1,1989,0,0,0,0,0,0,0,0,0,0
121151,0,1,1989,12,12,12,12,12,12,12,12,12,12
121151,1,1,1989,16,24,12,16,29,18,10,22,21,6
121152,1,1,1989,0,0,0,0,0,0,0,0,0,0
121152,2,1,1989,0,0,0,0,0,0,0,0,0,0
121153,0,1,1989,39,39,39,39,39,39,39,39,39,39
121153,1,1,1989,0,0,0,0,0,0,0,0,0,0
121154,1,1,1989,20,20,20,20,20,20,20,20,20,20
121155,1,1,1989,0,10,0,0,0,0,0,0,12,0
121155,2,1,1989,0,0,0,0,0,0,0,0,0,0
121156,1,1,1989,3,3,3,3,3,3,3,3,3,3
121156,2,1,1989,0,0,0,0,0,0,0,0,0,0
121157,1,1,1989,26,26,26,26,26,26,26,26,26,26
121158,1,1,1989,8,8,8,8,8,8,8,8,8,8
121158,2,1,1989,0,0,0,0,0,0,0,0,0,0
121159,1,1,1989,0,0,0,0,0,0,0,0,0,0
121160,1,1,1989,16,16,16,16,16,16,16,16,16,16
121161,1,1,1989,16,16,16,16,16,16,16,16,16,16
121162,0,1,1989,0,0,0,0,0,0,0,0,0,31
121162,1,1,1989,0,0,0,0,0,0,0,0,0,0
121163,1,1,1989,0,0,0,0,0,0,0,0,0,0
121163,2,1,1989,0,0,0,0,0,0,0,0,0,0
121164,1,1,1989,22,22,22,22,22,22,22,22,22,22
121165,1,1,1989,8,8,8,8,8,8,8,8,8,8
121166,0,1,1989,3,11,0,0,0,0,0,11,31,0
121166,1,1,1989,0,0,0,0,0,0,0,0,0,0
121167,1,1,1989,0,0,0,0,0,0,0,0,0,0
121167,2,1,1989,0,0,0,0,0,0,0,0,0,0
121168,1,1,1989,0,0,0,0,0,0,0,0,0,0
121168,2,1,1989,0,0,0,0,0,0,0,0,0,0
121169,1,1,1989,15,15,15,15,15,15,15,15,15,15
121169,2,1,1989,0,0,0,0,0,0,0,0,0,0
121171,1,1,1989,27,27,27,27,27,27,27,27,27,27
121171,2,1,1989,0,0,0,0,0,0,0,0,0,0
121172,0,1,1989,2,2,2,2,2,2,2,2,2,2
121172,1,1,1989,0,0,0,0,0,0,0,0,0,0
121172,2,1,1989,0,0,0,0,0,0,0,0,0,0
121172,3,1,1989,0,20,0,0,0,0,0,11,0,0
121173,1,1,1989,26,26,26,26,26,26,26,26,26,26
121174,1,1,1989,0,0,0,0,0,0,0,0,0,0
121174,2,1,1989,5,5,5,5,5,5,5,5,5,5
121175,1,1,1989,0,0,7,0,0,0,0,0,0,0
121176,1,1,1989,0,0,0,0,0,0,0,0,0,0
121177,0,1,1989,0,0,0,0,0,0,0,0,0,0
121177,1,1,1989,0,0,0,0,0,0,0,0,0,0
121178,1,1,1989,23,23,23,23,23,23,23,23,23,23
121179,1,1,1989,26,26,26,26,26,26,26,26,26,26
121180,1,1,1989,17,17,17,17,17,17,17,17,17,17
121181,1,1,1989,1,1,1,1,1,1,1,1,1,1
121181,2,1,1989,0,0,0,0,0,0,0,0,0,0
121182,0,1,1989,26,26,26,26,26,26,26,26,26,26
121182,1,1,1989,0,19,13,19,0,0,0,15,29,24
121183,1,1,1989,0,0,0,0,0,0,0,0,0,0
121183,2,1,1989,0,0,0,0,0,0,0,0,0,0
121184,1,1,1989,20,0,0,0,19,0,0,0,0,0
121185,0,1,1989,0,0,0,0,0,0,0,0,0,0
121185,1,1,1989,0,0,0,0,0,0,0,0,0,0
121186,1,1,1989,0,0,0,0,0,0,0,0,0,0
121186,2,1,1989,0,0,0,0,0,0,0,0,0,0
121187,0,1,1989,31,31,31,31,31,31,31,31,31,31
121187,1,1,1989,5,5,5,5,5,5,5,5,5,5
121188,1,1,1989,18,18,18,18,18,18,18,18,18,18
121189,1,1,1989,0,0,0,0,0,0,0,0,0,0
121189,2,1,1989,0,0,0,0,0,0,0,0,0,0
121190,0,1,1989,0,0,0,0,0,0,0,0,0,0
121190,1,1,1989,0,0,0,0,0,0,0,0,0,0
121191,1,1,1989,0,0,0,0,0,0,0,0,0,0
121191,2,1,1989,0,0,0,0,0,0,0,0,0,0
121192,1,1,1989,0,0,0,0,0,23,0,23,0,0
121193,1,1,1989,0,0,0,0,0,0,0,0,0,0
121193,2,1,1989,2,0,0,0,0,0,0,0,0,0
121194,0,1,1989,43,43,43,43,43,43,43,43,43,43
121194,1,1,1989,21,21,21,21,21,21,21,21,21,21
121195,1,1,1989,20,20,20,20,20,20,20,20,20,20
121196,1,1,1989,17,12,31,0,20,15,10,12,23,11
121196,2,1,1989,0,0,0,0,0,0,0,0,0,0
121196,3,1,1989,0,0,0,0,0,0,0,0,0,0
121197,0,1,1989,0,0,0,0,0,0,16,0,0,0
121197,1,1,1989,0,0,0,0,0,0,0,0,0,0
121198,1,1,1989,0,0,0,0,0,0,0,0,0,0
121198,2,1,1989,0,0,0,0,0,0,0,0,0,0
121199,0,1,1989,0,0,0,0,0,0,0,0,0,0
121199,1,1,1989,0,0,0,7,0,0,0,0,0,0
121200,0,1,1989,0,0,0,0,0,0,0,0,0,0
121200,1,1,1989,0,0,0,0,0,0,0,0,0,0
121201,1,1,1989,0,0,0,0,0,0,0,0,0,0
121201,2,1,1989,0,0,0,0,0,0,0,0,0,0
121202,1,1,1989,0,0,0,0,0,0,0,0,0,0
121203,0,1,1989,0,0,0,0,0,0,6,0,0,0
121203,1,1,1989,0,0,0,0,0,0,0,0,0,0
121204,1,1,1989,0,0,0,0,0,0,0,0,0,0
121204,2,1,1989,0,0,0,0,0,0,0,0,0,0
121205,1,1,1989,12,12,12,12,12,12,12,12,12,12
121206,1,1,1989,0,0,0,0,0,0,0,0,0,0
121206,2,1,1989,0,0,0,0,0,0,0,0,0,0
121207,1,1,1989,0,11,6,12,7,10,8,9,0,16
121207,2,1,1989,20,18,0,0,18,0,13,0,21,0
121208,1,1,1989,5,5,5,5,5,5,5,5,5,5
121209,1,1,1989,15,15,15,15,15,15,15,15,15,15
121210,0,1,1989,24,24,24,24,24,24,24,24,24,24
121210,1,1,1989,0,0,0,0,0,0,0,0,0,0
121211,1,1,1989,24,24,24,24,24,24,24,24,24,24
121212,1,1,1989,24,24,24,24,24,24,24,24,24,24
121213,0,1,1989,26,24,8,18,0,0,0,19,5,0
121213,1,1,1989,24,22,14,10,12,12,14,18,17,11
121214,1,1,1989,0,23,0,0,3,0,0,12,0,0
121214,2,1,1989,0,0,0,0,0,0,0,0,0,0
121215,1,1,1989,9,9,9,9,9,9,9,9,9,9
121216,1,1,1989,0,0,0,21,0,0,22,0,0,0
121216,2,1,1989,0,0,0,0,0,0,0,0,0,0
121217,1,1,1989,24,24,24,24,24,24,24,24,24,24
121218,0,1,1989,23,23,23,23,23,23,23,23,23,23
121218,1,1,1989,0,0,6,0,0,0,0,0,0,0
121219,1,1,1989,0,0,0,0,0,0,0,0,0,0
121219,2,1,1989,0,0,0,0,0,0,0,0,0,0
121220,1,1,1989,0,0,0,0,0,0,0,0,0,0
121221,0,1,1989,0,0,0,0,0,0,0,0,0,0
121221,1,1,1989,0,0,0,0,0,0,0,0,0,0
121222,1,1,1989,4,4,4,4,4,4,4,4,4,4
121222,2,1,1989,22,22,22,22,22,22,22,22,22,22
121224,0,1,1989,18,0,0,0,0,0,2,29,6,0
121224,1,1,1989,0,0,0,0,0,0,0,0,0,0
121225,1,1,1989,0,0,0,16,0,0,0,0,0,0
121225,2,1,1989,0,0,0,0,0,0,0,0,0,0
121226,1,1,1989,4,4,4,4,4,4,4,4,4,4
121227,1,1,1989,0,0,0,0,0,0,0,0,0,0
121228,1,1,1989,0,0,0,0,0,0,0,0,0,0
121228,2,1,1989,0,0,0,0,0,0,0,0,0,0
121228,3,1,1989,0,0,0,0,0,0,0,0,0,0
121228,4,1,1989,0,0,0,0,0,0,0,0,0,0
121229,1,1,1989,0,0,0,0,0,0,0,0,0,0
121229,2,1,1989,0,0,0,0,0,0,0,0,0,0
121230,1,1,1989,26,0,29,10,0,10,10,0,17,15
121230,2,1,1989,0,0,0,0,0,0,0,0,0,0
121231,1,1,1989,22,0,0,0,0,0,0,0,0,0
121232,1,1,1989,0,0,0,0,13,0,0,0,0,0
121233,1,1,1989,14,14,14,14,14,14,14,14,14,14
121234,1,1,1989,0,0,0,0,0,0,0,0,11,0
121234,2,1,1989,0,0,0,0,0,0,0,0,0,0
121235,1,1,1989,0,0,0,0,0,0,0,0,0,17
121235,2,1,1989,6,4,0,0,0,0,7,0,16,0
121236,1,1,1989,0,0,0,0,0,0,0,0,0,0
121236,2,1,1989,0,18,17,0,0,0,0,30,25,0
121237,1,1,1989,0,0,0,0,0,23,0,0,17,0
121237,2,1,1989,0,0,0,0,0,0,0,0,0,0
121238,1,1,1989,0,0,0,0,0,0,0,22,0,0
121238,2,1,1989,22,22,22,22,22,22,22,22,22,22
121239,1,1,1989,0,0,0,0,0,0,0,0,0,0
121240,1,1,1989,13,13,13,13,13,13,13,13,13,13
121240,2,1,1989,15,15,15,15,15,15,15,15,15,15
121241,1,1,1989,9,9,9,9,9,9,9,9,9,9
121242,1,1,1989,0,0,0,0,0,0,0,0,0,0
121242,2,1,1989,0,0,0,0,0,0,0,0,0,0
121244,1,1,1989,0,0,0,0,0,0,0,0,0,0
121245,1,1,1989,16,16,16,16,16,16,16,16,16,16
121245,2,1,1989,0,23,11,14,26,7,9,3,15,10
121246,1,1,1989,16,16,16,16,16,16,16,16,16,16
121247,1,1,1989,0,14,10,0,0,8,6,15,32,0
121247,2,1,1989,12,12,12,12,12,12,12,12,12,12
121248,1,1,1989,0,0,0,0,0,0,0,0,0,0
121249,1,1,1989,23,0,0,14,0,32,0,0,0,0
121249,2,1,1989,0,0,0,0,0,0,0,0,0,0
121250,1,1,1989,0,0,0,0,0,0,0,0,0,0
121250,2,1,1989,21,21,21,21,21,21,21,21,21,21
121251,1,1,1989,19,21,42,12,31,18,16,17,0,17
121253,1,1,1989,10,10,10,10,10,10,10,10,10,10
121254,1,1,1989,0,0,0,0,0,0,0,0,0,0
121254,2,1,1989,3,3,3,3,3,3,3,3,3,3
121254,3,1,1989,0,0,0,0,0,0,0,0,0,0
121255,0,1,1989,0,18,31,18,0,0,12,13,9,0
121255,1,1,1989,0,0,5,0,0,4,0,0,0,0
121256,1,1,1989,0,0,0,0,0,0,0,0,0,0
121257,1,1,1989,7,4,9,0,0,0,0,0,12,0
121257,2,1,1989,8,25,0,25,0,4,9,14,0,0
121257,3,1,1989,0,0,0,0,0,0,0,0,0,0
121258,1,1,1989,0,0,0,0,0,0,0,0,0,0
121259,1,1,1989,0,0,0,23,0,0,0,0,0,0
121260,1,1,1989,10,10,10,10,10,10,10,10,10,10
121261,0,1,1989,0,0,0,0,0,0,0,0,0,0
121261,1,1,1989,0,0,0,0,0,0,0,0,0,0
121262,1,1,1989,0,0,0,0,0,0,0,0,0,0
121262,2,1,1989,0,0,0,0,0,0,0,0,0,0
121263,0,1,1989,0,0,0,0,0,0,0,0,21,16
121263,1,1,1989,7,9,9,15,9,5,15,13,10,7
121264,1,1,1989,0,0,0,0,0,0,0,0,0,0
121264,2,1,1989,0,0,0,0,0,0,0,0,0,0
121265,0,1,1989,15,15,15,15,15,15,15,15,15,15
121265,1,1,1989,0,0,0,0,0,0,0,0,0,0
121267,1,1,1989,17,17,17,17,17,17,17,17,17,17
121267,2,1,1989,0,0,0,0,0,0,0,0,0,0
121267,3,1,1989,0,0,9,0,22,0,0,0,0,0
121268,1,1,1989,0,0,0,0,0,13,0,0,12,0
121268,2,1,1989,10,10,10,10,10,10,10,10,10,10
121269,1,1,1989,13,13,13,13,13,13,13,13,13,13
121269,2,1,1989,0,0,0,0,0,0,0,0,0,0
121270,1,1,1989,25,25,25,25,25,25,25,25,25,25
121271,0,1,1989,0,0,0,0,0,0,0,0,0,0
121271,1,1,1989,0,0,0,0,0,0,0,0,0,0
121272,1,1,1989,22,22,22,22,22,22,22,22,22,22
121273,1,1,1989,0,0,0,0,0,0,0,0,0,0
121273,2,1,1989,0,0,0,0,0,0,0,0,0,0
121273,3,1,1989,0,0,0,0,0,0,0,0,0,0
121274,0,1,1989,0,0,0,0,0,0,0,0,0,0
121274,1,1,1989,0,0,0,0,0,0,0,0,0,0
121275,1,1,1989,0,16,0,0,0,0,0,0,0,0
121275,2,1,1989,0,0,0,0,16,0,0,0,0,0
121276,1,1,1989,0,18,0,0,0,0,0,0,22,0
121276,2,1,1989,0,0,0,0,0,0,0,0,0,0
121277,1,1,1989,0,29,0,0,0,0,0,0,9,0
121277,2,1,1989,0,0,0,0,0,0,0,0,0,0
121278,0,1,1989,0,0,0,0,0,0,0,0,0,0
121278,1,1,1989,0,0,0,0,0,0,0,0,0,0
121278,2,1,1989,0,0,0,0,0,0,0,0,0,0
121279,1,1,1989,15,15,15,15,15,15,15,15,15,15
121279,2,1,1989,8,14,0,0,0,14,19,21,7,0
121280,1,1,1989,2,2,2,2,2,2,2,2,2,2
121281,1,1,1989,15,0,0,10,0,0,0,0,0,0
121282,1,1,1989,0,0,0,0,0,0,0,0,0,0
121282,2,1,1989,0,0,0,0,0,0,0,0,0,0
121283,1,1,1989,0,0,0,0,0,0,0,0,0,0
121283,2,1,1989,0,0,0,0,0,0,0,0,0,0
121284,0,1,1989,13,13,13,13,13,13,13,13,13,13
121284,1,1,1989,6,0,25,0,0,0,0,0,0,0
121285,1,1,1989,0,0,0,0,0,0,0,0,0,0
121285,2,1,1989,0,0,0,0,0,0,0,0,0,0
121286,0,1,1989,29,29,29,29,29,29,29,29,29,29
121286,1,1,1989,0,0,0,0,0,0,0,0,0,0
121287,1,1,1989,0,0,0,0,0,0,0,0,0,0
121288,1,1,1989,0,0,16,0,0,0,0,0,0,0
121289,1,1,1989,15,15,15,15,15,15,15,15,15,15
121290,1,1,1989,20,20,20,20,20,20,20,20,20,20
121291,1,1,1989,0,0,0,0,0,0,0,0,0,0
121291,2,1,1989,0,0,0,0,0,0,0,0,0,0
121292,0,1,1989,2,2,2,2,2,2,2,2,2,2
121292,1,1,1989,0,0,0,0,0,0,0,0,0,0
121293,1,1,1989,6,6,6,6,6,6,6,6,6,6
121294,1,1,1989,0,0,0,0,0,0,0,0,0,0
121295,1,1,1989,0,0,0,0,0,0,0,0,0,0
121295,2,1,1989,0,0,0,0,0,0,0,0,0,0
121296,0,1,1989,0,0,0,0,0,20,0,12,34,0
121296,1,1,1989,0,0,0,0,0,0,0,0,0,0
121297,1,1,1989,0,0,0,0,0,0,0,0,0,0
121297,2,1,1989,0,0,0,0,0,0,0,0,0,0
121298,1,1,1989,0,0,0,0,0,0,0,0,0,0
121298,2,1,1989,0,0,0,0,0,0,0,0,0,0
121299,1,1,1989,0,0,0,0,0,0,0,0,0,0
121299,2,1,1989,0,0,0,0,0,0,0,0,0,0
121299,3,1,1989,0,0,0,0,0,6,0,0,0,0
121300,1,1,1989,0,0,0,0,0,0,0,0,0,0
121300,2,1,1989,0,0,0,0,0,0,0,11,0,0
121301,1,1,1989,0,0,0,0,0,0,0,0,0,12
121301,2,1,1989,0,0,0,0,0,0,0,0,0,0
121302,1,1,1989,0,11,8,26,7,0,26,12,7,21
121302,2,1,1989,0,0,0,0,0,0,0,0,0,0
121303,0,1,1989,28,28,28,28,28,28,28,28,28,28
121303,1,1,1989,7,7,7,7,7,7,7,7,7,7
121304,1,1,1989,0,0,0,0,0,0,0,0,0,0
121305,1,1,1989,0,0,0,0,0,0,0,0,0,0
121306,1,1,1989,0,0,0,0,0,0,0,0,0,0
121306,2,1,1989,14,14,14,14,14,14,14,14,14,14
121307,0,1,1989,10,10,10,10,10,10,10,10,10,10
121307,1,1,1989,0,0,0,0,0,0,0,0,0,0
121308,0,1,1989,21,21,21,21,21,21,21,21,21,21
121308,1,1,1989,0,0,0,0,0,0,0,0,0,0
121309,1,1,1989,19,19,19,19,19,19,19,19,19,19
121310,1,1,1989,24,24,24,24,24,24,24,24,24,24
121311,1,1,1989,0,0,0,0,0,0,0,0,0,0
121311,2,1,1989,0,0,0,0,0,0,0,0,0,0
121312,1,1,1989,10,10,10,10,10,10,10,10,10,10
121312,2,1,1989,0,0,0,0,0,0,0,0,0,0
121312,3,1,1989,0,0,0,0,0,0,0,0,0,0
121313,0,1,1989,3,3,3,3,3,3,3,3,3,3
121313,1,1,1989,0,0,0,0,0,0,0,0,0,0
121314,1,1,1989,0,0,0,0,0,0,0,0,0,0
121315,0,1,1989,0,0,0,0,0,0,0,0,0,0
121315,1,1,1989,0,0,0,0,0,0,0,0,0,0
121316,1,1,1989,0,0,0,0,0,0,0,0,0,0
121317,1,1,1989,0,0,0,0,0,0,0,0,0,0
121317,2,1,1989,0,0,0,0,0,0,0,0,0,0
121318,1,1,1989,0,0,0,0,0,0,0,0,0,0
121318,2,1,1989,0,0,0,0,0,0,0,0,0,0
121319,1,1,1989,22,22,22,22,22,22,22,22,22,22
121320,1,1,1989,0,0,10,0,0,0,0,0,0,0
121320,2,1,1989,0,0,0,9,0,0,0,0,0,0
121321,1,1,1989,15,15,15,15,15,15,15,15,15,15
121321,2,1,1989,0,0,0,0,0,0,0,0,0,0
121322,1,1,1989,14,14,14,14,14,14,14,14,14,14
121324,0,1,1989,11,11,11,11,11,11,11,11,11,11
121324,1,1,1989,0,0,0,0,0,15,24,0,0,18
121326,1,1,1989,9,9,9,9,9,9,9,9,9,9
121327,0,1,1989,0,0,0,0,0,0,0,0,0,0
121327,1,1,1989,0,0,0,0,0,0,0,0,0,0
121328,1,1,1989,0,0,0,0,0,0,0,0,0,0
121329,0,1,1989,0,0,0,0,0,0,0,0,0,0
121329,1,1,1989,0,0,0,0,0,0,0,0,0,0
121330,1,1,1989,4,4,4,4,4,4,4,4,4,4
121330,2,1,1989,0,0,0,0,0,0,0,0,0,0
121331,1,1,1989,0,0,0,0,0,0,0,0,0,0
121331,2,1,1989,0,0,0,0,0,0,0,0,0,0
121331,3,1,1989,1,1,1,1,1,1,1,1,1,1
121332,0,1,1989,0,0,0,0,0,0,0,0,0,0
121332,1,1,1989,0,14,0,0,0,0,0,13,0,0
121333,1,1,1989,0,0,0,0,0,0,0,0,0,0
121334,1,1,1989,20,20,20,20,20,20,20,20,20,20
121334,2,1,1989,0,0,0,0,0,0,0,0,0,0
121335,1,1,1989,0,0,0,0,0,0,0,0,0,0
121335,2,1,1989,0,0,0,0,0,0,0,0,0,0
121336,1,1,1989,10,10,10,10,10,10,10,10,10,10
121337,0,1,1989,0,0,0,0,0,0,0,0,0,0
121337,1,1,1989,6,6,6,6,6,6,6,6,6,6
121338,0,1,1989,30,30,30,30,30,30,30,30,30,30
121338,1,1,1989,0,0,0,0,0,0,0,0,0,0
121339,1,1,1989,0,0,0,0,0,0,0,0,0,0
121339,2,1,1989,0,0,0,0,0,0,0,0,0,0
121340,1,1,1989,0,0,0,0,0,8,0,0,15,0
121340,2,1,1989,0,0,0,0,0,0,0,0,0,0
121340,3,1,1989,0,0,0,0,0,0,0,0,0,0
121341,0,1,1989,1,1,1,1,1,1,1,1,1,1
121341,1,1,1989,0,0,0,33,0,0,18,0,0,0
121342,1,1,1989,19,19,19,19,19,19,19,19,19,19
121343,1,1,1989,0,0,0,0,19,0,0,0,0,18
121343,2,1,1989,0,0,0,0,0,0,0,0,0,10
121345,1,1,1989,27,27,27,27,27,27,27,27,27,27
121346,1,1,1989,20,20,20,20,20,20,20,20,20,20
121347,1,1,1989,0,17,13,0,0,0,0,0,0,0
121347,2,1,1989,0,0,0,0,0,0,0,16,0,0
121348,1,1,1989,0,0,0,0,0,0,0,0,0,0
121348,2,1,1989,0,0,0,0,0,0,0,0,0,0
121349,1,1,1989,0,0,0,0,0,0,0,0,0,0
121349,2,1,1989,0,0,0,0,0,0,0,0,0,0
121350,1,1,1989,0,0,0,0,0,0,0,0,0,0
121350,2,1,1989,14,14,14,14,14,14,14,14,14,14
121351,1,1,1989,0,8,0,0,0,0,0,0,0,0
121351,2,1,1989,0,0,0,0,0,0,0,0,0,0
121352,1,1,1989,3,3,3,3,3,3,3,3,3,3
121352,2,1,1989,5,5,5,5,5,5,5,5,5,5
121353,1,1,1989,16,12,0,0,12,0,4,0,0,7
121353,2,1,1989,0,0,0,0,0,0,0,0,0,0
121354,1,1,1989,27,27,27,27,27,27,27,27,27,27
121355,1,1,1989,20,20,20,20,20,20,20,20,20,20
121355,2,1,1989,0,0,0,0,0,0,11,0,0,0
121356,1,1,1989,0,0,0,0,0,0,0,0,0,0
121356,2,1,1989,22,22,22,22,22,22,22,22,22,22
121357,0,1,1989,34,34,34,34,34,34,34,34,34,34
121357,1,1,1989,0,0,0,0,0,0,0,0,0,10
121358,1,1,1989,0,0,0,0,0,0,0,0,0,0
121358,2,1,1989,0,0,0,0,0,0,0,0,0,0
121358,3,1,1989,0,0,0,0,0,0,0,0,0,0
121360,0,1,1989,14,37,23,0,21,25,0,13,18,13
121360,1,1,1989,0,0,0,0,0,0,0,0,0,0
121361,1,1,1989,0,0,0,0,0,0,0,0,30,0
121361,2,1,1989,0,0,0,0,0,0,0,0,0,0
121362,1,1,1989,0,0,0,0,20,0,0,0,0,0
121363,1,1,1989,14,12,25,11,10,21,13,4,6,18
121363,2,1,1989,16,16,16,16,16,16,16,16,16,16
121364,1,1,1989,0,0,0,0,0,0,0,0,0,0
121364,2,1,1989,0,0,0,0,0,0,0,0,0,0
121364,3,1,1989,0,0,0,0,0,0,0,0,0,0
121364,4,1,1989,0,0,0,0,0,0,0,0,0,0
121365,0,1,1989,18,0,6,13,16,16,7,0,12,29
121365,1,1,1989,0,37,0,0,5,0,32,0,0,13
121366,1,1,1989,0,0,0,0,0,0,0,0,0,0
121367,0,1,1989,0,0,0,0,0,0,0,0,0,0
121367,1,1,1989,0,0,0,0,0,16,17,0,0,0
121368,1,1,1989,0,0,0,0,0,0,0,0,0,0
121368,2,1,1989,4,4,4,4,4,4,4,4,4,4
121369,1,1,1989,15,15,15,15,15,15,15,15,15,15
121370,1,1,1989,14,14,14,14,14,14,14,14,14,14
121370,2,1,1989,14,14,14,14,14,14,14,14,14,14
121371,1,1,1989,2,2,2,2,2,2,2,2,2,2
121372,1,1,1989,0,0,0,0,0,0,0,0,0,0
121373,1,1,1989,5,5,5,5,5,5,5,5,5,5
121373,2,1,1989,0,0,0,0,0,0,0,0,0,0
121374,1,1,1989,0,0,0,0,0,0,0,0,0,0
121374,2,1,1989,0,0,0,0,0,0,0,0,0,0
121374,3,1,1989,0,0,0,0,0,0,0,0,0,0