ST_CASE,VEH_NO,PER_NO,YEAR,P1,P2,P3,P4,P5,P6,P7,P8,P9,P10
121374,4,1,1989,0,0,0,0,0,0,0,0,0,0
121375,1,1,1989,0,0,0,0,0,0,0,0,0,0
121375,2,1,1989,0,0,0,0,22,0,11,0,0,0
121376,1,1,1989,0,0,0,0,0,0,0,0,0,0
121376,2,1,1989,0,0,0,0,0,0,0,0,0,0
121376,3,1,1989,0,0,0,0,0,0,0,0,0,0
121377,1,1,1989,25,25,25,25,25,25,25,25,25,25
121379,1,1,1989,0,0,0,0,0,0,0,0,0,0
121379,2,1,1989,0,0,0,0,0,0,0,0,0,0
121380,1,1,1989,7,7,7,7,7,7,7,7,7,7
121380,2,1,1989,0,0,0,0,0,0,0,0,0,0
121381,1,1,1989,0,0,0,0,0,0,0,0,0,0
121381,2,1,1989,0,0,0,0,0,0,0,0,0,0
121382,1,1,1989,17,17,17,17,17,17,17,17,17,17
121382,2,1,1989,29,0,20,0,10,0,0,0,0,32
121383,0,1,1989,33,33,33,33,33,33,33,33,33,33
121383,1,1,1989,0,0,0,0,0,0,0,0,0,0
121384,1,1,1989,8,5,4,0,13,5,21,11,0,20
121385,1,1,1989,0,0,0,0,0,0,0,0,0,0
121386,0,1,1989,32,32,32,32,32,32,32,32,32,32
121386,1,1,1989,0,0,0,0,0,0,0,0,0,4
121387,1,1,1989,14,14,14,14,14,14,14,14,14,14
121387,2,1,1989,0,0,0,19,8,0,0,0,10,0
121387,3,1,1989,20,20,20,20,20,20,20,20,20,20
121388,1,1,1989,0,0,0,0,17,0,0,0,0,0
121388,2,1,1989,0,0,0,0,0,0,0,0,0,0
121389,0,1,1989,22,0,27,17,25,27,8,25,12,16
121389,1,1,1989,0,0,0,0,0,0,0,0,40,0
121390,1,1,1989,0,0,0,0,0,0,0,0,0,0
121390,2,1,1989,0,0,0,0,0,0,0,0,0,0
121390,3,1,1989,0,0,0,0,0,0,0,0,0,0
121391,0,1,1989,0,0,0,0,0,0,0,0,0,0
121391,1,1,1989,0,0,0,0,0,0,0,0,0,0
121392,1,1,1989,25,25,25,25,25,25,25,25,25,25
121392,2,1,1989,0,0,0,0,0,0,0,0,0,0
121393,1,1,1989,28,27,0,23,21,22,14,23,0,16
121394,0,1,1989,19,14,20,26,21,26,0,22,10,7
121394,0,2,1989,0,33,19,32,20,16,16,20,6,23
121394,1,1,1989,0,0,0,0,0,0,0,0,0,0
121395,0,1,1989,0,0,0,0,0,0,0,0,0,0
121395,1,1,1989,0,0,0,0,0,0,0,0,0,0
121396,1,1,1989,17,17,17,17,17,17,17,17,17,17
121396,2,1,1989,13,9,0,18,0,0,20,0,24,25
121397,1,1,1989,22,22,22,22,22,22,22,22,22,22
121398,1,1,1989,0,0,0,0,0,0,0,0,0,0
121398,2,1,1989,0,0,0,0,0,0,0,0,0,0
121399,1,1,1989,0,0,0,0,0,0,0,0,0,0
121400,0,1,1989,5,14,6,8,13,18,21,23,30,26
121400,1,1,1989,0,0,7,0,13,11,0,0,0,18
121401,1,1,1989,0,0,0,0,0,0,0,0,0,0
121401,2,1,1989,0,0,0,0,0,0,0,0,0,0
121401,3,1,1989,0,0,0,0,0,0,0,0,0,0
121402,1,1,1989,13,13,13,13,13,13,13,13,13,13
121402,2,1,1989,9,0,0,0,0,0,0,0,0,0
121402,3,1,1989,18,0,0,0,0,0,0,0,0,23
121403,1,1,1989,14,14,14,14,14,14,14,14,14,14
121404,1,1,1989,25,25,25,25,25,25,25,25,25,25
121405,1,1,1989,0,0,0,0,0,0,0,0,0,0
121405,2,1,1989,0,0,0,0,0,0,0,0,0,0
121406,0,1,1989,0,0,0,0,0,0,0,0,0,0
121406,1,1,1989,0,0,0,0,0,0,0,0,2,18
121407,1,1,1989,17,17,17,17,17,17,17,17,17,17
121407,2,1,1989,0,0,0,0,0,0,0,0,0,0
121408,1,1,1989,14,14,14,14,14,14,14,14,14,14
121409,1,1,1989,0,0,0,15,0,0,0,0,0,0
121409,2,1,1989,0,0,0,0,0,0,0,0,0,0
121410,1,1,1989,24,24,24,24,24,24,24,24,24,24
121411,0,1,1989,0,0,0,0,0,0,0,0,0,0
121411,1,1,1989,0,0,0,0,0,0,0,0,0,0
121412,1,1,1989,30,0,0,8,0,0,0,0,0,0
121413,1,1,1989,26,26,26,26,26,26,26,26,26,26
121414,0,1,1989,7,7,7,7,7,7,7,7,7,7
121414,1,1,1989,27,27,27,27,27,27,27,27,27,27
121415,0,1,1989,24,24,24,24,24,24,24,24,24,24
121415,1,1,1989,12,0,12,0,0,0,0,14,49,20
121416,0,1,1989,0,0,0,0,0,0,0,0,0,0
121416,1,1,1989,7,18,0,15,0,13,20,0,0,20
121416,2,1,1989,0,0,0,0,0,0,0,0,0,0
121417,1,1,1989,18,15,5,21,20,18,22,3,5,22
121418,1,1,1989,0,0,0,0,0,0,0,0,0,0
121419,1,1,1989,27,27,27,27,27,27,27,27,27,27
121419,2,1,1989,0,0,0,0,0,0,0,0,0,0
121420,1,1,1989,11,8,14,0,8,23,26,8,9,2
121420,2,1,1989,0,0,0,0,0,0,0,0,0,0
121421,0,1,1989,0,0,0,0,0,0,0,0,0,0
121421,1,1,1989,0,0,0,0,0,0,0,0,0,0
121422,1,1,1989,14,11,0,17,0,0,0,0,23,0
121422,2,1,1989,0,0,0,0,0,0,0,12,0,0
121423,0,1,1989,10,12,0,44,0,15,0,0,0,0
121423,1,1,1989,0,0,0,0,0,0,0,0,0,0
121423,2,1,1989,0,0,0,0,0,0,0,0,0,0
121424,1,1,1989,0,0,0,0,0,0,0,0,0,0
121424,2,1,1989,0,0,0,0,0,0,0,0,0,0
121424,3,1,1989,0,0,0,0,0,0,0,0,0,0
121425,0,1,1989,6,6,6,6,6,6,6,6,6,6
121425,1,1,1989,0,0,0,0,0,0,0,16,0,0
121426,0,2,1989,0,0,0,0,0,0,0,0,0,10
121426,0,3,1989,0,0,16,0,0,16,21,0,22,19
121426,1,1,1989,0,0,0,0,0,0,0,0,0,19
121427,1,1,1989,16,16,16,16,16,16,16,16,16,16
121427,2,1,1989,0,0,0,0,0,0,0,0,0,0
121428,1,1,1989,0,0,0,0,0,0,0,0,0,0
121428,2,1,1989,16,16,16,16,16,16,16,16,16,16
121429,1,1,1989,34,34,34,34,34,34,34,34,34,34
121429,2,1,1989,0,0,0,0,0,0,0,0,0,0
121429,3,1,1989,0,0,0,0,0,0,0,0,0,0
121429,4,1,1989,0,0,0,0,0,0,0,0,0,0
121430,1,1,1989,13,13,13,13,13,13,13,13,13,13
121430,2,1,1989,0,0,0,0,0,0,0,0,0,0
121431,1,1,1989,12,12,12,12,12,12,12,12,12,12
121433,0,1,1989,0,0,0,0,0,0,0,0,0,0
121433,1,1,1989,0,0,0,0,0,0,0,0,0,0
121433,2,1,1989,0,0,0,0,0,3,0,0,0,0
121434,1,1,1989,0,0,0,0,0,0,0,0,0,0
121435,1,1,1989,23,23,23,23,23,23,23,23,23,23
121436,1,1,1989,15,15,15,15,15,15,15,15,15,15
121436,2,1,1989,0,0,0,0,0,0,0,0,0,0
121437,1,1,1989,0,9,0,15,0,0,0,0,0,0
121437,2,1,1989,0,0,0,0,3,0,0,0,0,0
121437,3,1,1989,0,0,0,6,0,0,0,0,0,0
121438,0,1,1989,0,0,0,0,0,0,0,0,0,0
121438,1,1,1989,0,0,0,0,0,0,0,0,0,0
121439,1,1,1989,12,4,8,19,12,26,15,6,19,22
121440,0,1,1989,0,0,0,0,0,0,0,0,0,0
121440,1,1,1989,0,0,0,0,0,0,0,0,0,0
121441,1,1,1989,0,0,0,0,0,0,0,0,0,0
121442,1,1,1989,21,21,21,21,21,21,21,21,21,21
121443,1,1,1989,7,7,7,7,7,7,7,7,7,7
121443,2,1,1989,8,8,8,8,8,8,8,8,8,8
121444,0,1,1989,21,0,0,0,0,16,0,7,0,0
121444,1,1,1989,0,0,0,0,0,0,0,0,0,0
121446,1,1,1989,0,0,0,0,0,0,0,0,0,26
121446,2,1,1989,0,0,0,10,0,0,0,0,0,0
121447,0,1,1989,25,25,25,25,25,25,25,25,25,25
121447,1,1,1989,0,12,0,21,14,0,0,0,0,0
121448,1,1,1989,19,19,19,19,19,19,19,19,19,19
121449,1,1,1989,12,12,12,12,12,12,12,12,12,12
121449,2,1,1989,9,9,9,9,9,9,9,9,9,9
121450,0,1,1989,0,0,0,0,0,0,0,0,0,0
121450,1,1,1989,0,0,0,0,0,0,0,0,0,0
121451,1,1,1989,0,0,0,0,0,0,0,0,0,0
121451,2,1,1989,0,0,0,0,0,0,0,0,0,0
121452,1,1,1989,3,3,3,3,3,3,3,3,3,3
121452,2,1,1989,0,0,0,0,0,0,0,0,0,0
121453,1,1,1989,20,20,20,20,20,20,20,20,20,20
121453,2,1,1989,0,0,0,0,0,0,0,0,0,0
121454,1,1,1989,0,0,0,0,0,0,0,0,0,0
121454,2,1,1989,0,0,0,0,0,0,0,0,0,0
121455,1,1,1989,15,15,15,15,15,15,15,15,15,15
121455,2,1,1989,19,0,0,0,0,0,0,0,0,0
121456,1,1,1989,0,0,0,0,0,0,0,0,0,0
121456,2,1,1989,0,0,0,0,0,0,0,0,0,0
121457,0,1,1989,18,0,25,16,0,0,5,8,29,15
121457,1,1,1989,0,21,0,0,0,0,13,14,7,0
121458,1,1,1989,0,0,0,0,0,0,0,0,0,0
121458,2,1,1989,0,0,0,0,0,0,0,0,0,0
121459,1,1,1989,13,13,13,13,13,13,13,13,13,13
121459,2,1,1989,0,0,0,0,0,0,0,0,0,0
121460,1,1,1989,21,21,21,21,21,21,21,21,21,21
121461,0,1,1989,14,14,14,14,14,14,14,14,14,14
121461,1,1,1989,10,0,0,0,0,0,13,0,0,16
121461,2,1,1989,0,0,0,0,0,0,0,0,0,0
121462,1,1,1989,17,17,17,17,17,17,17,17,17,17
121463,1,1,1989,0,0,0,0,0,0,0,0,0,0
121464,1,1,1989,0,0,0,0,0,0,0,0,0,0
121464,2,1,1989,8,0,0,0,0,0,0,0,0,0
121465,1,1,1989,15,15,15,15,15,15,15,15,15,15
121466,1,1,1989,5,5,5,5,5,5,5,5,5,5
121467,1,1,1989,10,12,15,3,10,19,13,4,9,19
121467,2,1,1989,0,0,0,0,0,0,0,0,0,0
121468,1,1,1989,17,17,17,17,17,17,17,17,17,17
121469,1,1,1989,13,12,21,0,0,14,12,12,10,42
121470,0,1,1989,0,0,0,0,0,0,0,0,0,0
121470,1,1,1989,0,0,0,0,0,0,0,0,0,0
121471,1,1,1989,0,0,0,0,0,0,0,0,0,0
121471,2,1,1989,0,0,0,0,0,0,0,0,0,0
121471,3,1,1989,0,0,0,0,0,0,0,0,17,0
121472,0,1,1989,0,0,0,0,0,0,0,0,0,0
121472,1,1,1989,0,0,0,0,0,0,0,0,0,0
121473,0,1,1989,0,0,0,0,0,0,0,0,0,6
121473,1,1,1989,0,0,0,0,0,0,0,0,0,0
121474,0,1,1989,4,4,4,4,4,4,4,4,4,4
121474,1,1,1989,3,3,3,3,3,3,3,3,3,3
121475,0,1,1989,0,0,0,0,0,0,0,0,0,0
121475,1,1,1989,0,0,0,0,0,0,0,0,0,0
121475,2,1,1989,0,0,0,5,0,0,0,0,0,0
121476,1,1,1989,0,0,0,0,0,0,0,17,0,0
121476,2,1,1989,0,0,6,0,0,0,0,0,0,0
121477,1,1,1989,22,22,22,22,22,22,22,22,22,22
121477,2,1,1989,20,20,20,20,20,20,20,20,20,20
121478,0,1,1989,14,23,18,17,21,12,8,20,4,21
121478,1,1,1989,15,0,11,20,10,15,10,17,9,13
121479,1,1,1989,0,0,0,0,0,0,0,0,0,0
121479,2,1,1989,0,0,0,0,0,0,0,0,0,0
121479,3,1,1989,0,0,0,0,0,0,0,0,0,0
121480,1,1,1989,0,0,0,0,0,0,0,0,0,0
121480,2,1,1989,0,0,0,0,0,0,0,0,0,0
121481,0,1,1989,0,0,0,0,0,0,0,0,0,0
121481,1,1,1989,0,10,0,0,0,0,0,0,0,0
121482,0,1,1989,0,0,0,0,0,0,0,0,0,0
121482,1,1,1989,0,0,0,0,0,0,0,0,0,0
121483,0,1,1989,0,0,0,0,0,0,0,0,0,0
121483,1,1,1989,0,0,0,0,0,0,0,0,0,0
121484,1,1,1989,0,0,0,0,0,0,0,0,0,0
121484,2,1,1989,0,0,0,0,0,0,0,0,0,0
121484,3,1,1989,0,0,0,0,0,0,0,0,0,0
121484,4,1,1989,0,0,0,0,0,0,0,0,0,0
121485,1,1,1989,0,0,0,0,0,0,0,0,0,0
121485,2,1,1989,29,0,0,0,13,0,33,0,29,14
121486,1,1,1989,0,0,0,0,0,0,0,0,0,0
121486,2,1,1989,0,0,0,0,0,0,0,0,0,0
121486,3,1,1989,0,0,0,0,0,0,0,0,0,0
121487,0,1,1989,20,44,25,14,13,29,15,10,13,25
121487,1,1,1989,0,0,0,0,0,10,0,0,0,0
121488,1,1,1989,0,0,0,0,0,0,0,0,0,0
121488,2,1,1989,0,0,0,0,0,0,0,0,0,0
121490,1,1,1989,24,7,0,15,0,16,0,16,0,0
121491,1,1,1989,0,0,0,0,0,0,0,0,0,0
121491,2,1,1989,0,0,0,0,15,0,0,0,0,0
121492,1,1,1989,12,12,12,12,12,12,12,12,12,12
121492,2,1,1989,0,17,0,0,0,0,0,0,0,0
121493,1,1,1989,0,0,0,0,0,0,0,0,0,0
121493,2,1,1989,0,0,0,0,0,0,0,0,0,0
121494,1,1,1989,19,19,19,19,19,19,19,19,19,19
121494,2,1,1989,11,11,11,11,11,11,11,11,11,11
121495,1,1,1989,0,0,0,0,0,0,0,0,0,0
121495,2,1,1989,0,0,0,0,0,0,0,0,0,0
121496,1,1,1989,0,0,0,0,0,0,0,0,0,0
121496,2,1,1989,0,0,0,17,0,0,0,0,0,0
121497,0,1,1989,0,0,0,0,0,0,0,0,6,15
121497,0,2,1989,0,0,13,0,7,0,0,0,0,9
121497,0,3,1989,0,0,0,0,0,0,0,0,32,0
121497,1,1,1989,0,0,0,15,0,14,0,7,0,16
121498,1,1,1989,14,14,14,14,14,14,14,14,14,14
121498,2,1,1989,15,15,15,15,15,15,15,15,15,15
121499,1,1,1989,24,24,24,24,24,24,24,24,24,24
121499,2,1,1989,0,0,0,0,0,0,0,0,0,0
121500,1,1,1989,22,22,22,22,22,22,22,22,22,22
121501,0,1,1989,19,19,19,19,19,19,19,19,19,19
121501,1,1,1989,0,8,0,0,0,0,0,0,0,0
121502,1,1,1989,16,16,16,16,16,16,16,16,16,16
121502,2,1,1989,0,10,21,0,0,24,12,0,20,0
121503,1,1,1989,15,15,15,15,15,15,15,15,15,15
121504,0,1,1989,21,21,21,21,21,21,21,21,21,21
121504,1,1,1989,0,0,0,0,0,0,0,0,0,0
121504,2,1,1989,0,0,0,0,11,0,0,0,0,21
121505,1,1,1989,0,0,0,0,0,0,0,0,0,0
121505,2,1,1989,15,15,15,15,15,15,15,15,15,15
121506,1,1,1989,0,0,0,0,0,5,0,0,0,0
121507,0,1,1989,0,0,0,0,14,0,0,0,0,0
121507,1,1,1989,0,0,0,0,0,0,0,0,0,0
121508,1,1,1989,25,25,25,25,25,25,25,25,25,25
121509,0,1,1989,0,0,0,0,0,0,0,0,0,0
121509,1,1,1989,0,0,0,0,0,0,0,0,0,0
121510,1,1,1989,0,0,0,0,0,0,0,0,0,0
121510,2,1,1989,0,0,0,0,0,0,0,0,0,0
121510,3,1,1989,0,0,0,0,0,0,0,0,0,0
121510,4,1,1989,0,0,0,0,0,0,0,0,0,0
121510,5,1,1989,0,0,0,0,0,0,0,0,0,0
121511,1,1,1989,21,21,21,21,21,21,21,21,21,21
121511,2,1,1989,0,0,0,0,0,0,0,0,0,0
121512,1,1,1989,0,0,0,0,0,0,0,0,0,0
121512,2,1,1989,25,0,12,0,10,25,13,24,0,11
121514,1,1,1989,0,0,0,0,0,0,0,0,0,0
121514,2,1,1989,0,0,0,0,9,0,0,7,0,0
121515,1,1,1989,0,0,0,0,0,0,0,0,0,0
121515,2,1,1989,0,0,0,0,0,0,0,0,0,0
121516,1,1,1989,0,0,0,0,0,0,0,0,0,0
121516,2,1,1989,0,0,0,0,0,0,0,0,0,0
121516,3,1,1989,0,0,0,0,0,0,0,0,0,0
121517,1,1,1989,3,3,3,3,3,3,3,3,3,3
121517,2,1,1989,0,0,0,0,0,0,0,0,0,0
121518,1,1,1989,0,0,0,0,0,0,0,0,0,0
121519,1,1,1989,0,0,0,0,0,0,0,0,0,0
121519,2,1,1989,18,18,18,18,18,18,18,18,18,18
121519,3,1,1989,0,0,0,0,0,0,0,0,0,0
121520,1,1,1989,0,27,0,0,0,0,0,0,0,0
121520,2,1,1989,0,0,0,0,0,0,0,0,0,0
121521,1,1,1989,2,2,2,2,2,2,2,2,2,2
121522,1,1,1989,0,0,0,0,0,0,0,0,0,0
121523,1,1,1989,27,27,27,27,27,27,27,27,27,27
121523,2,1,1989,25,25,25,25,25,25,25,25,25,25
121524,1,1,1989,19,19,19,19,19,19,19,19,19,19
121524,2,1,1989,0,0,0,0,0,0,0,0,0,0
121524,3,1,1989,0,0,0,0,0,0,0,0,0,0
121525,1,1,1989,5,5,5,5,5,5,5,5,5,5
121525,2,1,1989,0,0,0,0,0,0,0,0,0,0
121526,0,1,1989,0,0,0,0,0,0,0,0,0,0
121526,1,1,1989,0,0,0,0,0,0,0,0,0,16
121527,1,1,1989,33,26,28,21,29,8,12,19,26,7
121528,1,1,1989,0,0,0,0,0,0,0,0,0,0
121528,2,1,1989,0,0,0,0,0,0,0,0,0,0
121529,0,1,1989,25,4,14,22,8,6,33,0,24,0
121529,1,1,1989,11,0,7,17,14,0,0,0,0,0
121530,1,1,1989,0,0,0,0,0,0,0,0,0,0
121531,1,1,1989,11,11,11,11,11,11,11,11,11,11
121531,2,1,1989,0,0,0,0,0,0,0,0,0,0
121532,1,1,1989,0,0,0,0,0,0,0,0,0,0
121532,2,1,1989,11,0,7,12,7,11,11,18,17,5
121533,1,1,1989,0,0,0,0,0,0,0,0,0,0
121533,2,1,1989,0,0,0,0,0,0,0,0,0,0
121534,1,1,1989,0,0,20,0,0,0,0,13,0,0
121534,2,1,1989,0,0,0,0,0,0,0,0,0,0
121534,3,1,1989,0,0,0,0,0,9,0,0,0,0
121535,1,1,1989,20,21,26,6,17,18,24,16,0,22
121536,1,1,1989,11,11,11,11,11,11,11,11,11,11
121536,2,1,1989,0,0,0,0,0,0,0,0,0,0
121536,3,1,1989,0,0,0,0,0,0,0,0,0,0
121537,1,1,1989,0,0,19,17,25,31,16,0,0,10
121537,2,1,1989,0,0,0,0,0,0,0,0,0,0
121537,3,1,1989,0,0,0,0,0,0,0,0,0,0
121537,4,1,1989,0,0,0,0,0,0,0,0,0,0
121538,1,1,1989,0,0,0,0,0,0,0,0,0,0
121538,2,1,1989,17,34,13,8,7,23,26,17,14,20
121539,1,1,1989,14,14,14,14,14,14,14,14,14,14
121539,2,1,1989,14,0,0,0,15,6,0,11,0,9
121540,1,1,1989,18,18,18,18,18,18,18,18,18,18
121541,1,1,1989,6,6,6,6,6,6,6,6,6,6
121541,2,1,1989,0,0,0,0,0,0,0,0,0,0
121541,3,1,1989,0,0,0,0,0,0,0,0,0,0
121542,1,1,1989,0,0,0,0,0,0,0,0,0,0
121542,2,1,1989,0,0,0,0,0,0,0,0,0,0
121543,1,1,1989,0,0,0,0,0,0,0,0,0,0
121543,2,1,1989,0,0,0,0,0,0,0,0,0,0
121544,1,1,1989,0,0,0,0,0,0,0,0,0,0
121545,1,1,1989,15,15,15,15,15,15,15,15,15,15
121546,1,1,1989,0,0,0,0,0,0,0,0,0,0
121546,2,1,1989,0,0,6,20,0,0,0,0,0,0
121547,1,1,1989,0,0,27,0,0,0,22,0,0,0
121547,2,1,1989,0,0,0,0,0,0,0,0,0,0
121548,1,1,1989,0,0,0,0,0,0,0,0,0,0
121548,2,1,1989,0,0,0,0,0,0,12,0,0,0
121549,1,1,1989,0,0,0,0,0,0,0,0,0,0
121549,2,1,1989,0,0,0,0,0,0,0,0,0,0
121550,1,1,1989,0,0,0,0,0,0,0,0,0,0
121550,2,1,1989,0,0,13,0,0,0,0,0,11,19
121551,1,1,1989,0,0,0,0,0,0,0,0,0,0
121551,2,1,1989,26,26,26,26,26,26,26,26,26,26
121552,0,1,1989,22,22,22,22,22,22,22,22,22,22
121552,1,1,1989,0,0,0,0,0,0,0,0,0,0
121553,1,1,1989,0,0,0,0,0,0,0,0,0,0
121554,0,1,1989,23,23,23,23,23,23,23,23,23,23
121554,1,1,1989,0,0,0,0,0,0,0,0,0,0
121555,0,1,1989,0,0,0,0,0,0,0,0,0,0
121555,1,1,1989,0,0,0,0,0,0,0,0,0,0
121556,1,1,1989,21,21,21,21,21,21,21,21,21,21
121557,1,1,1989,19,19,19,19,19,19,19,19,19,19
121558,1,1,1989,0,0,0,0,0,0,0,0,0,0
121559,1,1,1989,0,0,0,0,0,0,0,0,0,0
121559,2,1,1989,0,0,0,0,0,0,0,0,0,0
121560,0,1,1989,0,0,0,0,0,0,0,0,0,0
121560,1,1,1989,0,0,0,0,0,0,0,0,0,0
121561,1,1,1989,23,23,23,23,23,23,23,23,23,23
121561,2,1,1989,18,18,18,18,18,18,18,18,18,18
121562,0,1,1989,22,22,22,22,22,22,22,22,22,22
121562,1,1,1989,17,13,5,8,16,14,0,11,16,25
121563,1,1,1989,0,0,0,0,0,0,0,0,0,0
121564,1,1,1989,21,21,21,21,21,21,21,21,21,21
121565,1,1,1989,0,0,0,0,0,0,0,0,0,0
121566,1,1,1989,7,7,7,7,7,7,7,7,7,7
121567,1,1,1989,21,16,23,17,2,15,19,12,33,6
121567,2,1,1989,0,0,0,0,0,0,0,0,0,0
121568,1,1,1989,8,15,14,15,0,23,9,12,11,23
121568,2,1,1989,9,8,13,13,9,30,8,6,9,6
121569,1,1,1989,28,28,28,28,28,28,28,28,28,28
121570,1,1,1989,32,0,17,0,21,22,13,14,0,26
121571,0,1,1989,0,0,10,0,24,0,0,0,0,0
121571,0,2,1989,0,0,8,13,0,0,0,7,0,0
121571,1,1,1989,0,0,18,0,0,0,0,0,0,0
121572,1,1,1989,25,25,25,25,25,25,25,25,25,25
121572,2,1,1989,0,0,0,0,0,0,0,0,0,0
121573,1,1,1989,0,7,30,18,12,0,0,13,0,0
121574,1,1,1989,22,22,22,22,22,22,22,22,22,22
121575,1,1,1989,0,0,0,0,0,0,0,0,4,9
121576,1,1,1989,0,0,0,0,23,0,0,0,0,0
121577,1,1,1989,0,0,0,0,0,0,0,0,0,0
121577,2,1,1989,0,0,0,0,0,0,0,0,0,0
121578,1,1,1989,0,0,0,0,0,0,0,0,0,0
121578,2,1,1989,0,0,0,0,0,0,15,0,0,8
121579,0,1,1989,24,24,24,24,24,24,24,24,24,24
121579,1,1,1989,4,4,4,4,4,4,4,4,4,4
121580,1,1,1989,21,21,21,21,21,21,21,21,21,21
121581,0,1,1989,19,3,0,0,21,0,0,0,0,0
121581,1,1,1989,0,0,7,0,10,0,14,0,0,5
121582,1,1,1989,0,0,0,0,0,0,0,0,0,0
121582,2,1,1989,0,0,0,0,0,0,0,0,0,0
121583,1,1,1989,0,0,0,0,0,0,0,0,0,0
121583,2,1,1989,0,0,0,0,0,0,0,0,0,0
121583,3,1,1989,0,0,0,0,0,0,0,0,0,0
121584,0,1,1989,27,27,27,27,27,27,27,27,27,27
121584,1,1,1989,26,0,10,24,0,0,13,11,12,8
121585,1,1,1989,0,0,0,0,0,0,0,0,0,0
121586,0,1,1989,0,0,0,0,0,0,0,0,0,0
121586,1,1,1989,0,0,0,0,0,0,0,0,0,0
121587,1,1,1989,0,0,0,0,0,0,0,0,0,0
121588,0,1,1989,0,0,0,0,0,0,0,0,0,0
121588,0,2,1989,0,0,32,8,0,0,0,0,0,0
121588,1,1,1989,0,0,0,0,0,0,0,0,0,0
121589,0,1,1989,34,34,34,34,34,34,34,34,34,34
121589,1,1,1989,0,0,0,0,0,0,0,0,0,0
121590,1,1,1989,12,8,21,0,10,14,10,10,15,0
121590,2,1,1989,0,0,0,0,0,0,0,0,0,0
121591,1,1,1989,3,15,5,16,32,8,30,11,9,17
121592,1,1,1989,0,0,0,0,0,0,0,0,0,0
121593,1,1,1989,0,0,0,0,14,0,0,0,0,0
121593,2,1,1989,0,0,0,0,0,0,0,0,0,6
121594,0,1,1989,0,0,0,0,0,0,0,0,0,0
121594,1,1,1989,0,0,0,0,0,0,0,0,0,0
121595,0,1,1989,18,18,18,18,18,18,18,18,18,18
121595,1,1,1989,0,0,0,0,0,0,0,0,0,0
121596,1,1,1989,24,0,0,0,0,0,7,0,0,0
121597,0,1,1989,0,0,0,0,0,0,0,0,0,0
121597,1,1,1989,0,0,0,0,0,0,0,0,0,0
121598,1,1,1989,0,0,0,0,0,0,0,0,15,22
121599,1,1,1989,0,0,0,0,0,0,0,0,0,0
121599,2,1,1989,0,0,0,0,0,0,0,0,0,0
121599,3,1,1989,0,0,0,0,0,0,0,0,0,0
121600,1,1,1989,22,22,22,22,22,22,22,22,22,22
121601,1,1,1989,13,13,13,13,13,13,13,13,13,13
121601,2,1,1989,17,17,17,17,17,17,17,17,17,17
121602,1,1,1989,19,30,28,9,6,13,20,8,31,31
121602,2,1,1989,28,11,0,3,5,23,16,22,23,11
121603,1,1,1989,0,0,0,0,0,0,0,0,0,0
121603,2,1,1989,0,0,0,0,42,14,0,9,0,0
121603,3,1,1989,0,0,0,0,0,0,0,0,0,0
121604,1,1,1989,27,27,27,27,27,27,27,27,27,27
121605,1,1,1989,0,0,0,0,0,0,0,0,0,0
121607,1,1,1989,0,0,0,0,0,0,0,0,0,0
121608,0,1,1989,0,0,0,0,0,0,0,0,0,0
121608,1,1,1989,0,0,0,0,0,0,0,0,0,0
121609,0,1,1989,0,0,0,0,0,0,0,0,0,0
121609,1,1,1989,0,18,0,0,0,0,0,0,0,0
121610,1,1,1989,0,0,0,0,0,0,0,0,0,0
121610,2,1,1989,0,0,0,0,0,0,0,0,19,0
121611,1,1,1989,0,0,0,0,0,0,0,0,0,0
121611,2,1,1989,0,0,0,0,0,0,0,0,0,0
121612,1,1,1989,17,17,17,17,17,17,17,17,17,17
121613,0,1,1989,30,0,0,19,16,5,18,18,25,9
121613,1,1,1989,0,0,0,0,0,0,0,0,0,0
121614,1,1,1989,0,0,0,0,22,0,0,0,0,33
121615,1,1,1989,0,0,0,0,0,0,0,0,0,0
121615,2,1,1989,0,0,0,0,0,0,0,0,0,0
121616,1,1,1989,0,0,0,0,0,0,0,0,0,0
121616,2,1,1989,0,0,0,0,0,0,0,0,0,0
121617,1,1,1989,19,19,19,19,19,19,19,19,19,19
121618,1,1,1989,0,0,0,0,0,0,0,0,0,0
121618,2,1,1989,30,30,30,30,30,30,30,30,30,30
121619,1,1,1989,0,0,17,21,0,23,15,0,33,18
121620,0,1,1989,0,0,0,0,0,0,0,0,0,0
121620,1,1,1989,0,0,0,0,0,0,0,0,0,0
121621,1,1,1989,15,15,15,15,15,15,15,15,15,15
121622,1,1,1989,0,0,0,0,0,0,0,0,0,0
121622,2,1,1989,0,0,0,0,0,0,0,0,0,0
121623,0,1,1989,18,18,18,18,18,18,18,18,18,18
121623,1,1,1989,9,8,0,4,0,29,0,9,0,5
121624,0,1,1989,0,0,0,0,0,0,0,0,0,0
121624,1,1,1989,0,0,0,0,0,0,0,0,0,0
121625,1,1,1989,7,7,7,7,7,7,7,7,7,7