ST_CASE,VEH_NO,PER_NO,YEAR,P1,P2,P3,P4,P5,P6,P7,P8,P9,P10
121626,1,1,1989,0,0,0,0,0,0,0,0,0,0
121626,2,1,1989,0,0,0,0,10,0,0,0,0,0
121627,1,1,1989,0,0,0,0,0,0,0,0,0,0
121627,2,1,1989,0,0,0,0,0,0,0,0,0,0
121628,1,1,1989,16,16,16,16,16,16,16,16,16,16
121628,2,1,1989,0,0,0,0,0,0,0,0,0,0
121629,1,1,1989,0,0,0,0,0,0,0,0,0,0
121629,2,1,1989,4,4,20,20,4,5,5,4,10,1
121630,1,1,1989,0,0,0,0,0,0,0,0,0,0
121630,2,1,1989,0,0,0,0,0,0,0,0,0,0
121631,1,1,1989,0,0,0,0,0,0,0,0,0,0
121631,2,1,1989,0,0,0,0,0,0,0,0,0,0
121632,1,1,1989,15,15,15,15,15,15,15,15,15,15
121632,2,1,1989,0,0,0,0,0,0,0,0,0,0
121633,1,1,1989,0,0,19,18,0,0,8,22,21,0
121634,1,1,1989,20,20,20,20,20,20,20,20,20,20
121635,1,1,1989,0,7,0,0,0,23,0,0,0,24
121635,2,1,1989,0,0,0,0,0,0,0,0,0,0
121636,1,1,1989,9,9,9,9,9,9,9,9,9,9
121637,1,1,1989,5,5,5,5,5,5,5,5,5,5
121637,2,1,1989,0,0,0,0,0,0,0,0,0,0
121638,1,1,1989,0,0,0,0,0,0,0,0,0,0
121638,2,1,1989,0,0,0,0,0,0,0,0,0,0
121639,1,1,1989,0,0,0,0,0,0,0,0,0,0
121639,2,1,1989,0,0,0,0,0,0,0,0,0,0
121640,1,1,1989,0,0,0,0,0,0,0,0,0,0
121640,2,1,1989,19,8,19,7,10,0,6,0,14,23
121641,1,1,1989,0,0,0,0,0,0,0,0,0,0
121641,2,1,1989,0,0,0,0,0,0,0,0,0,0
121642,0,1,1989,0,0,0,0,0,0,0,0,0,0
121642,1,1,1989,0,0,0,0,0,0,0,0,0,0
121643,1,1,1989,0,0,0,0,0,0,0,0,0,0
121643,2,1,1989,0,0,0,0,0,0,0,0,0,0
121643,3,1,1989,0,0,0,0,0,0,0,0,0,0
121643,4,1,1989,0,0,0,0,0,0,0,0,0,0
121644,1,1,1989,0,0,0,0,0,0,0,0,0,0
121645,1,1,1989,0,0,0,0,0,0,0,0,0,7
121645,2,1,1989,9,9,9,9,9,9,9,9,9,9
121645,3,1,1989,0,0,0,21,0,0,0,0,0,0
121646,1,1,1989,0,0,0,0,0,0,0,0,0,0
121646,2,1,1989,0,0,0,0,0,0,0,0,0,0
121646,3,1,1989,0,0,0,0,0,0,0,0,0,0
121647,0,1,1989,0,0,0,0,0,0,0,0,0,0
121647,0,2,1989,0,0,0,0,0,0,21,34,3,0
121647,1,1,1989,0,0,0,0,0,0,0,0,0,0
121648,0,1,1989,19,19,19,19,19,19,19,19,19,19
121648,1,1,1989,0,20,0,0,0,0,0,0,15,14
121649,0,1,1989,26,26,26,26,26,26,26,26,26,26
121649,1,1,1989,0,0,0,0,0,0,0,0,0,0
121650,1,1,1989,0,0,0,0,0,0,0,0,0,0
121650,2,1,1989,0,0,0,0,0,0,0,0,0,0
121651,1,1,1989,0,0,0,0,0,0,0,0,0,0
121651,2,1,1989,0,0,0,0,0,0,0,0,0,0
121652,1,1,1989,0,0,0,16,0,0,0,0,0,0
121652,2,1,1989,0,0,0,0,0,0,0,0,0,0
121653,1,1,1989,25,0,0,0,0,5,0,0,9,0
121654,0,1,1989,0,0,0,24,0,5,0,14,24,0
121654,1,1,1989,0,0,0,0,0,0,0,0,0,0
121655,1,1,1989,2,2,2,2,2,2,2,2,2,2
121656,1,1,1989,16,16,16,16,16,16,16,16,16,16
121656,2,1,1989,0,0,0,0,0,0,0,0,0,0
121657,1,1,1989,0,0,0,0,0,0,0,0,0,0
121658,0,1,1989,0,0,0,0,0,0,0,0,0,0
121658,1,1,1989,0,0,0,0,0,0,0,0,0,0
121659,1,1,1989,0,0,0,0,0,0,0,0,0,0
121660,0,1,1989,0,0,0,0,0,0,0,0,0,0
121660,1,1,1989,0,0,0,0,0,0,0,0,0,0
121661,0,1,1989,15,15,15,15,15,15,15,15,15,15
121661,1,1,1989,0,0,0,0,0,0,0,0,0,0
121662,1,1,1989,0,0,0,0,0,0,0,0,0,0
121662,2,1,1989,7,7,7,7,7,7,7,7,7,7
121663,1,1,1989,0,0,0,0,0,0,0,0,0,0
121664,1,1,1989,7,7,7,7,7,7,7,7,7,7
121664,2,1,1989,0,0,0,0,0,0,0,0,0,0
121665,0,1,1989,36,19,21,27,25,0,25,20,30,19
121665,1,1,1989,23,17,0,0,13,8,7,15,0,8
121666,1,1,1989,0,0,0,0,0,0,0,0,0,0
121666,2,1,1989,0,0,0,0,0,0,0,0,0,0
121667,0,1,1989,0,24,0,0,0,0,0,0,0,0
121667,1,1,1989,11,12,10,18,20,17,0,9,14,16
121668,1,1,1989,0,0,0,0,0,0,0,0,0,0
121668,2,1,1989,0,0,0,0,0,0,0,0,16,0
121669,1,1,1989,0,0,0,0,0,0,0,0,0,0
121670,1,1,1989,0,0,0,0,0,0,0,0,0,0
121670,2,1,1989,0,0,0,0,0,0,0,0,0,0
121671,1,1,1989,0,0,0,0,0,0,0,0,0,0
121671,2,1,1989,0,0,0,0,0,0,0,0,0,0
121672,0,1,1989,0,0,0,0,0,0,0,0,0,0
121672,1,1,1989,0,18,0,0,0,0,0,0,0,0
121673,1,1,1989,19,19,19,19,19,19,19,19,19,19
121673,2,1,1989,0,0,0,0,0,0,0,0,0,0
121674,1,1,1989,22,0,0,2,22,19,0,0,0,22
121675,1,1,1989,0,0,0,0,0,0,0,0,0,0
121675,2,1,1989,14,18,14,20,18,15,9,17,5,11
121676,1,1,1989,20,20,20,20,20,20,20,20,20,20
121676,2,1,1989,18,0,0,0,0,0,0,0,0,0
121677,1,1,1989,20,20,20,20,20,20,20,20,20,20
121677,2,1,1989,0,0,0,0,0,0,0,0,10,0
121678,0,1,1989,0,13,0,0,0,41,11,0,0,0
121679,1,1,1989,0,0,0,0,0,0,0,0,0,0
121680,1,1,1989,4,4,4,4,4,4,4,4,4,4
121681,0,1,1989,0,0,0,0,0,0,0,0,0,0
121681,1,1,1989,0,0,0,0,0,0,0,0,0,0
121682,1,1,1989,0,0,0,0,0,0,0,0,0,0
121682,2,1,1989,0,0,0,0,0,0,0,0,0,0
121682,3,1,1989,0,0,0,0,0,0,0,0,0,0
121685,0,1,1989,23,23,23,23,23,23,23,23,23,23
121685,1,1,1989,0,0,0,0,10,0,0,0,17,0
121686,1,1,1989,14,14,14,14,14,14,14,14,14,14
121686,2,1,1989,0,0,0,0,0,0,0,0,0,0
121686,3,1,1989,0,0,0,0,0,0,0,0,0,0
121687,1,1,1989,19,0,0,0,0,0,0,0,0,0
121687,2,1,1989,0,0,0,0,0,0,0,0,0,0
121688,1,1,1989,22,22,22,22,22,22,22,22,22,22
121688,2,1,1989,0,0,0,0,5,0,0,16,0,0
121688,3,1,1989,0,0,0,0,0,0,8,0,0,0
121689,0,1,1989,0,0,0,0,0,0,0,0,0,0
121689,1,1,1989,0,0,0,0,0,0,0,0,0,0
121690,1,1,1989,0,0,6,0,0,0,0,0,0,0
121691,1,1,1989,8,8,8,8,8,8,8,8,8,8
121692,1,1,1989,4,4,4,4,4,4,4,4,4,4
121693,1,1,1989,0,0,0,0,0,0,0,0,0,0
121695,1,1,1989,11,0,17,0,0,0,0,6,0,0
121696,1,1,1989,0,0,0,0,0,0,0,0,0,0
121696,2,1,1989,0,0,0,0,0,0,0,0,0,0
121697,1,1,1989,0,0,0,0,0,0,0,0,0,0
121698,1,1,1989,0,0,0,0,0,0,0,0,0,0
121699,1,1,1989,0,0,0,0,0,0,0,0,0,0
121700,1,1,1989,0,0,0,0,0,0,0,0,0,0
121700,2,1,1989,0,0,9,0,0,0,0,0,0,0
121701,0,1,1989,11,11,11,11,11,11,11,11,11,11
121701,1,1,1989,0,0,0,0,0,0,0,0,0,0
121702,0,1,1989,0,0,0,0,0,0,0,0,0,0
121702,1,1,1989,0,0,0,0,0,0,0,0,0,0
121703,1,1,1989,0,0,0,0,0,0,0,0,0,0
121703,2,1,1989,0,0,0,0,0,0,0,0,0,0
121704,1,1,1989,0,0,0,0,0,0,0,0,0,0
121704,2,1,1989,0,0,0,0,0,0,0,0,0,0
121704,3,1,1989,0,0,0,11,0,0,0,0,0,0
121705,1,1,1989,24,24,24,24,24,24,24,24,24,24
121706,0,1,1989,23,23,23,23,23,23,23,23,23,23
121706,1,1,1989,16,0,0,0,0,0,0,0,0,0
121707,0,1,1989,0,25,0,0,0,0,6,17,0,0
121707,1,1,1989,0,0,13,0,14,0,0,15,0,0
121708,1,1,1989,0,0,0,0,0,0,0,0,0,0
121708,2,1,1989,0,0,0,0,0,0,0,0,0,0
121709,1,1,1989,0,0,0,13,0,0,0,16,0,0
121709,2,1,1989,0,0,0,0,0,0,0,0,0,0
121711,1,1,1989,0,0,0,0,0,0,0,0,0,0
121711,2,1,1989,0,0,0,0,0,0,0,0,0,0
121712,0,1,1989,23,23,23,23,23,23,23,23,23,23
121712,1,1,1989,0,0,0,0,0,0,0,0,0,0
121713,1,1,1989,17,17,17,17,17,17,17,17,17,17
121714,1,1,1989,0,0,0,0,0,0,0,0,0,0
121714,2,1,1989,0,0,0,0,0,0,0,0,0,0
121715,1,1,1989,0,0,0,0,0,0,0,0,0,0
121715,2,1,1989,0,0,14,0,0,0,0,0,13,0
121716,1,2,1989,0,22,23,15,12,12,2,12,13,21
121717,1,1,1989,10,10,10,10,10,10,10,10,10,10
121718,1,1,1989,0,0,0,0,0,0,0,0,0,0
121718,2,1,1989,0,0,0,0,0,0,0,0,0,0
121719,1,1,1989,21,21,21,21,21,21,21,21,21,21
121719,2,1,1989,0,0,0,0,0,0,0,0,0,0
121720,1,1,1989,0,0,0,0,0,0,0,0,0,0
121720,2,1,1989,0,0,0,0,0,0,0,0,0,0
121721,1,1,1989,0,0,0,0,0,0,0,0,0,0
121721,2,1,1989,0,16,0,0,0,0,0,0,0,0
121722,1,1,1989,14,14,14,14,14,14,14,14,14,14
121722,2,1,1989,0,0,0,0,0,0,0,0,0,0
121722,3,1,1989,0,0,0,0,0,0,0,0,0,0
121723,1,1,1989,0,0,0,0,0,0,0,0,0,0
121723,2,1,1989,0,0,0,0,0,0,0,0,0,0
121724,0,1,1989,23,23,23,23,23,23,23,23,23,23
121724,1,1,1989,0,0,0,0,0,0,0,0,0,0
121725,1,1,1989,17,17,17,17,17,17,17,17,17,17
121726,1,1,1989,0,0,0,0,0,0,0,0,0,0
121726,2,1,1989,0,0,0,0,0,0,0,0,0,0
121727,1,1,1989,0,0,0,0,0,0,0,0,0,0
121727,2,1,1989,4,4,4,4,4,4,4,4,4,4
121728,0,1,1989,0,0,0,0,0,0,0,0,0,0
121728,1,1,1989,0,0,0,0,0,0,0,0,0,0
121729,1,1,1989,0,0,0,0,0,0,0,0,0,0
121729,2,1,1989,0,0,0,0,0,0,0,0,0,0
121730,1,1,1989,0,0,0,0,0,0,0,0,0,0
121730,2,1,1989,14,0,0,0,20,0,0,19,0,0
121731,1,1,1989,0,0,0,0,0,0,0,0,0,0
121731,2,1,1989,20,20,20,20,20,20,20,20,20,20
121731,3,1,1989,0,0,0,0,0,0,0,0,0,0
121732,0,1,1989,19,19,19,19,19,19,19,19,19,19
121732,1,1,1989,22,22,22,22,22,22,22,22,22,22
121733,1,1,1989,11,11,11,11,11,11,11,11,11,11
121733,2,1,1989,0,0,0,0,0,0,0,0,0,0
121734,0,1,1989,0,0,0,0,0,0,0,0,0,0
121734,1,1,1989,0,0,0,0,0,0,0,0,0,10
121735,0,1,1989,36,36,36,36,36,36,36,36,36,36
121735,1,1,1989,0,0,0,0,0,0,0,0,0,0
121736,1,1,1989,21,21,21,21,21,21,21,21,21,21
121736,2,1,1989,0,0,0,0,0,0,0,0,0,0
121737,0,1,1989,0,0,0,0,0,0,0,0,0,0
121737,0,2,1989,0,10,0,0,0,0,11,0,14,9
121737,0,3,1989,0,0,0,6,0,0,0,19,5,0
121737,0,4,1989,0,0,0,0,0,0,0,0,0,15
121737,0,5,1989,0,0,0,5,0,0,0,0,0,0
121737,1,1,1989,0,0,0,0,0,0,0,0,0,0
121737,2,1,1989,0,0,0,0,0,0,0,0,0,0
121738,1,1,1989,0,0,0,0,0,0,7,0,0,0
121739,1,1,1989,0,0,0,0,0,0,0,0,0,0
121739,2,1,1989,0,0,0,0,0,0,0,0,0,0
121740,0,1,1989,0,14,0,0,0,0,0,0,16,0
121740,1,1,1989,0,0,0,5,0,0,0,18,0,0
121741,1,1,1989,0,0,0,0,0,0,0,0,0,0
121741,2,1,1989,0,6,0,0,0,0,0,0,0,0
121742,0,1,1989,19,0,0,0,0,0,0,0,0,0
121742,1,1,1989,0,0,0,0,0,0,0,0,0,0
121743,1,1,1989,9,9,9,9,9,9,9,9,9,9
121744,1,1,1989,0,0,0,0,0,0,0,0,0,0
121744,2,1,1989,0,0,0,0,0,0,0,0,0,0
121745,0,1,1989,21,9,24,26,9,16,15,12,14,28
121745,1,1,1989,0,11,10,4,13,6,36,2,6,9
121746,1,1,1989,29,0,0,0,0,7,0,33,0,0
121747,1,1,1989,0,0,0,0,0,0,0,0,0,0
121747,2,1,1989,0,0,0,0,0,0,0,0,0,0
121747,3,1,1989,0,0,0,0,0,0,0,0,0,0
121748,0,1,1989,0,3,0,14,0,0,38,13,0,0
121748,1,1,1989,20,0,0,18,0,0,0,0,14,0
121749,1,1,1989,0,0,0,0,0,0,0,0,0,0
121749,2,1,1989,0,0,0,0,0,0,0,0,0,0
121750,1,1,1989,25,25,25,25,25,25,25,25,25,25
121750,2,1,1989,0,0,0,0,0,0,0,0,0,0
121751,1,1,1989,25,25,25,25,25,25,25,25,25,25
121752,0,1,1989,0,0,0,0,0,0,0,0,0,0
121752,1,1,1989,0,23,0,0,0,0,9,0,5,0
121753,1,1,1989,11,11,11,11,11,11,11,11,11,11
121754,1,1,1989,13,13,13,13,13,13,13,13,13,13
121755,1,1,1989,0,0,0,0,0,0,0,0,0,0
121755,2,1,1989,0,0,0,0,0,0,0,0,0,0
121756,1,1,1989,28,28,28,28,28,28,28,28,28,28
121757,1,1,1989,15,12,0,7,20,30,0,11,0,0
121758,0,1,1989,23,23,23,23,23,23,23,23,23,23
121758,1,1,1989,0,0,0,0,0,0,0,0,0,0
121758,2,1,1989,0,0,0,24,4,0,0,0,0,0
121759,1,1,1989,0,0,0,0,0,0,0,0,0,0
121759,2,1,1989,0,16,0,0,19,0,0,17,0,4
121760,1,1,1989,0,0,0,0,0,0,0,0,0,0
121760,2,1,1989,0,0,0,0,0,0,0,0,0,0
121761,1,1,1989,0,0,0,0,0,0,0,0,0,0
121762,1,1,1989,0,0,0,0,0,0,0,0,0,0
121762,2,1,1989,0,0,0,0,0,0,0,0,0,0
121763,1,1,1989,12,12,12,12,12,12,12,12,12,12
121764,1,1,1989,29,29,29,29,29,29,29,29,29,29
121764,2,1,1989,17,0,0,0,0,0,0,0,0,0
121765,1,1,1989,0,0,0,0,0,0,0,0,0,0
121765,2,1,1989,0,0,0,0,0,14,0,0,0,0
121766,1,1,1989,0,0,0,0,0,0,0,0,0,0
121767,1,1,1989,0,0,0,0,0,0,0,0,0,0
121767,2,1,1989,0,0,0,0,0,0,0,0,0,0
121767,3,1,1989,1,1,1,1,1,1,1,1,1,1
121768,1,1,1989,29,29,29,29,29,29,29,29,29,29
121769,1,1,1989,0,0,0,0,0,0,0,0,0,0
121769,2,1,1989,0,0,0,0,0,0,0,0,0,0
121770,1,1,1989,0,0,0,0,0,0,0,0,0,0
121770,2,1,1989,0,0,0,0,0,0,0,0,0,0
121771,0,1,1989,0,0,0,0,0,0,0,0,0,0
121771,1,1,1989,0,0,0,17,0,0,0,0,0,0
121772,1,1,1989,0,0,0,0,0,0,0,0,0,0
121772,2,1,1989,0,0,0,0,0,0,0,0,0,0
121773,1,1,1989,0,0,0,0,0,0,0,0,0,0
121774,1,1,1989,2,2,2,2,2,2,2,2,2,2
121774,2,1,1989,0,0,0,0,0,0,0,0,0,0
121775,1,1,1989,18,18,18,18,18,18,18,18,18,18
121776,1,1,1989,26,26,26,26,26,26,26,26,26,26
121776,2,1,1989,0,0,0,0,0,0,19,0,0,0
121777,1,1,1989,18,18,18,18,18,18,18,18,18,18
121778,0,1,1989,19,19,19,19,19,19,19,19,19,19
121778,1,1,1989,0,0,0,0,0,0,0,0,0,0
121779,1,1,1989,0,0,0,0,0,0,0,0,0,0
121779,2,1,1989,0,0,0,0,0,0,0,0,0,0
121780,1,1,1989,8,8,8,8,8,8,8,8,8,8
121781,0,1,1989,23,23,23,23,23,23,23,23,23,23
121781,1,1,1989,17,17,17,17,17,17,17,17,17,17
121782,0,1,1989,2,2,2,2,2,2,2,2,2,2
121782,1,1,1989,0,0,7,0,0,0,0,0,0,22
121784,1,1,1989,0,0,0,0,0,0,0,0,0,0
121784,2,1,1989,0,0,0,0,0,0,0,0,0,0
121785,1,1,1989,0,0,0,0,0,0,0,0,0,0
121785,2,1,1989,0,0,0,0,0,0,0,0,0,0
121786,1,1,1989,0,0,0,0,0,0,0,0,0,0
121786,2,1,1989,0,0,0,0,0,0,0,0,17,0
121787,1,1,1989,14,14,14,14,14,14,14,14,14,14
121788,1,1,1989,0,0,0,0,0,0,0,0,0,0
121788,2,1,1989,0,0,0,0,0,0,0,0,0,0
121789,1,1,1989,0,0,0,0,0,0,0,0,0,0
121789,2,1,1989,0,0,0,0,0,0,0,0,0,0
121789,3,1,1989,0,0,0,0,0,0,0,0,0,28
121790,0,1,1989,1,1,1,1,1,1,1,1,1,1
121790,1,1,1989,0,0,0,0,0,0,0,33,0,0
121791,1,1,1989,0,0,0,0,0,0,0,0,0,0
121791,2,1,1989,0,0,0,0,0,0,0,0,0,0
121792,1,1,1989,11,0,0,0,0,0,0,0,0,0
121792,2,1,1989,0,0,0,0,0,0,0,0,0,0
121793,1,1,1989,0,0,0,0,0,0,0,0,0,0
121793,2,1,1989,0,0,0,0,0,0,0,0,0,0
121794,1,1,1989,0,8,35,0,17,0,17,18,14,18
121795,1,1,1989,8,8,8,8,8,8,8,8,8,8
121796,1,1,1989,22,22,22,22,22,22,22,22,22,22
121797,1,1,1989,1,1,1,1,1,1,1,1,1,1
121797,2,1,1989,0,0,0,0,0,0,0,0,0,0
121798,1,1,1989,0,0,0,0,0,0,0,0,0,0
121798,2,1,1989,0,0,0,0,0,0,0,0,0,0
121798,3,1,1989,0,0,0,0,0,0,0,0,0,0
121799,1,1,1989,0,0,0,0,0,0,0,0,0,0
121799,2,1,1989,0,0,0,0,0,0,0,0,0,0
121800,0,1,1989,17,17,17,17,17,17,17,17,17,17
121800,1,1,1989,0,12,0,21,17,21,0,0,0,0
121801,1,1,1989,0,0,0,0,0,0,16,0,16,0
121802,0,1,1989,5,5,5,5,5,5,5,5,5,5
121802,1,1,1989,19,19,19,19,19,19,19,19,19,19
121802,2,1,1989,0,0,0,0,0,0,0,0,0,0
121802,3,1,1989,0,0,0,0,0,0,0,0,0,0
121803,1,1,1989,30,30,30,30,30,30,30,30,30,30
121803,2,1,1989,27,27,27,27,27,27,27,27,27,27
121804,1,1,1989,0,0,0,0,0,0,0,0,0,0
121806,1,1,1989,0,0,0,0,0,0,0,0,0,0
121806,2,1,1989,0,0,0,0,0,0,0,0,0,0
121806,3,1,1989,0,0,0,0,0,0,0,0,0,0
121807,0,1,1989,16,0,0,22,38,0,0,21,0,24
121807,1,1,1989,16,0,15,0,0,0,0,0,0,0
121808,1,1,1989,12,3,0,4,0,0,22,32,24,0
121809,1,1,1989,23,23,23,23,23,23,23,23,23,23
121810,0,1,1989,0,0,0,0,0,0,0,0,0,0
121810,1,1,1989,0,0,0,0,0,0,0,0,0,0
121811,1,1,1989,11,11,11,11,11,11,11,11,11,11
121811,2,1,1989,0,0,0,0,0,0,0,0,0,0
121812,1,1,1989,0,0,0,0,0,0,0,0,0,0
121812,2,1,1989,0,0,0,0,0,0,0,0,0,0
121813,1,1,1989,0,0,0,0,0,0,0,0,0,0
121813,2,1,1989,0,0,0,0,0,0,0,0,0,0
121814,1,1,1989,21,21,21,21,21,21,21,21,21,21
121814,2,1,1989,19,19,19,19,19,19,19,19,19,19
121814,3,1,1989,15,15,15,15,15,15,15,15,15,15
121815,0,1,1989,0,0,0,0,0,0,0,0,0,0
121815,1,1,1989,0,0,10,0,0,6,0,0,0,11
121816,1,1,1989,24,24,24,24,24,24,24,24,24,24
121817,0,1,1989,17,0,0,0,0,0,17,0,0,0
121817,1,1,1989,0,0,0,0,0,0,0,0,0,0
121818,1,1,1989,0,0,0,0,0,0,0,0,0,0
121818,2,1,1989,0,0,0,0,0,0,0,0,0,0
121819,1,1,1989,30,30,30,30,30,30,30,30,30,30
121820,0,1,1989,0,0,0,0,0,0,0,0,0,0
121820,1,1,1989,3,9,6,0,0,0,0,7,8,11
121821,1,1,1989,0,0,0,0,0,0,0,0,0,0
121821,2,1,1989,0,0,0,0,0,0,0,0,0,0
121822,0,1,1989,0,0,0,0,0,0,0,10,0,0
121822,1,1,1989,0,0,0,0,0,15,0,0,0,0
121823,0,1,1989,0,0,0,0,18,0,0,0,0,4
121823,1,1,1989,0,10,0,11,5,0,12,14,0,7
121824,1,1,1989,0,13,13,0,13,0,0,0,0,0
121824,2,1,1989,0,0,0,0,0,0,0,0,0,0
121825,0,1,1989,6,0,0,0,0,0,0,0,0,0
121825,1,1,1989,0,0,0,0,0,0,0,0,0,0
121826,0,1,1989,0,0,0,0,0,0,0,0,0,0
121826,1,1,1989,0,0,0,0,0,0,0,0,0,0
121826,2,1,1989,0,0,0,0,0,0,0,0,0,0
121827,0,1,1989,0,0,0,0,0,0,0,0,0,0
121827,0,2,1989,16,11,0,0,0,9,0,0,28,17
121827,1,1,1989,0,0,0,0,0,11,15,0,0,0
121828,1,1,1989,0,17,11,0,35,22,22,9,0,0
121829,1,1,1989,0,0,0,0,0,0,0,0,0,0
121829,2,1,1989,0,0,0,0,0,0,0,0,0,0
121830,1,1,1989,0,0,0,0,0,0,0,0,0,0
121830,2,1,1989,0,0,0,0,0,0,0,0,0,0
121830,3,1,1989,0,0,0,0,0,0,0,0,0,0
121831,0,1,1989,0,0,0,0,0,0,0,0,0,0
121831,1,1,1989,0,0,0,0,0,0,0,0,0,0
121832,1,1,1989,15,15,15,15,15,15,15,15,15,15
121832,2,1,1989,0,13,0,0,0,0,0,0,0,0
121834,1,1,1989,0,0,0,0,0,0,0,0,0,0
121834,2,1,1989,0,0,0,0,0,0,0,0,0,0
121835,1,1,1989,0,0,0,0,0,0,0,0,0,0
121835,2,1,1989,0,0,0,0,0,0,0,0,0,0
121836,0,1,1989,12,12,12,12,12,12,12,12,12,12
121836,1,1,1989,0,0,0,0,0,0,9,0,0,0
121837,1,1,1989,24,24,24,24,24,24,24,24,24,24
121837,2,1,1989,0,0,0,0,0,0,0,0,0,0
121838,0,1,1989,0,0,0,0,0,0,0,0,14,0
121838,0,2,1989,0,24,0,13,35,12,0,0,0,0
121838,1,1,1989,0,0,10,0,8,0,0,22,0,15
121839,0,1,1989,5,5,5,5,5,5,5,5,5,5
121839,1,1,1989,18,18,18,18,18,18,18,18,18,18
121840,1,1,1989,0,21,0,0,0,0,0,16,0,0
121841,0,1,1989,0,50,0,0,20,16,0,21,0,0
121841,1,1,1989,0,17,9,4,24,8,29,10,9,18
121842,0,1,1989,0,0,0,0,0,0,0,0,0,0
121842,1,1,1989,10,0,0,0,0,0,0,0,0,0
121843,0,1,1989,0,0,0,0,0,0,0,0,0,0
121843,1,1,1989,0,0,0,0,0,8,0,0,0,0
121844,0,1,1989,2,2,2,2,2,2,2,2,2,2
121844,1,1,1989,0,0,0,0,0,0,4,0,0,0
121845,1,1,1989,0,16,13,18,0,3,7,20,10,0
121846,1,1,1989,0,0,0,0,0,0,0,0,0,0
121847,1,1,1989,0,0,0,0,0,0,0,5,0,0
121847,2,1,1989,0,0,0,0,0,0,0,0,0,0
121847,3,1,1989,0,0,0,0,0,0,0,0,0,0
121848,1,1,1989,0,0,0,0,0,0,0,0,0,12
121849,0,1,1989,10,24,17,15,32,14,36,0,26,28
121849,1,1,1989,11,12,20,13,15,14,21,14,9,15
121850,0,1,1989,0,0,0,0,12,0,0,0,0,0
121850,1,1,1989,8,0,14,13,46,12,21,7,22,22
121851,1,1,1989,28,18,19,35,0,0,0,9,4,0
121852,0,1,1989,0,0,0,0,8,0,0,0,17,0
121852,1,1,1989,0,0,0,0,0,0,0,0,0,0
121853,0,1,1989,0,0,0,0,0,0,0,0,0,0
121853,1,1,1989,0,0,0,0,0,0,0,0,0,0
121854,1,1,1989,19,19,19,19,19,19,19,19,19,19
121855,0,1,1989,11,11,11,11,11,11,11,11,11,11
121855,2,1,1989,0,0,0,16,4,0,12,0,0,0
121856,1,1,1989,0,0,0,0,0,0,0,0,0,0
121856,2,1,1989,0,0,0,0,0,0,0,0,0,0
121857,0,1,1989,29,29,29,29,29,29,29,29,29,29
121857,1,1,1989,7,7,7,7,7,7,7,7,7,7
121858,1,1,1989,23,23,23,23,23,23,23,23,23,23
121858,2,1,1989,0,0,0,0,0,0,22,0,0,0
121859,1,1,1989,14,14,14,14,14,14,14,14,14,14
121859,2,1,1989,0,0,0,0,0,0,0,0,0,0
121860,1,1,1989,0,0,0,0,0,0,0,0,0,0
121860,2,1,1989,0,0,0,0,0,0,0,0,0,0
121861,1,1,1989,12,28,0,0,0,0,20,0,0,0
121862,1,1,1989,27,27,27,27,27,27,27,27,27,27
121863,0,1,1989,25,25,25,25,25,25,25,25,25,25
121863,1,1,1989,0,0,0,12,0,0,0,0,0,16
121863,2,1,1989,0,0,15,0,0,0,0,0,0,0
121864,1,1,1989,5,5,5,5,5,5,5,5,5,5
121865,1,1,1989,0,0,0,0,0,0,0,0,0,0
121865,2,1,1989,0,0,0,0,0,0,0,18,0,15
121866,1,1,1989,0,0,0,0,0,0,0,0,0,0
121866,2,1,1989,0,0,0,0,0,0,0,0,0,0
121867,1,1,1989,0,0,0,0,0,0,0,0,0,0
121867,2,1,1989,0,0,0,0,0,0,0,0,0,0
121868,1,1,1989,15,15,15,15,15,15,15,15,15,15
121868,2,1,1989,0,0,0,0,0,0,0,0,0,0
121869,1,1,1989,21,21,21,21,21,21,21,21,21,21
121870,0,1,1989,0,0,0,0,0,0,0,0,0,0
121870,1,1,1989,0,0,0,0,0,0,0,0,0,0
121871,0,1,1989,27,0,0,0,0,0,0,0,0,0
121871,1,1,1989,0,14,0,0,0,0,9,0,0,0
121872,1,1,1989,0,0,0,0,0,0,0,0,0,0
121873,1,1,1989,0,0,0,0,0,0,0,0,0,0
121874,1,1,1989,0,0,0,0,0,0,0,0,0,0
121874,2,1,1989,0,0,0,0,0,0,0,0,0,0
121875,1,1,1989,19,19,19,19,19,19,19,19,19,19
121876,1,1,1989,0,0,0,0,0,0,0,0,0,0
121877,1,1,1989,0,0,0,0,13,8,0,0,0,0
121878,1,1,1989,0,0,0,0,0,0,0,0,0,0
121878,2,1,1989,0,0,0,0,0,0,0,0,0,0
121879,1,1,1989,0,0,0,0,10,0,0,0,23,0
121879,2,1,1989,0,0,0,0,0,0,0,0,0,0
121880,0,1,1989,0,0,0,0,0,0,0,0,0,0
121880,1,1,1989,7,7,7,7,7,7,7,7,7,7
121881,1,1,1989,0,0,0,0,0,0,0,0,0,0
121881,2,1,1989,0,0,0,0,0,0,0,0,0,0
121882,2,1,1989,0,0,0,0,0,0,0,0,0,0
121883,1,1,1989,0,0,0,0,0,0,0,0,0,0
121883,2,1,1989,0,0,0,0,0,0,0,0,0,0
121884,1,1,1989,0,0,0,0,0,0,0,0,0,0
121885,1,1,1989,0,0,0,0,0,9,0,0,0,0
121885,2,1,1989,0,0,0,0,0,0,0,0,0,0
121886,0,1,1989,31,31,31,31,31,31,31,31,31,31