ST_CASE,VEH_NO,PER_NO,YEAR,P1,P2,P3,P4,P5,P6,P7,P8,P9,P10
121886,1,1,1989,27,12,23,13,0,20,23,18,7,15
121887,1,1,1989,0,0,0,0,0,0,0,0,0,0
121887,2,1,1989,0,0,0,0,0,0,0,0,0,0
121888,1,1,1989,7,7,27,23,17,15,22,22,0,21
121889,1,1,1989,0,0,0,0,0,0,0,0,0,0
121889,2,1,1989,0,0,0,0,0,0,0,0,0,0
121890,0,1,1989,0,25,29,0,0,0,0,0,7,0
121890,1,1,1989,0,0,0,0,0,0,0,11,0,0
121891,1,1,1989,19,0,18,0,0,0,0,0,6,0
121891,2,1,1989,0,0,0,0,0,0,17,0,0,0
121891,3,1,1989,0,13,0,0,18,0,0,0,0,0
121892,1,1,1989,19,0,0,0,0,0,0,0,10,10
121892,2,1,1989,0,0,0,0,0,0,0,0,0,0
121893,1,1,1989,0,0,0,0,0,0,0,0,0,0
121893,2,1,1989,17,17,17,17,17,17,17,17,17,17
121894,1,1,1989,0,0,0,0,0,0,0,0,0,0
121894,2,1,1989,0,0,0,0,0,0,0,0,0,0
121895,1,1,1989,0,0,0,0,0,0,0,0,0,0
121896,1,1,1989,0,0,0,0,0,0,0,0,0,0
121896,2,1,1989,9,0,18,0,0,0,0,0,0,13
121897,1,1,1989,18,18,18,18,18,18,18,18,18,18
121898,1,1,1989,2,2,2,2,2,2,2,2,2,2
121899,0,1,1989,0,0,0,0,0,0,0,0,0,0
121899,1,1,1989,0,0,0,0,0,0,0,0,0,0
121900,1,1,1989,0,0,0,0,0,0,0,0,0,0
121900,2,1,1989,0,0,0,0,0,0,0,0,0,0
121901,1,1,1989,37,37,37,37,37,37,37,37,37,37
121902,0,1,1989,0,0,0,0,0,0,0,0,0,0
121902,1,1,1989,0,0,0,0,0,0,0,0,0,0
121903,0,1,1989,0,0,0,0,0,0,0,0,0,0
121903,1,1,1989,0,0,0,0,0,0,0,0,0,0
121904,1,1,1989,0,0,0,9,0,0,0,0,0,0
121904,2,1,1989,0,20,0,24,31,0,13,8,0,31
121904,3,1,1989,11,0,20,0,0,0,0,0,0,0
121905,1,1,1989,0,0,0,0,0,0,0,0,0,0
121905,2,1,1989,0,0,0,0,0,0,0,0,0,0
121905,3,1,1989,0,0,0,0,5,0,0,5,0,0
121906,0,1,1989,0,0,0,0,0,0,0,0,0,0
121906,1,1,1989,0,0,0,0,0,0,0,12,0,4
121907,0,1,1989,8,8,8,8,8,8,8,8,8,8
121907,1,1,1989,16,16,16,16,16,16,16,16,16,16
121908,1,1,1989,14,14,14,14,14,14,14,14,14,14
121908,2,1,1989,21,21,21,21,21,21,21,21,21,21
121909,1,1,1989,0,0,0,0,0,0,0,0,0,0
121910,1,1,1989,16,0,0,0,0,0,0,0,0,0
121910,2,1,1989,0,0,0,0,0,0,0,0,0,0
121911,1,1,1989,23,23,23,23,23,23,23,23,23,23
121911,2,1,1989,0,0,0,0,0,0,0,0,0,0
121912,1,1,1989,0,0,0,0,0,0,0,0,0,0
121912,2,1,1989,0,0,0,0,0,0,0,0,0,0
121913,1,1,1989,0,0,0,0,0,0,0,0,0,0
121913,2,1,1989,0,0,0,0,0,0,0,0,0,0
121914,1,1,1989,0,0,12,0,0,0,0,0,0,0
121915,1,1,1989,0,0,0,0,0,0,0,0,0,0
121915,2,1,1989,0,0,10,0,0,0,0,0,0,0
121916,0,1,1989,0,28,22,0,0,0,0,0,0,0
121916,1,1,1989,0,0,0,0,0,0,0,0,0,0
121917,1,1,1989,17,17,17,17,17,17,17,17,17,17
121918,1,1,1989,17,17,17,17,17,17,17,17,17,17
121919,1,1,1989,0,0,0,0,0,0,0,0,0,0
121919,2,1,1989,0,0,0,0,0,0,0,0,0,0
121920,1,1,1989,0,26,9,0,0,0,0,0,18,19
121920,2,1,1989,0,0,7,0,14,0,11,0,0,0
121921,1,1,1989,0,0,0,0,0,0,0,0,0,0
121921,2,1,1989,0,0,0,0,0,0,0,0,0,0
121922,1,1,1989,19,19,19,19,19,19,19,19,19,19
121922,2,1,1989,0,0,0,0,0,0,0,0,0,0
121923,1,1,1989,25,25,25,25,25,25,25,25,25,25
121924,1,1,1989,22,22,22,22,22,22,22,22,22,22
121925,1,1,1989,20,20,20,20,20,20,20,20,20,20
121926,1,1,1989,0,20,0,0,0,0,0,0,17,0
121927,0,1,1989,0,0,0,0,0,0,0,0,0,0
121927,1,1,1989,0,0,0,0,0,0,0,0,0,0
121928,1,1,1989,0,24,15,0,14,15,19,26,0,18
121928,2,1,1989,0,0,0,0,0,0,0,0,0,0
121929,1,1,1989,0,0,0,0,0,0,0,0,0,0
121929,2,1,1989,0,0,0,0,0,0,0,0,0,0
121930,1,1,1989,16,16,16,16,16,16,16,16,16,16
121930,2,1,1989,0,21,27,0,0,14,24,13,16,0
121931,1,1,1989,0,0,0,0,0,0,0,0,0,0
121931,2,1,1989,0,0,0,0,0,0,0,0,0,0
121932,1,1,1989,19,15,6,10,9,9,10,14,19,5
121932,2,1,1989,0,0,0,0,21,0,0,0,0,0
121933,0,1,1989,0,0,0,0,0,0,0,0,0,0
121933,0,2,1989,0,0,0,0,0,0,3,0,0,0
121933,1,1,1989,0,0,0,0,0,0,0,0,0,0
121934,1,1,1989,5,29,9,14,21,5,9,28,11,9
121935,1,1,1989,23,14,21,22,16,8,21,18,0,14
121935,2,1,1989,31,33,0,17,22,11,12,0,0,32
121936,1,1,1989,26,26,26,26,26,26,26,26,26,26
121937,0,1,1989,20,0,30,0,0,12,0,26,0,19
121937,0,2,1989,29,29,29,29,29,29,29,29,29,29
121937,1,1,1989,14,14,14,14,14,14,14,14,14,14
121938,1,1,1989,0,0,0,0,0,0,0,0,0,0
121938,2,1,1989,0,0,0,0,0,0,0,0,0,0
121939,1,1,1989,0,0,0,0,0,0,0,0,0,0
121939,3,1,1989,0,0,0,0,0,0,0,0,0,0
121940,0,1,1989,0,0,0,0,0,0,0,0,0,0
121940,1,1,1989,0,0,0,0,0,0,0,0,0,0
121941,0,1,1989,0,16,37,0,14,19,11,16,13,10
121941,1,1,1989,0,0,0,20,0,17,0,24,0,17
121942,1,1,1989,0,0,0,0,0,0,0,0,0,0
121942,2,1,1989,0,0,0,0,0,0,0,0,0,0
121943,1,1,1989,0,0,0,0,0,0,0,0,0,0
121944,1,1,1989,27,27,27,27,27,27,27,27,27,27
121945,0,1,1989,0,0,0,0,0,0,0,0,0,0
121945,1,1,1989,9,9,9,9,9,9,9,9,9,9
121946,0,1,1989,2,2,2,2,2,2,2,2,2,2
121946,1,1,1989,0,0,0,0,0,0,0,0,0,0
121947,0,1,1989,0,0,0,0,0,0,0,0,0,26
121948,1,1,1989,0,0,0,0,0,0,0,0,0,0
121948,2,1,1989,18,0,0,0,18,0,0,0,13,0
121949,1,1,1989,21,21,21,21,21,21,21,21,21,21
121950,0,1,1989,1,1,1,1,1,1,1,1,1,1
121950,1,1,1989,9,9,9,9,9,9,9,9,9,9
121951,1,1,1989,0,0,0,0,0,0,0,0,0,0
121951,2,1,1989,1,1,1,1,1,1,1,1,1,1
121952,1,1,1989,14,14,14,14,14,14,14,14,14,14
121952,2,1,1989,0,0,0,0,0,0,0,0,0,0
121953,1,1,1989,19,19,19,19,19,19,19,19,19,19
121954,0,1,1989,0,0,0,0,0,0,0,0,0,0
121954,1,1,1989,0,0,0,0,0,0,0,0,0,0
121954,2,1,1989,0,0,0,0,0,0,0,0,0,0
121955,1,1,1989,3,3,3,3,3,3,3,3,3,3
121956,0,1,1989,14,14,14,14,14,14,14,14,14,14
121956,1,1,1989,22,0,8,0,0,0,0,0,0,0
121957,0,1,1989,22,22,22,22,22,22,22,22,22,22
121957,1,1,1989,0,0,0,0,0,0,0,0,0,0
121957,2,1,1989,0,0,0,0,0,0,0,0,0,0
121958,1,1,1989,0,0,0,0,0,0,0,0,0,0
121958,2,1,1989,0,0,0,0,0,4,0,0,0,0
121959,1,1,1989,0,0,0,0,0,0,0,0,0,0
121959,2,1,1989,0,0,0,0,0,0,0,0,0,0
121960,1,1,1989,10,0,0,6,15,22,0,14,0,0
121961,1,1,1989,0,0,0,0,0,0,0,0,0,0
121961,2,1,1989,0,0,0,0,0,0,0,0,0,0
121962,0,1,1989,0,0,0,0,0,0,0,0,0,0
121962,1,1,1989,0,0,0,0,0,0,0,0,0,0
121963,1,1,1989,0,0,0,0,0,0,0,0,0,0
121963,2,1,1989,0,0,0,0,0,0,0,0,0,0
121964,1,1,1989,0,0,0,0,0,0,0,0,0,0
121965,1,1,1989,24,24,24,24,24,24,24,24,24,24
121965,2,1,1989,0,0,0,0,0,0,0,0,0,0
121966,1,1,1989,0,0,0,0,0,0,0,0,0,0
121966,2,1,1989,0,0,0,0,0,0,0,0,0,0
121967,1,1,1989,22,22,22,22,22,22,22,22,22,22
121967,2,1,1989,13,13,13,13,13,13,13,13,13,13
121968,1,1,1989,17,17,17,17,17,17,17,17,17,17
121969,1,1,1989,19,19,19,19,19,19,19,19,19,19
121969,2,1,1989,0,0,0,0,0,0,0,0,0,0
121970,1,1,1989,0,0,0,0,0,0,0,0,0,0
121971,1,1,1989,0,0,0,0,0,0,0,0,0,0
121971,2,1,1989,0,0,0,0,0,0,0,0,27,0
121971,3,1,1989,0,0,0,0,0,0,0,0,0,0
121972,1,1,1989,22,22,22,22,22,22,22,22,22,22
121973,1,1,1989,0,0,0,0,0,0,0,0,0,0
121974,1,1,1989,36,36,36,36,36,36,36,36,36,36
121974,2,1,1989,8,8,8,8,8,8,8,8,8,8
121975,1,1,1989,0,0,0,0,0,0,0,0,0,0
121976,0,1,1989,12,0,0,0,24,27,14,0,20,13
121976,1,1,1989,4,4,4,4,4,4,4,4,4,4
121977,1,1,1989,7,10,9,17,0,0,0,10,14,20
121978,1,1,1989,15,0,0,0,21,9,15,13,10,27
121979,0,1,1989,20,20,20,20,20,20,20,20,20,20
121979,1,1,1989,0,0,0,0,0,0,0,0,0,0
121980,1,1,1989,20,20,20,20,20,20,20,20,20,20
121981,1,1,1989,13,13,13,13,13,13,13,13,13,13
121981,2,1,1989,14,14,14,14,14,14,14,14,14,14
121982,0,1,1989,0,0,0,0,0,0,0,0,0,0
121982,1,1,1989,13,13,13,13,13,13,13,13,13,13
121983,1,1,1989,16,16,16,16,16,16,16,16,16,16
121984,1,1,1989,0,0,0,0,0,0,0,0,0,0
121984,2,1,1989,0,0,0,0,0,0,0,0,0,0
121985,1,1,1989,0,0,0,0,7,0,0,0,0,0
121985,2,1,1989,18,18,18,18,18,18,18,18,18,18
121986,0,1,1989,0,0,0,0,0,0,0,0,0,0
121986,1,1,1989,15,0,0,0,0,0,0,0,0,0
121987,1,1,1989,18,18,18,18,18,18,18,18,18,18
121987,2,1,1989,0,0,0,0,0,0,0,0,0,0
121988,1,1,1989,15,15,15,15,15,15,15,15,15,15
121989,1,1,1989,8,8,8,8,8,8,8,8,8,8
121990,1,1,1989,0,0,0,0,0,0,0,0,0,0
121990,2,1,1989,0,0,0,0,0,0,0,0,0,0
121991,1,1,1989,0,0,0,0,0,0,0,0,0,0
121991,2,1,1989,0,0,0,0,0,0,32,0,0,0
121992,1,1,1989,23,23,23,23,23,23,23,23,23,23
121993,1,1,1989,2,2,2,2,2,2,2,2,2,2
121995,1,1,1989,0,0,0,0,0,0,0,0,0,0
121997,0,1,1989,0,0,0,0,0,0,0,0,0,0
121997,1,1,1989,0,0,0,0,0,0,0,0,0,0
121998,1,1,1989,0,0,0,0,0,0,0,0,0,0
121998,2,1,1989,0,0,0,0,0,0,0,0,0,0
121999,1,1,1989,0,0,0,0,0,0,0,0,0,0
121999,2,1,1989,0,0,0,0,0,0,0,0,0,0
122000,0,1,1989,15,15,15,15,15,15,15,15,15,15
122000,1,1,1989,0,0,0,0,0,0,0,0,0,0
122001,1,1,1989,0,0,0,0,0,0,0,0,0,0
122001,2,1,1989,0,0,0,0,0,0,0,0,0,0
122002,0,1,1989,19,14,0,23,22,12,9,25,16,9
122002,1,1,1989,0,6,0,0,0,0,0,12,0,0
122003,1,1,1989,0,0,0,0,0,0,0,0,0,0
122003,2,1,1989,0,0,0,0,15,0,0,0,0,0
122004,0,1,1989,0,0,0,0,0,0,0,0,0,0
122004,0,2,1989,0,0,35,0,0,25,26,0,9,0
122004,1,1,1989,0,0,0,0,0,0,0,0,0,0
122005,0,1,1989,0,0,0,0,0,0,0,26,0,0
122005,1,1,1989,0,0,0,0,0,0,0,0,0,0
122006,1,1,1989,0,0,0,37,6,27,0,0,0,14
122006,2,1,1989,14,14,14,14,14,14,14,14,14,14
122006,3,1,1989,0,0,0,0,0,15,0,0,0,0
122007,1,1,1989,21,21,21,21,21,21,21,21,21,21
122007,2,1,1989,5,5,5,5,5,5,5,5,5,5
122008,1,1,1989,10,10,10,10,10,10,10,10,10,10
122008,2,1,1989,21,0,0,0,0,0,0,0,0,0
122009,1,1,1989,0,0,0,0,0,0,0,0,0,0
122010,0,1,1989,19,19,19,19,19,19,19,19,19,19
122010,1,1,1989,12,0,9,0,0,0,0,0,0,0
122011,2,1,1989,4,4,4,4,4,4,4,4,4,4
122012,0,1,1989,0,0,0,0,0,25,0,0,37,0
122012,0,2,1989,25,0,0,5,16,9,33,17,21,0
122012,1,1,1989,0,0,0,0,0,0,0,0,0,0
122013,1,1,1989,0,0,0,0,0,0,0,0,0,0
122013,2,1,1989,0,0,0,0,0,0,0,0,0,0
122014,0,1,1989,19,19,19,19,19,19,19,19,19,19
122014,1,1,1989,0,0,0,0,0,0,0,0,16,14
122015,0,1,1989,0,0,0,0,0,0,0,0,0,0
122015,1,1,1989,0,0,17,0,0,0,0,0,0,0
122016,0,1,1989,0,0,0,0,0,0,0,0,0,0
122016,1,1,1989,0,0,0,0,0,0,0,0,0,0
122016,2,1,1989,0,0,0,3,0,0,0,0,0,0
122017,0,1,1989,23,23,23,23,23,23,23,23,23,23
122017,1,1,1989,0,0,0,0,0,0,0,0,0,0
122018,1,1,1989,0,0,0,0,0,0,0,0,0,0
122018,2,1,1989,0,0,0,0,0,0,0,0,0,2
122020,1,1,1989,15,15,15,15,15,15,15,15,15,15
122021,1,1,1989,13,7,12,39,16,33,26,0,22,14
122022,0,1,1989,18,18,18,18,18,18,18,18,18,18
122022,1,1,1989,0,0,0,0,0,0,0,0,0,0
122023,1,1,1989,8,8,8,8,8,8,8,8,8,8
122024,1,1,1989,12,12,12,12,12,12,12,12,12,12
122025,1,1,1989,0,0,0,0,0,0,0,0,0,0
122025,2,1,1989,0,0,0,0,0,0,0,0,0,0
122026,0,1,1989,0,0,0,0,0,0,0,0,0,0
122026,1,1,1989,2,2,2,2,2,2,2,2,2,2
122027,0,1,1989,29,29,29,29,29,29,29,29,29,29
122027,1,1,1989,0,0,12,0,0,0,0,0,0,0
122028,1,1,1989,0,0,0,0,0,0,0,0,0,0
122028,2,1,1989,0,0,0,0,0,0,0,0,0,0
122028,3,1,1989,0,0,0,0,8,0,0,0,0,0
122029,1,1,1989,0,0,0,0,0,0,0,0,0,0
122029,2,1,1989,0,0,0,0,0,0,0,0,0,0
122030,1,1,1989,0,0,0,0,0,0,0,0,0,0
122031,1,1,1989,22,22,22,22,22,22,22,22,22,22
122032,1,1,1989,14,14,14,14,14,14,14,14,14,14
122033,1,1,1989,0,0,0,0,0,0,0,0,0,0
122034,1,1,1989,0,0,0,0,0,0,0,0,0,0
122035,0,1,1989,0,26,0,0,0,12,0,0,0,0
122035,1,1,1989,0,0,0,0,0,0,0,0,0,0
122036,0,1,1989,0,0,0,0,0,0,0,0,0,0
122036,1,1,1989,11,0,0,0,0,0,0,0,0,0
122037,1,1,1989,0,0,0,0,0,0,0,0,0,0
122037,2,1,1989,21,18,15,13,18,0,21,14,13,19
122038,1,1,1989,0,0,0,0,0,0,0,0,0,0
122039,0,1,1989,0,0,0,0,0,0,0,0,0,0
122039,1,1,1989,7,0,0,0,0,0,0,0,0,0
122040,1,1,1989,24,24,24,24,24,24,24,24,24,24
122041,0,1,1989,21,21,21,21,21,21,21,21,21,21
122041,1,1,1989,0,0,0,0,0,0,0,0,0,0
122042,1,1,1989,0,0,0,0,0,0,0,0,0,0
122043,1,1,1989,0,0,0,0,0,0,0,0,0,0
122044,0,1,1989,23,23,23,23,23,23,23,23,23,23
122044,1,1,1989,0,0,0,0,0,0,0,0,0,0
122045,0,1,1989,27,27,27,27,27,27,27,27,27,27
122045,1,1,1989,19,0,0,0,0,0,0,0,0,0
122046,1,1,1989,27,27,27,27,27,27,27,27,27,27
122046,2,1,1989,12,0,31,0,7,0,0,0,0,0
122047,1,1,1989,24,0,0,0,0,0,0,25,19,0
122047,2,1,1989,22,0,0,0,0,0,0,17,0,0
122048,1,1,1989,0,0,0,0,0,0,0,0,0,0
122048,2,1,1989,0,0,0,0,0,0,0,0,0,0
122049,1,1,1989,0,0,0,0,0,0,0,0,0,0
122049,2,1,1989,0,0,0,0,0,0,0,0,0,0
122050,0,1,1989,22,22,22,22,22,22,22,22,22,22
122050,1,1,1989,0,0,0,0,0,0,0,0,0,0
122051,1,1,1989,17,17,17,17,17,17,17,17,17,17
122051,2,1,1989,1,1,1,1,1,1,1,1,1,1
122052,1,1,1989,0,0,0,0,0,0,0,0,0,0
122052,2,1,1989,20,0,0,11,0,0,0,0,0,0
122053,1,1,1989,11,11,11,11,11,11,11,11,11,11
122054,1,1,1989,0,0,0,0,0,0,0,0,0,0
122054,2,1,1989,0,0,30,0,0,0,0,0,0,0
122055,1,1,1989,18,27,15,17,17,5,10,32,18,19
122056,1,1,1989,0,0,0,0,0,0,0,0,0,0
122056,2,1,1989,0,0,0,0,24,0,0,0,0,0
122057,1,1,1989,0,0,0,0,0,0,0,0,0,0
122058,1,1,1989,0,0,0,0,0,0,0,0,0,0
122058,2,1,1989,0,0,0,0,0,0,0,0,0,0
122059,1,1,1989,28,28,28,28,28,28,28,28,28,28
122059,2,1,1989,1,1,1,1,1,1,1,1,1,1
122060,1,1,1989,7,7,7,7,7,7,7,7,7,7
122061,1,1,1989,0,0,0,0,0,0,0,0,0,0
122061,2,1,1989,0,0,0,0,0,0,0,0,0,0
122062,1,1,1989,0,0,0,0,0,0,0,0,0,0
122063,1,1,1989,0,0,0,0,0,0,0,0,0,0
122063,2,1,1989,2,2,2,2,2,2,2,2,2,2
122064,0,1,1989,0,0,0,0,0,0,0,0,0,0
122064,1,1,1989,0,0,0,0,19,9,0,7,0,0
122065,0,1,1989,0,0,0,0,0,0,0,0,0,0
122065,1,1,1989,0,0,0,0,0,0,0,0,0,0
122066,1,1,1989,0,0,0,0,0,0,0,0,0,0
122067,1,1,1989,33,33,33,33,33,33,33,33,33,33
122067,2,1,1989,13,13,13,13,13,13,13,13,13,13
122068,1,1,1989,0,24,5,0,0,0,0,0,0,0
122069,1,1,1989,0,0,0,0,0,0,0,0,0,0
122070,0,1,1989,30,30,30,30,30,30,30,30,30,30
122070,1,1,1989,0,0,0,0,16,0,0,12,0,0
122072,1,1,1989,10,10,10,10,10,10,10,10,10,10
122073,1,1,1989,0,0,0,0,8,0,0,0,0,0
122074,1,1,1989,13,13,13,13,13,13,13,13,13,13
122074,2,1,1989,0,0,0,0,0,0,0,0,0,0
122074,3,1,1989,0,0,0,14,0,0,0,0,0,0
122074,4,1,1989,0,0,0,0,10,0,0,0,0,0
122075,1,1,1989,0,0,0,0,0,0,0,0,23,0
122076,0,1,1989,12,0,16,0,0,0,0,0,0,0
122076,1,1,1989,0,0,0,0,0,0,0,0,0,0
122077,0,1,1989,0,0,0,0,0,0,0,0,0,0
122077,1,1,1989,0,0,0,0,0,0,0,0,0,0
122078,0,1,1989,0,0,0,0,0,0,0,0,0,0
122078,1,1,1989,0,0,0,0,0,0,0,0,0,0
122079,1,1,1989,13,13,13,13,13,13,13,13,13,13
122080,0,1,1989,0,0,0,0,0,0,0,0,0,0
122080,1,1,1989,0,0,0,0,0,0,0,0,0,0
122081,1,1,1989,28,7,10,14,18,15,22,0,26,32
122081,2,1,1989,0,0,0,0,0,0,0,0,0,0
122082,1,1,1989,0,0,0,0,0,0,0,0,0,0
122082,2,1,1989,0,0,0,0,0,0,0,0,0,0
122083,1,1,1989,0,0,0,0,0,0,0,0,0,0
122084,1,1,1989,0,0,32,0,15,36,0,0,0,0
122085,1,1,1989,9,9,9,9,9,9,9,9,9,9
122086,1,1,1989,28,28,28,28,28,28,28,28,28,28
122087,1,1,1989,0,11,0,0,0,0,0,0,0,0
122088,1,1,1989,0,0,0,0,0,0,0,0,0,0
122088,2,1,1989,0,0,0,0,0,0,0,0,0,0
122089,1,1,1989,0,0,0,0,0,0,0,0,0,0
122090,1,1,1989,0,0,0,0,0,0,0,0,0,0
122090,2,1,1989,0,0,0,0,0,0,0,0,0,0
122091,1,1,1989,18,18,18,18,18,18,18,18,18,18
122091,2,1,1989,0,0,0,0,0,0,0,0,0,0
122092,0,1,1989,0,0,0,0,0,0,0,0,0,0
122092,1,1,1989,0,0,0,0,0,0,0,0,0,0
122093,0,1,1989,0,0,0,26,0,0,0,9,0,0
122093,1,1,1989,0,0,0,0,0,0,0,0,0,0
122094,0,1,1989,23,23,23,23,23,23,23,23,23,23
122094,1,1,1989,0,0,8,0,0,0,0,0,0,0
122095,1,1,1989,0,0,0,0,0,0,0,0,0,0
122095,2,1,1989,0,0,0,0,0,0,0,0,0,0
122095,3,1,1989,0,0,0,0,0,0,0,0,0,0
122097,0,1,1989,0,0,0,0,0,0,0,0,0,0
122097,1,1,1989,0,0,0,0,0,0,0,0,0,0
122098,0,1,1989,0,0,0,0,0,0,0,0,0,0
122098,1,1,1989,0,0,0,0,0,0,0,0,0,0
122099,1,1,1989,0,0,0,0,0,0,0,0,8,0
122099,2,1,1989,20,23,14,12,17,9,13,13,4,16
122100,1,1,1989,21,21,21,21,21,21,21,21,21,21
122101,1,1,1989,0,0,0,0,0,0,0,0,0,0
122101,2,1,1989,0,0,0,0,0,0,0,0,0,0
122102,0,1,1989,0,0,0,0,0,0,0,0,0,0
122102,1,1,1989,0,0,5,0,0,0,0,0,0,0
122103,0,1,1989,8,0,0,7,0,24,10,9,8,0
122103,1,1,1989,7,7,7,7,7,7,7,7,7,7
122104,0,1,1989,0,0,0,0,0,0,0,0,0,0
122104,1,1,1989,0,0,0,0,0,0,0,0,0,0
122105,1,1,1989,0,0,0,0,0,0,0,0,0,0
122106,0,1,1989,0,0,7,0,8,11,16,11,0,17
122106,1,1,1989,0,0,0,0,0,0,0,0,0,0
122107,0,1,1989,17,0,11,0,0,0,63,17,0,0
122107,1,1,1989,0,0,0,0,0,0,0,0,0,0
122108,1,1,1989,18,18,18,18,18,18,18,18,18,18
122109,1,1,1989,0,0,0,0,0,0,0,0,0,0
122109,2,1,1989,0,0,0,0,0,21,0,0,0,0
122110,1,1,1989,12,8,19,25,22,23,12,0,17,10
122111,1,1,1989,20,20,20,20,20,20,20,20,20,20
122111,2,1,1989,0,0,0,0,0,0,0,25,0,0
122112,1,1,1989,3,3,3,3,3,3,3,3,3,3
122112,2,1,1989,0,2,0,0,0,0,0,0,0,13
122113,1,1,1989,0,0,0,0,0,0,0,0,0,0
122114,1,1,1989,0,0,0,0,0,0,0,0,0,0
122114,2,1,1989,0,0,0,0,0,0,0,0,0,0
122115,1,1,1989,16,16,16,16,16,16,16,16,16,16
122116,0,1,1989,0,0,0,0,0,0,2,0,0,0
122116,1,1,1989,0,0,0,0,0,0,0,0,0,0
122117,1,1,1989,0,0,0,9,0,12,0,0,0,0
122117,2,1,1989,0,0,28,0,0,0,0,0,0,0
122118,0,1,1989,0,0,0,3,9,0,29,14,15,8
122118,1,1,1989,0,0,7,0,9,0,11,0,0,9
122119,0,1,1989,0,0,0,0,0,0,0,0,0,0
122119,1,1,1989,0,0,0,0,0,0,0,0,0,0
122120,1,1,1989,19,19,19,19,19,19,19,19,19,19
122120,2,1,1989,0,0,0,0,0,0,0,0,0,0
122120,3,1,1989,0,0,0,0,0,0,0,0,0,0
122121,1,1,1989,0,0,0,0,0,0,0,0,0,0
122121,2,1,1989,0,0,0,0,36,0,0,0,0,0
122122,1,1,1989,0,0,0,22,0,13,0,0,0,38
122123,1,1,1989,0,0,0,0,0,0,0,0,0,0
122123,2,1,1989,0,0,0,0,0,0,0,0,0,0
122124,1,1,1989,0,0,0,0,0,0,0,0,0,0
122125,1,1,1989,0,0,0,0,0,0,0,0,0,0
122125,2,1,1989,0,0,0,0,0,0,0,0,0,0
122126,1,1,1989,0,0,0,0,0,0,0,0,0,0
122126,2,1,1989,0,0,0,0,0,0,0,0,0,0
122126,3,1,1989,0,0,0,0,0,0,0,0,0,0
122127,0,1,1989,7,0,4,0,0,27,0,0,0,26
122127,1,1,1989,18,18,18,18,18,18,18,18,18,18
122128,1,1,1989,24,0,19,7,23,0,23,0,0,0
122128,2,1,1989,0,0,0,0,0,0,17,0,0,0
122129,0,1,1989,0,0,0,0,0,0,0,0,0,0
122129,1,1,1989,12,12,12,12,12,12,12,12,12,12
122130,0,1,1989,14,14,14,14,14,14,14,14,14,14
122130,1,1,1989,0,0,0,0,0,0,0,0,0,8
122131,1,1,1989,0,0,0,0,0,0,0,0,0,0
122131,2,1,1989,0,0,0,0,0,0,0,0,0,0
122132,1,1,1989,0,15,17,7,10,12,7,3,10,6
122132,2,1,1989,23,19,11,19,0,0,31,17,22,15
122133,1,1,1989,16,16,16,16,16,16,16,16,16,16
122134,1,1,1989,0,0,0,0,0,0,0,0,0,0
122135,1,1,1989,0,0,0,0,0,0,0,0,0,0
122135,2,1,1989,0,0,0,0,0,0,0,0,0,0
122136,1,1,1989,24,24,24,24,24,24,24,24,24,24
122137,0,1,1989,0,0,0,0,0,0,0,0,0,0
122137,1,1,1989,0,0,0,0,9,13,0,0,0,0
122138,0,1,1989,5,5,5,5,5,5,5,5,5,5
122138,1,1,1989,0,0,0,0,0,0,0,0,0,0
122139,0,1,1989,0,0,0,0,0,0,0,0,0,14
122139,1,1,1989,0,0,0,0,0,0,0,0,0,0
122140,1,1,1989,0,0,0,0,0,0,0,0,0,0
122140,2,1,1989,0,0,0,0,0,0,0,0,0,0
122141,0,1,1989,0,0,0,0,0,0,0,0,0,0
122141,1,1,1989,0,0,0,0,0,27,27,8,0,15
122142,1,1,1989,0,0,0,0,0,0,0,0,0,0
122142,2,1,1989,0,0,0,0,0,0,0,7,0,0
122143,1,1,1989,0,0,0,0,0,0,0,0,0,0
122143,2,1,1989,0,0,0,0,0,0,0,0,0,0
122144,0,1,1989,6,6,6,6,6,6,6,6,6,6
122144,1,1,1989,6,6,6,6,6,6,6,6,6,6
122145,1,1,1989,0,0,0,0,0,0,0,0,0,26
122145,2,1,1989,0,11,0,0,0,0,0,0,0,0
122146,1,1,1989,23,23,23,23,23,23,23,23,23,23
122146,2,1,1989,21,21,21,21,21,21,21,21,21,21
122147,1,1,1989,0,0,0,0,0,0,0,0,0,0
122148,1,1,1989,18,18,18,18,18,18,18,18,18,18
122149,1,1,1989,0,0,0,0,0,0,0,0,0,0
122149,2,1,1989,11,11,11,11,11,11,11,11,11,11
122150,1,1,1989,3,3,3,3,3,3,3,3,3,3
122150,2,1,1989,0,0,0,0,6,0,0,0,0,0
122151,1,1,1989,0,0,0,0,0,0,0,0,0,0
122151,2,1,1989,0,0,0,0,0,0,0,0,0,0
122152,0,1,1989,0,0,0,0,0,0,0,0,0,0
122152,1,1,1989,0,0,0,0,0,0,0,0,0,0
122153,1,1,1989,30,30,30,30,30,30,30,30,30,30
122153,2,1,1989,0,0,0,0,0,0,0,0,0,0
122154,1,1,1989,17,17,17,17,17,17,17,17,17,17