ST_CASE,VEH_NO,PER_NO,YEAR,P1,P2,P3,P4,P5,P6,P7,P8,P9,P10
122155,1,1,1989,14,14,14,14,14,14,14,14,14,14
122156,1,1,1989,16,16,16,16,16,16,16,16,16,16
122157,1,1,1989,21,21,21,21,21,21,21,21,21,21
122157,2,1,1989,0,0,0,0,22,0,0,20,0,0
122158,0,1,1989,27,27,27,27,27,27,27,27,27,27
122158,1,1,1989,0,0,0,0,0,0,0,0,0,0
122159,1,1,1989,24,24,24,24,24,24,24,24,24,24
122159,2,1,1989,0,0,0,0,0,0,0,0,0,0
122160,0,1,1989,25,25,25,25,25,25,25,25,25,25
122160,1,1,1989,25,25,25,25,25,25,25,25,25,25
122161,1,1,1989,18,18,18,18,18,18,18,18,18,18
122162,0,1,1989,0,0,0,0,0,0,0,0,0,0
122162,0,2,1989,0,21,0,0,0,0,27,0,0,0
122162,1,1,1989,0,0,0,0,0,0,0,0,0,0
122163,1,1,1989,0,0,0,0,0,0,0,0,0,0
122163,2,1,1989,0,0,0,0,0,15,0,0,0,0
122164,1,1,1989,0,0,0,7,0,0,0,0,0,0
122164,2,1,1989,0,0,0,0,0,0,0,0,0,0
122165,0,1,1989,0,0,0,0,0,0,0,0,0,0
122165,1,1,1989,0,0,0,0,0,0,0,4,0,0
122166,1,1,1989,0,0,0,0,0,0,0,0,0,0
122166,2,1,1989,0,0,0,0,0,0,0,21,0,0
122166,3,1,1989,0,0,0,0,0,0,0,0,0,0
122167,1,1,1989,22,9,17,20,0,0,0,15,0,22
122168,1,1,1989,0,0,0,0,0,0,0,0,0,0
122168,2,1,1989,0,0,16,0,0,0,0,0,0,0
122168,3,1,1989,0,0,0,0,0,0,0,0,0,0
122169,0,1,1989,20,20,20,20,20,20,20,20,20,20
122169,1,1,1989,0,15,0,0,18,0,0,0,0,7
122170,0,1,1989,0,0,0,0,0,0,0,0,0,0
122170,1,1,1989,19,19,19,19,19,19,19,19,19,19
122171,0,1,1989,22,22,22,22,22,22,22,22,22,22
122171,0,2,1989,0,20,0,0,3,4,0,11,18,0
122171,1,1,1989,0,0,0,0,0,0,0,0,0,0
122172,0,1,1989,0,0,0,0,0,0,0,0,0,0
122172,1,1,1989,0,0,0,0,0,0,0,0,0,0
122173,0,1,1989,0,0,0,0,0,0,15,0,0,0
122173,1,1,1989,0,0,0,0,5,0,0,0,0,0
122174,0,1,1989,0,0,0,7,0,0,0,0,18,26
122174,1,1,1989,0,0,0,0,0,0,9,0,0,0
122175,1,1,1989,0,0,0,21,0,0,0,0,0,0
122176,0,1,1989,0,17,10,0,8,9,7,13,0,0
122176,1,1,1989,0,0,0,0,0,15,0,0,0,0
122177,1,1,1989,0,0,0,7,8,0,14,9,0,9
122177,2,1,1989,0,0,0,0,0,0,0,0,0,0
122178,0,1,1989,0,0,0,0,0,0,0,0,0,0
122178,1,1,1989,0,0,0,0,0,0,0,0,0,0
122179,1,1,1989,0,0,0,0,0,0,0,0,0,0
122179,2,1,1989,0,0,0,0,0,0,0,0,15,0
122180,1,1,1989,16,13,12,12,23,8,9,9,11,13
122180,2,1,1989,9,0,0,0,0,12,12,32,0,0
122181,0,1,1989,23,23,23,23,23,23,23,23,23,23
122181,1,1,1989,0,0,0,0,0,0,0,0,0,0
122182,0,1,1989,0,0,0,0,0,3,0,8,6,0
122182,0,2,1989,0,0,25,0,0,0,0,0,0,0
122182,1,1,1989,6,0,0,0,0,0,28,0,0,0
122183,1,1,1989,0,0,0,0,0,0,0,0,0,0
122184,1,1,1989,0,0,0,0,0,0,0,0,0,0
122184,2,1,1989,0,0,0,22,0,0,0,0,7,0
122185,1,1,1989,0,0,0,0,0,0,0,0,0,0
122186,1,1,1989,0,0,0,0,0,0,0,0,0,0
122186,2,1,1989,0,0,0,0,0,0,0,0,0,0
122187,0,1,1989,7,0,0,0,0,0,0,0,0,0
122187,1,1,1989,0,0,0,0,0,0,0,0,0,0
122188,0,1,1989,0,0,0,0,0,31,0,0,13,0
122188,1,1,1989,0,0,0,0,0,0,18,0,0,0
122189,1,1,1989,0,0,0,0,0,0,0,0,0,0
122189,2,1,1989,0,0,0,0,0,0,0,0,0,0
122189,3,1,1989,0,0,0,0,0,0,0,0,0,0
122189,4,1,1989,0,0,0,0,0,0,0,0,0,0
122189,5,1,1989,0,0,0,0,0,0,0,0,0,0
122189,6,1,1989,0,0,0,0,0,0,0,0,0,0
122190,0,1,1989,14,14,14,14,14,14,14,14,14,14
122190,1,1,1989,0,0,0,0,0,0,0,0,0,0
122191,1,1,1989,8,8,8,8,8,8,8,8,8,8
122192,1,1,1989,0,0,0,0,0,0,0,0,0,0
122192,2,1,1989,0,0,0,0,0,0,0,0,0,0
122193,1,1,1989,0,0,0,0,0,0,0,0,0,0
122193,2,1,1989,11,11,11,11,11,11,11,11,11,11
122194,1,1,1989,0,0,0,0,0,0,0,0,0,0
122194,2,1,1989,0,0,0,0,0,0,0,0,0,0
122195,0,1,1989,39,39,39,39,39,39,39,39,39,39
122195,1,1,1989,7,7,7,7,7,7,7,7,7,7
122196,1,1,1989,28,28,28,28,28,28,28,28,28,28
122196,2,1,1989,0,0,0,0,0,0,0,0,0,0
122196,3,1,1989,0,0,0,0,0,0,0,0,0,0
122197,1,1,1989,0,0,0,0,0,0,0,0,0,0
122198,1,1,1989,0,0,0,0,14,0,0,0,0,0
122199,1,1,1989,0,0,0,0,0,0,0,0,0,0
122199,2,1,1989,0,0,0,0,0,0,0,0,0,0
122200,1,1,1989,0,0,0,0,0,0,0,0,0,0
122200,2,1,1989,0,0,0,0,0,0,0,12,0,0
122201,0,1,1989,25,25,25,25,25,25,25,25,25,25
122201,1,1,1989,0,0,0,0,0,0,0,0,0,0
122202,1,1,1989,26,26,26,26,26,26,26,26,26,26
122203,0,1,1989,18,18,18,18,18,18,18,18,18,18
122203,1,1,1989,0,0,0,0,0,0,0,0,15,0
122204,1,1,1989,10,10,10,10,10,10,10,10,10,10
122205,0,1,1989,34,34,34,34,34,34,34,34,34,34
122205,1,1,1989,0,0,0,0,0,0,0,0,0,0
122206,1,1,1989,13,13,13,13,13,13,13,13,13,13
122207,1,1,1989,0,0,0,0,0,0,0,0,0,0
122208,1,1,1989,15,15,15,15,15,15,15,15,15,15
122209,0,1,1989,5,13,0,23,14,29,34,0,11,8
122209,1,1,1989,0,0,0,0,17,0,0,0,0,0
122209,2,1,1989,0,0,0,0,0,0,0,0,0,0
122209,3,1,1989,0,0,0,0,0,0,0,0,0,0
122210,1,1,1989,16,14,14,18,0,0,0,12,0,17
122211,1,1,1989,0,0,0,0,0,0,0,0,0,0
122211,2,1,1989,0,0,0,0,0,0,0,0,0,0
122212,1,1,1989,25,25,25,25,25,25,25,25,25,25
122213,0,1,1989,0,0,0,0,0,0,0,0,0,0
122213,1,1,1989,0,0,0,27,0,0,0,0,0,0
122214,1,1,1989,27,27,27,27,27,27,27,27,27,27
122214,2,1,1989,0,0,0,0,0,0,0,0,0,0
122214,3,1,1989,0,0,0,0,0,0,0,0,0,0
122214,4,1,1989,0,0,0,0,0,0,0,0,20,0
122215,1,1,1989,0,0,10,0,0,0,0,14,0,0
122216,1,1,1989,8,8,8,8,8,8,8,8,8,8
122216,2,1,1989,0,0,0,0,0,0,0,0,0,0
122217,0,1,1989,28,28,28,28,28,28,28,28,28,28
122217,1,1,1989,0,0,0,0,0,0,0,0,0,0
122218,0,1,1989,0,0,0,0,0,0,0,0,0,0
122218,1,1,1989,0,0,0,0,0,0,0,0,0,0
122219,1,1,1989,8,8,8,8,8,8,8,8,8,8
122219,2,1,1989,5,0,0,0,0,0,0,0,14,0
122220,1,1,1989,0,0,0,0,0,0,0,0,0,0
122220,2,1,1989,0,0,0,0,0,0,0,0,0,0
122221,1,1,1989,4,4,4,4,4,4,4,4,4,4
122222,1,1,1989,0,0,0,0,0,12,0,25,0,0
122222,2,1,1989,5,5,5,5,5,5,5,5,5,5
122223,1,1,1989,6,6,6,6,6,6,6,6,6,6
122223,2,1,1989,0,0,0,0,0,0,0,0,0,0
122224,0,1,1989,35,35,35,35,35,35,35,35,35,35
122224,1,1,1989,0,0,0,0,0,4,0,0,0,0
122225,1,1,1989,0,0,20,30,0,0,0,8,0,0
122226,0,1,1989,0,0,0,0,9,0,13,0,0,0
122226,1,1,1989,0,0,0,0,0,0,0,0,0,0
122227,0,1,1989,0,0,0,0,0,0,0,0,0,0
122227,0,2,1989,0,0,15,7,11,29,0,0,0,0
122227,1,1,1989,0,0,0,0,0,0,0,0,0,0
122228,0,1,1989,0,0,0,0,0,0,0,0,0,0
122228,1,1,1989,0,0,0,0,0,0,0,0,0,0
122229,1,1,1989,21,21,21,21,21,21,21,21,21,21
122229,2,1,1989,0,0,0,0,20,0,0,0,0,0
122230,1,1,1989,22,22,22,22,22,22,22,22,22,22
122231,1,1,1989,0,0,0,0,0,0,0,0,0,0
122231,2,1,1989,0,0,0,0,0,0,0,0,0,0
122232,0,1,1989,0,15,0,0,0,0,0,24,0,0
122232,1,1,1989,5,0,0,0,0,0,0,0,0,0
122233,0,1,1989,12,12,12,12,12,12,12,12,12,12
122233,1,1,1989,0,0,0,0,0,0,0,7,0,0
122234,1,1,1989,0,0,0,0,0,0,0,0,0,0
122234,2,1,1989,0,0,0,0,0,0,0,0,0,0
122235,0,1,1989,0,0,0,0,0,0,0,0,11,0
122235,1,1,1989,0,0,0,0,0,0,0,0,0,0
122236,1,1,1989,7,7,7,7,7,7,7,7,7,7
122236,2,1,1989,0,0,0,0,0,0,0,0,0,0
122236,3,1,1989,0,17,11,0,0,0,0,0,0,0
122237,1,1,1989,17,17,17,17,17,17,17,17,17,17
122237,2,1,1989,0,0,0,0,0,0,0,0,0,0
122238,0,1,1989,0,0,0,0,0,0,0,0,0,28
122238,1,1,1989,4,13,8,10,23,9,18,5,14,5
122239,0,1,1989,14,14,14,14,14,14,14,14,14,14
122239,1,1,1989,14,14,14,14,14,14,14,14,14,14
122240,0,1,1989,0,0,0,0,0,0,0,0,0,0
122240,1,1,1989,0,0,0,0,0,0,0,0,0,0
122241,1,1,1989,0,0,0,0,0,0,0,0,0,0
122241,2,1,1989,0,0,0,0,0,0,0,0,0,0
122242,0,1,1989,0,0,0,0,0,0,0,0,0,0
122242,1,1,1989,0,0,0,0,0,0,0,0,0,0
122243,1,1,1989,0,0,0,0,0,0,0,0,0,0
122244,0,1,1989,0,0,0,0,0,0,0,0,0,0
122244,0,2,1989,4,0,0,0,0,7,12,0,0,8
122244,0,3,1989,0,0,0,3,3,0,22,0,0,0
122244,0,4,1989,0,0,12,0,0,0,0,6,0,0
122244,1,1,1989,0,0,0,0,0,0,0,0,0,0
122245,1,1,1989,26,26,26,26,26,26,26,26,26,26
122245,2,1,1989,11,0,0,11,0,0,0,0,0,0
122246,1,1,1989,2,11,0,19,0,18,0,8,0,0
122247,0,1,1989,7,7,7,7,7,7,7,7,7,7
122247,1,1,1989,0,0,0,0,0,0,0,0,0,0
122248,1,1,1989,0,12,0,0,0,0,26,0,20,0
122248,2,1,1989,0,0,0,0,0,0,0,0,0,7
122249,1,1,1989,0,0,0,0,0,0,0,0,0,0
122249,2,1,1989,13,13,13,13,13,13,13,13,13,13
122250,1,1,1989,0,0,0,0,0,0,0,0,0,0
122250,2,1,1989,0,0,0,0,0,0,0,0,0,0
122251,1,1,1989,0,0,0,0,0,0,0,0,0,0
122253,1,1,1989,0,0,0,0,0,0,0,0,0,0
122253,2,1,1989,0,0,0,0,0,0,0,0,0,0
122254,1,1,1989,0,0,0,0,0,0,0,0,0,0
122255,1,1,1989,0,0,0,0,0,0,0,0,0,0
122255,2,1,1989,0,0,0,0,0,0,0,0,0,0
122256,0,1,1989,0,0,0,0,0,0,0,0,0,0
122256,1,1,1989,0,0,0,0,0,0,0,0,0,0
122257,0,1,1989,0,0,0,19,0,0,13,0,8,0
122257,1,1,1989,0,0,0,0,0,0,0,0,0,0
122258,0,1,1989,0,0,0,0,0,0,0,0,0,0
122258,1,1,1989,0,0,0,0,0,0,19,0,0,0
122259,1,1,1989,0,0,0,0,0,0,0,0,0,15
122259,2,1,1989,5,5,5,5,5,5,5,5,5,5
122260,1,1,1989,0,0,0,0,0,0,0,0,0,0
122260,2,1,1989,0,0,0,0,0,0,0,0,0,0
122261,1,1,1989,16,22,29,22,16,18,13,22,20,9
122261,2,1,1989,0,0,0,0,0,0,0,27,0,0
122262,0,1,1989,0,0,0,0,14,0,0,0,0,0
122262,1,1,1989,0,0,0,0,0,0,0,0,0,0
122263,1,1,1989,0,0,0,0,0,0,0,0,0,0
122264,1,1,1989,0,0,0,0,0,0,0,0,0,0
122264,2,1,1989,0,0,0,0,0,0,0,0,0,0
122265,0,1,1989,0,0,0,26,49,0,0,0,0,0
122265,1,1,1989,0,0,5,0,0,0,0,0,0,0
122266,0,1,1989,0,0,0,0,0,0,0,0,0,0
122266,1,1,1989,0,0,0,0,0,0,0,0,0,0
122267,1,1,1989,28,28,28,28,28,28,28,28,28,28
122267,2,1,1989,15,0,0,0,0,0,0,0,0,0
122268,0,1,1989,21,21,21,21,21,21,21,21,21,21
122268,1,1,1989,0,0,0,0,0,0,0,0,0,0
122269,1,1,1989,0,0,0,0,0,0,0,0,0,0
122269,2,1,1989,0,14,0,16,0,18,0,0,12,0
122270,1,1,1989,0,0,0,0,0,0,0,0,0,0
122271,1,1,1989,0,0,0,0,0,0,0,0,0,0
122271,2,1,1989,0,0,0,0,0,0,0,0,0,0
122272,1,1,1989,0,0,0,0,0,0,0,0,0,0
122272,2,1,1989,0,0,0,0,0,0,0,0,0,0
122273,1,1,1989,0,0,17,0,0,0,0,10,0,0
122274,1,1,1989,10,10,10,10,10,10,10,10,10,10
122274,2,1,1989,0,0,0,0,0,0,0,0,0,0
122275,1,1,1989,7,7,7,7,7,7,7,7,7,7
122276,1,1,1989,20,20,20,20,20,20,20,20,20,20
122277,1,1,1989,13,13,13,13,13,13,13,13,13,13
122278,0,1,1989,0,0,0,0,0,0,0,0,0,0
122278,1,1,1989,0,0,0,0,0,0,0,0,0,0
122279,1,1,1989,28,28,28,28,28,28,28,28,28,28
122280,0,1,1989,7,0,12,9,30,27,15,0,19,13
122280,1,1,1989,0,0,6,9,0,0,17,0,0,0
122281,0,1,1989,0,0,0,0,0,0,17,0,5,0
122281,1,1,1989,0,0,0,0,0,0,0,0,0,0
122282,1,1,1989,0,0,0,0,0,0,0,0,0,0
122282,2,1,1989,0,0,0,0,0,0,0,0,0,0
122283,1,1,1989,18,18,18,18,18,18,18,18,18,18
122283,2,1,1989,0,0,0,0,0,0,0,0,0,0
122284,1,1,1989,0,0,0,0,0,0,0,0,0,0
122285,0,1,1989,1,1,1,1,1,1,1,1,1,1
122285,1,1,1989,0,0,0,0,0,0,0,0,0,0
122286,1,1,1989,15,15,15,15,15,15,15,15,15,15
122287,0,1,1989,0,0,0,0,0,0,0,0,0,0
122287,1,1,1989,0,0,0,0,0,0,0,0,0,0
122288,1,1,1989,0,0,0,0,0,0,0,0,0,0
122288,2,1,1989,19,19,19,19,19,19,19,19,19,19
122289,1,1,1989,13,13,13,13,13,13,13,13,13,13
122289,2,1,1989,0,0,0,0,0,0,0,0,0,0
122290,0,1,1989,20,20,20,20,20,20,20,20,20,20
122290,1,1,1989,7,7,7,7,7,7,7,7,7,7
122290,2,1,1989,0,0,0,0,0,0,0,0,0,0
122291,0,1,1989,0,0,0,0,34,0,10,13,11,43
122291,1,1,1989,0,0,0,0,0,0,0,0,0,0
122292,1,1,1989,23,23,23,23,23,23,23,23,23,23
122292,2,1,1989,0,0,0,0,0,0,0,0,0,0
122293,1,1,1989,0,0,0,0,0,0,0,0,0,0
122293,2,1,1989,16,16,16,16,16,16,16,16,16,16
122294,1,1,1989,0,0,0,0,0,0,0,0,0,0
122295,1,1,1989,9,9,9,9,9,9,9,9,9,9
122296,1,1,1989,17,17,17,17,17,17,17,17,17,17
122296,2,1,1989,0,0,0,0,0,0,0,0,0,0
122297,1,1,1989,10,10,10,10,10,10,10,10,10,10
122297,2,1,1989,6,0,0,0,0,0,0,0,0,0
122298,0,1,1989,28,28,28,28,28,28,28,28,28,28
122298,1,1,1989,0,0,0,0,0,0,0,0,0,0
122298,2,1,1989,0,0,0,0,0,0,0,0,0,0
122299,1,1,1989,15,15,15,15,15,15,15,15,15,15
122300,1,1,1989,20,0,0,9,10,8,10,23,43,17
122301,1,1,1989,0,15,0,0,0,23,0,10,0,0
122301,2,1,1989,0,8,0,0,16,0,17,0,0,11
122302,1,1,1989,16,16,16,16,16,16,16,16,16,16
122303,0,1,1989,0,0,0,0,0,0,0,0,0,0
122303,1,1,1989,0,0,0,0,0,0,0,0,0,0
122304,0,1,1989,10,0,15,9,29,27,23,36,36,14
122304,1,1,1989,0,0,0,0,0,0,0,0,9,0
122305,0,1,1989,23,23,23,23,23,23,23,23,23,23
122305,1,1,1989,0,0,0,0,0,0,0,0,0,0
122306,0,1,1989,23,23,23,23,23,23,23,23,23,23
122306,1,1,1989,0,0,0,0,0,0,0,0,0,0
122307,0,1,1989,0,0,0,0,0,0,0,0,0,7
122307,1,1,1989,0,0,0,0,0,0,0,10,9,0
122308,1,1,1989,2,2,2,2,2,2,2,2,2,2
122309,1,1,1989,0,0,0,0,0,0,0,0,0,0
122309,2,1,1989,6,6,6,6,6,6,6,6,6,6
122310,1,1,1989,11,11,11,11,11,11,11,11,11,11
122311,1,1,1989,0,25,13,20,28,0,13,0,21,0
122312,1,1,1989,29,29,29,29,29,29,29,29,29,29
122313,1,1,1989,21,21,21,21,21,21,21,21,21,21
122313,2,1,1989,0,0,0,0,0,0,0,0,0,0
122314,1,1,1989,0,0,0,0,0,0,0,0,0,0
122314,2,1,1989,0,0,0,0,0,0,0,0,0,14
122315,1,1,1989,25,25,25,25,25,25,25,25,25,25
122315,2,1,1989,0,0,0,0,0,0,0,0,0,0
122316,1,1,1989,0,0,0,0,0,0,0,0,0,0
122316,2,1,1989,0,0,0,0,0,0,0,8,0,0
122316,3,1,1989,0,0,0,0,0,0,0,0,0,0
122317,0,1,1989,0,0,0,0,0,0,0,0,0,0
122317,1,1,1989,0,0,0,0,0,0,0,0,0,0
122318,1,1,1989,21,21,21,21,21,21,21,21,21,21
122318,2,1,1989,0,0,0,0,0,0,0,0,0,0
122318,3,1,1989,0,0,0,0,0,0,0,0,13,0
122319,1,1,1989,13,13,13,13,13,13,13,13,13,13
122319,2,1,1989,0,0,0,0,0,0,0,0,0,0
122321,1,1,1989,9,9,9,9,9,9,9,9,9,9
122321,2,1,1989,0,0,0,0,12,0,0,17,2,0
122322,1,1,1989,0,0,0,0,0,0,0,0,0,0
122322,2,1,1989,0,0,0,0,0,0,0,0,0,0
122322,3,1,1989,0,0,0,0,0,0,0,0,0,0
122322,4,1,1989,0,0,0,0,0,0,0,0,0,0
122322,5,1,1989,0,0,0,0,0,0,0,0,0,0
122323,1,1,1989,15,15,15,15,15,15,15,15,15,15
122324,1,1,1989,0,0,0,0,0,0,0,0,0,0
122325,0,1,1989,0,25,0,0,0,0,0,0,0,0
122325,1,1,1989,0,0,0,0,0,0,0,0,0,0
122326,1,1,1989,0,0,0,0,0,0,0,0,0,0
122326,2,1,1989,9,0,0,0,0,0,0,0,0,0
122327,1,1,1989,0,0,0,0,0,0,0,0,0,0
122327,2,1,1989,0,10,0,0,0,0,0,0,0,0
122328,0,1,1989,21,26,9,35,20,12,25,0,12,10
122328,1,1,1989,11,5,26,0,17,0,0,0,0,11
122329,0,1,1989,0,0,0,0,0,0,0,0,0,0
122329,1,1,1989,0,0,0,0,0,0,0,0,0,0
122330,1,1,1989,0,0,0,0,0,0,0,0,0,0
122330,2,1,1989,26,10,17,30,13,0,14,0,16,17
122331,1,1,1989,0,0,22,0,0,0,18,0,0,0
122331,2,1,1989,22,0,0,0,0,0,0,0,0,0
122331,3,1,1989,0,0,0,0,0,0,0,0,0,0
122332,1,1,1989,18,18,18,18,18,18,18,18,18,18
122333,0,1,1989,0,7,0,0,12,0,0,0,0,0
122333,1,1,1989,0,0,0,0,0,0,0,0,0,0
122334,1,1,1989,10,10,10,10,10,10,10,10,10,10
122335,0,1,1989,8,8,8,8,8,8,8,8,8,8
122335,1,1,1989,0,0,0,0,0,0,0,0,0,0
122336,1,1,1989,0,0,0,0,0,0,0,0,0,0
122336,2,1,1989,0,0,0,0,0,0,0,0,0,0
122337,1,1,1989,0,0,0,0,0,0,0,0,0,0
122337,2,1,1989,0,0,0,0,0,0,0,0,0,0
122338,1,1,1989,0,0,0,0,0,0,0,0,0,0
122338,2,1,1989,0,0,0,0,0,0,8,0,0,0
122339,0,1,1989,0,0,0,0,0,0,0,0,0,0
122339,1,1,1989,0,0,0,0,0,4,0,0,0,0
122339,2,1,1989,0,0,0,0,0,0,0,0,0,0
122340,1,1,1989,10,17,14,16,20,22,13,23,15,26
122341,1,1,1989,0,0,0,0,0,10,0,14,0,0
122341,2,1,1989,0,0,0,0,0,0,0,0,0,0
122342,1,1,1989,20,0,0,11,17,35,26,26,17,5
122342,2,1,1989,0,0,7,0,0,0,0,0,8,0
122343,1,1,1989,24,24,24,24,24,24,24,24,24,24
122344,0,1,1989,10,0,0,0,0,0,0,7,0,24
122344,1,1,1989,24,24,24,24,24,24,24,24,24,24
122345,1,1,1989,22,17,26,12,7,28,0,20,10,20
122346,1,1,1989,0,0,0,0,0,0,0,0,0,0
122346,2,1,1989,0,0,0,0,0,0,0,0,0,0
122346,3,1,1989,0,0,0,0,0,0,0,0,0,0
122347,1,1,1989,0,0,0,0,0,0,0,0,0,0
122347,2,1,1989,0,0,0,0,0,0,0,0,0,0
122348,1,1,1989,22,22,22,22,22,22,22,22,22,22
122348,2,1,1989,0,0,0,0,0,0,0,0,12,0
122349,1,1,1989,0,0,0,0,0,0,0,0,0,0
122349,2,1,1989,0,0,0,0,0,0,0,0,0,0
122350,1,1,1989,11,11,11,11,11,11,11,11,11,11
122351,1,1,1989,0,0,0,0,0,0,0,0,0,0
122353,0,1,1989,0,0,0,0,0,0,0,0,0,0
122353,1,1,1989,0,0,0,0,0,0,0,0,0,0
122354,1,1,1989,0,0,12,12,0,15,0,13,0,16
122354,2,1,1989,0,25,14,13,13,17,0,30,16,0
122355,0,1,1989,31,31,31,31,31,31,31,31,31,31
122355,1,1,1989,31,31,31,31,31,31,31,31,31,31
122356,1,1,1989,0,0,0,0,0,0,0,0,0,0
122356,2,1,1989,0,0,0,0,0,0,0,0,0,0
122357,1,1,1989,0,0,0,0,0,0,23,0,5,0
122357,2,1,1989,0,7,6,0,32,0,0,0,8,11
122358,1,1,1989,25,25,25,25,25,25,25,25,25,25
122359,1,1,1989,0,0,0,0,0,0,0,0,0,0
122359,2,1,1989,0,0,0,0,0,0,0,0,0,0
122360,1,1,1989,0,0,0,0,0,0,0,0,0,0
122361,1,1,1989,0,0,0,0,0,0,0,0,0,0
122361,2,1,1989,0,0,0,0,0,0,0,0,0,0
122361,3,1,1989,0,0,0,0,0,0,0,0,0,0
122361,4,1,1989,0,0,0,0,0,0,0,0,0,0
122361,5,1,1989,0,0,0,0,0,0,0,0,0,0
122362,1,1,1989,0,0,0,0,0,0,0,0,0,0
122362,2,1,1989,21,8,0,0,10,0,0,10,16,0
122363,1,1,1989,19,19,19,19,19,19,19,19,19,19
122363,2,1,1989,0,0,0,0,0,0,0,0,0,0
122364,1,1,1989,9,13,0,6,13,33,11,18,12,11
122364,2,1,1989,0,19,0,23,0,0,0,0,0,0
122365,0,1,1989,0,0,21,10,14,0,0,0,0,23
122365,1,1,1989,0,0,0,0,0,0,0,0,0,0
122366,0,1,1989,0,0,0,0,0,0,0,0,0,0
122366,1,1,1989,0,0,0,0,0,0,0,0,0,0
122367,1,1,1989,0,0,0,0,0,0,0,0,0,0
122367,2,1,1989,0,0,0,0,0,0,0,0,0,0
122368,1,1,1989,12,12,12,12,12,12,12,12,12,12
122369,0,1,1989,22,22,22,22,22,22,22,22,22,22
122369,1,1,1989,0,12,0,0,26,24,0,0,0,0
122370,1,1,1989,10,10,10,10,10,10,10,10,10,10
122371,0,1,1989,20,20,20,20,20,20,20,20,20,20
122371,1,1,1989,0,0,0,0,0,0,15,0,0,0
122371,2,1,1989,0,0,0,0,0,0,0,0,0,0
122372,0,1,1989,19,19,19,19,19,19,19,19,19,19
122372,1,1,1989,0,0,0,0,0,0,18,0,0,0
122373,1,1,1989,22,22,22,22,22,22,22,22,22,22
122374,1,1,1989,0,0,0,0,0,0,0,0,0,0
122374,2,1,1989,0,0,0,0,0,0,0,0,0,0
122375,1,1,1989,10,0,0,0,0,0,0,0,19,0
122375,2,1,1989,8,8,8,8,8,8,8,8,8,8
122376,0,1,1989,0,0,0,0,0,0,0,0,0,0
122376,1,1,1989,0,0,0,0,0,0,0,0,0,0
122376,2,1,1989,0,0,0,0,0,0,0,0,0,0
122376,3,1,1989,0,0,0,0,0,0,0,0,0,0
122377,1,1,1989,0,0,0,0,0,0,0,0,0,0
122377,2,1,1989,0,0,0,0,0,0,0,0,0,0
122378,1,1,1989,22,22,22,22,22,22,22,22,22,22
122379,1,1,1989,0,0,0,0,0,0,0,0,0,0
122379,2,1,1989,0,0,0,0,0,0,0,0,0,0
122380,1,1,1989,7,7,7,7,7,7,7,7,7,7
122381,1,1,1989,0,0,0,0,0,0,0,0,0,0
122382,1,1,1989,0,0,0,0,0,0,0,0,0,0
122382,2,1,1989,0,0,0,0,0,0,0,0,0,0
122383,0,1,1989,0,0,0,0,0,0,0,0,0,0
122383,1,1,1989,0,0,0,0,0,0,0,0,0,0
122384,0,1,1989,0,0,0,0,13,0,17,0,0,0
122384,1,1,1989,0,0,0,0,0,0,0,0,0,0
122385,1,1,1989,15,15,15,15,15,15,15,15,15,15
122385,2,1,1989,11,11,11,11,11,11,11,11,11,11
122386,1,1,1989,0,0,0,0,0,0,0,0,0,0
122386,2,1,1989,8,19,7,15,11,30,25,9,15,21
122387,0,1,1989,0,0,0,0,0,0,0,0,0,0
122387,1,1,1989,0,0,0,0,0,0,0,0,0,0
122388,1,1,1989,0,0,0,0,0,0,2,0,0,0
122388,2,1,1989,0,0,0,0,0,0,0,0,0,0
122389,1,1,1989,16,16,16,16,16,16,16,16,16,16
122390,0,1,1989,0,0,0,0,0,0,19,0,0,0
122390,1,1,1989,0,0,0,0,0,0,0,0,0,0
122391,0,1,1989,0,0,0,0,0,0,0,0,0,0
122391,1,1,1989,0,0,0,0,0,0,0,0,0,0
122392,1,1,1989,7,27,14,28,20,18,16,15,18,0
122393,1,1,1989,0,0,0,0,0,0,0,0,0,0
122393,2,1,1989,18,0,15,0,0,0,0,0,0,0
122394,0,1,1989,0,33,0,0,27,17,0,0,0,20
122394,1,1,1989,0,0,17,26,19,0,0,12,0,0
122395,1,1,1989,11,11,11,11,11,11,11,11,11,11
122395,2,1,1989,0,0,0,0,0,0,0,0,0,0
122396,0,1,1989,7,7,7,7,7,7,7,7,7,7
122396,1,1,1989,5,5,5,5,5,5,5,5,5,5
122397,0,1,1989,6,0,0,0,0,0,0,0,0,0
122397,1,1,1989,0,0,0,0,0,0,0,0,0,0
122398,0,1,1989,0,0,0,0,0,0,0,0,0,0
122398,1,1,1989,0,0,0,0,0,0,0,0,0,0
122399,1,1,1989,0,0,0,0,0,0,0,0,0,0
122399,2,1,1989,0,0,0,0,0,0,0,0,0,0
122400,1,1,1989,0,0,0,0,0,0,0,0,0,0
122400,2,1,1989,0,0,9,0,0,0,0,0,0,0
122401,1,1,1989,18,25,0,0,0,4,0,23,9,19
122402,1,1,1989,0,0,0,0,9,0,0,0,0,0
122402,2,1,1989,0,0,0,0,0,0,0,0,0,0
122403,1,1,1989,0,0,0,0,0,0,0,0,0,0