ST_CASE,VEH_NO,PER_NO,YEAR,P1,P2,P3,P4,P5,P6,P7,P8,P9,P10
122403,2,1,1989,0,0,0,0,0,0,0,0,0,0
122404,1,1,1989,19,19,19,19,19,19,19,19,19,19
122405,1,1,1989,6,6,6,6,6,6,6,6,6,6
122405,2,1,1989,0,0,0,0,0,0,0,0,0,0
122406,1,1,1989,0,0,13,0,25,0,0,0,0,0
122407,0,1,1989,0,0,0,0,0,0,0,0,0,0
122407,1,1,1989,0,0,0,0,0,0,0,0,0,0
122408,1,1,1989,29,29,29,29,29,29,29,29,29,29
122409,1,1,1989,0,0,0,0,0,0,0,0,0,0
122410,1,1,1989,0,9,0,0,0,0,0,6,0,0
122411,1,1,1989,0,0,0,0,0,0,0,0,0,0
122411,2,1,1989,0,0,0,0,0,0,0,0,0,0
122412,1,1,1989,22,22,22,22,22,22,22,22,22,22
122413,1,1,1989,18,18,18,18,18,18,18,18,18,18
122414,0,1,1989,0,0,0,0,0,0,0,0,20,0
122414,1,1,1989,0,0,0,0,0,0,0,0,0,0
122415,0,1,1989,16,16,16,16,16,16,16,16,16,16
122415,1,1,1989,0,13,0,25,0,27,0,19,0,0
122416,1,1,1989,8,8,8,8,8,8,8,8,8,8
122417,0,1,1989,28,8,39,34,0,22,13,47,16,0
122417,1,1,1989,0,0,0,9,0,0,0,0,0,0
122418,1,1,1989,0,27,0,0,0,0,0,0,0,0
122418,2,1,1989,0,0,0,0,0,0,0,0,0,0
122419,1,1,1989,22,22,22,22,22,22,22,22,22,22
122419,2,1,1989,0,0,0,0,0,0,0,0,0,0
122420,0,1,1989,0,0,0,0,0,0,0,0,0,0
122420,1,1,1989,0,0,0,0,0,0,0,0,0,0
122420,2,1,1989,0,0,0,0,0,0,0,0,0,0
122420,3,1,1989,0,0,0,0,0,0,0,0,0,0
122420,4,1,1989,0,0,0,0,0,0,0,0,0,0
122420,5,1,1989,0,0,0,13,0,0,0,0,0,0
122422,1,1,1989,26,26,26,26,26,26,26,26,26,26
122422,2,1,1989,0,0,0,0,0,0,0,0,0,0
122423,1,1,1989,0,0,0,0,0,0,0,0,0,0
122423,2,1,1989,0,0,0,0,0,0,0,0,0,0
122424,1,1,1989,0,0,0,0,0,0,0,0,0,0
122424,2,1,1989,0,0,0,0,0,0,0,0,0,0
122425,0,1,1989,0,0,0,0,0,0,6,0,0,0
122425,1,1,1989,0,0,0,0,0,0,0,0,0,0
122426,0,1,1989,33,18,0,21,14,3,9,27,23,0
122426,1,1,1989,0,0,0,0,0,0,0,0,0,0
122427,0,1,1989,0,0,0,21,0,0,0,0,0,0
122427,1,1,1989,0,0,0,0,0,0,0,0,0,0
122428,1,1,1989,0,0,0,0,0,0,0,0,0,0
122429,0,1,1989,10,10,10,10,10,10,10,10,10,10
122429,1,1,1989,10,10,10,10,10,10,10,10,10,10
122430,1,1,1989,0,0,0,0,0,0,0,0,0,0
122430,2,1,1989,0,0,0,0,0,0,0,0,0,0
122431,1,1,1989,0,13,0,0,0,0,5,6,0,0
122433,0,1,1989,0,0,0,0,0,0,0,0,0,0
122433,1,1,1989,15,0,5,0,0,0,5,0,0,0
122434,1,1,1989,5,5,5,5,5,5,5,5,5,5
122435,1,1,1989,19,0,10,0,0,0,0,0,0,8
122436,1,1,1989,0,0,0,0,0,0,0,0,0,0
122436,2,1,1989,0,0,0,0,0,0,21,0,0,0
122437,1,1,1989,0,0,0,0,0,0,0,0,0,0
122438,1,1,1989,0,14,18,0,0,26,0,0,0,0
122438,2,1,1989,0,0,0,0,0,0,0,0,0,0
122439,0,1,1989,0,0,0,0,0,0,0,0,0,0
122439,0,2,1989,0,0,0,0,0,0,0,0,0,0
122439,1,1,1989,0,0,0,0,0,0,0,0,0,0
122440,0,1,1989,0,0,0,0,0,0,16,0,0,0
122440,1,1,1989,0,0,0,0,0,0,0,0,0,0
122441,1,1,1989,0,0,0,0,0,0,0,0,0,0
122441,2,1,1989,0,5,0,0,0,0,12,0,0,38
122442,0,1,1989,0,0,0,0,0,0,0,0,17,0
122442,1,1,1989,0,0,0,0,0,0,0,0,0,0
122443,1,1,1989,16,5,8,10,15,16,13,12,9,15
122443,2,1,1989,0,0,0,0,0,0,0,10,0,0
122444,1,1,1989,0,0,0,0,0,0,0,0,0,0
122444,2,1,1989,0,0,0,0,0,0,0,0,0,0
122444,3,1,1989,0,0,0,0,0,0,0,0,0,0
122445,1,1,1989,0,0,0,0,0,0,0,0,0,0
122445,2,1,1989,0,0,0,0,0,0,0,0,0,0
122446,0,1,1989,0,0,0,0,0,0,0,0,0,0
122446,1,1,1989,0,0,0,0,0,0,0,0,0,0
122447,1,1,1989,17,0,0,0,0,0,23,7,19,11
122448,1,1,1989,0,0,0,0,0,0,0,0,0,0
122449,1,1,1989,0,0,0,0,0,0,0,0,0,0
122449,2,1,1989,0,0,0,0,0,0,0,0,6,0
122450,1,1,1989,0,0,12,15,14,9,0,28,0,0
122450,2,1,1989,0,0,0,0,0,0,25,0,0,26
122451,1,1,1989,21,21,21,21,21,21,21,21,21,21
122451,2,1,1989,0,0,0,0,0,0,0,0,0,0
122452,1,1,1989,0,0,0,0,0,0,0,0,0,0
122452,2,1,1989,0,0,0,0,0,0,0,0,0,0
122453,0,1,1989,0,0,0,0,0,0,0,0,0,0
122453,1,1,1989,0,0,0,0,0,0,7,0,0,0
122454,0,1,1989,27,27,27,27,27,27,27,27,27,27
122454,1,1,1989,0,0,0,0,0,0,0,0,0,0
122455,1,1,1989,0,0,0,0,0,0,0,0,0,0
122455,2,1,1989,0,0,0,0,0,0,0,0,0,0
122455,3,1,1989,0,0,0,0,0,0,0,0,0,0
122456,0,1,1989,0,0,0,0,0,0,0,0,0,0
122456,1,1,1989,0,0,0,0,0,0,0,0,0,0
122457,1,1,1989,26,26,26,26,26,26,26,26,26,26
122458,1,1,1989,0,0,0,0,0,0,0,0,0,0
122458,2,1,1989,5,5,5,5,5,5,5,5,5,5
122458,3,1,1989,0,0,0,0,0,0,0,0,0,0
122459,1,1,1989,0,0,0,0,0,0,0,0,0,0
122459,2,1,1989,0,0,0,0,0,0,0,0,0,0
122460,1,1,1989,0,0,0,0,0,0,0,0,0,0
122460,2,1,1989,0,0,0,0,0,0,0,0,0,0
122461,1,1,1989,0,0,0,0,0,0,0,0,0,0
122462,1,1,1989,0,0,0,0,0,0,0,0,0,0
122462,2,1,1989,0,0,0,0,0,0,0,0,0,0
122462,3,1,1989,0,16,0,0,0,0,0,0,0,0
122463,1,1,1989,15,15,0,0,20,0,0,20,4,18
122464,1,1,1989,0,0,0,0,0,0,0,0,0,0
122464,2,1,1989,15,10,7,18,23,17,11,10,15,9
122465,1,1,1989,20,20,20,20,20,20,20,20,20,20
122465,2,1,1989,0,0,0,0,17,0,0,17,0,0
122466,1,1,1989,36,36,36,36,36,36,36,36,36,36
122466,2,1,1989,0,0,0,0,0,0,0,0,0,0
122467,0,1,1989,0,20,0,0,0,0,0,11,15,0
122467,1,1,1989,2,0,0,0,0,5,6,0,19,6
122468,0,1,1989,0,0,0,0,0,0,0,0,0,0
122468,1,1,1989,0,0,0,0,0,0,0,0,0,0
122469,1,1,1989,0,0,0,0,0,0,0,0,0,0
122470,0,1,1989,0,0,0,30,18,0,0,0,0,12
122470,1,1,1989,0,0,0,0,0,0,0,5,21,0
122471,1,1,1989,0,0,0,0,0,0,0,0,0,0
122472,0,1,1989,0,0,35,0,0,0,0,0,30,0
122472,1,1,1989,0,0,0,0,0,15,0,0,0,0
122473,1,1,1989,0,0,0,0,0,0,0,0,0,0
122474,0,1,1989,0,0,0,0,0,0,0,0,0,0
122474,1,1,1989,15,0,0,0,0,0,0,0,14,0
122475,1,1,1989,17,17,17,17,17,17,17,17,17,17
122476,1,1,1989,19,19,19,19,19,19,19,19,19,19
122477,0,1,1989,0,0,0,0,0,0,0,9,0,0
122477,1,1,1989,0,0,0,3,0,0,0,0,0,0
122478,1,1,1989,0,0,0,0,0,0,0,14,0,0
122478,2,1,1989,0,0,0,0,0,0,0,0,0,0
122479,0,1,1989,0,0,0,0,0,0,0,14,0,0
122479,0,2,1989,0,0,0,0,0,0,0,6,0,0
122479,1,1,1989,0,0,0,0,0,0,0,0,0,0
122480,1,1,1989,15,18,19,25,16,11,21,22,19,14
122481,0,1,1989,0,0,0,0,0,0,0,0,0,0
122481,1,1,1989,0,0,0,0,0,0,22,0,0,0
122482,1,1,1989,0,0,0,0,0,0,0,0,0,0
122482,2,1,1989,0,7,0,0,0,0,0,0,0,0
122483,1,1,1989,0,0,0,0,8,0,0,0,0,0
122483,2,1,1989,0,0,0,0,0,0,0,0,0,0
122484,0,1,1989,0,0,0,0,0,0,0,0,0,17
122484,1,1,1989,0,0,0,0,0,0,0,0,0,0
122485,0,1,1989,0,0,0,0,0,14,13,0,0,0
122485,1,1,1989,0,0,0,0,0,0,0,0,0,0
122486,0,1,1989,0,0,32,0,0,0,0,0,0,0
122486,1,1,1989,0,0,0,0,0,0,0,0,0,0
122487,1,1,1989,17,17,17,17,17,17,17,17,17,17
122487,2,1,1989,0,0,0,0,0,0,0,0,0,0
122488,0,1,1989,0,0,0,0,0,0,0,0,0,0
122488,1,1,1989,0,0,0,0,0,0,0,0,0,0
122489,1,1,1989,14,0,20,24,17,43,14,14,13,26
122491,0,1,1989,0,0,0,0,19,0,0,0,19,0
122491,1,1,1989,0,0,0,0,0,0,0,0,0,0
122492,1,1,1989,0,0,0,0,0,0,0,0,0,0
122492,2,1,1989,0,0,0,0,0,0,0,0,0,0
122493,0,1,1989,0,0,0,0,0,0,0,0,0,0
122493,1,1,1989,0,0,0,0,0,0,0,0,0,0
122494,1,1,1989,0,0,0,0,0,0,0,0,0,0
122494,2,1,1989,14,0,0,0,0,4,0,0,0,0
122495,0,1,1989,7,7,7,7,7,7,7,7,7,7
122495,1,1,1989,0,0,0,10,0,16,0,3,0,0
122496,0,1,1989,7,24,9,23,7,23,21,19,16,12
122496,0,2,1989,0,0,0,0,25,0,19,15,0,0
122496,1,1,1989,0,0,0,0,0,0,0,0,0,0
122497,0,1,1989,0,0,0,0,0,0,0,0,0,0
122497,1,1,1989,0,0,0,0,0,0,0,0,0,0
122498,1,1,1989,10,10,10,10,10,10,10,10,10,10
122499,0,1,1989,35,35,35,35,35,35,35,35,35,35
122499,1,1,1989,0,0,0,0,0,0,0,0,0,0
122500,0,1,1989,0,0,0,0,0,0,0,0,0,0
122500,1,1,1989,21,21,21,21,21,21,21,21,21,21
122501,1,1,1989,35,35,35,35,35,35,35,35,35,35
122501,2,1,1989,0,0,0,0,0,0,0,0,0,9
122502,1,1,1989,6,6,6,6,6,6,6,6,6,6
122502,2,1,1989,18,18,18,18,18,18,18,18,18,18
122503,1,1,1989,3,3,3,3,3,3,3,3,3,3
122504,1,1,1989,3,3,3,3,3,3,3,3,3,3
122505,1,1,1989,0,0,0,0,0,0,0,0,0,0
122505,2,1,1989,0,0,0,0,0,0,0,0,0,0
122506,1,1,1989,0,0,0,0,0,0,0,0,0,0
122507,0,1,1989,0,0,0,0,0,0,0,0,0,0
122507,1,1,1989,0,0,0,0,0,0,0,0,0,0
122508,1,1,1989,21,0,0,30,0,0,0,0,0,8
122509,1,1,1989,31,31,31,31,31,31,31,31,31,31
122510,0,1,1989,17,17,17,17,17,17,17,17,17,17
122510,1,1,1989,0,0,0,0,0,0,0,0,4,0
122511,1,1,1989,0,0,0,0,0,0,0,0,0,0
122511,2,1,1989,0,0,0,0,0,0,0,0,0,0
122512,1,1,1989,26,26,26,26,26,26,26,26,26,26
122513,1,1,1989,9,0,0,0,0,0,0,0,0,0
122514,1,1,1989,0,0,0,0,0,0,0,0,0,0
122514,2,1,1989,0,0,0,0,0,0,0,0,0,0
122515,1,1,1989,21,21,21,21,21,21,21,21,21,21
122515,2,1,1989,0,0,0,0,0,0,0,10,0,0
122516,0,1,1989,0,0,0,0,0,0,0,0,0,0
122516,1,1,1989,0,0,0,0,0,0,0,0,0,0
122517,1,1,1989,22,22,22,22,22,22,22,22,22,22
122518,1,1,1989,4,4,4,4,4,4,4,4,4,4
122518,2,1,1989,0,0,0,4,0,0,0,0,0,0
122519,1,1,1989,6,6,6,6,6,6,6,6,6,6
122520,0,1,1989,20,20,20,20,20,20,20,20,20,20
122520,1,1,1989,0,0,0,0,0,0,0,0,0,0
122521,1,1,1989,12,10,4,13,17,26,11,23,6,3
122522,1,1,1989,0,0,0,0,0,0,0,0,0,0
122522,2,1,1989,11,0,12,11,0,0,0,0,0,0
122523,1,1,1989,0,0,0,0,0,0,0,0,11,0
122523,2,1,1989,0,0,0,0,0,0,0,0,0,0
122524,1,1,1989,19,19,19,19,19,19,19,19,19,19
122525,1,1,1989,0,0,21,0,0,0,0,0,0,0
122526,0,1,1989,0,0,0,0,0,0,0,0,0,0
122526,1,1,1989,0,0,0,0,0,0,0,0,0,0
122527,1,1,1989,0,0,0,0,0,0,0,0,0,0
122527,2,1,1989,0,0,0,0,0,10,5,0,13,0
122527,3,1,1989,0,0,0,0,0,0,0,0,0,0
122528,0,1,1989,16,16,16,16,16,16,16,16,16,16
122528,1,1,1989,0,0,0,0,0,0,0,0,0,0
122529,1,1,1989,21,22,17,17,4,31,21,16,27,8
122529,2,1,1989,0,0,0,0,0,0,0,0,0,0
122530,1,1,1989,14,19,0,16,0,0,0,6,17,8
122531,1,1,1989,32,25,0,0,0,0,12,0,0,0
122531,2,1,1989,0,0,0,0,0,0,0,0,0,0
122532,1,1,1989,0,0,0,0,0,0,0,0,0,0
122532,2,1,1989,0,0,23,0,0,0,0,0,0,0
122533,1,1,1989,0,0,0,0,0,0,0,0,0,0
122533,2,1,1989,0,0,0,0,0,0,0,0,0,0
122534,1,1,1989,0,0,0,0,0,0,0,0,0,0
122534,2,1,1989,0,0,0,0,0,0,0,0,0,0
122535,1,1,1989,0,0,0,0,0,0,0,0,0,0
122535,2,1,1989,0,0,0,0,0,0,0,0,0,0
122536,0,1,1989,0,0,0,0,0,0,0,0,0,0
122536,1,1,1989,0,0,0,0,0,0,0,0,0,0
122537,1,1,1989,14,14,14,14,14,14,14,14,14,14
122537,2,1,1989,0,0,0,0,0,0,0,0,0,0
122538,1,1,1989,5,5,5,5,5,5,5,5,5,5
122539,1,1,1989,0,0,0,0,0,0,0,0,0,0
122539,2,1,1989,0,0,0,0,0,0,0,0,0,0
122540,1,1,1989,0,0,0,0,0,0,0,0,0,0
122540,2,1,1989,0,0,0,0,7,0,0,0,0,0
122541,1,1,1989,10,10,10,10,10,10,10,10,10,10
122542,1,1,1989,0,0,0,0,0,0,0,0,0,0
122544,1,1,1989,0,0,0,0,0,0,0,0,0,0
122545,1,1,1989,27,27,27,27,27,27,27,27,27,27
122545,2,1,1989,0,0,0,0,0,0,0,0,0,0
122546,0,1,1989,18,15,13,9,10,0,0,0,14,0
122546,1,1,1989,26,26,26,26,26,26,26,26,26,26
122546,2,1,1989,0,0,0,0,0,0,0,0,0,0
122547,0,1,1989,0,0,0,0,0,0,0,0,0,0
122547,1,1,1989,0,0,0,0,0,0,0,0,0,0
122548,0,1,1989,0,0,0,0,0,0,0,0,0,0
122548,1,1,1989,0,0,15,0,0,0,0,0,0,0
122549,1,1,1989,20,20,20,20,20,20,20,20,20,20
122550,1,1,1989,0,0,0,0,0,0,0,0,0,0
122550,2,1,1989,0,0,0,0,0,21,13,0,0,0
122551,1,1,1989,0,0,0,0,0,0,0,0,0,0
122551,2,1,1989,0,0,0,0,0,0,0,0,0,0
122551,3,1,1989,0,0,4,0,0,0,0,0,0,0
122552,0,1,1989,0,0,0,0,0,0,0,0,0,0
122552,1,1,1989,0,0,0,0,0,0,0,0,0,0
122553,1,1,1989,0,0,0,0,0,0,0,0,0,0
122554,1,1,1989,11,11,11,11,11,11,11,11,11,11
122555,1,1,1989,0,0,0,0,0,0,0,0,0,0
122555,2,1,1989,0,0,0,0,0,0,0,0,0,0
122556,0,1,1989,0,0,0,0,0,0,0,0,0,0
122556,1,1,1989,0,0,0,0,0,0,0,0,0,0
122557,1,1,1989,0,0,0,0,0,0,0,0,0,0
122558,1,1,1989,0,0,0,0,0,0,0,0,0,0
122559,1,1,1989,3,3,3,3,3,3,3,3,3,3
122560,0,1,1989,0,14,38,0,0,0,0,0,8,19
122560,1,1,1989,23,23,23,23,23,23,23,23,23,23
122561,1,1,1989,12,12,12,12,12,12,12,12,12,12
122562,1,1,1989,30,12,29,14,5,0,7,3,0,4
122562,2,1,1989,0,0,0,0,0,0,0,0,0,0
122564,0,1,1989,0,0,0,0,0,7,0,4,0,0
122564,1,1,1989,0,0,0,0,0,0,0,0,0,7
122565,1,1,1989,0,0,0,0,0,0,0,0,0,0
122565,2,1,1989,0,0,0,0,0,0,0,0,0,0
122565,3,1,1989,0,0,0,0,0,0,0,0,20,0
122566,0,1,1989,0,0,0,0,0,0,0,0,0,0
122566,1,1,1989,0,13,11,47,14,0,0,0,10,0
122567,1,1,1989,0,0,0,0,0,0,0,0,0,0
122567,2,1,1989,0,0,0,0,0,0,0,0,0,0
122568,1,1,1989,0,0,0,0,0,0,0,0,0,0
122568,2,1,1989,0,0,0,0,0,0,0,0,0,0
122569,0,1,1989,0,0,0,0,0,0,0,0,0,18
122569,1,1,1989,0,0,0,0,0,0,0,0,0,0
122571,1,1,1989,0,0,0,0,0,0,0,0,0,0
122571,2,1,1989,15,0,0,0,0,0,0,0,0,0
122572,1,1,1989,0,0,0,0,0,0,0,0,0,0
122572,2,1,1989,0,0,0,0,0,0,0,0,0,0
122572,3,1,1989,0,0,0,0,0,0,0,0,0,0
122573,1,1,1989,0,0,0,0,0,0,0,0,0,0
122573,2,1,1989,0,0,0,0,0,0,0,0,0,0
122574,0,1,1989,0,0,0,0,0,0,0,0,0,0
122574,1,1,1989,0,0,0,0,0,0,0,0,10,0
122575,1,1,1989,0,0,0,0,0,0,0,0,0,0
122575,2,1,1989,0,0,0,0,0,0,0,0,0,0
122576,1,1,1989,0,0,0,0,0,0,0,0,0,0
122576,2,1,1989,0,0,0,0,0,0,0,0,0,0
122577,1,1,1989,18,18,18,18,18,18,18,18,18,18
122577,2,1,1989,0,0,0,0,0,0,0,0,0,0
122577,3,1,1989,0,0,0,0,0,0,0,0,0,0
122578,1,1,1989,19,19,19,19,19,19,19,19,19,19
122578,2,1,1989,0,0,0,0,0,0,0,0,0,0
122578,3,1,1989,17,0,0,0,0,0,11,0,0,0
122579,1,1,1989,0,0,0,0,5,0,0,0,0,0
122579,2,1,1989,0,0,0,0,0,0,0,0,0,0
122580,0,1,1989,30,30,30,30,30,30,30,30,30,30
122580,1,1,1989,0,0,0,0,0,0,0,0,0,0
122582,1,1,1989,22,22,22,22,22,22,22,22,22,22
122583,1,1,1989,23,23,23,23,23,23,23,23,23,23
122584,1,1,1989,0,0,0,0,0,0,0,0,0,0
122585,1,1,1989,0,0,0,0,0,0,0,0,0,0
122586,1,1,1989,21,21,21,21,21,21,21,21,21,21
122587,1,1,1989,17,17,17,17,17,17,17,17,17,17
122588,1,1,1989,22,22,22,22,22,22,22,22,22,22
122588,2,1,1989,0,0,0,0,0,0,0,0,0,0
122589,0,1,1989,24,24,24,24,24,24,24,24,24,24
122589,1,1,1989,0,0,0,0,0,0,0,0,0,0
122590,0,1,1989,0,0,0,0,0,15,0,0,0,0
122590,1,1,1989,0,0,0,0,0,0,0,0,0,0
122591,1,1,1989,15,15,15,15,15,15,15,15,15,15
122592,1,1,1989,0,0,0,0,0,0,0,0,0,0
122593,1,1,1989,0,0,0,0,0,0,0,0,0,0
122593,2,1,1989,0,0,0,0,0,0,0,0,27,0
122594,0,1,1989,0,0,0,0,0,0,0,0,0,0
122594,1,1,1989,0,0,0,0,0,0,0,0,0,0
122595,1,1,1989,0,0,0,0,0,0,0,0,0,0
122595,2,1,1989,10,10,10,10,10,10,10,10,10,10
122596,1,1,1989,12,12,12,12,12,12,12,12,12,12
122596,2,1,1989,0,0,0,0,0,0,5,12,22,0
122597,1,1,1989,12,12,12,12,12,12,12,12,12,12
122597,2,1,1989,0,0,7,0,0,0,0,8,5,0
122597,3,1,1989,0,0,0,0,0,0,0,0,0,0
122598,1,1,1989,26,26,26,26,26,26,26,26,26,26
122599,0,1,1989,7,7,7,7,7,7,7,7,7,7
122599,1,1,1989,0,0,0,0,0,0,12,0,0,0
122600,1,1,1989,0,0,0,0,0,0,0,27,0,0
122601,0,1,1989,25,25,25,25,25,25,25,25,25,25
122601,1,1,1989,36,36,36,36,36,36,36,36,36,36
122602,1,1,1989,0,0,0,0,0,0,0,0,0,0
122603,1,1,1989,0,0,0,0,0,0,0,0,0,0
122603,2,1,1989,0,0,0,0,0,0,0,0,0,0
122604,1,1,1989,0,0,0,0,0,0,0,0,0,0
122604,2,1,1989,0,0,0,0,0,0,0,0,0,0
122604,3,1,1989,0,0,0,0,0,0,0,0,0,0
122605,1,1,1989,0,17,0,12,0,0,0,0,21,0
122606,1,1,1989,0,0,0,0,0,0,0,0,0,0
122606,2,1,1989,0,0,0,0,0,0,0,0,0,23
122607,1,1,1989,19,19,19,19,19,19,19,19,19,19
122607,2,1,1989,0,0,0,0,0,0,0,0,0,0
122608,1,1,1989,0,0,0,0,0,0,0,0,0,0
122608,2,1,1989,0,0,0,0,0,0,0,0,0,0
122609,1,1,1989,20,20,20,20,20,20,20,20,20,20
122609,2,1,1989,11,11,11,11,11,11,11,11,11,11
122610,1,1,1989,25,25,25,25,25,25,25,25,25,25
122611,1,1,1989,0,8,0,0,0,0,0,0,0,0
122612,1,1,1989,0,0,0,0,0,0,0,0,0,0
122612,2,1,1989,0,0,0,0,0,0,0,0,0,0
122612,3,1,1989,0,0,0,0,0,0,0,0,0,0
122613,1,1,1989,0,0,0,0,0,0,0,0,0,0
122613,2,1,1989,0,0,0,0,0,0,0,0,0,0
122614,1,1,1989,18,18,18,18,18,18,18,18,18,18
122615,0,1,1989,22,22,22,22,22,22,22,22,22,22
122615,1,1,1989,0,0,0,0,0,0,0,0,0,0
122616,1,1,1989,0,0,0,0,0,0,0,0,0,0
122616,2,1,1989,0,0,0,0,0,0,0,0,0,0
122617,0,1,1989,0,0,9,0,0,0,0,0,0,0
122617,0,2,1989,0,0,0,12,0,0,0,0,0,0
122617,1,1,1989,0,0,0,0,0,0,0,0,0,0
122618,1,1,1989,6,6,6,6,6,6,6,6,6,6
122619,0,1,1989,20,20,20,20,20,20,20,20,20,20
122619,1,1,1989,0,0,16,0,0,0,0,0,0,0
122620,1,1,1989,0,0,0,0,0,0,0,0,0,0
122620,2,1,1989,0,0,0,0,0,0,0,19,0,0
122621,1,1,1989,0,0,0,0,0,0,0,0,0,0
122622,1,1,1989,15,0,19,28,31,28,0,15,25,21
122622,2,1,1989,0,17,0,0,0,0,0,0,0,0
122623,1,1,1989,0,0,0,0,0,0,0,0,0,0
122623,2,1,1989,0,0,0,0,0,0,0,17,2,10
122624,1,1,1989,0,0,0,0,0,0,0,0,0,0
122624,2,1,1989,0,0,0,0,0,0,0,0,0,5
122624,3,1,1989,0,0,0,0,0,0,0,0,0,0
122625,1,1,1989,0,0,0,0,0,0,0,0,0,0
122625,2,1,1989,0,0,0,0,0,0,0,0,0,0
122626,1,1,1989,0,0,0,0,0,0,0,0,0,0
122626,2,1,1989,0,0,0,12,12,0,0,0,0,0
122627,1,1,1989,0,0,0,0,0,0,0,0,0,0
122627,2,1,1989,0,0,0,0,0,0,0,0,0,0
122628,1,1,1989,0,0,0,0,0,0,0,0,0,0
122628,2,1,1989,0,22,0,38,0,14,0,0,19,14
122629,1,1,1989,12,4,0,0,0,0,23,18,0,0
122629,2,1,1989,0,0,0,0,0,0,0,0,0,0
122630,1,1,1989,0,0,0,15,0,31,0,0,30,0
122630,2,1,1989,0,11,0,0,0,2,14,0,0,0
122631,1,1,1989,0,0,0,0,0,0,0,0,0,0
122631,2,1,1989,0,0,0,0,0,0,0,0,0,0
122631,3,1,1989,9,5,0,0,0,0,0,0,0,0
122632,0,1,1989,0,0,0,0,27,0,0,0,7,0
122632,1,1,1989,0,0,0,0,0,0,0,0,0,0
122633,1,1,1989,29,29,29,29,29,29,29,29,29,29
122634,1,1,1989,0,6,0,24,0,0,29,0,13,0
122634,2,1,1989,17,17,17,17,17,17,17,17,17,17
122635,1,1,1989,0,0,0,0,0,0,0,0,0,0
122635,2,1,1989,0,24,0,0,0,0,0,0,0,0
122636,1,1,1989,0,0,0,0,0,0,0,0,0,0
122636,2,1,1989,0,0,0,0,0,0,0,0,0,0
122637,1,1,1989,0,0,0,0,0,0,0,0,0,0
122638,0,1,1989,0,21,0,0,0,0,0,0,0,0
122638,1,1,1989,0,0,0,0,0,0,0,0,0,0
122639,1,1,1989,0,0,0,0,0,0,0,0,0,0
122639,2,1,1989,0,0,0,0,0,0,0,0,0,0
122639,3,1,1989,0,0,0,0,0,0,0,0,0,0
122639,4,1,1989,0,0,0,0,0,0,0,0,0,0
122640,1,1,1989,0,17,0,6,0,0,13,7,16,11
122641,1,1,1989,0,0,0,0,0,0,0,0,0,0
122641,2,1,1989,0,0,0,0,0,0,0,0,0,0
122642,1,1,1989,0,0,0,0,0,0,0,10,0,0
122643,1,1,1989,0,0,0,0,0,0,0,0,0,0
122643,2,1,1989,20,20,20,20,20,20,20,20,20,20
122644,1,1,1989,5,0,0,0,0,0,0,0,0,0
122644,2,1,1989,0,0,0,0,29,0,0,0,0,0
122645,1,1,1989,0,0,0,0,0,0,0,0,0,0
122645,2,1,1989,0,0,0,0,0,0,0,0,0,0
122646,1,1,1989,0,0,0,0,0,0,0,0,0,0
122646,2,1,1989,0,0,0,28,0,0,0,0,0,0
122647,1,1,1989,0,27,21,11,4,22,13,10,0,11
122648,0,1,1989,2,2,2,2,2,2,2,2,2,2
122648,1,1,1989,0,0,0,0,0,0,0,0,0,0
122650,1,1,1989,0,0,0,0,0,0,0,0,0,0
122650,2,1,1989,0,0,0,0,0,0,0,0,0,0
122651,1,1,1989,0,0,0,0,0,0,0,0,0,0
122651,2,1,1989,0,0,0,0,0,0,0,0,0,0
122652,1,1,1989,14,17,0,0,0,0,0,22,18,0
122652,2,1,1989,21,20,17,14,0,16,15,9,22,0
122653,0,1,1989,0,0,0,0,0,0,0,0,0,0
122653,1,1,1989,0,0,0,0,0,0,0,0,0,0
122654,1,1,1989,0,0,0,0,0,0,0,0,0,0
122654,2,1,1989,0,0,0,0,0,0,0,0,0,0
122654,3,1,1989,0,0,0,0,0,0,0,0,0,0
122655,1,1,1989,0,0,0,0,0,0,0,0,0,0
122655,2,1,1989,0,0,0,0,0,0,0,0,0,0
122656,0,1,1989,18,21,12,30,43,15,31,15,14,0
122656,1,1,1989,24,12,34,17,21,13,8,18,15,9
122657,1,1,1989,23,15,0,14,0,5,0,3,25,13
122658,1,1,1989,27,7,8,16,35,5,7,23,21,34
122659,0,1,1989,28,0,0,0,28,0,0,0,0,0
122659,1,1,1989,0,0,0,0,0,0,0,8,0,0
122660,1,1,1989,0,12,0,0,0,0,29,0,0,0
122660,2,1,1989,2,7,19,11,0,2,9,4,11,5
122661,0,1,1989,10,0,0,0,0,19,0,0,0,0
122661,0,2,1989,8,7,9,21,25,20,3,24,23,13
122661,1,1,1989,0,0,0,0,0,35,0,0,20,20
122662,0,1,1989,0,0,0,0,0,0,0,0,0,0
122662,1,1,1989,0,0,0,0,0,0,0,0,0,0
122663,0,1,1989,0,0,0,0,0,0,0,0,0,0
122663,1,1,1989,0,0,0,0,0,0,0,0,0,0
122664,1,1,1989,0,0,0,0,0,0,0,0,0,0
122664,2,1,1989,0,0,0,0,0,0,0,0,0,0
122665,0,1,1989,0,0,32,0,0,24,27,19,17,23
122665,1,1,1989,0,0,0,0,0,0,0,0,0,0
122666,0,1,1989,0,0,18,0,0,0,0,0,0,0
122666,1,1,1989,0,0,0,0,0,0,0,0,0,0
122667,1,1,1989,0,6,0,0,0,0,0,0,0,0
122667,2,1,1989,0,0,0,0,0,0,0,0,0,0
122668,0,1,1989,0,0,0,0,0,0,0,0,0,0