ST_CASE,VEH_NO,PER_NO,YEAR,P1,P2,P3,P4,P5,P6,P7,P8,P9,P10
122668,1,1,1989,0,0,0,0,0,0,0,0,0,0
122669,1,1,1989,27,23,28,23,19,0,14,29,17,24
122669,2,1,1989,0,0,0,0,0,0,0,0,0,0
122670,1,1,1989,0,0,0,0,0,0,0,0,0,0
122670,2,1,1989,0,0,0,0,0,0,0,0,0,0
122670,3,1,1989,0,0,0,0,0,0,0,0,0,0
122671,0,1,1989,0,0,0,0,0,0,0,0,0,0
122671,1,1,1989,0,0,0,0,0,0,0,0,0,0
122672,0,1,1989,24,24,24,24,24,24,24,24,24,24
122672,0,2,1989,21,21,21,21,21,21,21,21,21,21
122672,1,1,1989,8,0,0,19,0,0,0,0,0,0
122673,1,1,1989,0,0,0,0,0,0,0,0,0,0
122673,2,1,1989,0,0,0,0,0,0,0,0,0,0
122674,0,1,1989,6,6,6,6,6,6,6,6,6,6
122674,1,1,1989,15,15,15,15,15,15,15,15,15,15
122675,0,1,1989,0,0,0,0,0,0,0,0,0,0
122675,1,1,1989,24,17,30,12,0,6,11,22,32,15
122676,1,1,1989,0,0,0,0,0,0,0,0,0,0
122676,2,1,1989,0,0,0,0,0,0,0,0,0,0
122677,1,1,1989,20,20,20,20,20,20,20,20,20,20
122678,0,1,1989,0,0,17,15,21,34,12,0,0,5
122678,1,1,1989,0,0,0,0,0,0,2,16,0,23
122679,1,1,1989,4,11,0,0,0,0,0,0,8,10
122679,2,1,1989,0,0,0,8,0,0,0,0,0,0
122680,1,1,1989,22,22,22,22,22,22,22,22,22,22
122681,1,1,1989,7,0,0,0,0,0,0,0,0,10
122683,1,1,1989,0,0,0,0,0,0,0,0,15,0
122683,2,1,1989,0,0,0,0,0,0,0,0,0,0
122684,1,1,1989,0,0,0,0,0,0,0,0,0,0
122686,0,1,1989,25,33,23,34,12,20,10,17,29,30
122686,1,1,1989,0,0,0,0,0,0,0,0,0,0
122687,0,1,1989,0,0,0,0,0,0,0,0,0,0
122687,1,1,1989,0,0,0,0,0,0,0,37,0,0
122688,0,1,1989,20,9,20,19,42,8,9,36,17,34
122688,1,1,1989,27,27,27,27,27,27,27,27,27,27
122689,1,1,1989,25,25,25,25,25,25,25,25,25,25
122690,0,1,1989,0,26,20,0,22,0,0,0,0,0
122690,1,1,1989,0,0,0,0,0,0,0,0,0,0
122691,0,1,1989,0,0,0,0,0,0,0,0,0,0
122691,1,1,1989,0,0,0,0,0,0,0,0,0,0
122692,1,1,1989,5,9,14,17,6,8,11,11,13,29
122692,2,1,1989,0,0,0,27,0,0,0,0,0,0
122693,0,1,1989,0,0,0,0,0,0,0,0,0,0
122693,1,1,1989,0,0,0,0,0,0,0,0,0,0
122694,0,1,1989,0,0,0,0,0,0,0,0,0,0
122694,1,1,1989,0,0,0,0,0,0,0,0,0,0
122695,1,1,1989,0,7,22,22,25,27,17,13,15,29
122696,0,1,1989,0,0,0,0,0,0,0,0,0,9
122696,1,1,1989,0,0,0,0,0,0,0,0,0,0
122697,0,1,1989,0,0,0,0,0,0,24,0,0,0
122697,1,1,1989,0,0,0,0,0,0,0,0,0,0
122698,1,1,1989,0,0,0,0,0,0,0,0,0,0
122698,2,1,1989,0,0,0,0,0,0,0,0,0,0
122700,0,1,1989,0,0,0,0,0,0,0,0,0,0
122700,1,1,1989,0,0,0,0,0,0,0,0,0,0
122700,2,1,1989,0,0,0,0,0,0,0,0,0,0
122701,1,1,1989,0,0,0,0,0,0,0,0,0,0
122702,1,1,1989,15,14,14,6,13,10,14,12,24,18
122702,2,1,1989,20,0,0,0,0,0,0,0,0,0
122703,0,1,1989,0,0,0,0,29,47,0,0,0,0
122703,1,1,1989,0,0,0,0,0,0,0,0,0,0
122704,1,1,1989,0,27,0,25,0,0,0,0,22,0
122705,1,1,1989,0,0,0,0,0,0,0,0,0,0
122705,2,1,1989,0,0,0,0,0,0,0,0,0,0
122706,0,1,1989,0,55,0,0,17,0,0,19,0,0
122706,1,1,1989,0,0,0,12,0,0,0,0,0,0
122707,1,1,1989,0,0,0,0,0,0,0,0,17,7
122707,2,1,1989,0,0,0,0,0,0,0,0,0,0
122708,0,1,1989,0,0,0,0,0,0,0,0,0,0
122709,1,1,1989,19,11,0,0,0,0,0,22,0,26
122711,1,1,1989,0,0,0,0,0,30,0,18,5,9
122712,1,1,1989,13,19,17,13,9,7,0,10,8,6
122713,0,1,1989,26,12,15,18,34,33,27,10,16,9
122713,1,1,1989,0,0,0,0,0,0,0,0,0,0
122714,1,1,1989,0,8,7,9,17,23,14,25,18,0
122715,1,1,1989,0,0,0,0,0,0,0,0,0,0
122715,2,1,1989,0,0,0,0,0,0,0,15,0,0
122716,1,1,1989,0,0,0,0,0,0,0,13,15,0
122716,2,1,1989,0,0,0,0,0,0,0,0,0,0
122717,1,1,1989,0,0,0,12,0,0,0,0,0,0
122718,1,1,1989,0,0,0,0,0,0,0,0,0,0
122718,2,1,1989,0,0,0,0,0,0,0,0,0,0
122718,3,1,1989,0,0,0,0,0,0,0,0,0,0
122718,4,1,1989,0,0,0,0,0,0,0,0,0,0
122719,1,1,1989,0,0,0,0,0,0,0,0,0,0
122720,1,1,1989,0,0,0,0,0,0,0,0,0,0
122720,2,1,1989,0,0,0,0,0,0,0,0,0,0
122721,0,1,1989,0,0,0,0,0,0,13,0,21,0
122721,1,1,1989,0,0,0,0,0,0,0,0,0,0
122722,1,1,1989,11,12,6,0,0,21,0,7,15,22
122722,2,1,1989,0,0,0,0,0,0,0,0,0,0
122723,0,1,1989,15,0,0,0,0,0,0,0,0,0
122723,1,1,1989,0,0,0,0,0,0,0,0,0,0
122724,1,1,1989,0,0,0,0,0,0,0,0,0,0
122724,2,1,1989,0,0,0,0,23,9,27,0,10,0
122725,1,1,1989,0,0,0,0,0,0,0,0,0,0
122725,2,1,1989,0,0,0,0,0,0,0,0,0,0
122726,1,1,1989,0,0,0,0,0,0,0,0,0,0
122726,2,1,1989,0,0,0,0,0,0,0,0,0,0
122727,0,1,1989,13,2,23,29,20,27,20,39,28,15
122727,1,1,1989,0,0,0,0,0,0,0,0,0,0
122729,1,1,1989,16,16,16,16,16,16,16,16,16,16
122729,2,1,1989,0,0,0,0,0,0,0,0,0,0
122730,1,1,1989,0,10,0,0,0,0,0,0,0,0
122730,2,1,1989,0,0,16,4,0,0,0,0,0,0
122731,1,1,1989,0,0,0,0,0,0,0,0,0,0
122731,2,1,1989,0,0,0,0,0,0,0,0,0,0
122732,0,1,1989,0,0,0,0,15,0,0,0,0,0
122732,1,1,1989,0,0,0,0,0,0,0,0,0,0
122733,1,1,1989,0,0,0,0,0,0,0,0,0,0
122733,2,1,1989,0,0,0,0,0,0,0,0,0,0
122734,1,1,1989,0,0,0,13,15,0,0,0,0,0
122735,0,1,1989,0,0,0,0,0,0,0,0,0,0
122735,1,1,1989,0,0,0,0,0,0,0,0,0,0
122736,0,1,1989,0,8,13,0,21,27,0,0,0,0
122736,1,1,1989,0,0,0,13,12,6,0,0,0,8
122737,1,1,1989,8,27,17,14,26,21,32,12,26,0
122738,1,1,1989,0,0,0,0,0,15,0,0,0,0
122738,2,1,1989,0,0,0,0,0,0,0,0,0,0
122739,0,1,1989,0,37,16,0,0,38,0,0,41,5
122739,0,2,1989,7,16,24,12,30,18,0,7,7,10
122739,1,1,1989,0,0,0,0,0,0,0,0,0,0
122740,1,1,1989,21,21,21,21,21,21,21,21,21,21
122740,2,1,1989,11,0,15,8,0,17,0,18,0,21
122741,0,2,1989,4,0,0,10,0,12,21,12,14,5
122741,0,3,1989,0,15,0,8,14,6,12,16,0,14
122741,1,1,1989,23,23,23,23,23,23,23,23,23,23
122742,1,1,1989,0,0,0,0,0,0,0,0,0,0
122742,2,1,1989,0,0,0,0,0,0,0,0,0,0
122743,1,1,1989,0,0,0,0,0,0,0,0,0,0
122744,1,1,1989,0,20,20,29,24,0,28,22,24,16
122745,1,1,1989,0,0,0,0,0,0,0,0,0,0
122746,1,1,1989,0,0,0,8,0,0,0,0,0,0
122746,2,1,1989,0,0,0,0,0,0,0,0,0,0
122746,3,1,1989,0,0,0,0,0,0,0,0,0,0
122747,1,1,1989,0,0,0,0,26,0,0,0,0,0
122748,1,1,1989,0,0,0,0,0,0,0,0,0,0
122748,2,1,1989,0,0,0,0,0,0,0,0,0,0
122749,1,1,1989,0,0,0,0,0,0,0,20,0,19
122750,1,1,1989,0,0,0,0,0,0,0,0,0,0
122751,0,1,1989,0,0,0,17,0,0,0,0,0,0
122751,1,1,1989,15,15,15,15,15,15,15,15,15,15
122752,0,1,1989,0,0,0,0,0,0,0,0,0,0
122752,1,1,1989,0,0,0,0,0,0,0,0,0,0
122753,1,1,1989,13,13,13,13,13,13,13,13,13,13
122754,1,1,1989,28,28,28,28,28,28,28,28,28,28
122755,0,1,1989,18,21,21,15,10,5,14,16,34,48
122755,1,1,1989,0,0,0,0,0,0,0,0,0,0
122756,1,1,1989,0,0,0,0,0,0,0,0,0,0
122756,2,1,1989,0,0,0,0,0,0,0,0,0,0
122758,1,1,1989,0,0,0,0,0,0,0,0,0,0
122758,2,1,1989,0,0,0,0,0,0,0,0,0,0
122759,1,1,1989,0,0,0,26,31,13,0,15,28,0
122760,0,1,1989,33,12,0,0,0,25,0,0,0,0
122760,1,1,1989,16,6,13,11,0,7,23,10,17,15
122761,0,1,1989,27,27,27,27,27,27,27,27,27,27
122761,1,1,1989,0,0,6,6,0,0,0,0,0,0
122762,1,1,1989,0,0,0,0,0,0,0,0,0,0
122762,2,1,1989,0,0,0,0,0,0,0,0,0,0
122762,3,1,1989,0,0,0,0,0,0,0,0,0,0
122763,1,1,1989,16,11,26,16,29,26,17,18,15,9
122763,2,1,1989,0,0,0,0,0,0,0,0,0,0
122764,1,1,1989,0,0,0,0,0,0,0,0,0,0
122764,2,1,1989,0,0,0,0,0,0,0,0,0,0
122765,1,1,1989,0,0,0,0,0,0,0,0,0,0
122766,1,1,1989,29,29,29,29,29,29,29,29,29,29
122766,2,1,1989,0,0,0,0,0,0,0,0,0,0
122766,3,1,1989,0,0,0,0,0,0,0,0,0,0
122767,1,1,1989,0,0,0,0,0,0,0,0,0,0
122767,2,1,1989,0,0,0,0,0,0,0,0,0,0
122767,3,1,1989,0,0,0,0,0,0,0,0,0,0
130001,1,1,1989,0,0,0,0,0,0,0,0,0,0
130002,1,1,1989,13,11,0,0,0,18,0,0,0,0
130003,0,1,1989,0,0,0,0,0,0,0,0,0,0
130003,1,1,1989,0,0,0,0,0,0,0,0,0,0
130004,0,1,1989,0,48,0,22,0,0,0,0,13,0
130004,1,1,1989,0,0,0,0,0,0,0,0,0,0
130005,1,1,1989,0,0,0,0,0,0,0,0,0,0
130005,2,1,1989,0,0,0,0,0,0,0,0,0,0
130006,0,1,1989,0,0,0,0,13,0,0,0,0,0
130006,1,1,1989,0,0,0,0,0,0,0,0,0,0
130007,1,1,1989,0,0,0,0,0,0,0,0,0,0
130007,2,1,1989,0,0,0,0,0,0,0,0,0,0
130008,0,1,1989,0,0,0,0,0,0,0,0,0,0
130009,0,1,1989,7,23,0,0,0,12,19,0,0,34
130009,1,1,1989,0,0,0,0,6,0,0,0,14,12
130010,1,1,1989,0,0,0,0,0,0,0,0,0,0
130010,2,1,1989,0,0,0,0,0,0,0,0,0,0
130011,1,1,1989,5,8,14,12,10,13,0,0,9,15
130012,1,1,1989,23,23,23,23,23,23,23,23,23,23
130013,0,1,1989,0,0,0,0,0,0,0,0,0,0
130013,1,1,1989,0,0,0,0,0,0,0,0,0,0
130014,1,1,1989,14,14,14,14,14,14,14,14,14,14
130015,1,1,1989,28,28,28,28,28,28,28,28,28,28
130015,2,1,1989,0,0,0,0,0,0,0,0,0,0
130016,0,1,1989,9,9,9,9,9,9,9,9,9,9
130016,1,1,1989,23,0,13,13,0,11,9,21,39,0
130017,1,1,1989,0,0,0,0,0,0,0,0,0,0
130017,2,1,1989,2,0,0,0,0,0,0,0,0,0
130017,3,1,1989,0,0,0,0,0,0,0,0,0,0
130018,1,1,1989,17,8,0,0,19,0,0,0,0,0
130018,2,1,1989,0,0,0,0,0,0,0,0,0,0
130019,0,1,1989,0,0,0,0,0,0,0,0,0,0
130019,0,2,1989,0,0,0,0,0,0,0,0,0,0
130019,1,1,1989,0,0,0,5,9,0,0,0,0,0
130020,1,1,1989,40,40,40,40,40,40,40,40,40,40
130021,1,1,1989,13,13,13,13,13,13,13,13,13,13
130022,1,1,1989,22,22,22,22,22,22,22,22,22,22
130023,1,1,1989,0,0,0,0,0,0,0,0,0,0
130024,1,1,1989,0,0,0,0,0,0,0,0,0,0
130024,2,1,1989,0,0,0,0,0,0,0,0,0,0
130024,3,1,1989,0,0,0,0,0,0,0,0,0,0
130025,1,1,1989,0,0,0,0,0,0,0,0,0,0
130025,2,1,1989,0,0,0,0,0,0,0,0,0,0
130026,1,1,1989,0,0,0,0,0,0,0,0,0,0
130026,2,1,1989,0,0,0,0,0,0,0,0,0,0
130027,1,1,1989,0,0,0,0,0,0,0,0,0,0
130027,2,1,1989,24,24,24,24,24,24,24,24,24,24
130028,1,1,1989,26,26,26,26,26,26,26,26,26,26
130029,0,1,1989,23,23,23,23,23,23,23,23,23,23
130029,1,1,1989,0,0,0,0,0,0,0,0,0,0
130030,1,1,1989,22,22,22,22,22,22,22,22,22,22
130031,1,1,1989,0,0,0,0,0,0,0,0,0,0
130031,2,1,1989,0,0,0,0,0,0,0,0,0,0
130032,0,1,1989,31,31,31,31,31,31,31,31,31,31
130032,1,1,1989,0,4,0,0,15,0,0,0,6,0
130033,1,1,1989,0,0,0,0,0,0,0,0,0,0
130034,1,1,1989,26,26,26,26,26,26,26,26,26,26
130035,1,1,1989,0,0,0,0,0,0,0,0,0,0
130036,1,1,1989,0,0,0,0,0,0,0,0,0,0
130037,1,1,1989,0,0,0,0,0,0,0,0,0,0
130037,2,1,1989,0,0,0,0,0,0,0,18,24,0
130038,0,1,1989,27,27,27,27,27,27,27,27,27,27
130038,1,1,1989,0,0,0,4,0,0,0,0,0,0
130039,0,1,1989,0,0,0,0,0,0,0,0,0,0
130039,1,1,1989,0,0,0,0,0,0,0,0,0,0
130040,1,1,1989,0,0,0,0,0,0,0,0,0,0
130040,2,1,1989,0,0,0,0,0,0,0,0,0,0
130041,1,1,1989,0,0,0,0,13,0,0,0,0,0
130041,2,1,1989,15,0,0,0,0,0,0,0,20,0
130042,1,1,1989,19,19,19,19,19,19,19,19,19,19
130042,2,1,1989,0,0,0,0,0,0,0,0,0,0
130043,1,1,1989,23,23,23,23,23,23,23,23,23,23
130044,0,1,1989,0,0,0,0,0,0,0,0,0,0
130044,1,1,1989,0,0,0,0,0,0,0,0,0,0
130046,1,1,1989,26,26,26,26,26,26,26,26,26,26
130046,2,1,1989,0,20,0,0,0,14,19,0,0,0
130047,1,1,1989,0,0,0,0,0,0,0,0,0,0
130048,1,1,1989,0,0,0,0,0,0,0,0,0,0
130048,2,1,1989,0,0,0,0,0,0,0,0,0,0
130049,1,1,1989,18,18,18,18,18,18,18,18,18,18
130049,2,1,1989,0,0,0,0,0,0,0,0,0,0
130050,1,1,1989,33,23,28,0,34,12,0,12,8,20
130051,1,1,1989,10,10,10,10,10,10,10,10,10,10
130052,1,1,1989,0,0,0,0,0,0,0,0,0,0
130052,2,1,1989,0,0,0,0,0,0,0,0,0,0
130053,1,1,1989,10,18,0,0,0,0,0,0,0,0
130053,2,1,1989,0,0,0,0,0,0,0,0,0,0
130054,1,1,1989,0,0,0,0,0,0,0,0,0,0
130054,2,1,1989,0,0,0,0,0,0,0,0,0,0
130055,1,1,1989,0,0,0,0,0,0,0,0,0,0
130056,1,1,1989,0,0,0,0,0,0,0,0,0,0
130056,2,1,1989,0,0,4,0,0,0,0,16,14,24
130057,1,1,1989,0,0,0,0,0,0,0,0,0,0
130058,1,1,1989,0,0,0,0,0,0,0,0,0,0
130059,0,1,1989,0,0,0,0,0,0,0,0,0,0
130059,1,1,1989,0,0,0,0,0,0,0,0,0,0
130060,0,1,1989,0,0,0,0,0,0,0,0,0,5
130061,1,1,1989,0,9,0,11,15,22,0,0,0,22
130062,1,1,1989,12,12,12,12,12,12,12,12,12,12
130063,0,1,1989,0,0,0,0,0,0,0,0,0,0
130063,1,1,1989,0,0,0,0,0,13,0,0,0,0
130064,1,1,1989,26,26,26,26,26,26,26,26,26,26
130064,2,1,1989,2,2,2,2,2,2,2,2,2,2
130065,1,1,1989,17,17,17,17,17,17,17,17,17,17
130065,2,1,1989,13,0,0,0,7,0,18,0,4,0
130066,1,1,1989,26,26,26,26,26,26,26,26,26,26
130067,1,1,1989,20,20,20,20,20,20,20,20,20,20
130068,1,1,1989,0,0,0,0,0,0,0,0,0,0
130068,2,1,1989,10,0,0,0,4,0,0,0,0,5
130069,1,1,1989,0,0,0,0,0,0,0,0,6,0
130069,2,1,1989,0,0,0,0,0,0,0,0,0,0
130070,1,1,1989,23,23,23,23,23,23,23,23,23,23
130070,2,1,1989,0,0,0,0,0,0,0,0,0,0
130071,0,1,1989,0,0,0,0,0,0,0,0,0,0
130071,1,1,1989,7,7,7,7,7,7,7,7,7,7
130072,1,1,1989,7,7,7,7,7,7,7,7,7,7
130072,2,1,1989,0,0,0,0,0,0,0,0,0,0
130073,1,1,1989,8,8,8,8,8,8,8,8,8,8
130073,2,1,1989,0,0,0,0,0,21,0,0,10,0
130073,3,1,1989,0,0,0,0,0,0,0,0,0,0
130074,1,1,1989,0,0,0,0,0,0,0,0,0,0
130074,2,1,1989,7,7,7,7,7,7,7,7,7,7
130075,1,1,1989,0,0,0,0,0,0,0,0,0,0
130075,2,1,1989,27,0,0,0,0,0,0,17,0,0
130076,1,1,1989,16,16,16,16,16,16,16,16,16,16
130077,1,1,1989,18,20,16,6,0,0,32,0,17,34
130078,1,1,1989,12,12,12,12,12,12,12,12,12,12
130079,1,1,1989,24,24,24,24,24,24,24,24,24,24
130080,0,1,1989,33,33,33,33,33,33,33,33,33,33
130080,1,1,1989,0,0,0,0,0,0,0,0,0,0
130081,1,1,1989,9,9,9,9,9,9,9,9,9,9
130082,1,1,1989,16,16,16,16,16,16,16,16,16,16
130083,1,1,1989,0,0,0,0,0,0,0,0,0,0
130083,2,1,1989,0,0,0,0,0,0,0,0,0,0
130084,1,1,1989,11,26,17,0,12,10,25,27,16,27
130085,1,1,1989,0,0,0,0,0,0,0,0,0,0
130085,2,1,1989,0,0,0,0,0,0,0,0,0,0
130086,1,1,1989,0,0,0,0,0,0,0,0,0,0
130086,2,1,1989,0,0,0,0,0,0,0,0,0,0
130088,0,1,1989,11,13,21,30,22,23,10,21,4,6
130088,0,2,1989,0,0,22,14,31,14,26,21,21,17
130088,1,1,1989,0,0,0,0,0,0,0,0,0,0
130089,1,1,1989,0,0,0,0,0,0,0,0,6,0
130089,2,1,1989,0,0,0,0,0,0,0,0,0,16
130089,3,1,1989,0,0,0,0,0,0,0,0,0,0
130090,1,1,1989,0,0,0,0,0,0,0,0,0,0
130090,2,1,1989,0,0,0,0,0,0,0,0,0,0
130090,3,1,1989,0,0,0,0,0,0,0,0,0,0
130091,1,1,1989,0,0,0,0,0,0,0,0,0,0
130091,2,1,1989,0,0,0,0,0,0,0,0,0,0
130092,0,1,1989,0,34,32,15,0,37,24,8,0,16
130092,1,1,1989,12,0,0,0,0,0,0,14,0,0
130093,1,1,1989,17,17,17,17,17,17,17,17,17,17
130094,1,1,1989,0,0,0,0,0,0,0,0,0,0
130095,0,1,1989,27,27,27,27,27,27,27,27,27,27
130095,1,1,1989,0,0,11,11,0,0,0,6,13,0
130096,0,1,1989,28,28,28,28,28,28,28,28,28,28
130096,1,1,1989,0,0,1,0,19,0,0,0,17,0
130097,0,1,1989,0,0,0,0,0,0,0,0,14,0
130097,0,2,1989,0,0,0,0,0,0,0,0,0,0
130097,1,1,1989,0,0,0,0,0,0,0,8,0,0
130098,1,1,1989,0,0,0,0,0,0,0,0,0,0
130098,2,1,1989,0,0,0,0,0,0,24,19,14,0
130099,1,1,1989,18,18,18,18,18,18,18,18,18,18
130100,1,1,1989,13,13,13,13,13,13,13,13,13,13
130100,2,1,1989,0,0,0,0,0,0,0,0,0,0
130101,1,1,1989,29,29,29,29,29,29,29,29,29,29
130102,1,1,1989,20,26,14,28,14,0,16,14,0,20
130103,1,1,1989,0,0,0,0,0,0,0,0,0,0
130103,2,1,1989,0,0,0,0,0,0,0,0,0,0
130103,3,1,1989,0,0,0,0,0,0,0,0,0,0
130104,0,1,1989,14,14,14,14,14,14,14,14,14,14
130104,1,1,1989,0,0,0,0,0,9,21,0,0,0
130105,1,1,1989,0,0,0,0,0,0,0,0,0,0
130105,2,1,1989,0,0,0,0,0,0,0,0,0,0
130106,1,1,1989,21,21,21,21,21,21,21,21,21,21
130106,2,1,1989,0,0,0,0,0,0,13,0,0,20
130106,3,1,1989,0,0,0,0,0,0,17,0,0,0
130107,0,1,1989,0,0,0,0,0,0,0,0,0,0
130107,1,1,1989,0,0,0,0,0,0,0,0,0,0
130109,1,1,1989,0,0,0,0,0,0,0,19,0,0
130110,0,1,1989,0,0,0,0,0,0,0,0,0,0
130110,1,1,1989,0,0,0,0,0,0,17,15,0,0
130111,1,1,1989,2,2,2,2,2,2,2,2,2,2
130111,2,1,1989,9,9,9,9,9,9,9,9,9,9
130112,1,1,1989,19,19,19,19,19,19,19,19,19,19
130113,1,1,1989,0,11,0,0,0,0,0,18,0,0
130114,0,1,1989,24,24,24,24,24,24,24,24,24,24
130114,1,1,1989,0,0,0,0,0,0,0,0,0,0
130115,1,1,1989,0,0,0,0,0,0,0,0,0,0
130115,2,1,1989,28,28,28,28,28,28,28,28,28,28
130116,1,1,1989,0,7,0,0,0,15,0,7,0,12
130117,1,1,1989,0,0,0,0,0,11,0,0,0,0
130117,2,1,1989,0,0,0,0,0,0,0,0,0,0
130118,1,1,1989,0,0,0,0,0,0,0,0,0,0
130118,2,1,1989,23,23,23,23,23,23,23,23,23,23
130119,0,1,1989,19,0,25,20,0,21,0,0,8,0
130119,1,1,1989,24,0,0,0,10,0,0,0,0,0
130120,0,1,1989,31,31,31,31,31,31,31,31,31,31
130120,1,1,1989,0,0,0,0,0,0,0,0,1,0
130122,1,1,1989,0,0,0,0,0,0,0,0,0,0
130122,2,1,1989,0,0,0,0,0,0,0,0,0,0
130123,1,1,1989,0,0,0,0,0,5,0,0,0,0
130123,2,1,1989,0,0,0,0,0,0,0,0,0,0
130123,3,1,1989,0,0,0,0,0,0,0,0,0,0
130124,0,1,1989,0,0,0,0,0,0,0,0,0,0
130124,1,1,1989,0,0,0,0,0,0,0,0,0,0
130125,1,1,1989,8,8,8,8,8,8,8,8,8,8
130126,1,1,1989,21,21,21,21,21,21,21,21,21,21
130126,2,1,1989,0,0,0,0,0,0,0,0,0,0
130127,1,1,1989,0,0,0,0,0,0,0,0,0,0
130127,2,1,1989,0,0,0,0,0,0,0,0,0,0
130128,0,1,1989,4,41,18,28,25,29,0,0,15,17
130128,1,1,1989,0,0,13,0,0,0,0,0,0,0
130130,1,1,1989,0,0,0,0,0,0,0,0,0,0
130131,0,1,1989,0,0,0,0,0,0,0,0,0,0
130131,1,1,1989,0,0,0,0,0,0,0,0,0,0
130132,1,1,1989,14,14,14,14,14,14,14,14,14,14
130132,2,1,1989,15,19,0,12,8,0,0,0,0,18
130133,1,1,1989,0,0,0,0,0,0,0,0,0,0
130133,2,1,1989,0,0,0,0,0,0,0,0,0,0
130134,1,1,1989,0,0,0,0,0,0,0,0,0,0
130135,1,1,1989,0,0,0,0,0,0,0,0,0,0
130135,2,1,1989,11,11,11,11,11,11,11,11,11,11
130136,1,1,1989,17,17,17,17,17,17,17,17,17,17
130136,2,1,1989,0,0,0,0,0,0,0,0,0,0
130137,0,1,1989,0,22,31,0,0,28,5,14,23,17
130137,1,1,1989,20,20,20,20,20,20,20,20,20,20
130137,2,1,1989,0,0,0,0,7,0,10,0,0,0
130138,1,1,1989,13,0,28,8,0,13,0,0,0,0
130138,2,1,1989,19,17,12,24,0,11,29,13,0,0
130139,1,1,1989,14,15,30,21,34,17,6,0,15,18
130140,1,1,1989,0,0,0,0,0,0,0,0,0,0
130140,2,1,1989,0,0,0,0,0,0,0,0,0,0
130141,1,1,1989,21,21,21,21,21,21,21,21,21,21
130142,1,1,1989,8,8,8,8,8,8,8,8,8,8
130143,1,1,1989,28,28,28,28,28,28,28,28,28,28
130144,1,1,1989,16,16,16,16,16,16,16,16,16,16
130144,2,1,1989,0,0,0,0,0,0,0,0,0,0
130145,1,1,1989,0,0,0,0,0,0,0,0,0,0
130146,1,1,1989,0,0,0,0,0,0,0,0,0,0
130146,2,1,1989,0,0,0,0,0,0,0,0,0,0
130146,3,1,1989,0,0,0,0,0,0,0,0,0,0
130147,1,1,1989,0,0,0,0,0,0,0,0,0,0
130147,2,1,1989,0,0,0,0,0,0,0,0,0,0
130148,1,1,1989,12,12,12,12,12,12,12,12,12,12
130149,1,1,1989,0,0,0,0,0,0,0,0,0,0
130149,2,1,1989,0,31,9,0,0,0,0,0,17,33
130149,3,1,1989,0,0,0,0,0,0,0,22,0,0
130150,0,1,1989,0,0,0,0,0,0,0,0,0,0
130150,1,1,1989,0,0,0,0,0,0,0,0,0,0
130151,1,1,1989,0,0,0,0,0,0,0,0,0,0
130151,2,1,1989,0,0,0,0,0,0,0,0,0,0
130152,1,1,1989,17,17,17,17,17,17,17,17,17,17
130153,1,1,1989,0,0,0,0,0,0,0,0,0,0
130154,1,1,1989,18,18,18,18,18,18,18,18,18,18
130155,1,1,1989,0,0,0,0,0,0,0,0,0,0
130155,2,1,1989,0,0,0,0,0,0,0,0,0,0
130156,1,1,1989,30,30,30,30,30,30,30,30,30,30
130157,1,1,1989,10,10,10,10,10,10,10,10,10,10
130158,1,1,1989,0,0,0,35,0,0,0,15,0,0
130158,2,1,1989,0,0,0,0,0,0,0,16,0,0
130159,1,1,1989,6,0,0,0,0,0,0,0,0,8
130159,2,1,1989,0,0,11,0,0,0,0,0,0,0
130159,3,1,1989,0,0,0,0,0,0,0,0,0,0
130160,1,1,1989,0,0,0,0,0,0,0,0,0,0
130161,1,1,1989,0,0,0,0,0,0,0,0,0,0
130161,2,1,1989,0,0,0,0,0,0,0,0,0,0
130162,1,1,1989,35,35,35,35,35,35,35,35,35,35
130163,0,1,1989,0,0,0,0,0,0,0,0,0,0
130163,0,2,1989,5,5,5,5,5,5,5,5,5,5
130163,1,1,1989,20,14,18,10,14,17,13,12,5,31
130164,1,1,1989,0,0,0,0,0,0,0,0,0,0
130164,2,1,1989,0,0,0,0,0,0,0,0,0,0
130164,3,1,1989,0,0,0,0,0,0,0,0,0,0
130165,1,1,1989,0,0,0,0,0,0,0,0,0,0
130165,2,1,1989,0,0,0,0,0,0,0,0,0,0
130166,1,1,1989,23,23,23,23,23,23,23,23,23,23
130167,1,1,1989,0,13,19,18,6,16,0,12,0,19
130168,1,1,1989,0,34,18,29,41,14,10,30,0,11
130169,0,1,1989,0,0,0,0,0,0,0,0,0,0
130169,1,1,1989,0,0,0,0,0,9,0,0,0,0
130170,1,1,1989,0,0,0,0,0,0,0,0,0,0
130170,2,1,1989,0,0,0,0,0,0,0,0,0,0
130171,1,1,1989,22,22,22,22,22,22,22,22,22,22
130171,2,1,1989,0,0,7,14,0,8,0,0,0,16
130171,3,1,1989,0,0,0,0,0,0,0,0,0,0
130171,4,1,1989,0,0,0,0,0,0,15,0,0,0
130172,1,1,1989,0,0,0,0,0,0,0,0,0,0
130173,1,1,1989,0,0,0,0,0,0,0,0,0,0