ST_CASE,VEH_NO,PER_NO,YEAR,P1,P2,P3,P4,P5,P6,P7,P8,P9,P10
130173,2,1,1989,0,0,0,0,0,0,0,0,0,0
130174,1,1,1989,26,26,26,26,26,26,26,26,26,26
130174,2,1,1989,3,3,3,3,3,3,3,3,3,3
130175,1,1,1989,18,18,18,18,18,18,18,18,18,18
130177,1,1,1989,25,25,25,25,25,25,25,25,25,25
130178,0,1,1989,32,32,32,32,32,32,32,32,32,32
130178,1,1,1989,0,0,0,0,0,0,0,0,0,0
130179,0,1,1989,17,17,17,17,17,17,17,17,17,17
130179,1,1,1989,0,0,0,0,0,0,0,0,0,0
130180,1,1,1989,30,30,30,30,30,30,30,30,30,30
130181,1,1,1989,0,0,0,0,0,0,0,0,0,0
130181,2,1,1989,0,0,0,0,0,0,0,0,0,0
130182,1,1,1989,0,0,0,0,0,0,0,0,0,0
130182,2,1,1989,0,0,0,0,0,0,0,0,0,0
130183,1,1,1989,6,0,0,0,3,0,0,0,9,0
130184,1,1,1989,0,0,0,0,0,0,0,0,0,0
130185,1,1,1989,33,33,33,33,33,33,33,33,33,33
130186,1,1,1989,21,21,21,21,21,21,21,21,21,21
130187,1,1,1989,27,27,27,27,27,27,27,27,27,27
130188,1,1,1989,0,0,0,0,0,0,0,0,0,0
130188,2,1,1989,0,0,0,0,0,0,0,0,0,0
130189,1,1,1989,0,0,0,0,0,0,0,0,0,0
130190,1,1,1989,21,21,21,21,21,21,21,21,21,21
130191,1,1,1989,17,17,17,17,17,17,17,17,17,17
130192,1,1,1989,0,0,0,0,0,0,20,0,0,0
130192,2,1,1989,0,0,0,0,0,0,0,0,0,0
130193,0,1,1989,0,0,0,0,0,0,0,0,0,0
130193,1,1,1989,0,0,11,0,0,0,0,0,0,0
130193,2,1,1989,0,0,0,0,0,0,0,0,0,0
130194,1,1,1989,0,0,0,0,0,0,0,0,0,0
130195,1,1,1989,11,11,11,11,11,11,11,11,11,11
130195,2,1,1989,0,0,0,0,0,0,0,0,0,0
130195,3,1,1989,0,0,0,0,0,0,0,0,0,0
130196,0,1,1989,0,0,0,0,0,0,0,0,0,0
130196,1,1,1989,0,0,0,0,0,0,0,0,0,0
130197,1,1,1989,0,0,0,0,0,0,0,0,0,0
130197,2,1,1989,0,0,0,0,0,0,0,0,0,0
130198,0,1,1989,27,27,27,27,27,27,27,27,27,27
130198,1,1,1989,0,0,0,0,0,0,0,0,0,0
130199,0,1,1989,0,0,0,0,0,0,0,0,0,0
130199,1,1,1989,0,0,0,0,0,0,0,0,0,0
130200,1,1,1989,0,0,0,0,0,0,0,0,0,0
130200,2,1,1989,0,0,0,0,0,0,0,0,0,0
130201,1,1,1989,0,0,0,0,0,0,0,0,0,0
130201,2,1,1989,9,9,9,9,9,9,9,9,9,9
130202,1,1,1989,23,23,23,23,23,23,23,23,23,23
130202,2,1,1989,16,16,16,16,16,16,16,16,16,16
130203,1,1,1989,31,31,31,31,31,31,31,31,31,31
130203,2,1,1989,0,0,0,0,0,0,0,0,0,0
130204,1,1,1989,0,0,0,0,0,0,0,0,0,0
130204,2,1,1989,0,0,0,0,0,0,0,0,0,0
130205,1,1,1989,0,0,0,19,0,0,0,0,0,9
130206,1,1,1989,25,25,25,25,25,25,25,25,25,25
130207,1,1,1989,28,8,19,0,19,0,0,10,0,33
130207,2,1,1989,3,0,0,0,0,12,0,14,0,0
130207,3,1,1989,0,0,0,5,0,25,0,0,0,0
130208,1,1,1989,14,14,14,14,14,14,14,14,14,14
130209,1,1,1989,27,27,27,27,27,27,27,27,27,27
130209,2,1,1989,0,0,10,25,20,28,0,18,0,8
130210,1,1,1989,16,21,19,15,17,16,11,19,16,14
130211,1,1,1989,40,17,0,12,25,28,17,12,17,45
130212,1,1,1989,33,33,33,33,33,33,33,33,33,33
130213,1,1,1989,9,20,20,0,20,19,0,15,6,16
130214,0,1,1989,11,11,11,11,11,11,11,11,11,11
130214,1,1,1989,0,0,0,0,0,0,0,12,0,0
130215,1,1,1989,7,8,18,21,2,9,0,18,6,8
130216,1,1,1989,20,20,20,20,20,20,20,20,20,20
130217,0,1,1989,0,0,0,0,0,0,0,0,0,0
130217,1,1,1989,0,0,0,0,0,0,0,0,0,0
130218,1,1,1989,0,0,0,0,0,0,0,0,0,0
130218,2,1,1989,0,0,0,0,0,0,0,0,0,0
130219,1,1,1989,0,0,0,0,0,0,0,0,0,0
130219,2,1,1989,0,0,0,0,0,0,0,0,0,0
130220,1,1,1989,0,0,0,0,0,0,0,0,0,0
130220,2,1,1989,0,0,0,0,0,0,0,0,0,0
130220,3,1,1989,0,0,0,0,0,0,0,0,0,0
130221,1,1,1989,22,12,23,6,14,17,27,21,0,0
130222,1,1,1989,22,22,22,22,22,22,22,22,22,22
130222,2,1,1989,0,0,0,0,0,0,0,0,0,11
130223,1,1,1989,0,0,0,0,0,0,0,0,0,0
130223,2,1,1989,0,0,0,0,0,0,0,0,0,0
130224,1,1,1989,14,0,16,20,18,0,14,20,0,24
130226,1,1,1989,0,12,0,0,10,2,17,22,0,10
130227,1,1,1989,29,29,29,29,29,29,29,29,29,29
130228,0,1,1989,0,0,0,0,0,0,0,0,0,0
130228,1,1,1989,2,2,2,2,2,2,2,2,2,2
130229,1,1,1989,21,21,21,21,21,21,21,21,21,21
130229,2,1,1989,0,0,0,0,0,0,0,0,0,0
130230,1,1,1989,0,13,10,0,0,0,18,0,5,0
130231,1,1,1989,23,23,23,23,23,23,23,23,23,23
130232,1,1,1989,0,0,0,0,0,0,0,0,0,0
130232,2,1,1989,0,0,0,0,0,0,0,0,0,0
130233,1,1,1989,23,23,23,23,23,23,23,23,23,23
130234,1,1,1989,15,15,15,15,15,15,15,15,15,15
130235,1,1,1989,0,0,0,0,0,0,0,0,0,0
130235,2,1,1989,0,0,0,0,0,0,0,0,0,0
130236,1,1,1989,0,0,0,0,0,0,0,0,0,0
130236,2,1,1989,0,0,0,0,0,0,0,0,0,0
130237,1,1,1989,0,0,0,0,12,0,0,0,0,0
130237,2,1,1989,0,0,0,0,0,0,0,0,0,0
130237,3,1,1989,0,0,0,0,0,0,0,0,0,0
130238,1,1,1989,0,0,0,14,0,0,0,0,0,0
130238,2,1,1989,0,17,0,0,0,0,0,0,0,0
130239,1,1,1989,0,0,0,0,0,0,0,0,0,0
130240,0,1,1989,0,0,0,0,0,0,0,0,0,0
130240,1,1,1989,0,0,0,0,0,0,0,0,0,0
130241,1,1,1989,0,0,0,0,0,0,0,0,0,0
130241,2,1,1989,0,0,0,0,0,0,0,0,0,0
130242,2,1,1989,0,0,0,0,0,0,0,0,0,0
130243,1,1,1989,0,0,0,0,0,0,0,0,0,0
130243,2,1,1989,0,0,0,0,0,0,0,0,0,0
130244,1,1,1989,0,0,0,0,0,0,0,0,0,0
130245,1,1,1989,4,4,4,4,4,4,4,4,4,4
130245,2,1,1989,0,0,0,0,0,0,0,0,0,0
130246,1,1,1989,0,6,0,0,0,0,0,0,0,0
130246,2,1,1989,0,0,0,0,0,0,0,0,0,0
130246,3,1,1989,0,0,0,0,0,0,0,0,0,0
130248,1,1,1989,7,7,7,7,7,7,7,7,7,7
130249,1,1,1989,0,0,0,0,0,0,0,0,0,0
130249,2,1,1989,0,0,0,0,0,0,0,0,0,0
130249,3,1,1989,0,0,0,0,0,0,0,0,0,0
130250,1,1,1989,9,23,19,20,16,10,13,18,13,0
130251,1,1,1989,20,4,0,26,20,9,11,28,0,7
130252,1,1,1989,25,25,25,25,25,25,25,25,25,25
130253,1,1,1989,0,0,0,13,0,0,9,0,0,0
130254,1,1,1989,13,13,13,13,13,13,13,13,13,13
130254,2,1,1989,0,0,0,0,0,0,0,0,0,0
130255,1,1,1989,17,17,17,17,17,17,17,17,17,17
130256,1,1,1989,19,0,0,0,0,0,0,0,0,20
130257,1,1,1989,0,0,0,0,0,0,0,0,0,0
130257,2,1,1989,0,0,0,0,0,12,0,0,0,0
130258,1,1,1989,0,0,19,0,0,0,0,26,0,0
130258,2,1,1989,0,0,0,0,0,0,0,0,0,0
130259,1,1,1989,0,0,0,0,0,0,0,0,0,0
130260,1,1,1989,0,0,0,0,0,0,0,0,0,0
130261,1,1,1989,0,0,0,0,0,0,0,0,0,0
130261,2,1,1989,0,0,0,0,0,0,0,0,0,0
130263,1,1,1989,0,0,0,0,0,0,0,0,0,0
130264,1,1,1989,29,29,29,29,29,29,29,29,29,29
130265,0,1,1989,0,0,0,0,0,0,0,9,0,0
130265,1,1,1989,0,0,0,0,0,0,0,0,0,0
130266,1,1,1989,11,11,11,11,11,11,11,11,11,11
130267,1,1,1989,0,0,0,0,0,0,0,0,0,28
130268,1,1,1989,0,0,0,0,0,0,0,0,0,0
130268,2,1,1989,0,0,0,0,0,0,0,0,0,0
130269,1,1,1989,0,0,0,0,0,0,0,0,0,0
130269,2,1,1989,0,0,0,0,0,0,0,0,0,19
130270,1,1,1989,6,23,22,8,15,21,15,28,21,33
130270,2,1,1989,0,0,0,0,0,0,0,0,0,0
130271,1,1,1989,8,8,8,8,8,8,8,8,8,8
130272,1,1,1989,0,0,0,0,0,0,0,0,17,0
130272,2,1,1989,0,0,0,0,0,0,0,0,0,0
130273,1,1,1989,0,0,0,0,0,0,0,0,0,0
130273,2,1,1989,0,0,0,0,0,0,0,0,0,0
130274,1,1,1989,0,0,0,0,0,0,0,0,0,0
130274,2,1,1989,0,0,0,0,0,0,0,0,0,0
130276,1,1,1989,0,0,0,0,0,0,0,0,0,0
130277,1,1,1989,30,30,30,30,30,30,30,30,30,30
130278,1,1,1989,0,0,0,0,0,0,0,0,0,0
130279,1,1,1989,0,0,0,0,0,0,0,0,0,0
130279,2,1,1989,0,0,0,7,0,0,0,0,0,0
130280,1,1,1989,0,0,0,0,0,0,0,0,0,0
130281,1,1,1989,0,0,0,0,0,0,0,0,0,0
130281,2,1,1989,0,0,0,0,0,0,0,0,0,0
130282,1,1,1989,0,0,0,0,0,0,0,0,0,0
130282,2,1,1989,0,0,0,0,0,0,0,0,0,0
130283,1,1,1989,0,0,0,0,0,0,0,0,0,0
130283,2,1,1989,0,17,0,0,22,0,0,21,11,0
130284,0,1,1989,0,0,17,0,0,0,0,0,0,0
130284,0,2,1989,0,0,0,0,0,0,0,0,0,0
130284,1,1,1989,0,0,0,0,0,0,0,0,0,0
130285,1,1,1989,0,0,0,0,0,0,0,0,0,0
130285,2,1,1989,0,0,0,0,0,0,0,0,0,0
130286,1,1,1989,14,14,14,14,14,14,14,14,14,14
130286,2,1,1989,0,17,0,0,0,0,0,0,0,0
130287,1,1,1989,0,0,0,0,0,0,0,0,0,0
130287,2,1,1989,0,0,0,0,0,0,0,0,0,0
130288,1,1,1989,32,32,32,32,32,32,32,32,32,32
130289,0,1,1989,21,21,21,21,21,21,21,21,21,21
130289,1,1,1989,0,0,10,0,0,0,0,0,0,0
130290,1,1,1989,13,13,13,13,13,13,13,13,13,13
130291,1,1,1989,0,0,0,0,0,0,0,0,0,0
130291,2,1,1989,0,0,0,0,0,0,0,0,0,0
130292,1,1,1989,0,0,0,0,0,0,0,0,0,0
130292,2,1,1989,0,0,0,0,0,0,0,0,0,0
130294,1,1,1989,7,7,7,7,7,7,7,7,7,7
130295,1,1,1989,0,21,0,0,0,0,0,0,0,0
130295,2,1,1989,0,0,0,0,0,0,0,0,0,0
130296,1,1,1989,0,0,0,0,0,0,0,12,0,0
130296,2,1,1989,0,0,0,0,0,0,0,0,0,0
130298,0,1,1989,0,0,0,0,0,0,0,0,0,0
130298,1,1,1989,0,0,0,0,0,0,0,0,0,16
130299,1,1,1989,21,21,21,21,21,21,21,21,21,21
130300,1,1,1989,0,0,0,0,0,0,0,0,0,0
130300,2,1,1989,4,4,4,4,4,4,4,4,4,4
130301,0,1,1989,6,6,6,6,6,6,6,6,6,6
130301,1,1,1989,9,14,20,26,11,9,0,8,17,0
130302,1,1,1989,0,0,0,0,0,0,0,0,0,0
130303,1,1,1989,0,0,0,0,0,0,0,0,0,0
130304,1,1,1989,0,0,0,0,0,17,0,0,2,0
130304,2,1,1989,0,0,0,0,0,0,0,0,0,0
130305,1,1,1989,18,18,18,18,18,18,18,18,18,18
130306,1,1,1989,0,0,0,0,0,0,0,0,0,0
130306,2,1,1989,0,0,0,0,0,0,0,0,0,17
130307,1,1,1989,0,0,0,0,0,0,0,0,0,0
130307,2,1,1989,0,0,0,0,0,0,0,0,0,0
130308,1,1,1989,24,24,24,24,24,24,24,24,24,24
130308,2,1,1989,0,0,0,0,0,0,0,0,0,0
130309,1,1,1989,0,0,0,0,0,0,0,0,0,0
130310,1,1,1989,0,0,0,0,0,0,0,0,0,0
130311,1,1,1989,0,0,0,0,0,0,0,0,0,0
130311,2,1,1989,0,0,0,0,0,0,0,0,0,0
130312,0,1,1989,0,0,0,0,0,0,0,0,0,0
130312,1,1,1989,0,0,0,0,0,0,0,0,0,0
130312,2,1,1989,0,0,15,0,0,0,0,30,17,0
130312,3,1,1989,0,0,0,0,0,0,0,0,0,0
130313,1,1,1989,5,5,5,5,5,5,5,5,5,5
130313,2,1,1989,0,0,0,0,0,0,0,0,0,0
130314,1,1,1989,0,0,0,0,0,0,0,0,0,0
130314,2,1,1989,0,0,0,0,0,0,0,0,0,0
130315,1,1,1989,0,0,0,0,0,0,0,0,0,0
130316,1,1,1989,0,0,0,0,0,0,0,0,0,0
130316,2,1,1989,0,0,0,0,0,14,0,0,0,0
130317,0,1,1989,0,0,0,0,0,0,0,0,0,0
130317,1,1,1989,0,0,0,0,0,0,0,0,0,0
130317,2,1,1989,14,14,14,14,14,14,14,14,14,14
130318,1,1,1989,0,0,0,0,0,0,0,0,0,0
130318,2,1,1989,0,0,0,0,0,0,0,0,0,0
130319,1,1,1989,22,22,22,22,22,22,22,22,22,22
130320,0,1,1989,5,5,5,5,5,5,5,5,5,5
130320,1,1,1989,0,0,0,0,14,0,0,0,0,0
130321,1,1,1989,44,44,44,44,44,44,44,44,44,44
130321,2,1,1989,16,0,0,0,0,0,0,0,0,0
130322,0,1,1989,0,19,0,0,0,0,0,0,0,0
130322,1,1,1989,0,0,0,0,0,0,0,0,0,0
130323,1,1,1989,20,20,20,20,20,20,20,20,20,20
130324,0,1,1989,26,26,26,26,26,26,26,26,26,26
130324,1,1,1989,0,0,0,0,0,0,0,0,0,0
130325,1,1,1989,8,8,8,8,8,8,8,8,8,8
130326,1,1,1989,23,23,23,23,23,23,23,23,23,23
130327,1,1,1989,0,0,0,0,0,0,0,0,0,0
130327,2,1,1989,0,0,0,0,0,0,0,0,0,0
130328,1,1,1989,20,20,20,20,20,20,20,20,20,20
130329,1,1,1989,35,35,35,35,35,35,35,35,35,35
130330,1,1,1989,28,0,0,12,0,18,0,15,0,0
130330,2,1,1989,0,0,0,0,0,0,0,0,13,8
130331,1,1,1989,32,0,28,19,0,33,0,19,0,27
130332,1,1,1989,0,0,0,0,0,0,0,0,0,0
130332,2,1,1989,0,0,0,0,0,0,0,0,0,0
130333,1,1,1989,0,0,0,0,0,0,0,0,0,0
130333,2,1,1989,0,0,0,0,0,0,0,0,0,0
130334,1,1,1989,18,18,18,18,18,18,18,18,18,18
130335,1,1,1989,0,0,0,0,0,0,0,0,0,0
130335,2,1,1989,0,0,0,0,0,0,0,0,0,0
130336,0,1,1989,23,23,23,23,23,23,23,23,23,23
130336,1,1,1989,0,0,0,5,0,0,0,0,0,0
130337,0,1,1989,26,26,26,26,26,26,26,26,26,26
130337,1,1,1989,0,0,0,0,0,0,0,0,0,0
130338,1,1,1989,31,31,31,31,31,31,31,31,31,31
130339,0,1,1989,27,27,27,27,27,27,27,27,27,27
130339,1,1,1989,0,0,0,0,0,0,0,0,0,0
130340,0,1,1989,45,45,45,45,45,45,45,45,45,45
130340,1,1,1989,0,0,0,0,0,0,0,0,0,0
130341,0,1,1989,13,13,13,13,13,13,13,13,13,13
130341,0,2,1989,0,0,0,0,0,0,0,0,0,0
130341,1,1,1989,0,0,0,0,0,0,0,0,0,0
130342,0,1,1989,6,6,6,6,6,6,6,6,6,6
130342,0,2,1989,27,27,27,27,27,27,27,27,27,27
130342,1,1,1989,1,1,1,1,1,1,1,1,1,1
130342,3,1,1989,15,15,15,15,15,15,15,15,15,15
130342,4,1,1989,6,6,6,6,6,6,6,6,6,6
130343,1,1,1989,0,0,0,0,0,0,0,0,0,0
130343,2,1,1989,30,28,10,0,17,22,19,21,0,29
130344,1,1,1989,0,0,0,0,0,0,0,0,0,0
130344,2,1,1989,0,0,0,0,0,0,0,31,0,0
130345,1,1,1989,0,0,24,7,0,12,0,0,0,0
130345,2,1,1989,0,0,0,0,0,0,0,0,0,0
130346,1,1,1989,10,10,10,10,10,10,10,10,10,10
130347,1,1,1989,3,3,3,3,3,3,3,3,3,3
130347,2,1,1989,0,0,0,0,0,0,0,0,0,0
130348,1,1,1989,8,15,6,13,18,0,7,11,18,15
130349,1,1,1989,12,12,12,12,12,12,12,12,12,12
130350,1,1,1989,0,0,0,0,0,0,0,0,0,0
130350,2,1,1989,0,0,0,0,0,0,0,0,0,0
130351,1,1,1989,0,0,0,0,0,0,0,0,0,0
130351,2,1,1989,0,0,0,0,0,0,0,0,0,0
130352,1,1,1989,12,0,0,0,0,0,0,0,0,0
130352,2,1,1989,0,0,0,0,0,0,0,0,0,0
130353,1,1,1989,10,10,10,10,10,10,10,10,10,10
130354,1,1,1989,0,0,0,0,0,0,0,0,0,0
130354,2,1,1989,35,0,0,0,0,0,0,16,0,27
130354,3,1,1989,0,0,14,11,0,0,0,0,0,0
130355,1,1,1989,0,0,0,0,0,0,0,0,0,0
130355,2,1,1989,4,4,4,4,4,4,4,4,4,4
130356,1,1,1989,25,25,25,25,25,25,25,25,25,25
130356,2,1,1989,0,0,0,0,0,0,0,0,0,0
130356,3,1,1989,0,0,0,0,0,0,0,0,19,0
130357,1,1,1989,15,0,0,0,0,0,0,0,0,0
130357,2,1,1989,4,4,4,4,4,4,4,4,4,4
130358,1,1,1989,0,0,0,19,0,0,0,13,0,23
130358,2,1,1989,0,0,0,0,0,0,0,0,0,0
130358,3,1,1989,0,0,0,0,0,0,0,0,0,0
130359,1,1,1989,0,0,0,0,0,0,0,0,0,0
130359,2,1,1989,0,0,0,0,0,0,0,0,0,0
130360,1,1,1989,17,17,17,17,17,17,17,17,17,17
130360,2,1,1989,0,0,0,0,0,0,0,0,0,0
130360,3,1,1989,0,0,0,0,0,0,0,0,0,0
130361,0,1,1989,0,0,0,0,0,0,0,0,0,0
130361,0,2,1989,0,27,0,0,10,14,12,0,19,0
130361,1,1,1989,13,13,13,13,13,13,13,13,13,13
130362,1,1,1989,14,14,14,14,14,14,14,14,14,14
130363,1,1,1989,0,0,10,20,7,8,5,16,5,11
130364,1,1,1989,0,0,0,0,0,0,0,0,0,0
130364,2,1,1989,0,0,0,0,0,0,0,0,0,0
130364,3,1,1989,19,0,0,0,0,0,0,0,0,0
130365,1,1,1989,0,0,0,0,0,0,22,0,13,0
130365,2,1,1989,0,0,0,0,0,0,0,0,0,0
130366,1,1,1989,24,0,0,0,24,26,13,0,33,0
130367,1,1,1989,0,0,0,0,0,0,0,0,0,0
130368,1,1,1989,0,0,0,6,0,11,0,0,0,0
130368,2,1,1989,0,0,20,14,0,0,0,0,0,19
130369,1,1,1989,0,0,0,0,0,0,0,0,0,0
130369,2,1,1989,0,0,0,0,0,0,0,0,0,0
130370,1,1,1989,0,0,0,0,0,0,0,0,0,0
130371,1,1,1989,21,21,21,21,21,21,21,21,21,21
130371,2,1,1989,0,0,0,0,0,0,0,0,0,0
130372,1,1,1989,0,0,0,0,0,0,0,0,0,0
130373,1,1,1989,0,0,0,0,0,0,0,0,0,0
130373,2,1,1989,0,0,0,0,0,5,0,0,0,0
130374,1,1,1989,0,0,0,0,0,0,0,0,0,0
130376,1,1,1989,15,16,17,17,15,15,8,28,22,23
130377,1,1,1989,27,27,27,27,27,27,27,27,27,27
130378,1,1,1989,9,0,0,0,0,0,0,0,0,0
130378,2,1,1989,0,0,0,0,0,0,0,0,5,0
130379,1,1,1989,0,0,0,0,19,0,0,0,0,0
130379,2,1,1989,0,0,0,0,0,6,9,19,0,0
130380,1,1,1989,0,0,0,0,0,0,0,0,0,0
130380,2,1,1989,0,0,0,0,0,0,0,0,0,0
130381,1,1,1989,2,2,2,2,2,2,2,2,2,2
130382,1,1,1989,34,34,34,34,34,34,34,34,34,34
130383,1,1,1989,17,17,17,17,17,17,17,17,17,17
130383,2,1,1989,25,0,0,0,0,0,11,6,0,0
130383,3,1,1989,0,0,0,8,0,0,0,0,0,0
130384,1,1,1989,24,24,24,24,24,24,24,24,24,24
130384,2,1,1989,0,0,0,0,0,0,0,0,0,0
130385,1,1,1989,28,28,28,28,28,28,28,28,28,28
130385,2,1,1989,19,0,0,0,0,0,0,18,0,0
130386,1,1,1989,21,21,21,21,21,21,21,21,21,21
130386,2,1,1989,0,0,0,0,0,9,0,0,0,0
130387,1,1,1989,0,0,0,0,0,0,0,0,0,0
130388,1,1,1989,0,0,0,0,0,0,0,0,0,0
130388,2,1,1989,0,0,0,0,0,0,0,0,0,0
130389,0,1,1989,0,0,0,0,0,0,0,0,0,0
130389,1,1,1989,0,0,0,0,0,0,0,0,0,0
130390,1,1,1989,0,0,0,0,0,0,0,0,0,0
130390,2,1,1989,0,0,0,0,0,0,0,0,0,0
130391,0,1,1989,34,34,34,34,34,34,34,34,34,34
130391,1,1,1989,0,0,0,0,0,0,0,0,0,0
130392,0,1,1989,0,0,0,0,0,0,0,0,0,0
130392,1,1,1989,0,0,0,17,0,0,0,0,0,0
130393,1,1,1989,19,19,19,19,19,19,19,19,19,19
130394,0,1,1989,31,31,31,31,31,31,31,31,31,31
130394,1,1,1989,6,6,0,0,0,0,0,0,0,0
130395,1,1,1989,19,19,19,19,19,19,19,19,19,19
130396,1,1,1989,0,0,0,0,0,0,0,0,0,0
130396,2,1,1989,0,0,0,0,0,0,0,0,0,0
130397,1,1,1989,0,0,0,0,0,0,0,0,0,0
130397,2,1,1989,0,0,0,0,0,0,0,0,0,0
130397,3,1,1989,0,0,0,0,0,0,0,0,0,0
130398,0,1,1989,0,0,0,0,0,0,0,0,0,0
130398,1,1,1989,0,0,0,0,0,0,0,0,0,0
130400,1,1,1989,3,0,11,7,14,20,10,9,11,34
130400,2,1,1989,0,0,0,0,0,0,0,0,20,0
130401,0,1,1989,31,31,31,31,31,31,31,31,31,31
130401,1,1,1989,5,5,5,5,5,5,5,5,5,5
130402,1,1,1989,0,0,0,0,0,0,0,0,0,0
130402,2,1,1989,0,0,0,0,0,0,0,0,0,0
130403,1,1,1989,15,0,23,19,0,15,13,28,15,28
130404,1,1,1989,0,0,0,0,0,0,0,0,0,0
130404,2,1,1989,0,0,0,0,0,0,0,0,0,0
130404,3,1,1989,0,9,8,0,0,0,0,0,0,0
130405,1,1,1989,31,31,31,31,31,31,31,31,31,31
130406,1,1,1989,20,32,35,33,15,28,9,24,25,18
130407,1,1,1989,20,20,20,20,20,20,20,20,20,20
130408,1,1,1989,0,0,0,0,0,0,0,0,0,0
130408,2,1,1989,0,0,0,0,0,0,0,0,0,0
130409,1,1,1989,21,21,21,21,21,21,21,21,21,21
130409,2,1,1989,0,0,0,0,0,0,0,0,0,0
130410,1,1,1989,0,0,0,0,0,0,0,0,0,0
130411,1,1,1989,0,0,0,0,0,0,0,0,0,0
130411,2,1,1989,0,0,0,0,0,0,0,0,0,0
130412,1,1,1989,38,11,13,19,0,21,10,12,18,32
130412,2,1,1989,0,0,0,0,0,0,0,0,0,0
130413,0,1,1989,0,0,0,0,0,0,0,0,0,0
130413,1,1,1989,0,0,0,0,0,0,0,0,0,0
130414,1,1,1989,0,13,0,0,0,9,0,18,0,0
130414,2,1,1989,16,16,16,16,16,16,16,16,16,16
130415,1,1,1989,11,11,11,11,11,11,11,11,11,11
130416,1,1,1989,0,0,0,0,0,0,0,0,0,0
130416,2,1,1989,0,0,0,0,0,0,0,0,0,0
130417,1,1,1989,0,0,0,0,0,0,0,0,0,0
130417,2,1,1989,0,0,0,0,0,0,0,0,0,0
130418,1,1,1989,0,0,0,0,0,0,0,0,0,0
130418,2,1,1989,0,0,0,0,0,0,0,0,0,0
130419,1,1,1989,13,13,13,13,13,13,13,13,13,13
130419,2,1,1989,0,0,0,0,0,0,0,0,9,0
130420,0,1,1989,0,0,0,0,0,0,0,0,0,0
130420,1,1,1989,13,13,13,13,13,13,13,13,13,13
130421,1,1,1989,20,20,20,20,20,20,20,20,20,20
130422,1,1,1989,13,13,13,13,13,13,13,13,13,13
130423,1,1,1989,0,0,0,0,0,0,0,0,0,0
130424,1,1,1989,34,34,34,34,34,34,34,34,34,34
130425,1,1,1989,27,27,27,27,27,27,27,27,27,27
130426,1,1,1989,0,0,0,0,0,0,0,0,0,0
130426,2,1,1989,18,0,0,0,0,0,0,0,0,0
130427,1,1,1989,13,13,13,13,13,13,13,13,13,13
130428,1,1,1989,16,16,16,16,16,16,16,16,16,16
130429,1,1,1989,0,0,0,0,0,0,0,0,0,0
130430,1,1,1989,26,26,26,26,26,26,26,26,26,26
130431,0,1,1989,23,23,23,23,23,23,23,23,23,23
130431,1,1,1989,14,0,2,0,0,0,0,0,0,11
130432,0,1,1989,0,19,0,20,0,22,0,7,0,11
130432,1,1,1989,0,0,0,0,0,0,0,0,0,0
130433,1,1,1989,30,30,30,30,30,30,30,30,30,30
130434,0,1,1989,26,26,26,26,26,26,26,26,26,26
130434,1,1,1989,0,0,0,0,0,0,0,10,0,0
130435,1,1,1989,25,25,25,25,25,25,25,25,25,25
130435,2,1,1989,0,0,0,0,0,0,0,0,0,0
130435,3,1,1989,0,0,0,0,0,0,0,0,0,0
130435,4,1,1989,0,0,0,0,0,0,0,0,0,0
130436,1,1,1989,0,0,0,0,0,0,0,0,0,0
130436,2,1,1989,0,0,0,0,0,0,0,0,0,0
130437,1,1,1989,0,0,0,0,0,0,0,0,0,0
130438,1,1,1989,5,5,5,5,5,5,5,5,5,5
130439,1,1,1989,0,0,0,0,0,0,0,0,0,0
130440,1,1,1989,20,0,23,13,0,15,24,25,20,0
130440,2,1,1989,0,0,0,0,0,0,0,0,0,0
130441,1,1,1989,4,4,4,4,4,4,4,4,4,4
130442,1,1,1989,0,0,0,0,0,0,0,0,0,0
130442,2,1,1989,0,0,0,0,0,0,0,0,0,0
130442,3,1,1989,0,0,0,0,0,0,0,0,0,0
130443,1,1,1989,0,0,0,0,0,0,0,0,0,0
130443,2,1,1989,0,0,0,0,0,0,0,0,0,0
130444,0,1,1989,0,0,0,0,0,0,24,0,0,0
130444,1,1,1989,2,0,0,0,0,0,0,0,0,0
130445,1,1,1989,0,0,0,0,0,0,0,0,0,0
130445,2,1,1989,0,0,0,0,0,0,0,0,0,0
130446,1,1,1989,0,0,0,0,0,0,0,0,0,0
130446,2,1,1989,0,0,0,0,0,0,0,0,0,0
130447,1,1,1989,0,0,0,0,0,0,0,0,0,0
130447,2,1,1989,0,0,0,0,0,0,0,0,0,0
130448,1,1,1989,0,0,0,0,0,0,0,0,0,0
130448,2,1,1989,0,0,0,0,0,0,0,0,0,0
130449,1,1,1989,0,0,0,0,0,0,0,0,0,0
130449,2,1,1989,0,0,0,0,0,0,0,0,0,0
130450,1,1,1989,10,10,10,10,10,10,10,10,10,10
130450,2,1,1989,0,0,0,0,0,0,0,0,0,0
130451,1,1,1989,13,13,13,13,13,13,13,13,13,13
130451,2,1,1989,0,0,0,0,0,0,0,0,0,0
130451,3,1,1989,0,0,0,0,0,0,0,0,0,0