ST_CASE,VEH_NO,PER_NO,YEAR,P1,P2,P3,P4,P5,P6,P7,P8,P9,P10
130745,1,1,1989,3,3,3,3,3,3,3,3,3,3
130745,2,1,1989,0,0,0,0,0,0,0,0,0,0
130746,1,1,1989,23,23,23,23,23,23,23,23,23,23
130746,2,1,1989,0,0,0,0,0,0,0,0,0,0
130748,1,1,1989,0,0,0,0,0,0,0,0,0,0
130749,1,1,1989,11,11,11,11,11,11,11,11,11,11
130749,2,1,1989,0,0,0,0,0,8,20,0,19,0
130750,1,1,1989,0,0,0,0,0,0,0,0,0,0
130751,1,1,1989,9,9,9,9,9,9,9,9,9,9
130752,1,1,1989,0,0,0,0,0,0,0,0,0,0
130752,2,1,1989,0,0,0,0,0,0,0,0,0,0
130753,1,1,1989,0,0,12,0,0,10,0,11,24,0
130754,1,1,1989,0,0,0,0,0,0,0,0,0,0
130754,2,1,1989,0,0,0,0,0,0,0,0,12,0
130755,1,1,1989,32,32,32,32,32,32,32,32,32,32
130756,1,1,1989,0,0,0,0,0,0,0,0,0,0
130756,2,1,1989,0,0,0,0,0,0,0,0,0,0
130757,1,1,1989,22,22,22,22,22,22,22,22,22,22
130758,1,1,1989,0,0,0,0,0,0,0,0,0,0
130759,1,1,1989,10,10,10,10,10,10,10,10,10,10
130759,2,1,1989,0,0,0,0,0,0,0,0,0,0
130760,1,1,1989,0,0,0,0,0,0,0,0,0,0
130760,2,1,1989,0,0,0,0,0,0,0,0,14,0
130761,0,1,1989,0,0,0,0,0,0,0,0,0,0
130761,1,1,1989,0,0,0,0,0,0,0,0,0,0
130762,1,1,1989,36,36,36,36,36,36,36,36,36,36
130762,2,1,1989,0,0,20,0,25,0,0,0,0,0
130762,3,1,1989,0,0,0,0,0,0,9,0,0,0
130763,1,1,1989,0,0,0,0,0,0,0,0,0,0
130764,1,1,1989,5,5,5,5,5,5,5,5,5,5
130764,2,1,1989,0,0,0,0,0,0,0,0,0,0
130765,1,1,1989,0,12,0,0,0,0,0,0,0,0
130766,1,1,1989,0,0,0,0,0,0,0,0,0,0
130766,2,1,1989,0,0,0,0,0,0,0,0,0,0
130767,1,1,1989,22,22,22,22,22,22,22,22,22,22
130768,1,1,1989,0,0,0,0,0,0,0,0,0,12
130768,2,1,1989,0,0,0,0,0,0,0,0,0,0
130769,1,1,1989,5,5,5,5,5,5,5,5,5,5
130770,0,1,1989,24,27,0,21,0,0,34,0,0,0
130770,1,1,1989,0,0,0,0,0,0,0,0,0,0
130770,2,1,1989,0,13,0,0,0,0,0,14,0,0
130771,1,1,1989,8,8,8,8,8,8,8,8,8,8
130771,2,1,1989,0,0,0,0,0,0,8,13,28,0
130772,1,1,1989,0,0,0,0,0,0,0,0,0,0
130772,2,1,1989,5,0,0,0,0,0,0,0,0,0
130773,1,1,1989,0,0,0,0,0,0,0,0,0,0
130773,2,1,1989,0,0,0,0,0,0,0,0,0,0
130774,1,1,1989,0,0,0,0,0,0,0,0,0,0
130775,0,1,1989,9,9,9,9,9,9,9,9,9,9
130775,1,1,1989,0,0,0,0,0,0,0,0,0,0
130776,1,1,1989,0,0,0,0,0,0,0,0,0,0
130777,1,1,1989,0,0,0,0,0,0,0,0,0,0
130778,1,1,1989,12,12,12,12,12,12,12,12,12,12
130779,1,1,1989,17,0,0,22,22,6,11,8,12,7
130780,0,1,1989,0,0,0,0,0,0,0,0,0,0
130780,1,1,1989,0,0,0,0,0,0,0,0,0,0
130781,1,1,1989,14,14,14,14,14,14,14,14,14,14
130782,0,1,1989,0,0,0,0,0,0,0,0,0,0
130782,1,1,1989,0,0,0,0,0,0,0,0,0,0
130783,1,1,1989,0,0,0,0,0,0,0,0,0,0
130783,2,1,1989,0,0,0,0,0,0,0,0,0,0
130784,0,1,1989,0,32,18,0,15,0,24,36,16,21
130784,1,1,1989,0,0,0,0,0,0,0,0,0,0
130785,1,1,1989,0,0,0,0,0,0,0,0,0,0
130785,2,1,1989,0,0,0,0,0,0,0,0,0,0
130786,1,1,1989,3,0,0,0,0,17,0,0,0,0
130787,1,1,1989,0,0,0,0,0,0,0,0,0,0
130788,0,1,1989,0,13,8,0,0,24,13,0,0,0
130788,0,2,1989,16,15,10,10,23,11,14,17,6,0
130788,1,1,1989,17,19,26,38,10,0,0,0,0,0
130789,1,1,1989,34,34,34,34,34,34,34,34,34,34
130790,1,1,1989,23,23,23,23,23,23,23,23,23,23
130790,2,1,1989,0,0,0,0,0,0,0,0,0,0
130790,3,1,1989,0,0,0,0,0,0,0,0,0,0
130791,1,1,1989,10,8,18,0,22,17,11,0,0,13
130792,1,1,1989,14,14,14,14,14,14,14,14,14,14
130793,1,1,1989,0,0,0,0,0,0,0,0,0,0
130793,2,1,1989,0,0,0,0,0,0,0,0,0,0
130794,0,1,1989,0,0,0,0,0,0,0,0,0,0
130794,1,1,1989,18,18,18,18,18,18,18,18,18,18
130794,2,1,1989,0,0,0,0,0,0,15,0,0,0
130795,1,1,1989,0,0,0,0,0,0,0,0,0,0
130795,2,1,1989,0,0,0,0,0,0,0,0,0,0
130796,1,1,1989,17,17,17,17,17,17,17,17,17,17
130797,1,1,1989,0,0,0,0,0,0,0,0,0,0
130797,2,1,1989,0,0,0,0,0,0,0,48,0,0
130797,3,1,1989,0,0,0,0,0,0,0,0,0,0
130797,4,1,1989,0,0,0,0,0,0,0,0,0,0
130798,1,1,1989,0,0,0,0,0,0,0,0,0,0
130798,2,1,1989,0,0,0,0,0,0,0,0,0,0
130799,0,1,1989,0,0,0,0,0,0,0,0,0,0
130799,1,1,1989,0,0,0,0,0,0,0,0,0,0
130800,1,1,1989,0,0,0,14,18,0,30,0,0,0
130801,1,1,1989,0,0,0,0,0,0,0,0,0,0
130802,1,1,1989,18,0,10,0,0,12,21,10,25,17
130803,1,1,1989,11,11,11,11,11,11,11,11,11,11
130804,1,1,1989,0,0,0,0,0,0,0,0,0,0
130805,1,1,1989,14,14,14,14,14,14,14,14,14,14
130805,2,1,1989,31,31,31,31,31,31,31,31,31,31
130806,1,1,1989,0,0,0,0,0,0,0,0,0,0
130807,1,1,1989,0,0,0,0,0,0,0,0,0,0
130808,1,1,1989,0,0,13,0,0,0,0,6,10,0
130809,1,1,1989,0,9,0,0,0,0,12,8,12,9
130810,1,1,1989,17,17,17,17,17,17,17,17,17,17
130811,1,1,1989,24,24,24,24,24,24,24,24,24,24
130811,2,1,1989,0,0,0,0,0,0,0,0,7,0
130812,1,1,1989,10,10,10,10,10,10,10,10,10,10
130813,1,1,1989,0,0,0,0,0,0,0,0,0,0
130814,1,1,1989,28,28,28,28,28,28,28,28,28,28
130815,1,1,1989,0,0,0,0,0,0,0,0,0,0
130816,1,1,1989,0,0,0,0,0,0,0,0,0,0
130816,2,1,1989,0,0,0,0,0,0,0,0,0,0
130817,1,1,1989,0,0,0,0,0,0,0,0,0,0
130817,2,1,1989,0,0,0,0,10,0,0,0,0,0
130818,1,1,1989,0,0,0,0,0,0,0,0,0,0
130818,2,1,1989,0,0,0,0,0,0,0,0,0,0
130819,1,1,1989,0,0,0,0,0,0,0,0,0,0
130820,1,1,1989,0,12,14,0,0,0,0,13,11,0
130821,0,1,1989,0,0,0,0,0,0,0,0,0,0
130821,1,1,1989,0,0,0,0,0,0,0,13,0,0
130822,1,1,1989,0,0,0,0,0,0,0,0,0,0
130823,0,1,1989,13,13,13,13,13,13,13,13,13,13
130823,1,1,1989,0,0,0,0,0,0,0,0,0,0
130824,1,1,1989,5,5,5,5,5,5,5,5,5,5
130825,0,1,1989,0,0,0,0,0,0,0,0,0,0
130825,1,1,1989,0,0,0,0,0,0,0,0,0,0
130826,1,1,1989,4,4,4,4,4,4,4,4,4,4
130827,1,1,1989,0,0,0,0,0,0,0,0,0,0
130827,2,1,1989,0,0,0,0,0,0,0,0,0,0
130828,0,1,1989,0,0,0,0,18,0,0,0,0,0
130828,0,2,1989,0,0,0,0,0,0,0,0,0,0
130828,0,3,1989,0,0,0,0,0,0,0,0,0,0
130828,1,1,1989,0,0,0,25,0,0,0,0,0,0
130829,1,1,1989,0,0,0,0,0,0,0,0,0,0
130830,0,1,1989,33,33,33,33,33,33,33,33,33,33
130830,1,1,1989,0,32,6,0,3,24,0,0,0,22
130831,1,1,1989,0,0,0,0,0,0,0,0,0,0
130832,1,1,1989,0,0,0,0,0,0,0,0,0,0
130833,1,1,1989,0,0,0,0,0,0,0,0,0,0
130833,2,1,1989,0,0,0,0,0,0,0,0,0,0
130834,1,1,1989,0,0,0,0,0,0,0,0,0,0
130834,2,1,1989,0,0,0,0,0,0,0,0,0,0
130836,0,1,1989,30,30,30,30,30,30,30,30,30,30
130836,1,1,1989,0,0,0,0,0,0,0,0,0,0
130837,0,1,1989,0,0,0,0,0,0,0,0,0,0
130837,1,1,1989,0,0,0,0,0,0,0,0,0,0
130838,1,1,1989,12,12,12,12,12,12,12,12,12,12
130840,0,1,1989,0,0,0,0,0,0,0,0,0,0
130840,1,1,1989,0,0,0,0,0,0,0,0,0,0
130841,1,1,1989,0,0,0,0,0,0,0,0,0,0
130842,1,1,1989,20,37,23,12,20,29,4,6,16,31
130843,1,1,1989,16,16,16,16,16,16,16,16,16,16
130844,1,1,1989,13,30,25,3,12,7,10,12,16,23
130844,2,1,1989,0,0,0,41,0,0,0,0,0,31
130845,1,1,1989,0,0,0,0,0,0,0,0,0,0
130846,1,1,1989,26,26,26,26,26,26,26,26,26,26
130847,1,1,1989,0,0,0,0,0,0,0,0,0,0
130847,2,1,1989,0,0,0,0,0,0,0,0,0,0
130848,0,1,1989,0,0,0,0,0,0,0,0,7,0
130848,1,1,1989,0,0,8,0,0,0,0,0,0,0
130849,1,1,1989,0,0,0,0,0,4,0,0,0,0
130849,2,1,1989,0,0,0,0,0,0,0,0,0,0
130850,0,1,1989,0,0,0,0,0,0,0,0,0,0
130850,1,1,1989,0,0,0,0,0,0,0,0,0,0
130851,1,1,1989,0,0,0,0,0,0,0,0,0,0
130851,2,1,1989,0,0,0,0,0,0,0,0,0,0
130852,1,1,1989,0,0,0,0,0,0,0,0,0,0
130852,2,1,1989,0,0,0,0,0,0,0,0,0,0
130853,1,1,1989,26,26,26,26,26,26,26,26,26,26
130854,1,1,1989,0,0,4,0,14,0,0,0,0,0
130855,1,1,1989,4,4,4,4,4,4,4,4,4,4
130856,1,1,1989,0,0,0,0,0,0,0,0,0,0
130856,2,1,1989,0,0,0,0,0,0,0,0,0,0
130857,1,1,1989,0,0,0,0,0,0,0,0,0,0
130857,2,1,1989,0,0,0,0,0,0,0,0,0,0
130857,3,1,1989,0,0,0,0,0,0,0,0,0,0
130859,1,1,1989,33,33,33,33,33,33,33,33,33,33
130860,1,1,1989,6,6,6,6,6,6,6,6,6,6
130860,2,1,1989,0,0,0,14,0,0,11,0,0,4
130861,0,1,1989,0,0,0,0,0,0,0,0,0,0
130861,1,1,1989,0,0,0,0,0,0,0,0,0,0
130862,1,1,1989,17,4,13,11,16,13,13,7,7,11
130862,2,1,1989,0,0,0,0,0,0,0,0,0,0
130863,1,1,1989,15,15,15,15,15,15,15,15,15,15
130864,1,1,1989,0,0,0,0,0,0,0,0,0,0
130864,2,1,1989,0,0,0,0,0,0,0,0,0,0
130865,1,1,1989,18,18,18,18,18,18,18,18,18,18
130866,1,1,1989,0,0,0,0,0,0,0,0,0,0
130866,2,1,1989,0,0,0,0,0,0,0,0,0,0
130867,1,1,1989,0,0,0,0,0,0,0,0,0,0
130867,2,1,1989,0,0,0,0,0,0,0,0,0,0
130868,1,1,1989,0,14,0,0,0,0,0,0,0,0
130869,1,1,1989,0,0,0,0,0,0,0,0,0,0
130869,2,1,1989,0,0,0,0,0,0,0,0,0,0
130870,0,1,1989,0,0,0,0,0,0,0,0,0,0
130870,1,1,1989,16,16,16,16,16,16,16,16,16,16
130871,0,1,1989,0,0,0,0,0,0,0,0,0,0
130871,1,1,1989,0,0,0,0,0,0,0,0,0,0
130872,1,1,1989,0,0,0,0,0,0,0,0,0,0
130873,1,1,1989,0,0,0,0,0,0,0,0,0,0
130874,1,1,1989,24,24,24,24,24,24,24,24,24,24
130875,1,1,1989,0,0,0,0,0,0,0,0,0,0
130876,1,1,1989,0,0,13,0,0,0,0,0,0,0
130876,2,1,1989,12,12,12,12,12,12,12,12,12,12
130877,1,1,1989,0,0,0,0,0,0,0,0,0,0
130877,2,1,1989,0,0,0,0,0,0,0,0,0,0
130878,1,1,1989,24,24,24,24,24,24,24,24,24,24
130879,1,1,1989,1,1,1,1,1,1,1,1,1,1
130880,1,1,1989,0,0,0,0,0,0,0,0,0,0
130881,1,1,1989,14,14,14,14,14,14,14,14,14,14
130882,1,1,1989,0,0,0,0,0,0,0,0,0,0
130882,2,1,1989,0,0,0,5,0,0,25,0,12,0
130882,3,1,1989,0,0,0,0,0,0,0,0,0,0
130883,1,1,1989,15,9,11,4,0,6,16,15,7,11
130884,1,1,1989,0,0,0,0,0,0,0,0,0,0
130884,2,1,1989,10,10,10,10,10,10,10,10,10,10
130885,1,1,1989,0,0,0,0,0,0,0,0,0,0
130886,1,1,1989,10,10,17,8,14,0,23,0,8,6
130887,1,1,1989,14,14,14,14,14,14,14,14,14,14
130888,1,1,1989,20,20,20,20,20,20,20,20,20,20
130889,1,1,1989,0,0,0,0,0,0,0,0,0,0
130890,1,1,1989,12,11,16,25,13,18,8,22,19,7
130891,0,1,1989,36,36,36,36,36,36,36,36,36,36
130891,1,1,1989,0,0,0,0,0,0,0,0,0,0
130892,0,1,1989,0,0,0,0,0,0,0,0,0,0
130892,1,1,1989,0,0,0,0,0,0,0,23,0,12
130893,1,1,1989,34,34,34,34,34,34,34,34,34,34
130894,1,1,1989,26,26,26,26,26,26,26,26,26,26
130895,0,1,1989,16,16,16,16,16,16,16,16,16,16
130895,1,1,1989,0,0,0,0,0,0,0,0,0,0
130896,1,1,1989,0,0,0,0,0,0,0,0,0,0
130897,1,1,1989,0,19,0,0,9,0,0,0,0,0
130897,2,1,1989,3,3,3,3,3,3,3,3,3,3
130898,1,1,1989,12,12,12,12,12,12,12,12,12,12
130898,2,1,1989,0,0,0,0,0,0,0,0,0,0
130899,1,1,1989,0,0,0,0,0,11,0,13,0,0
130900,1,1,1989,12,0,0,26,29,0,24,0,27,0
130901,1,1,1989,20,0,14,16,16,8,19,21,16,14
130902,1,1,1989,17,17,17,17,17,17,17,17,17,17
130902,2,1,1989,0,0,0,0,0,0,0,0,0,0
130902,3,1,1989,0,0,0,0,0,0,0,0,0,0
130903,1,1,1989,0,0,0,0,0,0,0,0,14,0
130904,0,1,1989,0,0,0,0,0,0,0,0,0,0
130904,1,1,1989,0,0,0,0,0,0,0,0,0,0
130905,1,1,1989,0,0,0,0,0,0,0,0,0,0
130905,2,1,1989,0,0,0,0,0,0,0,0,0,0
130906,1,1,1989,0,0,0,0,0,0,0,0,0,0
130907,0,1,1989,0,0,0,0,0,0,0,0,0,0
130907,1,1,1989,0,0,0,0,0,0,0,0,0,0
130908,1,1,1989,35,35,35,35,35,35,35,35,35,35
130909,1,1,1989,0,0,0,0,0,0,0,0,0,0
130910,1,1,1989,0,0,0,0,0,0,0,0,0,0
130911,1,1,1989,0,0,0,0,0,0,0,0,0,0
130911,2,1,1989,0,0,0,0,0,0,0,0,0,0
130912,1,1,1989,24,24,24,24,24,24,24,24,24,24
130913,1,1,1989,0,0,0,0,0,0,0,0,0,0
130913,2,1,1989,0,0,0,0,0,0,0,0,0,0
130913,3,1,1989,0,0,16,0,0,19,0,0,0,0
130913,4,1,1989,0,7,0,0,0,0,0,0,0,0
130913,5,1,1989,0,0,0,0,0,0,0,0,0,0
130914,1,1,1989,14,14,14,14,14,14,14,14,14,14
130915,1,1,1989,0,0,0,14,0,0,0,0,0,0
130916,1,1,1989,0,0,0,0,0,0,0,0,0,0
130917,1,1,1989,0,0,0,0,0,0,0,0,0,0
130917,2,1,1989,30,30,30,30,30,30,30,30,30,30
130918,1,1,1989,0,0,0,0,0,0,0,0,0,0
130919,1,1,1989,0,0,0,0,0,0,0,0,0,0
130919,2,1,1989,0,0,0,0,0,0,0,0,0,0
130920,1,1,1989,34,34,34,34,34,34,34,34,34,34
130920,2,1,1989,0,0,12,29,0,0,0,0,0,0
130921,1,1,1989,0,0,0,0,0,0,0,0,0,0
130922,0,1,1989,8,23,23,0,20,13,0,28,15,11
130922,1,1,1989,0,0,0,0,0,0,0,0,0,0
130923,1,1,1989,11,11,11,11,11,11,11,11,11,11
130923,2,1,1989,0,0,0,0,0,0,0,0,0,0
130925,1,1,1989,0,0,0,0,0,0,0,0,0,0
130926,1,1,1989,22,22,22,22,22,22,22,22,22,22
130927,1,1,1989,20,20,20,20,20,20,20,20,20,20
130928,1,1,1989,39,39,39,39,39,39,39,39,39,39
130929,1,1,1989,17,17,17,17,17,17,17,17,17,17
130930,1,1,1989,18,18,18,18,18,18,18,18,18,18
130931,0,1,1989,21,21,21,21,21,21,21,21,21,21
130931,1,1,1989,0,6,0,0,0,14,0,0,14,16
130932,1,1,1989,0,0,0,0,0,0,0,0,0,0
130932,2,1,1989,0,0,0,0,0,0,0,0,0,0
130932,3,1,1989,3,0,0,0,0,0,0,0,0,0
130933,0,1,1989,0,0,0,0,0,0,0,0,0,0
130933,1,1,1989,0,0,0,0,0,0,0,0,0,0
130934,1,1,1989,0,11,7,0,0,10,15,0,0,0
130935,1,1,1989,0,0,0,0,0,0,0,0,0,0
130935,2,1,1989,12,12,12,12,12,12,12,12,12,12
130936,1,1,1989,0,0,0,0,0,0,0,0,12,0
130936,2,1,1989,0,0,0,0,0,0,0,0,0,0
130936,3,1,1989,0,0,0,0,0,0,0,0,0,0
130937,1,1,1989,0,0,0,0,0,0,0,0,0,0
130938,1,1,1989,28,8,2,7,0,17,0,23,28,16
130938,2,1,1989,0,0,0,0,27,0,19,0,0,0
130939,1,1,1989,0,0,0,0,0,0,0,0,0,0
130940,1,1,1989,0,0,0,0,0,0,0,0,0,0
130940,2,1,1989,0,0,0,0,0,0,0,0,0,0
130941,1,1,1989,0,0,0,0,0,0,0,0,0,0
130941,2,1,1989,0,0,0,0,0,0,0,0,0,0
130942,1,1,1989,0,0,0,0,0,0,0,0,0,0
130942,2,1,1989,14,14,8,0,24,20,21,20,11,3
130943,0,1,1989,22,22,22,22,22,22,22,22,22,22
130943,1,1,1989,0,0,0,0,0,0,0,0,0,0
130944,1,1,1989,0,5,0,0,0,0,0,13,0,0
130945,1,1,1989,0,0,0,0,0,0,0,0,12,0
130945,2,1,1989,44,44,44,44,44,44,44,44,44,44
130946,1,1,1989,14,14,14,14,14,14,14,14,14,14
130946,2,1,1989,0,0,0,0,0,0,0,0,0,0
130947,1,1,1989,0,0,0,0,0,0,0,0,0,0
130947,2,1,1989,23,23,23,23,23,23,23,23,23,23
130948,0,1,1989,16,11,48,0,25,24,18,19,20,23
130948,1,1,1989,0,0,0,0,0,0,0,0,0,0
130949,1,1,1989,21,21,21,21,21,21,21,21,21,21
130950,1,1,1989,0,0,0,0,0,0,0,0,0,0
130950,2,1,1989,0,0,0,0,0,0,0,0,0,0
130951,1,1,1989,0,0,0,0,0,0,23,0,16,0
130951,2,1,1989,0,0,0,0,0,0,0,0,0,0
130952,1,1,1989,0,0,0,0,0,0,0,0,0,0
130952,2,1,1989,0,0,0,0,0,0,0,0,0,0
130953,0,1,1989,0,0,0,0,0,0,0,0,0,0
130953,1,1,1989,5,5,5,5,5,5,5,5,5,5
130954,1,1,1989,0,0,0,0,0,0,3,0,0,0
130954,2,1,1989,0,0,0,0,0,0,0,0,0,0
130955,1,1,1989,0,0,0,0,0,0,0,0,9,0
130956,0,1,1989,0,0,0,0,0,0,0,0,0,0
130956,1,1,1989,0,0,0,0,0,0,0,0,0,0
130957,1,1,1989,0,0,0,0,0,0,0,0,0,0
130957,2,1,1989,0,0,0,0,0,0,0,0,0,0
130958,0,1,1989,0,0,0,0,0,0,0,0,0,0
130958,1,1,1989,0,0,0,0,0,0,0,0,0,0
130959,1,1,1989,17,17,17,17,17,17,17,17,17,17
130960,1,1,1989,7,7,7,7,7,7,7,7,7,7
130961,1,1,1989,27,27,27,27,27,27,27,27,27,27
130962,1,1,1989,0,0,0,0,0,0,0,0,0,0
130962,2,1,1989,0,0,0,0,0,0,0,0,0,0
130963,1,1,1989,0,0,0,0,0,0,0,28,12,0
130964,1,1,1989,0,0,0,0,0,0,0,0,0,0
130965,0,1,1989,18,18,18,18,18,18,18,18,18,18
130965,1,1,1989,0,0,0,0,0,0,0,0,0,0
130965,2,1,1989,0,0,0,0,0,0,0,0,0,0
130966,1,1,1989,0,0,0,0,0,0,0,0,0,0
130966,2,1,1989,0,0,0,0,0,0,0,0,0,0
130966,3,1,1989,0,0,0,0,0,0,0,0,0,0
130967,1,1,1989,0,0,0,0,0,0,0,0,0,0
130967,2,1,1989,0,0,0,0,0,0,0,0,0,0
130968,1,1,1989,0,0,0,0,0,0,0,0,0,0
130968,2,1,1989,0,0,0,0,0,0,0,0,0,0
130969,1,1,1989,0,0,0,0,0,0,8,5,0,0
130969,2,1,1989,0,0,0,0,14,0,0,0,0,25
130969,3,1,1989,23,0,0,0,0,0,0,0,0,0
130970,0,1,1989,13,13,13,13,13,13,13,13,13,13
130970,1,1,1989,0,0,0,0,0,0,0,0,0,0
130971,1,1,1989,0,0,0,0,0,0,0,0,0,0
130972,1,1,1989,0,0,0,0,0,17,0,0,0,0
130972,2,1,1989,0,0,0,0,0,0,0,0,0,0
130973,1,1,1989,14,14,14,14,14,14,14,14,14,14
130974,1,1,1989,18,18,18,18,18,18,18,18,18,18
130974,2,1,1989,0,0,0,0,0,0,0,0,0,0
130975,1,1,1989,8,22,34,21,9,0,4,0,0,30
130976,1,1,1989,25,25,25,25,25,25,25,25,25,25
130977,1,1,1989,0,0,0,0,0,0,0,0,0,0
130978,0,1,1989,0,0,0,0,0,0,0,0,0,0
130978,1,1,1989,0,0,0,0,0,0,0,0,0,0
130979,1,1,1989,0,0,0,0,0,0,0,0,0,0
130979,2,1,1989,0,0,16,14,17,17,22,37,53,31
130980,1,1,1989,14,14,14,14,14,14,14,14,14,14
130981,1,1,1989,0,0,0,0,0,0,0,0,0,12
130982,1,1,1989,0,0,0,0,0,13,0,0,0,0
130982,2,1,1989,0,0,0,0,0,0,0,0,0,0
130982,3,1,1989,0,0,0,0,0,0,0,0,0,0
130983,1,1,1989,0,0,0,0,0,0,0,0,0,0
130983,2,1,1989,0,0,0,0,0,0,0,0,0,0
130983,3,1,1989,0,0,0,0,0,0,0,0,0,27
130984,1,1,1989,31,31,31,31,31,31,31,31,31,31
130985,1,1,1989,8,8,8,8,8,8,8,8,8,8
130986,1,1,1989,0,0,0,0,0,0,0,0,0,0
130986,2,1,1989,0,0,0,0,0,0,0,0,0,0
130986,3,1,1989,0,0,0,0,0,0,0,0,0,0
130987,1,1,1989,0,0,0,0,0,0,0,0,0,0
130987,2,1,1989,0,0,0,0,0,0,0,0,0,0
130988,0,1,1989,0,0,0,0,0,0,0,0,0,0
130988,2,1,1989,0,0,0,0,0,0,0,0,0,0
130989,1,1,1989,0,0,0,0,0,0,0,0,0,0
130989,2,1,1989,0,0,0,0,0,0,0,0,0,0
130990,1,1,1989,39,39,39,39,39,39,39,39,39,39
130990,2,1,1989,0,0,0,0,0,0,0,9,0,0
130991,1,1,1989,12,12,12,12,12,12,12,12,12,12
130991,2,1,1989,10,10,10,10,10,10,10,10,10,10
130992,1,1,1989,0,0,0,0,0,0,0,0,0,0
130992,2,1,1989,0,0,0,0,0,0,0,0,0,0
130993,1,1,1989,0,0,0,0,0,0,0,0,0,0
130993,2,1,1989,0,0,0,0,0,0,0,0,0,0
130994,1,1,1989,12,12,12,12,12,12,12,12,12,12
130994,2,1,1989,0,0,0,0,0,0,0,0,0,0
130995,1,1,1989,0,0,0,0,0,0,0,0,0,0
130995,2,1,1989,0,0,0,0,0,0,0,0,0,0
130996,1,1,1989,0,0,0,0,0,0,0,0,0,0
130996,2,1,1989,0,0,0,0,0,0,0,0,0,0
130996,3,1,1989,0,0,0,0,0,12,0,0,0,7
130996,4,1,1989,0,0,0,0,0,0,13,0,0,0
130996,5,1,1989,0,0,0,0,0,0,0,0,0,0
130997,1,1,1989,14,14,14,14,14,14,14,14,14,14
130998,1,1,1989,14,14,14,14,14,14,14,14,14,14
130999,1,1,1989,19,19,19,19,19,19,19,19,19,19
131000,1,1,1989,0,0,0,18,0,0,0,0,0,0
131000,2,1,1989,0,0,0,0,0,0,0,0,0,0
131001,1,1,1989,0,0,0,0,0,0,0,0,0,0
131002,1,1,1989,18,18,18,18,18,18,18,18,18,18
131004,1,1,1989,0,0,0,0,0,0,0,0,0,0
131004,2,1,1989,0,0,0,0,0,0,0,0,0,0
131005,1,1,1989,0,0,0,0,0,0,0,0,0,0
131006,1,1,1989,0,0,0,0,0,0,0,0,0,0
131007,0,1,1989,0,0,0,0,0,0,0,0,0,0
131007,1,1,1989,0,0,0,0,0,0,0,0,0,0
131008,1,1,1989,19,19,19,19,19,19,19,19,19,19
131009,1,1,1989,0,0,0,0,0,0,0,0,0,0
131010,1,1,1989,0,0,0,0,0,0,0,0,0,0
131011,1,1,1989,6,6,6,6,6,6,6,6,6,6
131012,1,1,1989,0,0,0,0,0,0,0,0,0,0
131013,1,1,1989,9,19,0,25,25,13,10,7,4,23
131014,1,1,1989,0,0,0,0,0,0,0,0,0,0
131014,2,1,1989,0,0,0,0,0,0,0,0,0,0
131015,1,1,1989,0,0,0,0,0,0,0,0,0,0
131015,2,1,1989,0,0,0,0,0,0,0,0,0,0
131016,1,1,1989,7,7,7,7,7,7,7,7,7,7
131017,1,1,1989,21,21,21,21,21,21,21,21,21,21
131017,2,1,1989,0,0,0,0,0,0,0,0,0,0
131018,1,1,1989,26,26,26,26,26,26,26,26,26,26
131018,2,1,1989,0,0,0,0,0,0,0,0,0,0
131019,1,1,1989,18,18,18,18,18,18,18,18,18,18
131020,1,1,1989,0,0,0,0,0,0,0,0,0,0
131020,2,1,1989,0,0,0,0,0,0,0,7,0,0
131021,0,1,1989,0,0,0,0,0,0,0,0,0,0
131021,0,2,1989,0,0,0,0,0,0,0,0,0,0
131021,1,1,1989,0,0,0,0,0,0,0,0,0,0
131022,0,1,1989,25,25,25,25,25,25,25,25,25,25
131022,1,1,1989,0,0,10,0,9,30,0,0,0,0
131023,1,1,1989,0,0,0,0,0,0,0,0,0,0
131023,2,1,1989,0,0,0,0,0,0,0,0,0,0
131024,1,1,1989,3,3,3,3,3,3,3,3,3,3
131024,2,1,1989,10,10,10,10,10,10,10,10,10,10
131025,1,1,1989,0,0,0,0,15,0,0,0,0,0
131025,2,1,1989,4,0,0,0,0,0,0,0,0,0
131026,1,1,1989,10,0,0,28,0,0,30,28,23,0
131027,1,1,1989,0,0,0,0,0,0,0,0,0,0
131027,2,1,1989,0,0,0,0,0,0,0,0,0,0
131028,1,1,1989,13,13,13,13,13,13,13,13,13,13
131028,2,1,1989,0,0,0,0,0,0,0,0,0,0
131029,1,1,1989,0,0,0,0,0,13,0,0,0,0
131029,2,1,1989,0,0,0,0,29,0,0,0,0,0
131030,1,1,1989,0,0,19,0,0,0,0,0,17,0
131030,2,1,1989,0,0,0,0,0,0,0,0,0,0
131031,1,1,1989,20,0,0,0,24,0,0,0,15,0
131032,1,1,1989,0,0,0,0,0,0,0,0,0,0
131032,2,1,1989,0,0,0,0,0,0,0,0,0,0
131032,3,1,1989,0,12,0,0,0,0,0,0,0,0
131033,1,1,1989,0,0,0,0,0,23,0,0,0,0
131034,1,1,1989,17,17,17,17,17,17,17,17,17,17
131035,1,1,1989,0,0,0,0,0,0,0,0,0,0
131035,2,1,1989,0,0,0,0,0,0,0,0,0,0