ST_CASE,VEH_NO,PER_NO,YEAR,P1,P2,P3,P4,P5,P6,P7,P8,P9,P10
131035,3,1,1989,0,0,0,0,0,0,0,0,0,0
131035,4,1,1989,0,0,0,0,0,0,0,0,0,0
131035,5,1,1989,0,0,0,0,0,0,0,0,0,0
131037,1,1,1989,20,20,20,20,20,20,20,20,20,20
131038,1,1,1989,0,0,0,0,0,0,0,0,0,0
131038,2,1,1989,9,9,9,9,9,9,9,9,9,9
131039,1,1,1989,0,0,0,0,0,0,0,0,0,0
131039,2,1,1989,0,0,0,0,0,0,0,0,0,0
131040,1,1,1989,27,18,17,38,15,18,22,0,18,8
131041,0,1,1989,0,0,18,0,32,28,19,16,25,0
131041,1,1,1989,0,0,0,0,0,0,0,0,0,0
131042,0,1,1989,11,11,11,11,11,11,11,11,11,11
131042,1,1,1989,14,14,14,14,14,14,14,14,14,14
131043,1,1,1989,0,0,0,0,0,0,0,0,0,0
131043,2,1,1989,0,31,0,0,0,0,0,0,0,0
131044,1,1,1989,26,26,26,26,26,26,26,26,26,26
131045,1,1,1989,0,0,0,0,0,0,0,0,0,0
131046,1,1,1989,15,15,15,15,15,15,15,15,15,15
131047,1,1,1989,21,21,21,21,21,21,21,21,21,21
131048,1,1,1989,23,0,6,15,18,10,15,0,15,11
131050,1,1,1989,24,21,13,11,18,25,17,10,14,13
131051,1,1,1989,28,28,28,28,28,28,28,28,28,28
131052,0,1,1989,0,0,0,0,0,0,0,0,0,0
131052,1,1,1989,0,0,0,0,0,0,0,0,0,0
131053,1,1,1989,0,0,0,0,0,0,0,0,0,0
131053,2,1,1989,0,0,0,0,0,0,0,0,0,0
131054,1,1,1989,0,0,0,0,0,0,0,0,0,0
131055,0,1,1989,25,25,25,25,25,25,25,25,25,25
131055,1,1,1989,0,0,0,0,0,0,0,0,0,0
131056,0,1,1989,22,22,22,22,22,22,22,22,22,22
131056,1,1,1989,0,0,0,0,0,0,0,0,0,0
131057,1,1,1989,15,15,15,15,15,15,15,15,15,15
131058,0,1,1989,0,0,0,0,0,0,0,0,0,0
131058,1,1,1989,0,0,0,0,0,0,0,0,0,0
131059,0,1,1989,8,8,8,8,8,8,8,8,8,8
131059,1,1,1989,0,0,0,0,0,0,0,0,0,0
131060,0,1,1989,0,0,0,0,0,14,0,0,27,0
131060,1,1,1989,9,9,9,9,9,9,9,9,9,9
131061,1,1,1989,0,0,0,0,0,0,0,0,29,0
131061,2,1,1989,0,0,0,0,0,0,0,0,0,0
131062,1,1,1989,0,0,0,0,0,0,0,0,0,0
131062,2,1,1989,0,0,0,0,0,0,0,0,0,0
131063,1,1,1989,0,0,0,0,0,0,0,0,0,0
131063,2,1,1989,45,45,45,45,45,45,45,45,45,45
131064,1,1,1989,0,0,0,0,0,0,0,0,0,0
131065,1,1,1989,5,5,5,5,5,5,5,5,5,5
131065,2,1,1989,0,0,0,0,0,0,0,0,0,0
131066,1,1,1989,3,3,3,3,3,3,3,3,3,3
131066,2,1,1989,0,0,0,0,0,0,0,0,0,0
131067,1,1,1989,0,0,0,0,0,0,0,0,0,0
131067,2,1,1989,0,0,0,11,0,0,0,0,0,0
131068,0,1,1989,0,25,0,20,0,0,16,0,34,0
131068,1,1,1989,0,0,0,0,5,0,0,0,0,4
131069,0,1,1989,0,0,0,0,0,0,0,0,0,0
131069,1,1,1989,0,0,0,0,0,0,0,0,0,0
131070,0,1,1989,0,0,0,0,0,0,0,0,0,0
131070,1,1,1989,0,0,0,0,0,0,0,0,0,0
131071,1,1,1989,17,17,17,17,17,17,17,17,17,17
131072,1,1,1989,19,19,19,19,19,19,19,19,19,19
131072,2,1,1989,8,8,8,8,8,8,8,8,8,8
131073,1,1,1989,0,0,0,0,0,0,0,0,0,0
131073,2,1,1989,0,0,0,0,0,0,0,0,0,0
131074,1,1,1989,0,0,0,0,0,0,0,0,0,0
131074,2,1,1989,0,0,0,0,0,0,0,0,0,0
131075,1,1,1989,18,18,18,18,18,18,18,18,18,18
131076,1,1,1989,0,0,0,0,0,0,0,0,0,0
131077,0,1,1989,0,34,0,0,0,14,0,11,12,15
131077,1,1,1989,0,0,0,0,0,0,0,0,0,0
131077,2,1,1989,0,0,0,0,0,0,0,0,0,0
131078,1,1,1989,0,0,0,0,0,0,0,0,0,0
131078,2,1,1989,0,0,23,0,0,0,0,0,0,0
131079,1,1,1989,6,6,6,6,6,6,6,6,6,6
131080,1,1,1989,3,3,3,3,3,3,3,3,3,3
131080,2,1,1989,0,0,0,0,0,0,0,0,0,0
131081,1,1,1989,0,0,0,0,0,0,0,0,0,0
131081,2,1,1989,0,0,0,0,0,0,0,0,0,0
131082,1,1,1989,0,0,0,0,0,0,0,0,0,0
131082,2,1,1989,0,0,0,0,0,0,0,0,0,0
131084,0,1,1989,0,0,0,0,0,0,0,0,0,0
131084,1,1,1989,0,0,0,0,0,0,0,0,0,0
131084,2,1,1989,0,0,0,0,0,0,0,0,0,0
131085,1,1,1989,0,0,0,0,0,0,0,0,0,0
131085,2,1,1989,20,20,20,20,20,20,20,20,20,20
131085,3,1,1989,0,0,0,0,0,0,0,0,0,0
131086,1,1,1989,14,14,14,14,14,14,14,14,14,14
131087,1,1,1989,0,0,0,0,0,0,0,0,0,0
131087,2,1,1989,29,29,29,29,29,29,29,29,29,29
131088,1,1,1989,0,0,0,0,0,0,0,0,0,0
131088,2,1,1989,0,0,0,0,0,0,0,0,0,0
131089,1,1,1989,0,0,0,0,0,0,0,0,0,0
131090,0,1,1989,16,13,14,0,16,12,11,29,28,32
131090,1,1,1989,0,0,0,14,13,0,6,10,13,12
131091,1,1,1989,10,10,10,10,10,10,10,10,10,10
131092,1,1,1989,0,0,0,0,0,0,0,0,0,0
131092,2,1,1989,0,0,0,0,0,0,0,0,0,0
131093,1,1,1989,0,0,0,0,0,0,0,0,0,0
131093,2,1,1989,0,0,0,0,0,0,0,0,0,0
131094,1,1,1989,0,0,0,0,0,0,0,0,0,0
131095,1,1,1989,0,0,0,0,0,0,0,0,0,0
131096,1,1,1989,27,27,27,27,27,27,27,27,27,27
131096,2,1,1989,0,0,0,0,0,0,0,0,0,0
131097,1,1,1989,27,27,27,27,27,27,27,27,27,27
131098,1,1,1989,0,0,0,0,0,0,0,0,0,0
131098,2,1,1989,0,0,0,0,0,0,0,0,0,0
131099,1,1,1989,0,0,0,0,0,0,0,0,0,0
131100,0,1,1989,0,0,0,0,0,0,0,0,0,0
131100,1,1,1989,0,0,0,0,0,0,0,0,0,0
131101,0,1,1989,0,0,0,0,0,0,0,0,0,0
131101,1,1,1989,0,0,0,0,0,0,0,0,0,0
131102,1,1,1989,0,0,0,0,0,0,0,0,0,0
131102,2,1,1989,0,0,0,0,0,0,0,0,0,0
131103,1,1,1989,21,21,21,21,21,21,21,21,21,21
131104,1,1,1989,0,0,0,0,0,0,0,0,0,0
131104,2,1,1989,0,0,0,0,0,0,0,0,0,0
131106,0,1,1989,0,0,0,0,0,0,0,0,0,0
131106,1,1,1989,0,0,0,0,0,0,0,0,0,0
131107,1,1,1989,9,28,20,0,0,34,0,0,0,20
131108,1,1,1989,26,26,26,26,26,26,26,26,26,26
131108,2,1,1989,0,0,0,0,0,0,0,0,0,0
131108,3,1,1989,0,0,0,0,0,0,0,0,0,0
131109,0,1,1989,0,15,0,41,0,0,0,0,0,17
131109,1,1,1989,3,3,3,3,3,3,3,3,3,3
131110,1,1,1989,15,15,15,15,15,15,15,15,15,15
131110,2,1,1989,0,0,14,0,0,0,0,0,0,0
131111,1,1,1989,19,19,19,19,19,19,19,19,19,19
131112,1,1,1989,25,25,25,25,25,25,25,25,25,25
131112,2,1,1989,17,17,17,17,17,17,17,17,17,17
131113,1,1,1989,0,0,0,0,0,0,0,0,0,0
131115,1,1,1989,0,0,0,0,0,0,0,0,0,0
131115,2,1,1989,0,0,0,0,23,0,0,0,0,0
131116,1,1,1989,14,14,14,14,14,14,14,14,14,14
131116,2,1,1989,0,0,8,15,0,0,0,0,0,0
131116,3,1,1989,0,0,0,0,0,0,0,0,0,0
131117,1,1,1989,0,0,0,0,0,0,0,0,0,0
131117,2,1,1989,0,0,0,0,0,0,0,0,0,0
131118,1,1,1989,16,16,16,16,16,16,16,16,16,16
131119,0,1,1989,0,0,0,0,0,0,0,0,0,0
131119,1,1,1989,0,0,0,0,0,0,0,0,0,0
131120,1,1,1989,28,28,28,28,28,28,28,28,28,28
131120,2,1,1989,0,0,0,0,0,0,0,0,0,0
131121,1,1,1989,12,12,10,12,8,17,19,26,14,17
131122,1,1,1989,20,0,0,0,0,0,0,18,0,0
131123,1,1,1989,0,0,0,0,0,0,0,0,0,0
131124,0,1,1989,0,0,0,0,0,0,0,0,0,0
131124,1,1,1989,0,0,0,0,0,0,0,0,0,0
131125,1,1,1989,41,41,41,41,41,41,41,41,41,41
131126,1,1,1989,0,0,0,0,0,0,0,0,0,0
131126,2,1,1989,6,6,6,6,6,6,6,6,6,6
131126,3,1,1989,0,0,0,0,0,0,0,0,0,0
131128,0,1,1989,0,0,0,0,0,0,0,0,0,0
131128,1,1,1989,2,2,2,2,2,2,2,2,2,2
131129,1,1,1989,24,24,24,24,24,24,24,24,24,24
131130,1,1,1989,0,0,0,0,0,0,0,0,0,0
131131,1,1,1989,0,0,0,0,0,0,0,0,0,0
131131,2,1,1989,0,0,0,0,0,0,0,0,0,0
131132,1,1,1989,5,5,5,5,5,5,5,5,5,5
131133,1,1,1989,0,0,0,0,0,0,0,0,0,14
131134,1,1,1989,0,0,0,0,0,0,0,0,0,0
131134,2,1,1989,0,0,5,0,0,0,18,0,0,0
131135,1,1,1989,0,0,0,0,0,0,0,0,0,0
131135,2,1,1989,0,0,0,0,0,0,0,0,0,0
131135,3,1,1989,0,0,0,0,0,0,0,0,0,0
131136,1,1,1989,0,0,0,0,0,0,0,0,0,0
131136,2,1,1989,0,0,0,0,0,0,0,0,0,0
131137,1,1,1989,0,0,0,15,0,0,0,0,0,0
131138,1,1,1989,0,0,0,0,0,0,0,0,0,0
131138,2,1,1989,0,0,0,0,0,0,0,0,0,0
131138,3,1,1989,0,0,0,0,0,0,0,0,0,0
131139,1,1,1989,0,0,0,0,0,0,0,0,0,0
131139,2,1,1989,0,0,0,0,0,0,0,0,0,0
131140,1,1,1989,0,0,0,0,0,0,0,0,0,0
131141,1,1,1989,4,4,4,4,4,4,4,4,4,4
131142,1,1,1989,22,22,22,22,22,22,22,22,22,22
131143,1,1,1989,5,0,0,0,0,0,0,0,8,0
131144,1,1,1989,0,0,0,8,0,0,0,0,0,0
131144,2,1,1989,0,0,0,0,0,0,0,0,0,0
131145,1,1,1989,0,0,0,0,0,0,0,0,0,0
131145,2,1,1989,8,0,0,0,0,0,0,0,0,0
131146,1,1,1989,0,0,0,0,0,0,0,0,0,0
131146,2,1,1989,0,0,0,0,0,0,0,0,0,0
131147,1,1,1989,0,0,0,0,0,0,0,0,0,0
131148,1,1,1989,0,0,0,0,0,0,0,0,0,0
131148,2,1,1989,0,0,0,0,0,0,0,0,0,0
131149,1,1,1989,0,0,0,0,0,0,0,0,0,0
131149,2,1,1989,0,0,0,0,0,0,0,0,0,0
131150,1,1,1989,0,0,4,0,0,0,0,0,0,0
131150,2,1,1989,0,0,0,0,0,0,0,0,0,0
131150,3,1,1989,0,0,0,0,0,0,0,0,0,0
131152,1,1,1989,14,0,0,0,0,0,12,0,0,0
131152,2,1,1989,0,0,0,0,0,0,0,0,0,0
131152,3,1,1989,0,0,0,0,0,0,0,0,0,0
131153,1,1,1989,0,0,0,0,0,0,0,0,0,0
131153,2,1,1989,0,0,0,0,0,0,0,0,0,0
131153,3,1,1989,0,0,0,0,0,0,0,0,0,0
131154,1,1,1989,0,0,11,0,0,0,12,0,20,0
131155,0,1,1989,33,33,33,33,33,33,33,33,33,33
131155,1,1,1989,0,0,0,0,0,0,0,0,0,0
131156,0,1,1989,0,0,0,0,0,0,0,0,0,0
131156,1,1,1989,0,0,0,0,0,0,0,0,0,0
131157,1,1,1989,0,0,0,0,0,0,0,0,0,0
131157,2,1,1989,0,0,0,0,0,0,0,0,0,0
131158,1,1,1989,15,15,15,15,15,15,15,15,15,15
131158,2,1,1989,0,0,0,0,0,0,0,0,0,0
131159,1,1,1989,0,0,0,0,0,0,0,0,0,0
131159,2,1,1989,0,0,0,0,0,0,0,0,0,0
131160,1,1,1989,0,0,0,0,0,0,0,0,0,0
131160,2,1,1989,0,0,0,0,0,0,0,0,0,0
131161,1,1,1989,22,22,22,22,22,22,22,22,22,22
131162,1,1,1989,15,15,15,15,15,15,15,15,15,15
131163,1,1,1989,0,0,0,0,0,0,0,0,0,0
131163,2,1,1989,15,15,15,15,15,15,15,15,15,15
131164,0,1,1989,19,19,19,19,19,19,19,19,19,19
131164,1,1,1989,0,0,0,0,0,0,0,9,0,0
131165,0,1,1989,15,15,15,15,15,15,15,15,15,15
131165,1,1,1989,2,7,0,0,16,13,13,0,0,5
131166,1,1,1989,0,0,0,0,0,0,0,0,0,0
131166,2,1,1989,1,1,1,1,1,1,1,1,1,1
131167,1,1,1989,9,9,9,9,9,9,9,9,9,9
131168,1,1,1989,22,22,22,22,22,22,22,22,22,22
131169,1,1,1989,0,0,0,0,0,0,0,0,0,0
131170,0,1,1989,39,39,39,39,39,39,39,39,39,39
131170,1,1,1989,0,0,0,0,0,0,0,0,0,0
131171,0,1,1989,41,41,41,41,41,41,41,41,41,41
131171,1,1,1989,0,0,0,0,0,0,0,0,0,0
131172,1,1,1989,0,0,19,0,0,0,0,7,0,0
131172,2,1,1989,0,0,0,0,0,0,0,0,0,0
131173,1,1,1989,0,0,0,0,0,0,0,0,0,0
131173,2,1,1989,10,10,10,10,10,10,10,10,10,10
131174,1,1,1989,0,0,0,0,0,0,0,0,0,0
131175,1,1,1989,0,0,0,0,0,0,0,0,0,0
131175,2,1,1989,0,0,0,0,0,0,0,0,0,0
131176,1,1,1989,0,0,0,0,0,0,0,0,0,0
131176,2,1,1989,0,0,0,0,0,0,0,0,0,0
131177,1,1,1989,14,15,9,0,0,9,0,12,12,3
131178,1,1,1989,0,0,0,0,0,0,0,0,0,0
131178,2,1,1989,0,0,0,0,0,0,0,0,0,0
131179,1,1,1989,0,0,0,0,0,0,0,0,0,0
131180,1,1,1989,11,11,11,11,11,11,11,11,11,11
131181,0,1,1989,25,25,25,25,25,25,25,25,25,25
131181,0,2,1989,0,0,0,0,0,0,0,0,0,0
131181,0,3,1989,0,0,0,0,0,0,0,0,0,0
131181,1,1,1989,0,0,0,0,0,3,0,0,0,0
131182,1,1,1989,0,0,0,0,0,0,0,0,0,0
131182,2,1,1989,0,0,0,0,0,0,0,0,0,0
131183,1,1,1989,21,21,21,21,21,21,21,21,21,21
131184,1,1,1989,0,0,0,0,0,0,0,0,0,0
131184,2,1,1989,12,12,12,12,12,12,12,12,12,12
131185,1,1,1989,0,0,0,0,0,0,0,0,0,0
131186,1,1,1989,29,29,29,29,29,29,29,29,29,29
131187,1,1,1989,0,0,0,0,0,0,0,0,0,8
131188,1,1,1989,0,0,0,0,0,0,0,0,0,0
131188,2,1,1989,16,16,16,16,16,16,16,16,16,16
131189,1,1,1989,11,11,11,11,11,11,11,11,11,11
131190,1,1,1989,0,0,0,0,0,0,0,0,0,0
131190,2,1,1989,0,0,0,0,0,0,0,0,0,9
131191,1,1,1989,0,0,0,0,0,0,0,0,0,0
131191,2,1,1989,0,0,0,0,0,0,0,0,0,0
131192,1,1,1989,0,0,0,0,0,0,0,0,0,0
131193,1,1,1989,16,16,16,16,16,16,16,16,16,16
131195,0,1,1989,34,34,34,34,34,34,34,34,34,34
131195,1,1,1989,0,0,0,0,0,0,0,0,0,0
131196,1,1,1989,0,0,0,0,0,0,0,0,0,0
131196,2,1,1989,0,0,0,0,0,0,0,0,0,0
131196,3,1,1989,0,0,0,0,0,0,0,0,0,0
131197,1,1,1989,0,0,0,0,0,0,0,0,0,0
131198,1,1,1989,24,24,24,24,24,24,24,24,24,24
131199,0,1,1989,1,1,1,1,1,1,1,1,1,1
131199,1,1,1989,0,0,0,0,0,0,12,8,0,0
131200,0,1,1989,15,15,15,15,15,15,15,15,15,15
131200,1,1,1989,0,0,0,0,0,12,18,0,22,0
131201,0,1,1989,0,0,0,0,0,0,0,0,0,0
131201,1,1,1989,0,0,0,0,0,0,0,0,0,0
131202,0,1,1989,0,0,0,0,0,0,0,0,0,0
131202,1,1,1989,0,0,0,0,0,0,0,0,0,0
131203,1,1,1989,11,11,11,11,11,11,11,11,11,11
131204,0,1,1989,0,0,0,0,13,17,0,0,0,18
131204,1,1,1989,13,13,13,13,13,13,13,13,13,13
131205,1,1,1989,29,15,0,21,18,32,11,12,10,7
131206,1,1,1989,0,0,0,0,0,0,0,19,0,0
131206,2,1,1989,0,0,0,0,0,0,0,0,0,0
131207,1,1,1989,0,0,0,0,0,0,0,0,0,0
131207,2,1,1989,0,0,8,0,0,0,0,0,16,0
131207,3,1,1989,0,0,0,0,0,0,0,0,0,0
131208,1,1,1989,16,16,16,16,16,16,16,16,16,16
131209,1,1,1989,10,0,0,0,0,0,0,0,0,0
131209,2,1,1989,0,0,0,0,0,0,0,0,0,18
131210,1,1,1989,22,22,22,22,22,22,22,22,22,22
131211,1,1,1989,0,0,0,0,0,0,0,0,0,0
131211,2,1,1989,0,0,0,0,0,0,0,0,0,0
131212,1,1,1989,0,0,0,0,0,0,0,0,0,0
131212,2,1,1989,0,0,0,0,0,0,0,0,0,0
131213,0,1,1989,45,45,45,45,45,45,45,45,45,45
131213,1,1,1989,14,14,14,14,14,14,14,14,14,14
131214,1,1,1989,0,0,0,0,0,0,0,0,0,0
131214,2,1,1989,0,0,17,0,0,0,0,0,0,0
131215,1,1,1989,0,0,0,0,0,0,0,0,0,0
131215,2,1,1989,31,31,31,31,31,31,31,31,31,31
131216,0,1,1989,0,0,0,0,0,0,0,0,0,0
131216,1,1,1989,0,0,0,0,0,0,0,0,18,27
131216,2,1,1989,0,0,0,0,0,0,0,0,0,0
131219,1,1,1989,7,7,7,7,7,7,7,7,7,7
131219,2,1,1989,8,8,8,8,8,8,8,8,8,8
131220,0,1,1989,0,0,0,0,0,0,0,0,0,0
131220,0,2,1989,0,7,0,0,0,0,0,0,0,0
131220,0,3,1989,38,0,0,0,0,0,0,0,0,0
131220,1,1,1989,1,1,1,1,1,1,1,1,1,1
131221,1,1,1989,15,0,0,11,0,0,0,0,0,0
131222,1,1,1989,0,0,0,0,0,0,0,0,0,0
131222,2,1,1989,0,0,0,0,0,0,0,0,0,0
131223,1,1,1989,0,0,0,0,0,0,0,0,0,0
131223,2,1,1989,16,30,0,0,17,0,13,17,0,0
131225,1,1,1989,0,0,0,0,0,0,0,0,0,0
131225,2,1,1989,0,0,0,0,0,0,0,0,0,0
131226,1,1,1989,0,0,0,0,0,0,0,0,0,0
131226,2,1,1989,0,0,0,0,0,0,0,0,0,0
131228,1,1,1989,0,0,0,0,0,0,0,4,0,0
131229,1,1,1989,0,0,0,0,0,0,0,0,0,0
131230,1,1,1989,0,0,0,0,0,0,0,0,0,0
131230,2,1,1989,0,0,0,0,0,0,0,0,0,0
131231,1,1,1989,0,0,0,0,0,0,0,0,0,0
131232,1,1,1989,0,0,0,0,0,0,0,0,0,0
131232,2,1,1989,0,0,0,0,0,0,0,0,0,0
131233,0,1,1989,14,14,14,14,14,14,14,14,14,14
131233,1,1,1989,0,0,0,0,0,0,0,0,0,0
131234,1,1,1989,14,14,14,14,14,14,14,14,14,14
131235,1,1,1989,26,26,26,26,26,26,26,26,26,26
131236,0,1,1989,0,0,0,0,0,0,0,0,0,0
131236,1,1,1989,0,0,0,0,0,0,0,0,0,0
131237,1,1,1989,0,0,0,0,0,0,0,0,0,0
131237,2,1,1989,0,0,0,0,0,0,0,0,0,0
131238,1,1,1989,11,11,11,11,11,11,11,11,11,11
131240,1,1,1989,0,0,0,0,0,0,0,0,0,0
131240,2,1,1989,19,0,0,0,0,0,0,0,0,0
131240,3,1,1989,12,12,12,12,12,12,12,12,12,12
131241,0,1,1989,1,1,1,1,1,1,1,1,1,1
131241,1,1,1989,0,0,0,0,17,12,15,15,0,0
131242,1,1,1989,16,16,16,16,16,16,16,16,16,16
131244,1,1,1989,0,0,0,0,0,0,0,0,0,0
131244,2,1,1989,0,0,0,0,0,0,0,0,0,0
131245,1,1,1989,0,0,0,0,0,0,0,0,0,0
131246,1,1,1989,0,0,0,0,0,0,0,0,0,0
131247,1,1,1989,28,28,28,28,28,28,28,28,28,28
131247,2,1,1989,0,0,0,0,0,0,0,24,0,0
131248,1,1,1989,0,0,0,0,0,0,0,0,0,0
131248,2,1,1989,0,0,0,0,0,0,0,0,0,0
131249,1,1,1989,0,0,0,0,0,0,0,0,0,0
131249,2,1,1989,0,0,0,0,0,0,0,0,0,0
131250,1,1,1989,17,17,17,17,17,17,17,17,17,17
131251,1,1,1989,13,13,13,13,13,13,13,13,13,13
131252,1,1,1989,0,0,0,0,0,0,0,0,0,0
131253,1,1,1989,0,0,0,0,0,0,0,0,0,0
131253,2,1,1989,0,0,0,0,0,0,0,0,0,0
131254,1,1,1989,0,0,0,0,0,0,0,0,0,0
131254,2,1,1989,0,0,0,0,0,0,0,0,0,0
131255,1,1,1989,0,0,0,0,0,0,0,0,0,0
131256,0,1,1989,14,14,14,14,14,14,14,14,14,14
131256,1,1,1989,4,0,0,0,8,0,18,0,0,0
131257,0,1,1989,23,23,0,23,25,13,0,0,0,0
131257,0,2,1989,0,0,0,0,20,21,8,21,11,0
131257,1,1,1989,1,18,0,0,0,9,0,0,0,0
131258,1,1,1989,3,3,3,3,3,3,3,3,3,3
131259,1,1,1989,0,0,0,0,0,0,0,0,0,0
131259,2,1,1989,0,0,0,0,0,0,0,0,0,0
131260,1,1,1989,0,0,0,0,0,0,0,0,0,0
131261,1,1,1989,11,11,11,11,11,11,11,11,11,11
131262,1,1,1989,12,12,12,12,12,12,12,12,12,12
131263,1,1,1989,0,0,0,0,0,0,15,0,0,0
131263,2,1,1989,0,0,0,0,0,0,0,0,0,0
131264,1,1,1989,14,14,14,14,14,14,14,14,14,14
131264,2,1,1989,0,0,0,0,0,0,0,0,0,0
131265,1,1,1989,0,0,0,0,0,0,0,0,0,0
131266,1,1,1989,12,12,12,12,12,12,12,12,12,12
131266,2,1,1989,17,17,17,17,17,17,17,17,17,17
131267,1,1,1989,11,11,11,11,11,11,11,11,11,11
131268,1,1,1989,27,27,27,27,27,27,27,27,27,27
131269,1,1,1989,9,9,9,9,9,9,9,9,9,9
131270,1,1,1989,0,0,0,0,0,0,0,0,0,0
131271,0,1,1989,56,0,11,16,17,25,10,26,0,0
131271,1,1,1989,19,19,19,19,19,19,19,19,19,19
131272,1,1,1989,0,0,0,0,0,0,0,0,0,0
131272,2,1,1989,0,0,0,0,0,20,0,0,12,0
131273,1,1,1989,27,27,27,27,27,27,27,27,27,27
131274,1,1,1989,12,12,12,12,12,12,12,12,12,12
131275,1,1,1989,26,26,26,26,26,26,26,26,26,26
131276,1,1,1989,0,0,0,0,0,0,0,0,0,0
131276,2,1,1989,0,0,0,0,0,0,0,0,0,0
131277,1,1,1989,0,0,0,0,0,0,0,0,0,0
131277,2,1,1989,0,0,0,0,0,0,0,0,0,0
131278,0,1,1989,0,0,0,0,0,0,0,0,0,0
131278,1,1,1989,0,0,0,0,0,0,0,0,0,0
131279,0,1,1989,0,0,0,0,0,0,0,0,0,0
131279,1,1,1989,0,0,0,0,0,0,0,0,0,0
131280,1,1,1989,0,0,0,0,0,0,0,0,0,0
131280,2,1,1989,0,0,0,0,0,0,0,0,0,0
131281,1,1,1989,22,22,22,22,22,22,22,22,22,22
131281,2,1,1989,0,0,0,0,0,0,0,0,0,0
131282,1,1,1989,0,0,0,0,12,0,0,0,0,0
131282,2,1,1989,0,0,0,0,0,0,0,0,0,0
131282,3,1,1989,0,0,0,0,0,0,0,0,0,0
131282,4,1,1989,0,0,0,0,0,0,0,0,0,0
131283,1,1,1989,0,0,0,0,0,0,0,0,0,0
131283,2,1,1989,0,0,0,0,0,0,0,0,0,0
131284,1,1,1989,0,0,0,0,0,0,0,0,0,0
131285,1,1,1989,0,0,0,0,0,0,0,0,0,0
131285,2,1,1989,0,0,0,0,0,0,0,0,0,0
131286,1,1,1989,0,0,0,0,0,0,0,0,0,0
131286,2,1,1989,0,0,0,0,0,0,0,0,0,0
131286,3,1,1989,0,0,0,0,0,0,0,0,0,0
131287,0,1,1989,0,0,0,0,0,0,0,0,0,0
131287,1,1,1989,0,0,0,0,0,0,0,0,0,0
131288,1,1,1989,0,0,0,0,0,0,0,0,0,0
131288,2,1,1989,18,18,18,18,18,18,18,18,18,18
131289,0,1,1989,29,0,0,0,25,0,19,0,0,0
131289,1,1,1989,0,0,0,0,0,0,0,0,0,0
131290,1,1,1989,0,0,0,0,0,0,0,0,0,0
131291,1,1,1989,6,18,0,12,23,17,24,0,0,23
131292,1,1,1989,0,0,0,0,0,0,0,0,0,0
131292,2,1,1989,0,0,0,0,0,0,0,0,0,0
131292,3,1,1989,0,0,0,0,0,0,0,13,0,0
131292,4,1,1989,0,0,0,0,0,0,0,0,0,0
131293,1,1,1989,0,12,16,0,11,0,0,0,24,25
131294,1,1,1989,0,0,0,0,0,0,0,0,0,0
131294,2,1,1989,2,2,2,2,2,2,2,2,2,2
131295,1,1,1989,16,16,16,16,16,16,16,16,16,16
131296,1,1,1989,31,31,31,31,31,31,31,31,31,31
131297,1,1,1989,0,20,0,9,0,32,14,0,31,35
131298,1,1,1989,0,0,0,0,0,0,0,0,0,0
131298,2,1,1989,0,0,0,16,0,0,0,0,0,0
131299,0,1,1989,25,25,25,25,25,25,25,25,25,25
131299,1,1,1989,0,0,0,0,0,0,0,0,0,0
131300,1,1,1989,18,18,18,18,18,18,18,18,18,18
131300,2,1,1989,14,14,14,14,14,14,14,14,14,14
131301,1,1,1989,0,0,0,0,0,0,2,0,0,0
131301,2,1,1989,0,0,0,0,0,0,0,0,0,0
131302,0,1,1989,3,3,3,3,3,3,3,3,3,3
131302,1,1,1989,0,0,0,0,0,0,0,0,0,0
131303,0,1,1989,0,0,0,0,0,0,0,0,0,0
131303,1,1,1989,22,0,0,0,0,0,0,0,0,0
131304,1,1,1989,0,0,0,0,0,0,0,0,0,0
131304,2,1,1989,0,0,0,0,0,0,0,0,0,0
131305,0,1,1989,0,0,0,0,0,0,0,0,0,0
131305,1,1,1989,0,0,0,0,0,0,0,0,0,0
131306,1,1,1989,0,0,0,0,0,0,0,12,0,0
131306,2,1,1989,10,0,0,0,0,0,0,0,0,19
131307,1,1,1989,0,0,0,0,0,0,0,0,0,0
131308,1,1,1989,6,6,6,6,6,6,6,6,6,6
131309,1,1,1989,0,0,0,0,0,0,0,0,0,0
131310,1,1,1989,29,29,29,29,29,29,29,29,29,29
131310,2,1,1989,0,0,0,0,0,0,0,0,0,0
131310,3,1,1989,0,0,0,0,0,0,0,0,0,0
131311,0,1,1989,0,0,0,0,0,0,0,0,0,0
131311,1,1,1989,0,0,0,0,0,0,0,0,0,0
131313,0,1,1989,9,9,9,9,9,9,9,9,9,9
131313,1,1,1989,0,0,0,0,0,0,0,0,0,0
131314,1,1,1989,0,0,0,0,0,0,0,0,0,0
131315,1,1,1989,0,0,0,0,0,0,0,3,0,0
131315,2,1,1989,0,0,0,0,0,0,0,0,0,0
131316,1,1,1989,0,0,0,0,0,0,0,0,0,0
131317,1,1,1989,0,0,0,0,0,0,0,0,0,0
131318,1,1,1989,0,0,0,0,0,0,0,0,0,0
131318,2,1,1989,0,0,0,0,0,0,0,0,0,0
131319,1,1,1989,0,0,0,0,0,0,0,0,0,0
131319,2,1,1989,0,0,0,0,0,0,0,0,0,0
131320,1,1,1989,0,0,0,0,0,0,0,0,0,0