ST_CASE,VEH_NO,PER_NO,YEAR,P1,P2,P3,P4,P5,P6,P7,P8,P9,P10
131320,2,1,1989,0,0,0,0,0,0,0,0,0,0
131320,3,1,1989,2,2,2,2,2,2,2,2,2,2
131321,0,1,1989,0,15,13,10,4,0,15,0,0,0
131321,0,2,1989,20,13,7,0,13,20,17,11,22,17
131321,1,1,1989,3,3,3,3,3,3,3,3,3,3
131322,1,1,1989,0,0,0,0,0,0,0,0,0,0
131322,2,1,1989,0,0,0,0,0,0,0,0,0,0
131323,1,1,1989,0,0,0,0,0,0,0,0,0,0
131323,2,1,1989,0,0,0,0,0,0,0,0,0,0
131324,1,1,1989,0,0,0,0,0,0,0,0,0,0
131324,2,1,1989,0,0,0,0,0,0,0,0,0,0
131325,1,1,1989,23,23,23,23,23,23,23,23,23,23
131326,0,1,1989,18,18,18,18,18,18,18,18,18,18
131326,1,1,1989,0,0,0,0,0,0,0,0,0,0
131327,1,1,1989,19,19,19,19,19,19,19,19,19,19
131328,1,1,1989,24,24,24,24,24,24,24,24,24,24
131328,2,1,1989,0,0,0,0,0,0,0,0,0,0
131329,1,1,1989,0,0,0,0,0,0,0,0,0,0
131330,1,1,1989,0,0,0,0,0,0,0,0,0,0
131330,2,1,1989,0,0,0,0,0,0,0,0,0,0
131331,1,1,1989,0,0,0,0,0,0,0,0,0,0
131331,2,1,1989,34,34,34,34,34,34,34,34,34,34
131332,1,1,1989,27,27,27,27,27,27,27,27,27,27
131332,2,1,1989,0,0,0,0,0,0,0,0,0,0
131333,1,1,1989,0,0,0,0,0,0,0,0,0,0
131333,2,1,1989,0,0,0,0,0,0,0,0,0,0
131334,1,1,1989,17,17,17,17,17,17,17,17,17,17
131335,0,1,1989,0,0,0,0,0,0,0,0,0,0
131335,1,1,1989,0,0,0,0,0,0,0,0,0,0
131336,1,1,1989,6,6,6,6,6,6,6,6,6,6
131337,1,1,1989,0,0,0,0,0,0,0,0,0,0
131338,1,1,1989,16,18,22,27,16,20,35,21,11,17
131339,1,1,1989,0,35,26,0,0,0,0,10,0,23
131339,2,1,1989,0,0,13,0,9,27,0,0,0,0
131340,1,1,1989,0,0,0,0,0,0,0,0,0,0
131340,2,1,1989,0,0,0,0,0,0,0,0,0,0
131341,0,1,1989,23,23,23,23,23,23,23,23,23,23
131341,1,1,1989,6,6,6,6,6,6,6,6,6,6
131342,1,1,1989,0,0,0,0,0,0,0,0,0,0
131342,2,1,1989,0,0,0,0,0,0,0,0,0,0
131343,1,1,1989,0,0,16,9,0,0,0,0,0,0
131343,2,1,1989,20,20,20,20,20,20,20,20,20,20
131344,1,1,1989,18,0,0,0,0,0,0,0,0,10
131347,0,1,1989,0,0,0,0,0,0,14,0,0,0
131348,1,1,1989,9,17,0,25,24,11,33,14,22,19
131348,2,1,1989,0,0,19,16,0,0,0,0,0,0
131349,1,1,1989,0,0,0,0,0,0,0,0,0,0
131349,2,1,1989,0,0,0,0,0,0,0,0,0,0
131349,3,1,1989,0,0,0,0,0,0,0,0,0,0
131350,1,1,1989,0,0,0,0,0,0,0,0,0,0
131350,2,1,1989,0,0,0,0,0,0,0,0,0,0
131351,1,1,1989,0,0,0,0,0,0,0,0,0,0
131351,2,1,1989,9,9,9,9,9,9,9,9,9,9
131352,1,1,1989,17,17,17,17,17,17,17,17,17,17
131353,1,1,1989,0,0,0,0,0,0,0,0,0,0
131353,2,1,1989,0,0,0,0,0,0,0,0,0,0
131353,3,1,1989,0,0,0,0,0,0,0,0,0,0
131354,1,1,1989,0,0,0,0,0,0,0,0,0,0
131354,2,1,1989,0,0,0,0,0,0,0,0,0,0
131355,1,1,1989,7,7,7,7,7,7,7,7,7,7
131356,1,1,1989,0,0,0,0,0,0,0,0,0,0
131356,2,1,1989,27,27,27,27,27,27,27,27,27,27
131357,1,1,1989,0,0,0,0,0,0,0,0,0,0
131357,2,1,1989,0,0,0,0,0,0,0,0,0,0
131358,1,1,1989,0,0,0,0,0,0,0,0,0,0
131358,2,1,1989,0,0,0,0,0,0,0,0,0,0
131359,1,1,1989,0,0,0,0,0,0,0,0,0,0
131359,2,1,1989,0,11,0,4,0,0,0,0,26,0
131360,1,1,1989,0,0,0,0,0,0,0,0,0,0
131361,1,1,1989,0,0,0,0,0,0,0,0,0,0
131361,2,1,1989,0,0,0,0,0,0,0,0,0,0
131362,1,1,1989,12,12,12,12,12,12,12,12,12,12
131363,1,1,1989,0,0,0,0,0,0,0,0,0,0
131364,1,1,1989,20,20,20,20,20,20,20,20,20,20
131365,1,1,1989,20,20,20,20,20,20,20,20,20,20
131366,1,1,1989,14,14,14,14,14,14,14,14,14,14
131367,0,1,1989,18,18,18,18,18,18,18,18,18,18
131367,1,1,1989,0,0,0,13,0,0,0,0,0,0
131368,1,1,1989,42,42,42,42,42,42,42,42,42,42
131368,2,1,1989,9,0,0,0,0,0,0,0,0,0
131368,3,1,1989,0,0,0,0,0,0,19,0,0,0
131369,0,1,1989,0,0,0,0,0,0,0,0,0,0
131369,1,1,1989,0,0,0,0,0,0,0,0,0,0
131370,0,1,1989,27,27,27,27,27,27,27,27,27,27
131370,1,1,1989,0,6,0,0,0,0,0,0,0,0
131371,1,1,1989,19,19,19,19,19,19,19,19,19,19
131372,1,1,1989,0,0,0,0,0,0,0,0,0,0
131372,2,1,1989,0,0,0,0,0,0,10,0,0,0
131372,3,1,1989,0,12,9,12,0,11,8,0,9,0
131373,1,1,1989,12,12,12,12,12,12,12,12,12,12
131374,1,1,1989,0,0,0,0,0,0,0,0,0,0
131375,1,1,1989,0,0,0,0,0,0,0,0,0,0
131375,2,1,1989,0,0,0,0,18,0,0,0,0,0
131376,1,1,1989,0,0,0,0,0,0,0,0,0,0
131376,2,1,1989,10,0,0,23,0,0,0,0,0,0
131377,1,1,1989,0,0,0,0,0,0,0,0,0,0
131378,1,1,1989,33,33,33,33,33,33,33,33,33,33
131378,2,1,1989,0,0,0,0,0,0,0,0,0,0
131379,0,1,1989,0,0,0,0,0,0,0,0,0,0
131379,1,1,1989,0,0,0,0,0,0,0,0,0,0
131380,1,1,1989,0,0,0,0,0,0,0,0,0,0
131381,0,1,1989,39,39,39,39,39,39,39,39,39,39
131381,1,1,1989,0,12,9,13,0,0,0,0,0,0
131382,1,1,1989,0,0,0,0,0,0,0,0,0,0
131382,2,1,1989,0,0,0,0,0,0,0,0,0,0
131383,1,1,1989,28,28,28,28,28,28,28,28,28,28
131384,1,1,1989,25,25,25,25,25,25,25,25,25,25
131384,2,1,1989,0,0,0,0,0,0,0,11,0,0
131385,1,1,1989,19,19,19,19,19,19,19,19,19,19
131386,0,1,1989,30,30,30,30,30,30,30,30,30,30
131386,1,1,1989,16,16,16,16,16,16,16,16,16,16
131387,1,1,1989,30,30,30,30,30,30,30,30,30,30
131389,0,1,1989,44,44,44,44,44,44,44,44,44,44
131389,1,1,1989,0,0,0,0,0,0,0,0,0,0
131390,1,1,1989,14,12,9,16,14,22,0,12,6,16
131390,2,1,1989,0,0,0,0,0,0,0,0,0,0
131390,3,1,1989,0,0,0,0,0,0,0,0,0,0
131391,1,1,1989,0,0,0,0,0,0,0,0,0,0
131392,1,1,1989,44,44,44,44,44,44,44,44,44,44
131393,1,1,1989,11,11,11,11,11,11,11,11,11,11
131394,1,1,1989,0,0,0,0,0,0,0,0,0,0
131395,1,1,1989,0,0,0,0,0,0,0,0,0,0
131395,2,1,1989,22,22,22,22,22,22,22,22,22,22
131396,1,1,1989,30,30,30,30,30,30,30,30,30,30
131397,1,1,1989,0,0,0,0,0,0,0,0,0,0
131397,2,1,1989,0,0,0,0,0,0,0,0,0,0
131398,1,1,1989,0,0,0,0,0,0,0,0,0,0
131399,1,1,1989,0,0,0,0,0,0,0,0,0,0
131400,1,1,1989,0,19,4,11,30,0,0,0,0,16
131400,2,1,1989,0,0,0,0,0,0,0,0,0,0
131401,1,1,1989,0,0,0,0,0,0,0,0,0,0
131401,2,1,1989,0,0,0,0,0,0,0,0,0,0
131402,0,1,1989,0,0,0,0,0,0,0,0,0,0
131402,1,1,1989,0,0,0,0,0,0,0,0,0,0
131403,1,1,1989,14,14,14,14,14,14,14,14,14,14
131404,1,1,1989,18,18,18,18,18,18,18,18,18,18
131405,1,1,1989,0,0,0,0,0,0,0,0,0,0
131405,2,1,1989,0,0,0,0,0,0,0,0,0,0
131405,3,1,1989,0,0,0,0,0,0,0,0,0,0
131406,1,1,1989,0,0,0,0,0,0,0,0,0,0
131406,2,1,1989,0,0,0,0,0,0,0,0,0,0
131407,0,1,1989,3,3,3,3,3,3,3,3,3,3
131407,1,1,1989,0,0,0,0,0,0,0,0,0,0
131408,1,1,1989,16,16,16,16,16,16,16,16,16,16
131409,1,1,1989,0,0,0,0,0,0,0,0,0,0
131410,1,1,1989,17,17,17,17,17,17,17,17,17,17
131411,1,1,1989,0,0,0,0,0,0,0,0,0,0
131411,2,1,1989,0,0,0,0,0,0,0,0,0,0
131412,1,1,1989,0,0,0,0,0,0,0,0,0,0
131413,1,1,1989,0,0,0,0,0,0,0,0,0,0
131413,2,1,1989,0,0,0,0,0,0,0,0,0,0
131414,1,1,1989,11,11,11,11,11,11,11,11,11,11
131415,0,1,1989,33,0,0,0,0,0,0,0,0,0
131415,1,1,1989,19,25,14,0,13,0,0,0,0,0
131416,1,1,1989,21,21,21,21,21,21,21,21,21,21
131417,1,1,1989,0,0,0,0,0,0,0,0,0,0
131418,1,1,1989,8,0,0,32,26,10,13,9,23,23
131419,1,1,1989,0,0,0,0,0,0,0,0,0,0
131419,2,1,1989,0,0,0,0,0,0,0,0,0,0
131420,1,1,1989,0,0,0,0,0,0,0,0,0,0
131421,0,1,1989,0,0,0,0,0,0,0,0,0,0
131421,0,2,1989,0,0,0,0,0,0,0,0,0,0
131421,1,1,1989,0,0,0,0,0,0,0,0,0,0
131422,1,1,1989,19,19,19,19,19,19,19,19,19,19
131423,0,1,1989,35,35,35,35,35,35,35,35,35,35
131423,1,1,1989,0,0,0,0,0,0,0,0,0,0
131424,0,1,1989,28,28,28,28,28,28,28,28,28,28
131424,1,1,1989,0,0,0,0,0,0,0,0,0,0
131425,0,1,1989,17,31,13,31,21,25,0,11,15,5
131425,1,1,1989,33,33,33,33,33,33,33,33,33,33
131426,1,1,1989,0,0,0,0,0,0,0,11,0,0
131427,1,1,1989,20,20,20,20,20,20,20,20,20,20
131427,2,1,1989,0,0,0,0,0,0,0,0,0,0
131428,1,1,1989,0,0,0,0,15,0,0,0,0,0
131429,1,1,1989,15,12,18,0,31,0,20,0,0,0
131429,2,1,1989,0,0,0,0,20,0,18,0,0,29
131430,0,1,1989,17,17,17,17,17,17,17,17,17,17
131430,0,2,1989,15,0,14,19,21,27,0,9,0,22
131430,1,1,1989,15,0,19,0,0,0,25,0,0,15
131431,1,1,1989,21,21,21,21,21,21,21,21,21,21
131432,0,1,1989,0,0,0,0,0,0,0,0,0,0
131432,1,1,1989,0,0,0,0,0,0,0,0,0,0
131433,1,1,1989,31,31,31,31,31,31,31,31,31,31
131434,0,1,1989,0,0,0,0,17,19,0,0,0,24
131434,1,1,1989,0,0,0,0,0,0,0,0,0,0
131435,1,1,1989,0,0,0,0,0,0,0,0,0,0
131436,1,1,1989,0,0,0,0,0,0,0,0,0,0
131436,2,1,1989,0,0,0,0,0,0,0,0,0,0
131437,1,1,1989,10,10,10,10,10,10,10,10,10,10
131438,1,1,1989,26,26,26,26,26,26,26,26,26,26
131438,2,1,1989,0,0,0,25,0,0,0,0,10,0
131439,1,1,1989,0,0,0,0,0,0,0,0,0,0
131439,2,1,1989,0,0,0,0,0,0,0,0,0,0
131440,1,1,1989,0,20,27,14,29,0,19,35,9,0
131441,1,1,1989,0,0,0,0,0,0,25,0,10,0
131442,1,1,1989,0,0,0,0,0,0,0,0,0,0
131442,2,1,1989,10,0,0,0,12,15,16,0,11,0
131443,1,1,1989,0,0,0,0,21,23,0,0,0,0
131444,1,1,1989,0,0,0,0,0,0,0,0,27,0
131446,1,1,1989,0,0,0,0,0,0,0,0,0,0
131446,2,1,1989,0,0,0,0,0,0,0,0,0,0
131447,0,1,1989,0,15,0,0,0,0,0,0,0,0
131447,1,1,1989,0,0,0,0,0,0,0,0,0,0
131448,0,1,1989,22,22,22,22,22,22,22,22,22,22
131448,1,1,1989,0,13,0,0,10,7,0,0,0,0
131449,1,1,1989,21,21,21,21,21,21,21,21,21,21
131449,2,1,1989,0,0,0,0,0,0,0,0,0,0
131449,3,1,1989,0,0,0,0,0,0,0,0,0,0
131450,0,1,1989,0,0,0,0,0,0,0,0,23,0
131450,1,1,1989,0,0,0,0,0,0,0,0,0,0
131451,1,1,1989,0,0,0,0,0,0,0,0,0,0
131451,2,1,1989,0,0,0,0,0,0,0,0,0,0
131452,1,1,1989,0,0,0,0,0,0,0,0,0,0
131452,2,1,1989,0,0,0,0,0,0,0,0,0,0
131453,0,1,1989,0,0,0,16,0,0,0,0,0,0
131453,1,1,1989,0,0,0,0,0,0,0,0,0,0
131454,1,1,1989,8,12,5,0,0,29,5,18,23,0
131455,1,1,1989,0,0,0,0,0,0,0,0,0,0
131456,0,1,1989,13,50,27,5,0,37,42,20,0,0
131456,1,1,1989,0,0,0,0,0,0,0,0,0,0
131457,1,1,1989,9,0,0,0,0,0,0,0,0,0
131458,1,1,1989,0,0,0,0,0,0,0,0,0,0
131458,2,1,1989,20,20,20,20,20,20,20,20,20,20
131460,1,1,1989,0,0,0,0,0,0,0,0,0,0
131460,2,1,1989,0,0,0,0,0,0,0,0,0,0
131461,1,1,1989,25,25,25,25,25,25,25,25,25,25
131462,1,1,1989,19,19,19,19,19,19,19,19,19,19
131463,0,1,1989,0,0,0,0,0,0,0,0,0,0
131463,1,1,1989,0,0,0,0,0,0,0,7,0,0
131464,1,1,1989,0,0,0,0,0,0,0,0,0,0
131465,1,1,1989,24,26,16,10,19,18,24,15,19,0
131466,1,1,1989,0,0,0,0,0,0,0,0,0,0
131466,2,1,1989,0,0,0,0,0,0,0,0,12,0
131467,1,1,1989,0,0,0,0,0,0,0,0,0,0
131468,0,1,1989,0,24,16,0,28,0,11,0,17,11
131468,1,1,1989,4,4,4,4,4,4,4,4,4,4
131469,0,1,1989,22,22,22,22,22,22,22,22,22,22
131469,2,1,1989,0,0,0,0,0,0,0,0,0,0
131470,1,1,1989,0,0,0,0,0,0,0,0,0,0
131470,2,1,1989,9,9,9,9,9,9,9,9,9,9
131471,1,1,1989,0,0,0,0,0,0,0,0,0,0
131471,2,1,1989,0,0,0,0,0,0,0,0,0,0
131472,0,1,1989,18,18,18,18,18,18,18,18,18,18
131472,1,1,1989,26,7,16,0,24,18,32,11,20,30
131473,1,1,1989,14,14,14,14,14,14,14,14,14,14
131474,1,1,1989,0,0,0,0,0,0,0,0,0,0
150001,1,1,1989,7,7,7,7,7,7,7,7,7,7
150003,1,1,1989,0,0,30,0,0,6,8,21,28,0
150003,2,1,1989,0,0,0,0,0,0,0,0,0,0
150004,1,1,1989,0,0,0,0,0,0,0,0,0,0
150004,2,1,1989,18,18,18,18,18,18,18,18,18,18
150005,0,1,1989,2,2,2,2,2,2,2,2,2,2
150005,1,1,1989,0,0,11,0,0,0,0,0,0,0
150006,1,1,1989,0,0,0,0,0,0,0,0,0,0
150006,2,1,1989,0,0,0,0,0,0,0,0,0,0
150007,0,1,1989,2,2,2,2,2,2,2,2,2,2
150007,1,1,1989,0,0,0,0,0,0,0,0,0,0
150008,1,1,1989,23,23,23,23,23,23,23,23,23,23
150008,2,1,1989,12,12,12,12,12,12,12,12,12,12
150009,1,1,1989,16,16,16,16,16,16,16,16,16,16
150010,1,1,1989,28,28,28,28,28,28,28,28,28,28
150010,2,1,1989,0,0,0,0,0,0,0,0,0,0
150011,1,1,1989,8,8,8,8,8,8,8,8,8,8
150012,0,1,1989,0,0,0,0,0,0,0,0,0,0
150012,1,1,1989,0,0,0,0,0,0,0,0,0,0
150013,1,1,1989,0,0,16,0,13,0,0,0,0,0
150014,1,1,1989,18,18,18,18,18,18,18,18,18,18
150015,1,1,1989,23,23,23,23,23,23,23,23,23,23
150016,1,1,1989,0,0,0,0,0,0,0,0,0,0
150017,1,1,1989,21,22,21,11,8,15,25,4,14,0
150017,2,1,1989,0,0,0,0,0,0,0,0,0,0
150018,0,1,1989,0,0,0,0,0,0,0,0,0,0
150018,0,2,1989,0,0,0,0,0,0,0,0,0,0
150018,1,1,1989,0,0,0,0,0,0,0,0,0,0
150019,1,1,1989,9,9,9,9,9,9,9,9,9,9
150020,0,1,1989,0,0,0,0,0,0,0,16,0,0
150020,1,1,1989,0,0,0,0,0,0,0,0,0,0
150021,0,1,1989,0,0,0,0,0,0,0,0,0,0
150021,1,1,1989,0,0,0,0,0,0,0,0,0,0
150022,1,1,1989,17,17,17,17,17,17,17,17,17,17
150022,2,1,1989,0,0,0,0,0,6,0,17,0,0
150023,1,1,1989,17,17,17,17,17,17,17,17,17,17
150024,1,1,1989,27,27,27,27,27,27,27,27,27,27
150025,0,1,1989,0,0,0,0,0,0,0,0,0,0
150025,1,1,1989,0,0,0,0,0,0,0,0,0,0
150026,1,1,1989,11,11,11,11,11,11,11,11,11,11
150027,1,1,1989,10,10,10,10,10,10,10,10,10,10
150028,1,1,1989,28,28,28,28,28,28,28,28,28,28
150028,2,1,1989,0,0,0,0,4,0,25,0,0,0
150029,0,1,1989,0,0,0,0,0,0,0,0,0,0
150029,1,1,1989,0,0,0,0,0,0,0,0,0,0
150030,1,1,1989,12,12,12,12,12,12,12,12,12,12
150030,2,1,1989,0,0,0,0,0,0,0,0,0,0
150030,3,1,1989,0,0,0,0,0,0,0,0,0,0
150031,1,1,1989,26,13,27,21,18,21,0,16,8,17
150032,1,1,1989,0,0,0,0,0,0,0,0,0,0
150032,2,1,1989,0,0,0,0,0,0,0,0,0,0
150032,3,1,1989,0,0,0,0,0,0,0,0,0,0
150033,0,1,1989,24,24,24,24,24,24,24,24,24,24
150033,1,1,1989,0,0,0,0,0,0,0,0,0,0
150034,0,1,1989,0,0,0,0,0,0,0,0,0,0
150034,1,1,1989,0,0,0,22,0,0,0,0,0,0
150035,0,1,1989,0,0,0,0,0,0,0,0,0,0
150035,1,1,1989,26,0,0,0,4,0,17,0,0,0
150036,0,1,1989,18,18,18,18,18,18,18,18,18,18
150036,1,1,1989,0,0,0,0,0,0,0,12,0,0
150037,0,1,1989,0,0,0,0,0,0,0,0,0,0
150037,1,1,1989,0,0,0,0,0,0,0,0,0,0
150038,1,1,1989,14,0,0,0,0,0,0,0,9,0
150038,2,1,1989,0,0,0,0,0,0,0,0,0,0
150039,1,1,1989,0,0,0,0,0,0,0,0,0,0
150039,2,1,1989,0,0,0,0,0,0,0,0,0,0
150039,3,1,1989,0,0,0,0,0,0,0,0,0,0
150040,1,1,1989,0,0,0,0,0,0,0,0,0,0
150040,2,1,1989,0,0,0,0,0,0,0,0,0,0
150041,1,1,1989,22,22,22,22,22,22,22,22,22,22
150041,2,1,1989,0,0,0,0,0,0,0,0,0,0
150042,0,1,1989,0,0,0,0,0,0,0,0,0,0
150042,1,1,1989,0,0,0,0,0,0,0,0,0,0
150043,0,1,1989,2,2,2,2,2,2,2,2,2,2
150043,1,1,1989,0,0,0,0,0,0,0,0,0,0
150044,1,1,1989,10,15,23,0,14,7,10,10,10,3
150045,0,1,1989,5,5,5,5,5,5,5,5,5,5
150045,1,1,1989,0,0,0,0,0,0,0,0,0,0
150046,1,1,1989,11,11,11,11,11,11,11,11,11,11
150047,0,1,1989,0,0,0,0,0,0,0,0,0,0
150047,1,1,1989,0,0,0,0,0,0,0,0,0,0
150048,1,1,1989,7,0,13,0,9,4,0,14,22,10
150048,2,1,1989,0,0,0,0,0,0,0,0,0,0
150049,1,1,1989,28,28,28,28,28,28,28,28,28,28
150049,2,1,1989,0,0,0,0,0,0,0,0,0,0
150050,1,1,1989,8,8,8,8,8,8,8,8,8,8
150050,2,1,1989,0,0,0,0,0,0,0,0,0,0
150051,0,1,1989,0,0,0,0,0,0,0,0,0,0
150051,1,1,1989,0,0,0,0,0,0,0,0,0,0
150052,1,1,1989,0,0,0,0,0,9,0,0,0,0
150052,2,1,1989,0,0,0,0,0,0,0,0,0,0
150052,3,1,1989,0,0,0,0,0,0,0,0,0,0
150052,4,1,1989,0,0,0,0,0,0,0,0,0,0
150052,5,1,1989,0,0,0,0,0,0,0,0,0,0
150052,6,1,1989,0,0,0,0,0,0,0,0,0,0
150053,0,1,1989,0,17,0,0,21,0,0,0,20,0
150053,1,1,1989,0,0,0,0,0,13,0,0,0,0
150054,1,1,1989,0,0,0,0,0,0,0,0,0,0
150055,0,1,1989,18,18,18,18,18,18,18,18,18,18
150055,1,1,1989,0,16,7,11,19,18,20,4,5,10
150056,1,1,1989,0,0,0,0,0,0,0,0,0,0
150056,2,1,1989,0,0,0,0,0,0,0,0,0,0
150057,1,1,1989,0,0,0,23,0,0,0,0,0,15
150058,1,1,1989,20,20,20,20,20,20,20,20,20,20
150059,0,1,1989,0,0,0,16,15,0,0,0,0,0
150059,1,1,1989,0,0,4,0,0,0,0,0,0,0
150060,1,1,1989,0,0,0,0,0,0,0,0,0,0
150061,1,1,1989,0,0,0,0,0,0,0,0,0,0
150062,0,1,1989,0,0,0,0,0,0,0,0,0,0
150062,1,1,1989,16,16,16,16,16,16,16,16,16,16
150063,1,1,1989,17,17,17,17,17,17,17,17,17,17
150064,0,1,1989,0,0,0,0,0,0,0,0,0,0
150064,1,1,1989,19,19,19,19,19,19,19,19,19,19
150065,1,1,1989,12,12,12,12,12,12,12,12,12,12
150066,0,1,1989,0,0,0,0,0,0,0,0,0,12
150066,1,1,1989,0,0,0,0,0,0,0,0,0,0
150067,1,1,1989,0,0,0,0,0,0,0,0,0,0
150068,1,1,1989,11,0,0,0,0,0,0,10,0,0
150068,2,1,1989,25,25,25,25,25,25,25,25,25,25
150069,0,1,1989,0,0,0,0,0,0,0,0,0,0
150069,0,2,1989,20,0,0,0,13,0,0,16,0,7
150069,1,1,1989,0,0,0,0,0,0,0,0,0,12
150070,1,1,1989,0,0,0,0,22,0,14,8,0,0
150071,1,1,1989,26,26,26,26,26,26,26,26,26,26
150073,1,1,1989,18,18,18,18,18,18,18,18,18,18
150074,0,1,1989,34,34,34,34,34,34,34,34,34,34
150074,1,1,1989,0,0,0,0,0,0,0,0,0,0
150075,1,1,1989,0,0,0,0,0,0,0,0,0,0
150076,1,1,1989,20,20,20,20,20,20,20,20,20,20
150077,1,1,1989,22,22,22,22,22,22,22,22,22,22
150078,1,1,1989,0,0,0,0,0,0,0,0,0,0
150079,1,1,1989,19,19,19,19,19,19,19,19,19,19
150079,2,1,1989,14,0,0,0,0,0,0,8,0,0
150080,1,1,1989,3,13,18,0,10,16,15,12,27,0
150080,2,1,1989,14,14,14,14,14,14,14,14,14,14
150081,1,1,1989,14,14,14,14,14,14,14,14,14,14
150081,2,1,1989,0,0,0,0,0,0,0,0,0,0
150082,1,1,1989,15,15,15,15,15,15,15,15,15,15
150082,2,1,1989,14,14,14,14,14,14,14,14,14,14
150083,1,1,1989,0,0,0,0,0,0,0,0,0,0
150083,2,1,1989,0,0,0,0,0,0,0,0,0,0
150083,3,1,1989,0,0,0,0,0,0,0,0,0,0
150084,1,1,1989,0,0,0,0,0,0,0,0,0,0
150084,2,1,1989,0,0,0,0,0,0,0,0,0,4
150085,1,1,1989,14,14,14,14,14,14,14,14,14,14
150085,2,1,1989,0,0,0,0,0,0,0,0,0,0
150086,1,1,1989,18,18,18,18,18,18,18,18,18,18
150087,0,1,1989,0,0,0,0,0,0,0,0,0,0
150087,1,1,1989,0,0,0,0,0,0,0,0,0,0
150088,1,1,1989,23,23,23,23,23,23,23,23,23,23
150088,2,1,1989,0,0,0,0,0,0,0,0,0,0
150088,3,1,1989,0,0,0,0,0,0,0,0,0,0
150089,1,1,1989,11,11,11,11,11,11,11,11,11,11
150090,1,1,1989,4,4,4,4,4,4,4,4,4,4
150091,1,1,1989,21,21,21,21,21,21,21,21,21,21
150092,1,1,1989,0,0,0,0,0,0,0,0,0,0
150093,0,1,1989,23,23,23,23,23,23,23,23,23,23
150093,1,1,1989,29,26,26,0,28,25,17,15,17,11
150094,1,1,1989,0,0,0,0,0,0,0,0,0,0
150095,1,1,1989,0,0,0,0,0,0,0,0,0,0
150095,2,1,1989,0,0,0,0,0,0,0,0,0,0
150096,1,1,1989,24,0,6,0,0,0,0,0,0,0
150096,2,1,1989,22,22,22,22,22,22,22,22,22,22
150097,1,1,1989,18,18,18,18,18,18,18,18,18,18
150097,2,1,1989,0,0,0,0,0,0,0,9,0,0
150097,3,1,1989,0,0,0,8,0,0,0,0,0,0
150098,0,1,1989,0,0,0,0,0,0,0,0,0,0
150098,1,1,1989,0,0,0,0,0,0,0,0,0,0
150099,1,1,1989,5,5,5,5,5,5,5,5,5,5
150100,1,1,1989,10,10,10,10,10,10,10,10,10,10
150101,1,1,1989,18,18,18,18,18,18,18,18,18,18
150102,1,1,1989,0,16,0,0,0,23,0,18,0,0
150103,1,1,1989,12,12,12,12,12,12,12,12,12,12
150103,2,1,1989,0,0,0,0,0,0,0,0,0,0
150104,1,1,1989,0,0,0,0,0,0,0,0,0,0
150105,1,1,1989,0,0,0,0,0,0,0,0,0,0
150105,2,1,1989,0,0,0,0,0,0,0,0,0,0
150106,1,1,1989,0,0,0,0,0,0,0,0,0,0
150107,1,1,1989,1,1,1,1,1,1,1,1,1,1
150108,1,1,1989,1,1,1,1,1,1,1,1,1,1
150108,2,1,1989,0,0,0,0,0,0,0,0,0,0
150110,0,1,1989,0,0,0,0,0,0,0,0,0,0
150110,1,1,1989,5,5,5,5,5,5,5,5,5,5
150111,0,1,1989,19,19,19,19,19,19,19,19,19,19
150111,1,1,1989,0,0,0,0,0,0,0,0,0,0
150112,0,1,1989,0,0,0,0,0,0,0,0,0,0
150112,1,1,1989,17,17,17,17,17,17,17,17,17,17
150114,1,1,1989,0,0,0,0,0,0,0,0,0,0
150114,2,1,1989,0,0,0,0,0,0,0,0,0,0
150115,1,1,1989,0,0,0,0,0,0,0,0,0,0
150116,1,1,1989,12,12,12,12,12,12,12,12,12,12
150117,0,1,1989,0,0,0,0,0,0,0,0,0,0
150117,1,1,1989,0,0,0,0,0,0,19,0,0,0
150117,2,1,1989,0,0,0,0,0,0,0,0,0,0
150118,0,1,1989,0,0,0,0,0,0,0,0,0,0
150118,1,1,1989,0,0,0,0,0,0,0,0,0,0
150118,2,1,1989,0,0,0,0,0,0,0,0,0,0
150119,1,1,1989,0,0,0,0,0,0,0,0,0,0
150120,1,1,1989,14,11,23,6,3,13,11,11,15,14
150121,1,1,1989,0,0,0,0,0,0,0,0,0,0
150121,2,1,1989,0,0,0,0,0,0,0,0,0,0
150121,3,1,1989,0,0,0,0,0,0,0,0,0,0
150122,1,1,1989,17,17,17,17,17,17,17,17,17,17
150123,1,1,1989,0,0,0,0,0,0,0,0,0,0
150123,2,1,1989,0,0,0,0,0,0,0,0,0,0
150124,1,1,1989,16,16,16,16,16,16,16,16,16,16
150125,1,1,1989,12,22,22,32,16,28,25,18,12,9
150126,1,1,1989,0,0,0,0,0,0,0,0,0,0
150126,2,1,1989,0,0,0,0,0,0,0,0,0,0
150127,1,1,1989,18,18,18,18,18,18,18,18,18,18