ST_CASE,VEH_NO,PER_NO,YEAR,P1,P2,P3,P4,P5,P6,P7,P8,P9,P10
170351,1,1,1989,9,0,0,0,21,0,0,0,0,0
170351,2,1,1989,0,0,0,0,0,0,0,0,0,0
170352,1,1,1989,20,15,31,23,20,0,27,23,11,11
170353,0,1,1989,18,18,18,18,18,18,18,18,18,18
170353,1,1,1989,0,0,0,19,13,0,0,12,8,0
170354,1,1,1989,0,0,0,0,0,0,0,20,0,0
170355,0,1,1989,35,35,35,35,35,35,35,35,35,35
170355,1,1,1989,0,0,0,0,0,0,0,0,0,0
170356,1,1,1989,16,16,16,16,16,16,16,16,16,16
170357,0,1,1989,0,0,0,0,0,0,0,0,0,0
170357,1,1,1989,0,0,0,0,0,0,0,0,0,0
170358,0,1,1989,7,7,7,7,7,7,7,7,7,7
170358,1,1,1989,18,18,18,18,18,18,18,18,18,18
170359,1,1,1989,22,22,22,22,22,22,22,22,22,22
170359,2,1,1989,0,0,0,0,0,0,15,10,0,0
170360,1,1,1989,17,17,17,17,17,17,17,17,17,17
170360,2,1,1989,0,0,0,0,0,0,0,0,0,0
170361,1,1,1989,26,26,26,26,26,26,26,26,26,26
170362,1,1,1989,5,5,5,5,5,5,5,5,5,5
170363,1,1,1989,0,0,0,0,0,0,0,0,0,0
170363,2,1,1989,0,0,0,0,0,0,0,0,0,0
170364,1,1,1989,24,24,24,24,24,24,24,24,24,24
170364,2,1,1989,0,0,0,0,0,0,0,0,0,0
170365,1,1,1989,0,0,0,0,0,0,0,0,0,0
170365,2,1,1989,0,0,0,0,0,0,0,0,0,0
170366,1,1,1989,17,17,17,17,17,17,17,17,17,17
170367,1,1,1989,16,16,16,16,16,16,16,16,16,16
170367,2,1,1989,0,0,0,0,0,0,0,0,0,0
170367,3,1,1989,0,0,0,0,0,0,0,0,0,0
170368,1,1,1989,20,20,20,20,20,20,20,20,20,20
170369,1,1,1989,0,0,0,0,0,0,0,0,0,0
170370,1,1,1989,6,14,28,9,9,26,12,17,7,14
170371,0,1,1989,0,0,0,0,0,0,0,0,0,0
170371,1,1,1989,0,0,0,0,0,0,0,0,0,0
170372,1,1,1989,0,10,0,22,12,11,14,5,27,0
170373,1,1,1989,0,0,0,0,0,0,0,0,0,0
170373,2,1,1989,22,22,22,22,22,22,22,22,22,22
170374,0,1,1989,0,0,0,0,0,0,0,0,0,0
170374,1,1,1989,0,0,3,0,0,0,0,0,0,0
170375,1,1,1989,10,10,10,10,10,10,10,10,10,10
170376,1,1,1989,0,32,0,0,0,0,0,0,0,0
170377,1,1,1989,16,16,16,16,16,16,16,16,16,16
170378,1,1,1989,12,12,12,12,12,12,12,12,12,12
170379,0,1,1989,0,16,0,0,0,0,0,0,0,26
170379,1,1,1989,0,0,0,0,0,0,0,0,0,0
170380,1,1,1989,20,20,20,20,20,20,20,20,20,20
170380,2,1,1989,0,0,0,0,0,0,13,15,0,25
170381,0,1,1989,6,6,6,6,6,6,6,6,6,6
170381,1,1,1989,0,0,0,0,0,0,0,0,0,0
170382,0,1,1989,0,0,0,0,0,0,0,0,0,0
170382,1,1,1989,0,0,0,0,0,0,0,0,0,0
170383,0,1,1989,26,26,26,26,26,26,26,26,26,26
170383,1,1,1989,10,0,0,0,0,0,20,0,0,0
170384,1,1,1989,0,0,0,0,0,0,0,0,0,0
170384,2,1,1989,0,0,0,0,0,0,0,0,0,0
170385,1,1,1989,33,33,33,33,33,33,33,33,33,33
170386,1,1,1989,0,0,0,0,0,0,0,0,0,0
170386,2,1,1989,0,0,0,7,0,0,0,0,0,0
170387,1,1,1989,26,26,26,26,26,26,26,26,26,26
170388,1,1,1989,12,12,12,12,12,12,12,12,12,12
170389,1,1,1989,24,24,24,24,24,24,24,24,24,24
170390,1,1,1989,0,0,0,23,15,33,0,0,0,0
170391,1,1,1989,12,12,12,12,12,12,12,12,12,12
170391,2,1,1989,0,0,0,0,0,0,0,0,0,0
170391,3,1,1989,0,0,0,0,0,0,0,0,0,0
170392,1,1,1989,0,0,0,0,0,0,0,0,0,0
170393,1,1,1989,0,0,0,0,0,0,0,0,0,0
170393,2,1,1989,25,25,25,25,25,25,25,25,25,25
170394,1,1,1989,0,0,0,0,0,0,0,0,0,0
170395,1,1,1989,0,0,0,0,0,0,0,0,0,0
170395,2,1,1989,0,0,0,0,0,0,0,0,0,0
170396,1,1,1989,0,0,10,0,0,0,0,0,0,0
170396,2,1,1989,0,0,0,0,0,0,0,0,0,0
170397,0,1,1989,22,0,27,0,0,0,0,0,20,13
170397,0,2,1989,7,0,0,0,0,0,0,0,7,0
170397,0,3,1989,0,0,0,19,10,0,0,18,16,7
170397,1,1,1989,0,0,5,0,0,0,0,0,0,0
170398,1,1,1989,0,0,0,0,0,0,0,0,0,0
170398,2,1,1989,0,0,0,24,0,0,0,0,0,0
170399,0,1,1989,0,0,0,0,0,0,0,0,0,0
170399,1,1,1989,0,0,0,0,0,0,0,0,0,0
170400,0,1,1989,0,0,0,0,0,0,0,0,0,0
170400,1,1,1989,0,0,0,0,0,0,0,0,0,0
170401,1,1,1989,0,0,0,0,0,0,0,0,0,0
170401,2,1,1989,0,0,0,0,0,0,0,0,0,0
170402,1,1,1989,0,9,0,0,0,18,0,0,0,0
170403,1,1,1989,0,0,0,0,0,0,0,0,0,0
170403,2,1,1989,0,0,0,0,0,0,0,0,0,0
170404,1,1,1989,0,0,0,0,0,0,0,0,0,0
170404,2,1,1989,0,0,0,0,0,0,0,0,0,0
170405,1,1,1989,0,0,0,0,0,0,0,0,0,0
170406,1,1,1989,16,0,0,23,0,0,0,0,24,0
170407,0,1,1989,22,22,22,22,22,22,22,22,22,22
170407,1,1,1989,0,0,0,0,0,0,0,0,0,0
170408,0,1,1989,21,21,21,21,21,21,21,21,21,21
170408,1,1,1989,0,0,0,0,0,0,0,0,0,0
170409,0,1,1989,0,0,0,0,0,0,0,0,0,0
170409,1,1,1989,0,0,0,0,0,0,0,0,0,0
170410,0,1,1989,0,0,0,0,0,0,0,0,0,0
170410,1,1,1989,7,8,4,36,13,19,6,0,19,12
170411,1,1,1989,15,15,15,15,15,15,15,15,15,15
170412,1,1,1989,13,13,13,13,13,13,13,13,13,13
170413,1,1,1989,30,30,30,30,30,30,30,30,30,30
170414,1,1,1989,26,26,26,26,26,26,26,26,26,26
170414,2,1,1989,0,22,0,0,0,0,18,0,4,0
170415,0,1,1989,0,0,0,0,0,0,0,0,0,0
170415,1,1,1989,0,0,0,0,0,0,0,0,0,0
170416,1,1,1989,36,36,36,36,36,36,36,36,36,36
170416,2,1,1989,0,0,0,0,0,0,0,0,0,0
170417,1,1,1989,25,25,25,25,25,25,25,25,25,25
170418,1,1,1989,24,24,24,24,24,24,24,24,24,24
170419,0,1,1989,0,0,0,0,0,0,0,8,0,0
170419,0,2,1989,0,0,0,0,0,0,0,0,0,0
170419,1,1,1989,0,0,0,0,0,0,0,0,0,0
170420,1,1,1989,17,17,17,17,17,17,17,17,17,17
170421,0,1,1989,0,21,0,15,9,0,0,26,0,0
170421,1,1,1989,19,19,19,19,19,19,19,19,19,19
170422,1,1,1989,0,0,0,0,0,0,0,0,0,0
170422,2,1,1989,0,0,0,0,0,0,0,0,0,0
170423,0,1,1989,0,18,31,0,0,0,0,0,0,26
170423,1,1,1989,0,0,0,0,0,0,0,0,0,0
170424,0,1,1989,17,0,0,0,8,0,0,0,0,0
170424,1,1,1989,0,0,0,0,0,0,0,0,0,0
170425,1,1,1989,9,9,9,9,9,9,9,9,9,9
170425,2,1,1989,0,0,0,0,0,0,0,0,0,0
170425,3,1,1989,0,0,0,0,0,0,0,0,0,0
170426,1,1,1989,0,0,0,0,0,0,0,0,0,0
170427,1,1,1989,0,0,0,0,0,0,0,0,0,0
170427,2,1,1989,0,0,0,0,0,0,0,0,0,0
170428,1,1,1989,0,0,0,0,0,0,0,0,0,0
170429,1,1,1989,0,0,0,0,0,0,0,0,0,0
170430,1,1,1989,0,0,0,0,0,0,0,0,0,0
170430,2,1,1989,0,0,0,0,0,0,0,0,0,0
170431,1,1,1989,0,0,0,0,0,0,0,0,0,0
170431,2,1,1989,0,0,0,0,0,0,0,0,0,0
170432,0,1,1989,0,0,0,0,0,0,0,0,0,0
170432,1,1,1989,0,0,0,0,0,0,0,0,0,0
170433,1,1,1989,0,0,0,0,0,0,0,0,0,0
170433,2,1,1989,0,0,0,11,0,0,0,0,0,0
170434,1,1,1989,0,0,0,0,0,0,0,0,0,0
170434,2,1,1989,0,0,5,0,0,0,0,0,0,0
170435,1,1,1989,23,23,23,23,23,23,23,23,23,23
170436,1,1,1989,0,0,0,0,0,0,0,0,0,0
170436,2,1,1989,0,0,0,0,0,0,0,0,0,0
170437,1,1,1989,21,21,21,21,21,21,21,21,21,21
170438,1,1,1989,19,19,19,19,19,19,19,19,19,19
170439,1,1,1989,12,12,12,12,12,12,12,12,12,12
170440,0,1,1989,0,0,0,0,0,0,0,0,0,0
170440,0,2,1989,0,16,9,0,0,0,0,0,16,16
170440,1,1,1989,16,16,16,16,16,16,16,16,16,16
170441,1,1,1989,22,22,22,22,22,22,22,22,22,22
170442,1,1,1989,17,17,17,17,17,17,17,17,17,17
170443,1,1,1989,0,0,0,15,16,0,0,0,0,0
170444,0,1,1989,0,0,0,0,0,0,0,0,0,0
170444,1,1,1989,0,13,0,0,0,0,0,0,0,0
170445,1,1,1989,17,17,17,17,17,17,17,17,17,17
170446,1,1,1989,0,0,0,0,0,0,0,0,0,0
170446,2,1,1989,0,0,0,0,0,0,0,0,0,0
170447,1,1,1989,0,19,6,0,0,0,0,13,0,25
170448,1,1,1989,0,0,0,0,0,0,0,0,0,0
170449,1,1,1989,0,0,0,0,0,0,0,0,0,0
170449,2,1,1989,0,0,0,0,6,0,0,0,0,0
170450,1,1,1989,12,30,0,25,0,14,0,15,20,0
170451,1,1,1989,0,0,0,0,0,0,0,0,0,0
170451,2,1,1989,0,0,11,0,0,0,12,0,0,0
170452,1,1,1989,5,5,5,5,5,5,5,5,5,5
170453,1,1,1989,0,0,0,0,0,0,0,0,0,0
170453,2,1,1989,0,0,0,0,0,0,0,0,0,0
170453,3,1,1989,0,0,0,0,0,0,0,0,0,0
170454,0,1,1989,0,0,0,0,0,0,0,0,0,0
170454,1,1,1989,0,0,0,0,0,0,0,0,0,0
170455,1,1,1989,18,18,18,18,18,18,18,18,18,18
170456,1,1,1989,20,20,20,20,20,20,20,20,20,20
170456,2,1,1989,0,0,0,0,0,0,0,0,0,0
170457,1,1,1989,23,23,23,23,23,23,23,23,23,23
170458,1,1,1989,7,7,7,7,7,7,7,7,7,7
170459,1,1,1989,2,2,2,2,2,2,2,2,2,2
170460,1,1,1989,31,31,31,31,31,31,31,31,31,31
170461,1,1,1989,0,0,0,0,0,0,0,0,0,0
170461,2,1,1989,0,0,0,0,0,0,0,0,0,0
170461,3,1,1989,14,13,0,0,0,0,0,0,0,0
170462,1,1,1989,0,0,0,0,0,0,0,0,0,0
170463,0,1,1989,0,0,0,0,0,0,0,0,0,0
170463,1,1,1989,0,0,0,0,14,0,0,0,0,0
170464,1,1,1989,0,0,0,0,0,0,0,0,0,0
170465,1,1,1989,0,0,0,0,0,0,0,0,0,0
170466,1,1,1989,0,11,0,0,0,0,0,0,0,0
170466,2,1,1989,0,0,25,0,0,0,0,0,0,0
170466,3,1,1989,0,0,0,0,0,0,0,0,0,0
170467,1,1,1989,7,7,7,7,7,7,7,7,7,7
170467,2,1,1989,0,0,0,0,0,0,0,0,0,0
170468,1,1,1989,0,0,0,0,0,0,0,0,0,0
170469,1,1,1989,12,12,12,12,12,12,12,12,12,12
170470,1,1,1989,0,0,0,0,0,0,0,0,0,0
170470,2,1,1989,0,0,0,0,0,0,0,0,0,0
170472,1,1,1989,0,10,0,0,0,0,0,0,0,0
170472,2,1,1989,0,0,0,0,0,0,0,0,27,0
170473,1,1,1989,34,34,34,34,34,34,34,34,34,34
170474,0,1,1989,0,0,0,0,0,0,0,0,0,0
170474,1,1,1989,0,0,0,0,0,0,0,0,0,0
170475,1,1,1989,10,10,10,10,10,10,10,10,10,10
170476,1,1,1989,23,0,12,9,25,24,12,6,30,25
170476,2,1,1989,1,1,1,1,1,1,1,1,1,1
170477,1,1,1989,10,0,0,0,0,0,0,0,0,0
170477,2,1,1989,0,0,0,0,0,0,0,0,0,0
170478,1,1,1989,7,9,16,25,14,12,32,10,19,4
170479,0,1,1989,0,0,0,0,0,0,0,0,0,0
170479,1,1,1989,0,0,0,0,0,0,0,7,0,0
170480,0,1,1989,0,0,0,0,0,0,0,0,0,0
170480,1,1,1989,14,14,14,14,14,14,14,14,14,14
170480,2,1,1989,0,0,0,0,0,0,0,0,0,0
170481,1,1,1989,0,0,0,21,0,0,23,0,0,16
170482,0,1,1989,0,8,0,18,0,0,0,0,0,0
170482,1,1,1989,0,0,0,0,0,0,0,0,0,0
170482,2,1,1989,0,0,0,0,0,0,0,0,0,0
170483,0,1,1989,0,0,0,0,0,0,0,0,0,0
170483,1,1,1989,0,0,0,0,0,0,0,0,0,0
170484,0,1,1989,0,0,0,0,0,0,8,0,0,0
170484,1,1,1989,0,0,0,0,0,0,0,0,0,0
170485,1,1,1989,0,14,17,0,0,0,0,0,0,0
170485,2,1,1989,0,0,0,0,0,0,0,0,0,0
170486,1,1,1989,0,0,0,0,0,0,8,0,0,0
170486,2,1,1989,0,0,0,0,0,0,0,0,0,0
170487,1,1,1989,22,22,22,22,22,22,22,22,22,22
170488,1,1,1989,4,4,4,4,4,4,4,4,4,4
170488,2,1,1989,0,0,0,0,19,0,0,0,0,0
170489,1,1,1989,20,13,0,11,13,16,12,22,8,0
170489,2,1,1989,0,0,0,0,0,0,14,0,0,0
170490,1,1,1989,0,0,0,0,0,0,0,0,0,0
170490,2,1,1989,0,0,0,0,0,0,0,0,0,0
170491,1,1,1989,12,12,12,12,12,12,12,12,12,12
170491,2,1,1989,0,0,0,0,0,0,0,0,0,0
170492,1,1,1989,0,0,0,0,0,0,0,4,0,0
170493,1,1,1989,0,0,0,0,0,0,0,0,0,0
170493,2,1,1989,0,0,0,0,0,0,0,0,0,0
170494,1,1,1989,35,35,35,35,35,35,35,35,35,35
170495,0,1,1989,0,0,0,0,0,0,0,0,0,0
170495,1,1,1989,0,17,0,0,0,0,0,0,1,0
170496,1,1,1989,0,0,0,0,0,0,0,0,0,0
170496,2,1,1989,0,0,0,0,0,0,0,0,0,0
170497,1,1,1989,0,0,0,0,0,0,0,0,0,10
170497,2,1,1989,0,0,0,0,0,0,0,15,0,0
170499,1,1,1989,1,1,1,1,1,1,1,1,1,1
170499,2,1,1989,1,1,1,1,1,1,1,1,1,1
170500,1,1,1989,0,0,0,0,0,0,0,0,0,0
170501,1,1,1989,27,27,27,27,27,27,27,27,27,27
170502,1,1,1989,0,0,0,0,0,0,0,0,0,0
170502,2,1,1989,0,0,0,0,0,0,0,0,0,0
170503,1,1,1989,24,24,24,24,24,24,24,24,24,24
170504,1,1,1989,13,16,35,0,6,7,22,0,16,9
170505,1,1,1989,0,0,0,0,0,0,0,0,0,0
170505,2,1,1989,11,16,22,9,10,0,28,24,14,2
170506,1,1,1989,0,0,0,0,0,0,0,0,0,0
170506,2,1,1989,0,0,0,0,0,0,0,0,0,0
170506,3,1,1989,0,0,0,0,0,0,0,0,11,0
170507,1,1,1989,20,20,20,20,20,20,20,20,20,20
170508,1,1,1989,0,0,0,0,0,0,0,0,0,0
170508,2,1,1989,0,0,0,0,0,0,0,0,0,0
170509,1,1,1989,0,0,0,0,0,0,0,0,0,0
170510,1,1,1989,21,0,0,17,0,0,0,9,23,0
170510,2,1,1989,0,0,0,0,0,0,0,0,0,0
170511,1,1,1989,0,0,0,0,0,0,0,0,0,0
170512,1,1,1989,0,0,21,0,10,0,0,0,0,0
170513,0,1,1989,0,0,0,0,0,0,0,0,0,0
170513,1,1,1989,0,0,0,0,0,0,0,0,0,0
170514,1,1,1989,0,0,0,0,0,0,0,0,0,0
170514,2,1,1989,0,0,0,0,0,0,0,0,0,0
170515,1,1,1989,29,29,29,29,29,29,29,29,29,29
170516,1,1,1989,26,26,26,26,26,26,26,26,26,26
170517,1,1,1989,0,0,0,0,0,0,0,0,0,0
170517,2,1,1989,0,0,0,0,0,0,0,0,0,0
170518,1,1,1989,19,19,19,19,19,19,19,19,19,19
170518,2,1,1989,0,0,0,0,0,0,0,0,0,0
170519,1,1,1989,0,0,0,0,0,0,0,0,0,0
170519,2,1,1989,0,0,0,0,11,0,0,0,0,0
170519,3,1,1989,0,0,0,0,0,0,0,0,0,0
170520,1,1,1989,17,17,17,17,17,17,17,17,17,17
170520,2,1,1989,0,0,0,0,0,0,0,0,0,0
170521,1,1,1989,2,2,2,2,2,2,2,2,2,2
170521,2,1,1989,0,0,8,0,0,0,0,15,35,0
170522,0,1,1989,0,0,0,0,0,0,0,0,0,0
170522,1,1,1989,0,0,0,0,0,0,0,18,0,0
170523,1,1,1989,15,15,15,15,15,15,15,15,15,15
170524,1,1,1989,21,0,0,14,15,0,32,0,0,9
170525,1,1,1989,21,21,21,21,21,21,21,21,21,21
170525,2,1,1989,0,0,0,0,0,0,0,0,0,0
170526,1,1,1989,0,0,0,0,0,0,0,0,0,0
170527,1,1,1989,9,9,9,9,9,9,9,9,9,9
170528,1,1,1989,2,2,2,2,2,2,2,2,2,2
170529,0,1,1989,0,0,0,0,0,0,0,0,0,0
170529,1,1,1989,0,0,11,0,0,0,0,0,0,0
170529,2,1,1989,0,0,0,0,0,0,0,0,0,0
170530,1,1,1989,17,17,17,17,17,17,17,17,17,17
170531,1,1,1989,12,12,12,12,12,12,12,12,12,12
170532,1,1,1989,26,26,26,26,26,26,26,26,26,26
170532,2,1,1989,0,4,21,9,14,12,5,13,7,12
170533,1,1,1989,0,0,0,0,0,0,0,0,0,0
170533,2,1,1989,0,0,0,0,0,0,0,0,0,0
170534,1,1,1989,16,9,28,18,15,35,24,13,12,0
170535,1,1,1989,0,0,0,0,0,0,19,0,0,0
170535,2,1,1989,0,0,0,0,0,0,0,0,0,0
170536,1,1,1989,0,0,0,0,0,0,0,0,0,0
170536,2,1,1989,0,4,0,0,0,0,13,24,0,14
170537,0,1,1989,0,0,0,0,0,0,0,0,0,0
170537,0,2,1989,0,0,11,0,4,0,0,0,4,0
170537,0,3,1989,0,40,0,0,12,0,0,0,6,0
170537,0,4,1989,0,0,0,18,0,7,12,0,4,10
170537,1,1,1989,29,29,29,29,29,29,29,29,29,29
170538,1,1,1989,0,18,0,0,0,0,8,0,0,0
170539,1,1,1989,0,0,0,0,0,0,0,0,0,0
170539,2,1,1989,15,15,15,15,15,15,15,15,15,15
170540,0,1,1989,0,0,0,0,0,0,0,0,0,0
170540,1,1,1989,0,0,0,0,0,0,0,0,0,0
170541,0,1,1989,14,14,14,14,14,14,14,14,14,14
170541,1,1,1989,0,0,0,0,0,0,0,0,0,0
170542,0,1,1989,6,6,6,6,6,6,6,6,6,6
170542,1,1,1989,0,7,0,0,26,18,23,0,0,0
170543,1,1,1989,0,0,0,0,0,0,0,0,0,0
170543,2,1,1989,0,0,0,0,0,0,0,0,0,0
170543,3,1,1989,0,0,0,0,0,0,0,0,0,0
170544,1,1,1989,7,7,7,7,7,7,7,7,7,7
170544,2,1,1989,0,0,0,0,0,0,0,0,0,0
170545,1,1,1989,0,0,0,0,0,0,0,0,0,0
170545,2,1,1989,0,0,0,0,0,0,0,0,0,0
170545,3,1,1989,0,0,0,0,0,0,0,0,0,0
170546,1,1,1989,0,0,0,0,0,0,0,0,0,0
170546,2,1,1989,0,0,0,0,0,0,0,0,0,0
170547,1,1,1989,0,0,0,0,0,0,0,0,0,0
170547,2,1,1989,0,0,0,0,0,0,0,0,0,0
170548,1,1,1989,0,0,0,0,0,0,0,0,0,0
170548,2,1,1989,0,0,0,0,0,17,0,0,0,0
170549,1,1,1989,14,14,14,14,14,14,14,14,14,14
170549,2,1,1989,0,0,0,0,0,0,0,0,0,0
170550,1,1,1989,0,0,0,0,0,0,0,0,0,0
170551,1,1,1989,0,0,0,0,0,0,0,0,0,0
170551,2,1,1989,0,0,0,0,0,0,0,0,0,0
170552,1,1,1989,2,2,2,2,2,2,2,2,2,2
170552,2,1,1989,0,0,0,0,0,0,0,0,0,0
170553,1,1,1989,0,0,12,0,0,0,0,0,0,0
170553,2,1,1989,0,0,0,0,0,0,0,0,0,0
170554,1,1,1989,5,5,5,5,5,5,5,5,5,5
170555,1,1,1989,14,13,0,15,15,11,11,11,9,33
170556,1,1,1989,12,12,12,12,12,12,12,12,12,12
170556,2,1,1989,0,0,0,0,0,0,0,0,0,0
170557,1,1,1989,6,6,6,6,6,6,6,6,6,6
170558,1,1,1989,27,27,27,27,27,27,27,27,27,27
170558,2,1,1989,3,0,0,0,0,29,0,0,0,0
170559,0,1,1989,0,0,0,0,0,0,0,0,0,0
170559,0,2,1989,0,0,0,0,0,0,0,0,0,0
170559,1,1,1989,0,0,8,0,11,0,0,0,0,0
170560,1,1,1989,9,9,9,9,9,9,9,9,9,9
170561,0,1,1989,0,0,0,0,0,0,0,0,0,0
170561,1,1,1989,0,0,0,0,5,10,17,23,17,0
170562,1,1,1989,0,0,0,0,0,0,0,0,0,0
170562,2,1,1989,0,0,0,0,0,0,0,0,0,0
170562,3,1,1989,0,0,0,0,0,0,0,0,0,0
170563,1,1,1989,0,0,0,0,0,0,0,0,0,0
170563,2,1,1989,0,0,0,0,0,0,0,0,0,0
170564,1,1,1989,14,14,14,14,14,14,14,14,14,14
170564,2,1,1989,0,0,0,0,0,0,0,0,0,0
170564,3,1,1989,0,0,0,0,0,0,0,0,0,0
170565,1,1,1989,0,0,0,0,19,0,8,12,0,0
170565,2,1,1989,0,0,0,0,0,0,0,0,0,0
170566,1,1,1989,19,19,19,19,19,19,19,19,19,19
170566,2,1,1989,0,0,0,0,0,0,0,0,0,0
170566,3,1,1989,0,0,0,0,0,0,0,0,0,0
170567,1,1,1989,0,0,0,0,0,0,0,0,0,0
170567,2,1,1989,0,0,0,0,0,0,0,0,0,0
170568,1,1,1989,0,0,0,0,0,0,0,0,0,0
170568,2,1,1989,0,0,0,0,0,0,0,0,0,0
170569,1,1,1989,0,0,0,0,0,0,0,0,0,0
170569,2,1,1989,0,0,0,0,0,0,0,0,0,0
170570,0,1,1989,0,0,0,0,0,0,0,0,0,0
170570,1,1,1989,0,0,0,0,0,0,0,0,0,0
170571,1,1,1989,13,13,13,13,13,13,13,13,13,13
170571,2,1,1989,0,0,0,0,0,0,0,0,0,0
170572,1,1,1989,0,0,0,0,0,0,0,0,0,0
170573,1,1,1989,17,17,17,17,17,17,17,17,17,17
170574,1,1,1989,20,20,20,20,20,20,20,20,20,20
170574,2,1,1989,0,0,0,0,0,0,0,0,0,0
170575,1,1,1989,20,20,20,20,20,20,20,20,20,20
170576,1,1,1989,0,6,0,0,0,0,0,0,0,0
170576,2,1,1989,0,0,0,0,0,0,0,0,0,0
170577,0,1,1989,17,17,17,17,17,17,17,17,17,17
170577,1,1,1989,0,0,0,0,0,0,0,0,0,0
170578,1,1,1989,0,0,0,0,0,0,0,0,0,0
170578,2,1,1989,0,0,0,0,0,0,0,0,0,0
170578,3,1,1989,0,0,0,0,0,0,0,0,0,0
170578,4,1,1989,0,0,0,0,0,0,0,0,0,0
170578,5,1,1989,0,0,0,0,0,0,0,0,0,0
170579,1,1,1989,14,14,14,14,14,14,14,14,14,14
170579,2,1,1989,0,0,0,0,0,0,0,0,0,0
170579,3,1,1989,0,0,0,0,0,0,0,0,0,0
170580,0,1,1989,4,0,0,22,42,0,0,5,26,11
170580,1,1,1989,11,0,6,26,27,14,9,8,15,7
170581,1,1,1989,19,19,19,19,19,19,19,19,19,19
170582,1,1,1989,22,22,22,22,22,22,22,22,22,22
170583,0,1,1989,0,0,0,0,0,0,0,0,0,0
170583,1,1,1989,0,0,0,0,0,0,11,0,0,0
170584,1,1,1989,22,22,22,22,22,22,22,22,22,22
170585,1,1,1989,0,0,0,0,0,0,0,0,0,0
170585,2,1,1989,0,0,0,0,0,0,0,0,0,0
170586,1,1,1989,31,31,31,31,31,31,31,31,31,31
170586,2,1,1989,0,0,0,0,0,0,0,0,0,0
170587,0,1,1989,23,23,23,23,23,23,23,23,23,23
170587,1,1,1989,0,0,0,0,0,0,15,0,0,10
170588,1,1,1989,8,0,0,19,12,0,0,0,0,15
170589,1,1,1989,0,0,0,0,0,0,0,0,0,0
170589,2,1,1989,0,0,13,0,0,0,0,0,0,0
170590,1,1,1989,0,0,0,0,0,0,0,0,0,0
170591,1,1,1989,0,0,0,0,0,0,0,0,0,0
170592,0,1,1989,12,0,0,0,37,20,0,0,0,0
170592,0,2,1989,0,0,9,12,17,19,35,8,27,31
170592,1,1,1989,0,0,0,0,0,0,0,0,0,0
170593,1,1,1989,4,4,4,4,4,4,4,4,4,4
170593,2,1,1989,0,0,0,0,0,0,0,0,12,0
170594,1,1,1989,0,0,0,0,23,0,0,0,0,0
170595,1,1,1989,23,3,17,10,6,16,12,14,26,12
170595,2,1,1989,0,0,0,21,0,0,0,0,3,0
170596,1,1,1989,0,0,0,0,0,0,0,0,0,0
170597,1,1,1989,9,9,9,9,9,9,9,9,9,9
170597,2,1,1989,7,0,0,0,0,0,0,15,0,0
170598,1,1,1989,0,0,0,0,0,0,0,0,0,0
170599,1,1,1989,0,0,0,0,0,0,0,0,0,0
170599,2,1,1989,0,0,0,0,0,0,0,0,0,0
170600,1,1,1989,11,11,11,11,11,11,11,11,11,11
170601,1,1,1989,0,0,0,0,0,0,0,0,0,0
170601,2,1,1989,0,0,0,0,0,0,0,0,0,0
170602,1,1,1989,0,0,0,0,0,0,0,0,0,0
170602,2,1,1989,0,0,0,4,0,0,0,0,0,0
170603,1,1,1989,0,0,0,0,0,29,0,0,0,0
170604,1,1,1989,0,0,0,0,0,0,0,0,0,0
170604,2,1,1989,0,0,0,0,0,0,0,0,0,0
170604,3,1,1989,0,0,0,0,0,0,0,0,0,0
170605,1,1,1989,0,0,0,0,0,0,0,0,0,0
170605,2,1,1989,0,0,0,0,0,0,0,0,0,0
170606,0,1,1989,0,0,0,0,0,0,0,0,0,0
170606,1,1,1989,0,0,0,0,0,0,0,0,0,0
170607,1,1,1989,19,19,19,19,19,19,19,19,19,19
170607,2,1,1989,0,0,0,5,0,0,0,0,0,0
170608,1,1,1989,0,0,0,0,0,0,0,0,0,0
170608,2,1,1989,0,0,0,0,0,0,0,0,0,0
170609,1,1,1989,0,0,17,0,0,0,0,0,0,12
170609,2,1,1989,0,0,0,0,0,0,0,0,0,0
170610,0,1,1989,0,0,0,0,0,0,0,0,0,0
170610,1,1,1989,0,0,0,0,0,0,0,0,0,0
170611,0,1,1989,0,0,0,0,0,0,0,0,0,0
170611,1,1,1989,0,0,0,10,0,0,0,0,0,0
170612,1,1,1989,34,34,34,34,34,34,34,34,34,34
170613,1,1,1989,4,4,4,4,4,4,4,4,4,4
170614,1,1,1989,14,14,14,14,14,14,14,14,14,14
170614,2,1,1989,0,0,0,0,0,0,0,0,0,0
170614,3,1,1989,0,0,0,0,0,0,0,0,0,0
170615,0,1,1989,0,0,0,0,0,0,0,0,0,0
170615,0,2,1989,0,33,26,23,3,10,21,0,5,16
170615,0,3,1989,0,0,0,0,0,0,0,0,0,0
170615,1,1,1989,0,0,0,0,0,0,0,0,0,0
170616,0,1,1989,0,0,0,0,0,0,0,0,0,0
170616,1,1,1989,26,26,26,26,26,26,26,26,26,26
170616,2,1,1989,0,0,0,0,0,0,0,0,0,0
170617,1,1,1989,20,20,20,20,20,20,20,20,20,20
170617,2,1,1989,0,0,0,0,0,0,0,0,0,0