ST_CASE,VEH_NO,PER_NO,YEAR,P1,P2,P3,P4,P5,P6,P7,P8,P9,P10
170617,3,1,1989,17,0,0,0,0,0,0,0,0,0
170618,1,1,1989,17,17,17,17,17,17,17,17,17,17
170619,1,1,1989,0,0,0,0,0,0,0,0,0,0
170620,1,1,1989,17,17,17,17,17,17,17,17,17,17
170620,2,1,1989,0,0,0,20,0,0,17,0,0,29
170621,1,1,1989,22,22,22,22,22,22,22,22,22,22
170621,2,1,1989,0,0,0,0,0,0,0,0,0,0
170622,1,1,1989,16,16,16,16,16,16,16,16,16,16
170623,1,1,1989,28,28,28,28,28,28,28,28,28,28
170623,2,1,1989,0,0,0,0,0,0,0,0,0,0
170624,1,1,1989,0,0,0,0,0,0,0,0,0,0
170624,2,1,1989,0,0,0,0,0,0,0,0,0,0
170625,1,1,1989,14,14,14,14,14,14,14,14,14,14
170626,1,1,1989,7,0,24,16,33,21,25,24,15,0
170627,1,1,1989,13,8,25,18,17,22,16,42,0,13
170628,1,1,1989,28,21,16,24,18,26,4,10,11,22
170629,1,1,1989,0,0,0,0,0,0,0,0,0,0
170631,0,1,1989,25,0,0,6,33,0,23,12,0,0
170631,1,1,1989,0,0,0,0,0,0,0,0,0,0
170632,1,1,1989,0,0,0,0,0,0,0,0,0,0
170632,2,1,1989,0,19,0,0,0,0,0,0,0,0
170633,1,1,1989,0,0,0,0,0,0,0,0,0,0
170634,1,1,1989,0,0,0,0,0,0,0,0,0,0
170634,2,1,1989,0,0,0,0,0,0,0,0,0,0
170635,1,1,1989,0,0,0,0,0,0,0,0,0,0
170635,2,1,1989,0,0,0,0,0,0,0,0,0,0
170635,3,1,1989,0,0,0,0,12,0,0,0,0,0
170636,1,1,1989,0,0,0,0,0,0,0,0,0,0
170636,2,1,1989,0,0,0,0,0,0,0,0,0,0
170637,1,1,1989,0,0,0,0,0,0,0,0,0,0
170637,2,1,1989,4,4,4,4,4,4,4,4,4,4
170638,1,1,1989,0,0,0,0,0,0,0,0,0,0
170638,2,1,1989,0,0,0,0,0,0,0,0,0,0
170639,1,1,1989,0,0,0,0,0,0,0,0,0,0
170640,0,1,1989,0,0,0,0,0,0,0,0,0,0
170640,1,1,1989,0,0,0,0,0,0,0,0,0,0
170641,1,1,1989,0,0,0,0,0,0,0,0,0,0
170642,1,1,1989,0,0,0,0,0,0,0,0,0,0
170643,1,1,1989,9,0,0,0,0,0,0,6,0,0
170644,1,1,1989,8,8,8,8,8,8,8,8,8,8
170644,2,1,1989,0,0,0,0,0,0,0,0,0,0
170645,1,1,1989,19,19,19,19,19,19,19,19,19,19
170645,2,1,1989,0,22,0,0,0,0,0,0,0,0
170646,1,1,1989,0,0,0,30,0,16,26,19,11,0
170646,2,1,1989,0,0,0,0,0,0,0,0,0,0
170647,1,1,1989,0,0,0,0,0,0,0,0,0,0
170647,2,1,1989,0,0,0,0,0,0,0,0,0,0
170648,1,1,1989,0,12,0,0,0,25,0,0,0,0
170648,2,1,1989,10,0,0,0,0,0,0,0,0,0
170649,1,1,1989,0,0,0,0,0,0,0,0,0,0
170649,2,1,1989,0,0,0,0,0,0,0,0,0,0
170650,0,1,1989,0,0,0,0,0,0,0,0,0,0
170650,1,1,1989,0,0,0,0,0,0,0,0,0,0
170651,1,1,1989,0,0,0,0,0,0,0,0,0,0
170651,2,1,1989,6,6,6,6,6,6,6,6,6,6
170652,1,1,1989,20,20,20,20,20,20,20,20,20,20
170652,2,1,1989,0,0,0,0,0,0,0,0,0,0
170653,1,1,1989,0,0,0,0,0,0,0,0,0,0
170653,2,1,1989,0,0,0,0,0,0,0,0,0,0
170654,1,1,1989,24,19,7,19,25,5,9,0,13,9
170655,1,1,1989,1,1,1,1,1,1,1,1,1,1
170655,2,1,1989,0,0,0,0,0,0,0,0,0,0
170655,3,1,1989,0,0,0,0,0,0,0,0,0,0
170656,0,1,1989,0,0,0,0,0,0,0,0,0,0
170656,1,1,1989,0,0,0,0,0,0,0,0,15,0
170657,1,1,1989,0,17,0,8,0,0,0,0,0,0
170658,1,1,1989,0,0,0,0,0,0,0,0,0,0
170658,2,1,1989,0,0,0,0,0,0,0,0,0,0
170659,0,1,1989,0,0,0,0,0,0,0,0,0,0
170659,1,1,1989,0,0,0,0,0,0,0,0,0,0
170660,1,1,1989,0,0,0,0,0,0,0,0,0,0
170660,2,1,1989,0,0,0,0,0,0,0,0,0,0
170661,1,1,1989,0,0,0,0,0,0,0,0,0,0
170661,2,1,1989,0,0,9,0,0,0,0,0,0,0
170662,0,1,1989,0,0,14,0,0,0,0,0,0,0
170662,1,1,1989,0,10,0,0,0,0,26,0,0,0
170663,1,1,1989,25,25,25,25,25,25,25,25,25,25
170664,1,1,1989,19,19,19,19,19,19,19,19,19,19
170665,1,1,1989,0,0,0,0,0,0,0,0,0,0
170665,2,1,1989,0,0,0,0,0,0,0,0,0,0
170666,1,1,1989,0,0,0,0,0,0,0,0,0,0
170666,2,1,1989,26,0,0,0,0,0,0,0,0,0
170667,0,1,1989,11,11,11,11,11,11,11,11,11,11
170667,1,1,1989,0,0,0,0,0,0,0,0,0,0
170668,1,1,1989,8,8,8,8,8,8,8,8,8,8
170669,0,1,1989,0,0,0,0,0,0,0,0,0,0
170669,1,1,1989,0,0,0,0,0,0,0,0,5,0
170670,0,1,1989,27,27,27,27,27,27,27,27,27,27
170670,1,1,1989,0,0,0,0,0,0,0,0,0,0
170671,1,1,1989,9,9,9,9,9,9,9,9,9,9
170671,2,1,1989,0,0,0,0,0,0,0,0,0,20
170672,1,1,1989,0,0,0,0,0,0,0,0,0,0
170673,1,1,1989,0,0,0,0,0,0,0,0,0,0
170673,2,1,1989,0,0,0,0,0,0,0,0,0,0
170674,1,1,1989,0,0,0,0,0,0,0,0,0,0
170674,2,1,1989,0,0,0,0,0,0,0,0,0,0
170675,1,1,1989,18,18,18,18,18,18,18,18,18,18
170675,2,1,1989,12,0,11,0,12,0,0,0,0,10
170676,1,1,1989,0,0,0,0,0,0,0,0,0,0
170676,2,1,1989,0,0,0,0,0,0,0,0,0,0
170676,3,1,1989,0,0,0,0,0,0,0,0,0,0
170676,4,1,1989,0,0,0,0,0,0,0,0,0,0
170677,1,1,1989,0,0,0,0,0,0,0,0,0,0
170677,2,1,1989,0,0,0,0,0,0,0,0,0,0
170678,1,1,1989,11,11,11,11,11,11,11,11,11,11
170678,2,1,1989,0,0,0,0,0,0,0,0,0,0
170679,1,1,1989,0,0,0,0,0,0,0,0,0,0
170679,2,1,1989,0,0,0,0,0,0,0,0,0,0
170680,0,1,1989,0,0,0,0,0,0,10,0,14,0
170680,1,1,1989,0,0,0,0,0,0,0,0,0,0
170681,1,1,1989,0,0,0,0,0,0,0,0,0,0
170681,2,1,1989,0,0,0,0,0,0,0,0,0,0
170681,3,1,1989,0,0,0,0,0,0,0,0,0,0
170682,1,1,1989,0,0,20,26,12,0,0,0,0,0
170682,2,1,1989,0,0,0,0,0,0,0,0,0,0
170683,1,1,1989,14,14,14,14,14,14,14,14,14,14
170683,2,1,1989,13,16,17,7,8,30,17,17,13,6
170684,1,1,1989,0,0,0,5,0,0,30,0,0,0
170684,2,1,1989,0,0,0,0,0,0,0,0,0,0
170685,1,1,1989,19,19,19,19,19,19,19,19,19,19
170686,1,1,1989,0,0,0,0,0,0,0,0,0,0
170686,2,1,1989,0,0,0,0,0,0,0,0,1,0
170687,0,1,1989,0,0,0,0,0,0,0,0,0,0
170687,1,1,1989,0,0,0,0,0,0,0,0,17,0
170688,1,1,1989,14,14,14,14,14,14,14,14,14,14
170688,2,1,1989,0,0,0,0,0,0,8,0,0,0
170689,1,1,1989,14,14,14,14,14,14,14,14,14,14
170690,0,1,1989,0,0,0,0,0,0,0,0,0,0
170690,1,1,1989,0,0,0,0,0,0,0,0,0,0
170691,1,1,1989,25,25,25,25,25,25,25,25,25,25
170693,1,1,1989,0,0,0,0,0,0,0,0,0,0
170693,2,1,1989,0,0,0,0,0,0,0,0,0,0
170694,1,1,1989,0,0,0,0,0,0,0,0,0,0
170694,2,1,1989,0,0,0,0,0,0,0,0,0,0
170695,1,1,1989,14,14,14,14,14,14,14,14,14,14
170696,1,1,1989,13,5,4,0,9,0,13,20,11,0
170697,1,1,1989,28,25,19,20,20,11,21,20,5,30
170697,2,1,1989,0,0,0,0,0,0,0,0,0,0
170698,1,1,1989,20,20,20,20,20,20,20,20,20,20
170699,1,1,1989,13,13,13,13,13,13,13,13,13,13
170700,1,1,1989,0,0,0,0,0,0,0,0,0,0
170701,1,1,1989,17,17,17,17,17,17,17,17,17,17
170701,2,1,1989,0,0,0,0,0,0,0,0,0,0
170702,1,1,1989,26,26,26,26,26,26,26,26,26,26
170702,2,1,1989,0,0,0,0,0,0,0,0,0,0
170703,1,1,1989,0,0,0,0,0,0,0,0,0,0
170704,1,1,1989,0,9,0,15,0,0,0,0,0,0
170704,2,1,1989,0,0,0,0,0,0,0,0,0,0
170705,1,1,1989,0,0,0,0,0,0,0,0,0,0
170706,1,1,1989,0,0,0,0,0,0,0,0,0,0
170707,0,1,1989,0,0,0,0,0,0,0,0,0,0
170707,0,2,1989,0,0,0,0,0,0,0,0,0,0
170707,1,1,1989,0,0,0,0,0,0,0,0,4,0
170708,1,1,1989,0,0,0,0,0,0,0,0,0,0
170709,0,1,1989,0,0,0,0,0,0,0,0,0,0
170709,1,1,1989,0,0,0,0,0,0,0,0,0,0
170710,1,1,1989,0,0,0,0,0,0,0,20,0,29
170711,1,1,1989,12,12,12,12,12,12,12,12,12,12
170712,1,1,1989,0,0,0,0,0,0,0,0,0,0
170712,2,1,1989,0,0,0,0,0,0,0,0,0,0
170713,1,1,1989,0,0,0,0,0,0,0,0,0,0
170713,2,1,1989,1,1,1,1,1,1,1,1,1,1
170714,1,1,1989,17,17,17,17,17,17,17,17,17,17
170714,2,1,1989,0,0,0,0,0,0,0,0,0,0
170715,1,1,1989,0,0,0,8,0,2,0,0,0,9
170715,2,1,1989,0,0,0,0,0,0,0,0,0,0
170716,1,1,1989,0,0,0,0,0,0,0,0,0,0
170716,2,1,1989,17,17,17,17,17,17,17,17,17,17
170717,1,1,1989,24,24,24,24,24,24,24,24,24,24
170718,1,1,1989,0,0,0,0,0,0,0,0,0,0
170718,2,1,1989,0,0,0,0,0,0,0,0,0,0
170718,3,1,1989,0,0,0,0,0,0,0,0,0,0
170718,4,1,1989,0,0,0,0,0,0,0,0,0,0
170718,5,1,1989,0,0,0,0,0,0,0,0,0,0
170719,0,1,1989,33,33,33,33,33,33,33,33,33,33
170719,1,1,1989,0,0,0,0,19,35,0,18,0,0
170720,1,1,1989,3,3,3,3,3,3,3,3,3,3
170721,1,1,1989,0,0,0,0,0,0,0,0,0,0
170721,2,1,1989,0,0,0,0,0,0,0,0,0,0
170722,1,1,1989,12,7,6,0,0,0,0,7,10,0
170722,2,1,1989,0,0,0,0,0,0,0,0,0,0
170723,1,1,1989,23,23,23,23,23,23,23,23,23,23
170723,2,1,1989,0,0,0,0,0,0,0,0,0,0
170724,1,1,1989,12,12,12,12,12,12,12,12,12,12
170725,1,1,1989,7,18,12,20,6,15,5,7,16,15
170725,2,1,1989,0,28,6,13,26,15,16,6,17,17
170726,1,1,1989,0,0,0,0,0,0,0,0,0,0
170726,2,1,1989,0,0,0,0,0,0,0,0,0,0
170727,1,1,1989,0,0,0,0,0,0,0,0,0,0
170728,1,1,1989,22,22,22,22,22,22,22,22,22,22
170728,2,1,1989,0,0,0,0,0,0,0,0,0,0
170729,1,1,1989,15,14,8,15,0,33,19,17,10,12
170730,1,1,1989,21,21,21,21,21,21,21,21,21,21
170730,2,1,1989,0,0,0,0,0,0,0,0,0,0
170731,1,1,1989,0,0,14,9,0,0,0,0,6,0
170732,1,1,1989,0,0,0,0,0,0,0,0,0,0
170733,1,1,1989,0,0,0,0,0,0,0,0,0,0
170733,2,1,1989,0,0,0,0,0,0,0,0,0,0
170734,1,1,1989,0,0,0,0,0,0,0,0,0,0
170735,1,1,1989,15,15,15,15,15,15,15,15,15,15
170736,0,1,1989,0,0,0,0,0,0,0,0,0,0
170736,1,1,1989,0,0,0,0,0,0,0,0,0,0
170737,0,1,1989,0,0,0,0,0,0,0,0,0,0
170737,0,2,1989,0,0,0,0,0,0,0,0,0,0
170737,1,1,1989,0,0,0,0,0,0,0,0,0,0
170738,0,1,1989,0,0,0,0,0,0,0,0,0,0
170738,1,1,1989,0,0,21,0,0,0,0,0,0,0
170739,1,1,1989,9,9,9,9,9,9,9,9,9,9
170739,2,1,1989,15,15,15,15,15,15,15,15,15,15
170740,1,1,1989,22,22,22,22,22,22,22,22,22,22
170741,1,1,1989,0,0,0,0,0,0,0,0,0,0
170741,2,1,1989,0,0,0,0,0,0,0,0,0,0
170741,3,1,1989,0,0,0,0,0,0,0,0,0,0
170741,4,1,1989,0,0,0,0,0,0,0,0,0,0
170742,0,1,1989,21,21,21,21,21,21,21,21,21,21
170742,1,1,1989,0,17,0,0,0,16,0,5,0,0
170743,0,1,1989,0,0,0,0,0,0,0,0,0,0
170743,1,1,1989,0,0,0,0,0,0,0,0,0,0
170744,1,1,1989,0,0,0,11,0,0,0,0,0,0
170744,2,1,1989,0,0,0,0,0,0,0,0,0,0
170745,1,1,1989,14,14,14,14,14,14,14,14,14,14
170746,1,1,1989,0,0,0,0,0,0,0,0,0,0
170746,2,1,1989,0,0,0,0,0,0,0,0,0,0
170747,1,1,1989,0,0,0,0,0,0,0,0,0,0
170747,2,1,1989,0,0,0,0,0,0,0,0,0,0
170748,1,1,1989,20,20,20,20,20,20,20,20,20,20
170749,1,1,1989,0,0,0,0,0,0,0,0,0,0
170750,1,1,1989,8,8,8,8,8,8,8,8,8,8
170751,1,1,1989,22,22,22,22,22,22,22,22,22,22
170751,2,1,1989,0,0,0,0,0,0,0,0,0,0
170752,1,1,1989,20,20,20,20,20,20,20,20,20,20
170752,2,1,1989,0,0,0,0,0,0,0,0,0,0
170753,1,1,1989,0,0,0,0,0,0,0,0,0,0
170753,2,1,1989,0,0,0,0,0,0,0,0,0,0
170754,1,1,1989,25,25,25,25,25,25,25,25,25,25
170755,1,1,1989,22,22,22,22,22,22,22,22,22,22
170756,1,1,1989,0,0,0,0,0,0,0,0,0,0
170756,2,1,1989,0,0,0,0,0,0,0,0,0,0
170756,3,1,1989,0,0,0,0,0,0,0,0,0,0
170756,4,1,1989,0,0,0,0,0,0,0,0,0,0
170756,5,1,1989,0,0,33,14,0,0,0,0,0,0
170757,1,1,1989,0,0,0,0,0,0,0,0,0,0
170758,1,1,1989,0,0,0,0,0,0,0,0,11,16
170759,1,1,1989,0,0,0,0,0,0,0,0,0,0
170760,1,1,1989,12,18,17,19,15,7,23,7,36,15
170760,2,1,1989,0,0,0,0,0,0,0,0,0,0
170761,1,1,1989,3,3,3,3,3,3,3,3,3,3
170762,1,1,1989,20,20,20,20,20,20,20,20,20,20
170762,2,1,1989,0,0,0,0,0,0,0,0,0,0
170763,1,1,1989,27,27,27,27,27,27,27,27,27,27
170764,1,1,1989,3,3,3,3,3,3,3,3,3,3
170765,1,1,1989,0,0,0,0,0,0,0,0,0,0
170765,2,1,1989,0,8,0,0,0,0,0,0,0,0
170765,3,1,1989,0,16,11,16,19,12,11,0,12,16
170766,1,1,1989,8,0,0,0,0,0,0,7,13,0
170766,2,1,1989,0,0,0,0,0,0,0,0,0,0
170767,1,1,1989,0,0,0,0,0,0,0,0,0,0
170767,2,1,1989,0,0,0,0,0,0,0,0,0,0
170768,1,1,1989,0,0,0,0,0,0,0,0,0,0
170768,2,1,1989,0,0,9,0,0,0,0,0,0,0
170769,0,1,1989,0,0,0,0,0,0,0,0,0,0
170769,1,1,1989,0,0,0,0,0,0,0,0,0,0
170770,1,1,1989,0,0,0,0,0,0,0,0,0,0
170770,2,1,1989,0,0,0,0,0,0,0,0,0,0
170771,1,1,1989,12,12,12,12,12,12,12,12,12,12
170771,2,1,1989,0,0,0,0,0,0,0,0,0,0
170771,3,1,1989,0,0,0,0,0,0,0,0,0,0
170772,0,1,1989,0,0,0,0,0,0,0,0,0,0
170772,1,1,1989,0,0,0,0,0,0,0,0,0,0
170773,1,1,1989,25,25,25,25,25,25,25,25,25,25
170773,2,1,1989,0,0,0,0,0,0,0,0,0,0
170774,0,1,1989,0,0,0,0,0,0,0,0,0,0
170774,1,1,1989,0,0,0,0,0,0,0,0,0,0
170775,0,1,1989,0,0,0,0,0,0,0,0,0,0
170775,1,1,1989,23,23,23,23,23,23,23,23,23,23
170776,0,1,1989,0,0,0,0,0,0,0,0,0,0
170776,1,1,1989,0,0,0,0,0,0,0,0,0,0
170777,0,1,1989,0,0,0,0,0,0,0,0,0,0
170777,1,1,1989,0,0,0,0,0,0,0,0,0,0
170777,2,1,1989,0,0,0,0,0,0,0,0,0,0
170778,1,1,1989,0,0,0,0,0,0,0,0,0,0
170779,1,1,1989,14,14,14,14,14,14,14,14,14,14
170780,1,1,1989,0,0,0,0,0,0,0,0,0,0
170781,0,1,1989,8,8,8,8,8,8,8,8,8,8
170781,1,1,1989,0,0,0,0,0,0,0,0,0,0
170782,1,1,1989,25,37,23,25,5,12,12,12,36,12
170782,2,1,1989,0,0,0,0,0,0,0,0,0,0
170783,0,1,1989,0,0,0,0,0,0,0,0,0,0
170783,1,1,1989,0,0,0,0,0,0,0,0,0,0
170784,0,1,1989,18,0,10,0,15,13,6,25,9,14
170784,1,1,1989,20,20,20,20,20,20,20,20,20,20
170785,1,1,1989,5,0,0,0,0,0,0,0,0,0
170785,2,1,1989,0,0,0,0,0,0,0,0,0,0
170786,1,1,1989,21,21,21,21,21,21,21,21,21,21
170787,1,1,1989,28,28,28,28,28,28,28,28,28,28
170788,1,1,1989,0,0,0,0,0,0,0,0,0,0
170789,1,1,1989,6,6,6,6,6,6,6,6,6,6
170790,1,1,1989,0,0,0,0,0,0,0,0,0,0
170790,2,1,1989,0,0,0,0,0,0,0,0,0,0
170791,1,1,1989,16,16,16,16,16,16,16,16,16,16
170791,2,1,1989,8,0,12,12,18,0,0,10,3,0
170792,1,1,1989,18,18,18,18,18,18,18,18,18,18
170793,0,1,1989,36,36,36,36,36,36,36,36,36,36
170793,1,1,1989,18,0,10,0,0,0,0,0,0,0
170794,1,1,1989,3,3,3,3,3,3,3,3,3,3
170795,1,1,1989,13,13,13,13,13,13,13,13,13,13
170796,1,1,1989,11,11,11,11,11,11,11,11,11,11
170797,1,1,1989,12,12,12,12,12,12,12,12,12,12
170797,2,1,1989,0,0,0,0,0,0,0,0,0,0
170797,3,1,1989,0,0,0,0,0,0,0,0,0,0
170798,1,1,1989,8,8,8,8,8,8,8,8,8,8
170798,2,1,1989,18,0,0,0,10,17,16,17,21,0
170799,1,1,1989,0,0,0,0,0,0,0,0,0,0
170799,2,1,1989,0,0,0,0,0,0,0,0,0,0
170800,1,1,1989,0,0,0,0,0,0,0,0,0,0
170800,2,1,1989,0,0,0,0,0,0,0,0,0,0
170800,3,1,1989,0,0,0,0,0,0,0,0,0,0
170801,1,1,1989,0,0,0,0,0,0,0,0,0,0
170801,2,1,1989,0,0,0,0,0,0,0,0,0,0
170802,1,1,1989,0,0,0,0,0,0,0,0,0,0
170802,2,1,1989,0,0,0,0,0,0,0,0,0,0
170803,1,1,1989,15,10,15,14,13,17,3,15,8,21
170803,2,1,1989,27,27,0,5,8,0,10,11,0,0
170804,1,1,1989,0,0,0,0,0,0,0,0,0,0
170805,0,1,1989,0,0,0,0,0,0,0,0,0,0
170805,1,1,1989,0,0,0,0,0,0,0,11,0,0
170806,1,1,1989,0,0,0,0,0,0,0,0,0,0
170806,2,1,1989,0,0,0,0,0,0,0,0,0,0
170807,1,1,1989,0,0,0,0,0,0,0,0,0,0
170807,2,1,1989,0,0,0,0,0,0,0,0,0,0
170808,1,1,1989,0,0,0,0,0,5,0,0,0,0
170808,2,1,1989,0,0,0,0,0,0,0,0,0,0
170808,3,1,1989,0,0,0,0,0,0,0,0,6,0
170809,1,1,1989,0,0,0,0,0,0,0,0,0,0
170810,1,1,1989,16,16,16,16,16,16,16,16,16,16
170810,2,1,1989,0,0,0,0,0,0,0,0,0,0
170811,1,1,1989,22,22,22,22,22,22,22,22,22,22
170811,2,1,1989,0,0,0,0,0,0,24,0,0,0
170812,1,1,1989,16,16,16,16,16,16,16,16,16,16
170813,0,1,1989,0,0,0,0,0,0,0,0,0,0
170813,1,1,1989,0,0,7,20,13,16,9,0,12,0
170814,1,1,1989,20,20,20,20,20,20,20,20,20,20
170815,1,1,1989,19,19,19,19,19,19,19,19,19,19
170815,2,1,1989,14,6,0,6,15,17,11,4,23,21
170816,0,1,1989,0,0,0,0,0,0,0,0,0,0
170816,1,1,1989,0,0,0,0,0,0,0,0,0,0
170817,0,1,1989,15,15,15,15,15,15,15,15,15,15
170817,1,1,1989,11,0,0,0,0,0,0,0,4,15
170818,1,1,1989,8,8,8,8,8,8,8,8,8,8
170819,1,1,1989,16,20,24,0,34,3,0,0,0,0
170819,2,1,1989,0,0,0,0,0,0,0,0,0,0
170820,1,1,1989,0,0,0,0,0,0,0,0,0,0
170821,1,1,1989,0,0,0,0,0,0,0,0,0,0
170822,1,1,1989,0,0,0,0,0,0,0,0,0,0
170823,1,1,1989,21,21,21,21,21,21,21,21,21,21
170823,2,1,1989,0,0,0,0,0,0,0,0,0,0
170824,0,1,1989,0,0,0,0,0,0,0,0,38,0
170824,1,1,1989,0,0,0,0,0,0,0,0,17,0
170825,0,1,1989,0,0,0,0,0,0,0,0,0,0
170825,1,1,1989,0,0,0,0,0,0,0,0,0,0
170825,2,1,1989,0,0,0,0,0,0,0,0,0,0
170826,1,1,1989,0,0,0,0,0,0,0,0,0,0
170827,1,1,1989,0,0,0,0,0,0,0,0,0,0
170828,1,1,1989,10,10,10,10,10,10,10,10,10,10
170829,0,1,1989,0,0,0,0,0,0,0,0,0,0
170829,1,1,1989,0,0,0,0,0,0,0,0,0,0
170830,1,1,1989,0,0,0,0,0,0,0,0,0,0
170830,2,1,1989,0,0,0,0,0,0,0,0,0,0
170831,1,1,1989,21,21,21,21,21,21,21,21,21,21
170832,0,1,1989,0,0,0,0,0,0,0,0,0,0
170832,1,1,1989,0,12,0,0,0,0,0,0,0,0
170833,0,1,1989,14,14,14,14,14,14,14,14,14,14
170833,1,1,1989,0,9,0,0,0,6,0,0,17,13
170834,0,1,1989,0,0,0,0,0,0,0,0,0,0
170834,1,1,1989,0,0,0,0,0,0,0,0,0,0
170835,0,1,1989,0,0,0,0,0,0,0,0,0,0
170835,1,1,1989,0,0,0,0,0,0,0,0,0,0
170836,1,1,1989,0,0,0,0,0,0,0,0,0,0
170837,0,1,1989,0,0,0,0,0,0,0,0,0,0
170837,0,2,1989,0,0,0,0,0,0,0,0,0,0
170837,1,1,1989,14,0,0,15,12,0,27,11,24,22
170838,0,1,1989,0,0,0,0,0,0,0,0,0,0
170838,1,1,1989,0,0,0,0,0,0,0,0,0,0
170839,1,1,1989,21,21,21,21,21,21,21,21,21,21
170840,1,1,1989,0,0,0,0,0,0,0,0,0,0
170840,2,1,1989,0,0,0,0,0,0,0,0,0,0
170840,3,1,1989,0,0,0,0,0,0,0,0,0,0
170841,1,1,1989,0,0,0,0,0,0,0,0,12,0
170842,0,1,1989,20,20,20,20,20,20,20,20,20,20
170842,0,2,1989,13,40,30,0,23,33,10,13,39,15
170842,1,1,1989,0,0,0,0,0,0,0,0,0,0
170843,0,1,1989,32,32,32,32,32,32,32,32,32,32
170843,1,1,1989,12,0,0,0,0,0,0,0,0,0
170844,1,1,1989,18,18,18,18,18,18,18,18,18,18
170845,1,1,1989,17,17,17,17,17,17,17,17,17,17
170846,1,1,1989,12,12,12,12,12,12,12,12,12,12
170847,0,1,1989,0,0,0,0,0,0,0,0,0,0
170847,1,1,1989,0,0,0,0,0,0,0,0,0,0
170848,1,1,1989,0,0,0,0,0,0,0,0,0,0
170848,2,1,1989,0,0,0,0,0,0,0,0,0,0
170849,1,1,1989,0,0,0,0,0,0,0,0,0,0
170849,2,1,1989,0,0,0,0,0,0,0,0,0,0
170850,1,1,1989,0,0,0,0,0,0,0,0,0,0
170850,2,1,1989,0,0,0,0,6,0,0,0,0,0
170851,1,1,1989,0,0,0,0,0,0,0,0,0,0
170851,2,1,1989,0,0,0,0,0,0,0,0,0,0
170852,1,1,1989,0,11,19,24,10,20,0,0,7,0
170853,1,1,1989,0,0,0,0,0,0,0,0,0,0
170854,1,1,1989,0,0,0,0,0,0,0,0,0,0
170856,1,1,1989,12,25,12,18,15,17,24,3,27,10
170857,1,1,1989,26,26,26,26,26,26,26,26,26,26
170858,1,1,1989,18,18,18,18,18,18,18,18,18,18
170858,2,1,1989,0,0,0,0,0,0,0,0,7,0
170858,3,1,1989,0,0,0,0,0,0,0,0,0,0
170859,1,1,1989,0,0,0,0,0,0,0,0,0,7
170860,1,1,1989,0,0,0,0,0,0,15,0,0,0
170860,2,1,1989,0,0,0,0,0,5,5,12,0,0
170860,3,1,1989,3,3,3,3,3,3,3,3,3,3
170860,4,1,1989,0,5,0,0,6,0,0,0,0,0
170861,1,1,1989,0,0,0,0,0,0,0,0,0,0
170861,2,1,1989,0,0,0,0,0,0,0,0,0,0
170862,1,1,1989,8,8,8,8,8,8,8,8,8,8
170863,1,1,1989,0,0,10,16,0,17,0,17,15,20
170863,2,1,1989,0,0,0,0,0,0,0,0,0,0
170864,1,1,1989,0,0,0,0,0,0,0,0,0,0
170865,1,1,1989,4,4,4,4,4,4,4,4,4,4
170866,1,1,1989,0,0,0,0,0,0,0,0,0,0
170866,2,1,1989,0,0,0,0,28,0,0,0,16,0
170867,1,1,1989,0,0,0,0,0,0,0,0,0,0
170867,2,1,1989,0,0,0,0,0,0,0,0,0,0
170868,1,1,1989,21,21,21,21,21,21,21,21,21,21
170869,1,1,1989,21,21,21,21,21,21,21,21,21,21
170869,2,1,1989,0,0,0,0,0,0,0,0,0,0
170870,1,1,1989,0,0,0,0,0,0,0,0,0,0
170870,2,1,1989,0,0,0,0,0,0,0,0,0,0
170871,1,1,1989,14,14,14,14,14,14,14,14,14,14
170872,1,1,1989,20,20,20,20,20,20,20,20,20,20
170873,1,1,1989,0,0,0,0,0,0,0,0,0,0
170873,2,1,1989,0,0,0,0,0,0,0,0,0,0
170873,3,1,1989,0,0,0,0,0,0,0,0,0,0
170873,4,1,1989,0,0,0,0,0,0,0,0,0,0
170873,5,1,1989,0,0,0,0,8,0,0,0,0,0
170874,1,1,1989,18,18,18,18,18,18,18,18,18,18
170875,1,1,1989,14,14,14,14,14,14,14,14,14,14
170876,1,1,1989,19,19,19,19,19,19,19,19,19,19
170877,1,1,1989,0,0,0,0,0,0,0,0,0,0
170877,2,1,1989,0,0,0,0,0,0,0,0,0,0
170878,1,1,1989,0,0,0,19,0,0,0,0,0,22
170879,1,1,1989,0,0,0,0,0,0,0,0,0,0
170879,2,1,1989,11,11,11,11,11,11,11,11,11,11
170880,1,1,1989,0,0,0,0,0,0,0,0,0,0
170880,2,1,1989,0,0,0,0,0,0,0,0,0,0
170881,1,1,1989,21,3,17,14,13,10,15,17,1,4
170882,1,1,1989,14,14,14,14,14,14,14,14,14,14
170883,1,1,1989,5,0,0,0,23,11,20,21,18,8
170884,1,1,1989,26,26,26,26,26,26,26,26,26,26
170885,1,1,1989,14,14,14,14,14,14,14,14,14,14
170886,1,1,1989,29,29,29,29,29,29,29,29,29,29
170886,2,1,1989,0,0,0,0,0,0,0,0,0,0
170887,1,1,1989,0,0,0,0,0,0,0,0,0,0
170887,2,1,1989,0,0,0,0,0,0,0,0,39,0
170888,1,1,1989,27,25,20,13,21,19,24,27,7,10