ST_CASE,VEH_NO,PER_NO,YEAR,P1,P2,P3,P4,P5,P6,P7,P8,P9,P10
170888,2,1,1989,0,0,0,0,0,16,0,0,0,0
170888,3,1,1989,0,0,0,0,0,0,0,0,0,0
170889,0,1,1989,0,0,0,0,0,0,0,0,0,0
170889,1,1,1989,0,0,0,0,0,0,0,0,0,0
170889,2,1,1989,0,0,0,0,0,0,0,0,0,0
170890,0,1,1989,0,0,0,0,0,0,0,0,0,0
170890,1,1,1989,0,0,0,0,0,0,0,0,0,0
170891,1,1,1989,0,0,0,0,0,0,0,0,0,0
170892,0,1,1989,0,0,0,0,0,0,0,0,0,0
170892,1,1,1989,0,0,0,0,0,0,0,0,0,0
170893,0,1,1989,6,6,6,6,6,6,6,6,6,6
170893,1,1,1989,7,0,0,0,0,0,0,0,0,0
170894,1,1,1989,0,0,0,0,0,0,0,0,0,0
170894,2,1,1989,0,0,0,0,0,0,0,0,0,0
170895,1,1,1989,0,0,0,8,0,0,0,0,0,0
170896,1,1,1989,16,16,16,16,16,16,16,16,16,16
170896,2,1,1989,0,0,0,0,0,0,0,0,0,0
170897,1,1,1989,0,0,0,0,0,0,0,0,0,0
170897,2,1,1989,0,0,0,0,0,0,0,0,0,0
170898,1,1,1989,17,17,17,17,17,17,17,17,17,17
170899,1,1,1989,0,0,0,0,0,0,0,0,0,0
170899,2,1,1989,0,0,0,0,0,0,0,0,0,0
170900,1,1,1989,17,17,17,17,17,17,17,17,17,17
170900,2,1,1989,8,8,8,8,8,8,8,8,8,8
170901,1,1,1989,0,0,0,0,0,0,0,0,0,0
170902,0,1,1989,0,0,0,0,0,0,0,0,0,0
170902,1,1,1989,0,0,0,25,0,0,0,0,0,0
170903,0,1,1989,0,0,0,0,0,0,0,0,0,0
170903,1,1,1989,0,0,0,0,0,0,0,0,0,0
170904,0,1,1989,0,0,0,0,0,0,0,0,0,0
170904,1,1,1989,0,0,14,0,0,0,0,0,0,0
170905,1,1,1989,20,20,20,20,20,20,20,20,20,20
170906,1,1,1989,0,0,0,0,0,0,0,0,0,0
170907,1,1,1989,0,0,0,0,16,0,0,0,0,0
170907,2,1,1989,0,0,0,0,0,0,0,0,0,0
170908,1,1,1989,0,9,0,0,0,15,23,18,19,18
170909,1,1,1989,0,0,0,0,4,0,0,0,0,0
170910,0,1,1989,0,7,0,0,0,0,0,0,0,0
170910,1,1,1989,0,0,0,0,0,0,0,0,0,0
170911,1,1,1989,0,0,0,0,0,0,0,0,0,0
170911,2,1,1989,0,0,0,0,0,0,7,0,0,0
170912,1,1,1989,0,0,0,0,0,0,0,0,0,0
170913,1,1,1989,0,0,0,0,0,0,0,0,0,0
170913,2,1,1989,0,0,0,0,0,12,0,0,0,0
170914,0,1,1989,0,0,0,0,0,0,0,0,0,0
170914,1,1,1989,0,0,0,0,0,0,0,0,0,0
170915,1,1,1989,0,0,0,0,0,0,0,0,0,0
170916,1,1,1989,0,0,0,0,0,0,0,0,0,0
170917,1,1,1989,0,0,20,10,15,26,24,0,23,27
170918,1,1,1989,0,0,0,0,0,0,0,0,0,0
170918,2,1,1989,0,0,0,0,0,0,0,0,0,0
170918,3,1,1989,0,0,0,0,0,0,0,0,0,0
170919,1,1,1989,20,21,22,15,13,13,11,32,8,23
170919,2,1,1989,10,10,10,10,10,10,10,10,10,10
170920,1,1,1989,14,14,14,14,14,14,14,14,14,14
170920,2,1,1989,0,0,0,0,0,0,0,0,0,0
170921,1,1,1989,0,0,0,0,0,0,0,0,0,0
170922,1,1,1989,0,0,0,0,0,0,0,0,0,0
170922,2,1,1989,0,0,0,0,0,0,0,0,0,0
170923,0,1,1989,4,4,4,4,4,4,4,4,4,4
170923,1,1,1989,0,15,0,20,22,0,0,0,0,31
170923,2,1,1989,0,0,0,0,0,0,29,0,0,0
170924,1,1,1989,16,16,16,16,16,16,16,16,16,16
170925,1,1,1989,13,20,23,7,7,11,7,22,14,0
170925,2,1,1989,0,0,0,10,19,0,0,24,0,16
170926,0,1,1989,7,7,7,7,7,7,7,7,7,7
170926,1,1,1989,0,30,17,0,44,0,12,15,14,22
170927,0,1,1989,27,27,27,27,27,27,27,27,27,27
170927,1,1,1989,0,0,4,0,0,0,0,0,0,0
170927,2,1,1989,0,0,0,0,0,0,0,0,0,0
170928,1,1,1989,7,7,7,7,7,7,7,7,7,7
170929,1,1,1989,15,15,15,15,15,15,15,15,15,15
170930,1,1,1989,26,26,26,26,26,26,26,26,26,26
170931,1,1,1989,0,0,0,0,0,0,0,0,0,0
170931,2,1,1989,0,0,0,0,0,0,0,0,0,0
170932,1,1,1989,0,0,0,0,0,0,24,0,0,28
170933,1,1,1989,7,7,7,7,7,7,7,7,7,7
170934,1,1,1989,27,0,0,0,0,0,0,0,0,0
170935,1,1,1989,0,0,0,13,0,0,0,23,0,0
170936,1,1,1989,0,0,0,0,0,0,0,0,0,0
170936,2,1,1989,0,0,0,0,0,0,0,0,0,0
170937,1,1,1989,26,26,26,26,26,26,26,26,26,26
170938,1,1,1989,8,8,8,8,8,8,8,8,8,8
170938,2,1,1989,0,0,0,0,0,0,0,0,0,0
170939,0,1,1989,0,0,0,0,0,0,0,0,0,0
170939,1,1,1989,17,17,17,17,17,17,17,17,17,17
170940,1,1,1989,0,0,0,0,0,0,16,0,0,0
170940,2,1,1989,0,0,0,0,0,0,0,0,0,0
170940,3,1,1989,0,0,0,0,0,0,0,0,0,0
170941,1,1,1989,0,0,0,0,0,0,0,0,0,0
170942,1,1,1989,0,0,0,0,0,0,0,0,0,0
170942,2,1,1989,0,0,0,0,0,0,0,0,0,0
170942,3,1,1989,0,0,0,0,0,0,0,0,0,0
170943,1,1,1989,0,0,0,0,0,0,0,0,0,0
170943,2,1,1989,0,0,0,0,0,0,0,0,0,0
170944,1,1,1989,0,0,0,0,0,0,0,0,0,0
170944,2,1,1989,23,0,0,0,0,0,0,0,0,14
170945,1,1,1989,0,0,0,0,0,0,0,0,0,0
170946,1,1,1989,6,6,6,6,6,6,6,6,6,6
170946,2,1,1989,0,0,0,0,0,0,0,0,0,0
170947,1,1,1989,10,0,0,0,22,0,0,29,17,0
170948,1,1,1989,0,0,0,0,0,0,0,0,0,0
170949,1,1,1989,16,37,19,5,0,32,13,9,11,11
170949,2,1,1989,0,0,0,0,0,0,0,0,0,0
170950,1,1,1989,0,0,0,0,0,0,0,0,0,0
170950,2,1,1989,0,0,0,0,0,0,0,0,0,24
170951,0,1,1989,0,0,0,0,0,0,0,0,0,0
170951,1,1,1989,0,0,0,0,0,0,0,31,0,11
170952,0,1,1989,27,27,27,27,27,27,27,27,27,27
170952,1,1,1989,0,0,0,0,0,0,0,0,0,0
170953,1,1,1989,0,18,0,9,10,7,0,5,0,14
170953,2,1,1989,0,8,0,14,0,0,0,0,0,0
170954,0,1,1989,0,0,0,0,0,0,0,0,0,0
170954,1,1,1989,26,26,26,26,26,26,26,26,26,26
170955,0,1,1989,14,14,14,14,14,14,14,14,14,14
170955,1,1,1989,0,0,0,0,0,0,0,0,0,0
170956,1,1,1989,0,0,0,0,0,0,0,0,0,0
170956,2,1,1989,0,13,0,10,0,17,0,0,0,0
170957,1,1,1989,10,10,10,10,10,10,10,10,10,10
170957,2,1,1989,1,1,1,1,1,1,1,1,1,1
170958,1,1,1989,20,20,20,20,20,20,20,20,20,20
170958,2,1,1989,0,0,0,0,0,0,14,0,0,0
170959,1,1,1989,10,0,0,21,0,0,0,0,0,0
170959,2,1,1989,0,0,0,0,0,0,0,0,0,10
170960,1,1,1989,0,0,0,0,0,0,0,0,0,0
170960,2,1,1989,0,0,0,0,0,0,0,0,0,0
170960,3,1,1989,0,0,0,0,0,0,0,0,0,0
170961,1,1,1989,0,0,0,0,0,0,0,0,0,0
170961,2,1,1989,0,0,0,0,0,0,0,0,0,0
170962,1,1,1989,15,15,15,15,15,15,15,15,15,15
170963,0,1,1989,0,0,0,0,0,0,0,0,0,0
170963,1,1,1989,0,0,0,0,0,0,0,0,0,0
170964,1,1,1989,0,0,0,0,0,0,0,0,0,0
170964,2,1,1989,0,0,0,0,10,0,0,0,0,0
170965,1,1,1989,8,8,8,8,8,8,8,8,8,8
170965,2,1,1989,0,0,0,0,0,0,0,0,0,0
170966,1,1,1989,0,0,0,0,0,0,0,0,0,0
170966,2,1,1989,10,0,0,0,0,0,0,0,5,0
170967,1,1,1989,0,0,0,0,0,0,0,0,0,0
170967,2,1,1989,0,0,0,0,20,0,0,0,0,0
170968,1,1,1989,0,0,0,0,5,0,0,0,0,0
170968,2,1,1989,0,0,0,0,0,0,0,0,0,0
170969,1,1,1989,0,0,0,0,0,0,0,0,0,0
170969,2,1,1989,5,0,0,0,0,0,0,0,0,0
170970,1,1,1989,0,0,0,0,0,0,0,0,0,0
170971,1,1,1989,0,0,0,0,0,0,0,0,0,0
170972,0,1,1989,30,30,30,30,30,30,30,30,30,30
170972,1,1,1989,0,0,0,0,0,0,7,15,0,0
170973,1,1,1989,0,0,0,0,0,0,0,0,0,0
170974,0,1,1989,12,12,12,12,12,12,12,12,12,12
170974,1,1,1989,12,12,7,0,0,5,31,0,0,18
170975,1,1,1989,14,14,14,14,14,14,14,14,14,14
170976,1,1,1989,15,15,15,15,15,15,15,15,15,15
170976,2,1,1989,0,0,0,0,0,0,0,0,0,0
170977,0,1,1989,15,15,15,15,15,15,15,15,15,15
170977,1,1,1989,0,0,0,0,0,0,0,0,0,0
170978,1,1,1989,0,0,0,0,0,0,0,0,0,0
170979,0,1,1989,9,9,9,9,9,9,9,9,9,9
170979,1,1,1989,0,0,13,0,0,0,0,0,6,0
170980,1,1,1989,24,24,24,24,24,24,24,24,24,24
170980,2,1,1989,0,0,0,0,0,0,0,0,0,0
170981,1,1,1989,0,0,0,0,0,0,0,0,0,0
170981,2,1,1989,19,19,19,19,19,19,19,19,19,19
170982,0,1,1989,43,43,43,43,43,43,43,43,43,43
170982,1,1,1989,0,0,0,0,0,0,0,0,0,0
170983,1,1,1989,6,6,6,6,6,6,6,6,6,6
170983,2,1,1989,17,18,0,0,19,0,14,19,0,0
170984,1,1,1989,13,13,13,13,13,13,13,13,13,13
170984,2,1,1989,19,0,0,25,0,0,0,0,0,0
170984,3,1,1989,0,0,0,0,0,0,0,0,0,0
170984,4,1,1989,0,0,0,0,0,0,9,0,0,0
170985,1,1,1989,0,0,0,0,0,0,0,0,0,0
170986,0,1,1989,0,0,0,0,0,0,0,0,0,0
170986,1,1,1989,0,0,0,0,0,0,0,0,0,0
170987,1,1,1989,0,0,0,0,0,0,0,0,0,0
170987,2,1,1989,0,0,0,0,0,0,0,0,0,0
170988,1,1,1989,24,24,24,24,24,24,24,24,24,24
170990,1,1,1989,20,20,20,20,20,20,20,20,20,20
170990,2,1,1989,10,10,10,10,10,10,10,10,10,10
170992,1,1,1989,0,0,0,0,0,0,0,0,0,0
170992,2,1,1989,0,0,0,0,0,0,0,0,0,0
170992,3,1,1989,0,0,0,0,0,0,2,0,0,0
170992,4,1,1989,0,0,0,0,0,0,0,0,0,0
170993,0,1,1989,0,0,0,0,0,0,0,0,0,0
170993,0,2,1989,0,0,0,0,0,0,0,0,0,9
170993,1,1,1989,0,0,0,0,0,0,0,0,0,0
170994,1,1,1989,0,0,0,0,0,0,0,0,0,0
170994,2,1,1989,0,0,0,0,0,0,0,0,0,0
170995,1,1,1989,0,0,0,0,0,0,0,0,0,0
170996,1,1,1989,10,10,10,10,10,10,10,10,10,10
170997,1,1,1989,6,6,6,6,6,6,6,6,6,6
170998,1,1,1989,0,0,0,0,0,0,0,0,0,0
170999,1,1,1989,0,0,0,0,0,0,0,0,0,0
170999,2,1,1989,0,0,0,0,0,0,0,0,0,0
170999,3,1,1989,0,0,0,0,0,0,0,0,14,0
171000,0,1,1989,0,0,0,0,0,0,0,0,0,0
171000,1,1,1989,0,0,0,11,0,0,0,0,0,0
171001,1,1,1989,0,0,0,0,0,0,0,0,0,0
171002,1,1,1989,12,12,12,12,12,12,12,12,12,12
171003,0,1,1989,21,21,21,21,21,21,21,21,21,21
171003,1,1,1989,0,0,0,0,0,0,0,0,0,0
171003,2,1,1989,0,0,0,0,0,0,0,0,0,0
171004,1,1,1989,0,0,0,0,0,0,0,0,0,0
171004,2,1,1989,0,0,0,0,0,0,0,0,0,0
171004,3,1,1989,0,0,0,0,0,0,0,0,0,0
171005,1,1,1989,13,13,13,13,13,13,13,13,13,13
171006,1,1,1989,23,23,23,23,23,23,23,23,23,23
171007,1,1,1989,23,23,23,23,23,23,23,23,23,23
171008,1,1,1989,0,0,0,0,0,0,0,0,0,0
171009,1,1,1989,14,25,21,23,17,21,8,17,25,29
171010,1,1,1989,29,29,29,29,29,29,29,29,29,29
171010,2,1,1989,0,0,0,0,0,17,19,0,0,0
171010,3,1,1989,0,0,0,0,0,3,0,9,0,0
171011,1,1,1989,9,9,9,9,9,9,9,9,9,9
171011,2,1,1989,12,0,0,0,0,0,10,8,14,0
171012,1,1,1989,0,0,0,0,0,0,0,0,0,0
171012,2,1,1989,0,0,0,0,0,0,0,0,0,0
171013,1,1,1989,26,26,26,26,26,26,26,26,26,26
171014,1,1,1989,17,17,17,17,17,17,17,17,17,17
171015,0,1,1989,0,0,0,0,0,0,0,0,0,0
171015,1,1,1989,0,0,0,0,0,0,0,0,0,0
171016,1,1,1989,0,0,0,0,0,0,0,0,0,0
171017,1,1,1989,0,0,0,0,0,0,0,0,0,0
171017,2,1,1989,0,0,0,0,0,0,0,0,0,0
171018,0,1,1989,6,6,6,6,6,6,6,6,6,6
171018,1,1,1989,0,0,0,0,0,0,0,0,0,0
171019,0,1,1989,24,24,24,24,24,24,24,24,24,24
171019,1,1,1989,0,0,0,0,0,0,0,0,0,0
171020,1,1,1989,0,0,0,0,0,0,0,0,0,0
171020,2,1,1989,0,0,0,0,0,0,0,0,0,0
171021,1,1,1989,0,0,0,0,0,0,0,0,0,0
171022,1,1,1989,9,9,9,9,9,9,9,9,9,9
171023,1,1,1989,0,0,0,0,14,0,0,0,15,0
171023,2,1,1989,0,0,0,0,0,0,0,0,0,0
171024,0,1,1989,0,0,0,0,0,0,0,0,0,0
171024,1,1,1989,0,0,0,0,0,0,0,0,0,0
171025,0,1,1989,0,0,0,0,0,0,0,0,0,0
171025,1,1,1989,0,0,0,0,0,0,0,0,0,0
171026,1,1,1989,0,0,0,0,0,0,0,0,0,0
171027,0,1,1989,28,28,28,28,28,28,28,28,28,28
171027,1,1,1989,0,13,13,24,8,0,3,26,7,0
171028,1,1,1989,14,14,14,14,14,14,14,14,14,14
171031,1,1,1989,25,15,21,17,15,33,17,9,15,22
171031,2,1,1989,0,0,0,0,0,0,0,0,0,17
171032,0,1,1989,15,0,0,13,39,26,0,0,0,0
171032,1,1,1989,0,14,18,0,0,23,0,0,0,0
171033,1,1,1989,7,7,7,7,7,7,7,7,7,7
171034,1,1,1989,0,0,0,0,0,0,0,0,0,0
171035,1,1,1989,0,0,0,0,0,0,0,0,0,0
171035,2,1,1989,16,9,28,17,17,0,25,0,11,16
171036,1,1,1989,0,0,0,0,0,0,0,0,0,0
171036,2,1,1989,0,0,0,0,0,0,0,0,0,0
171037,1,1,1989,0,0,0,0,0,0,0,0,0,0
171037,2,1,1989,0,0,0,0,0,0,0,0,0,0
171038,1,1,1989,9,9,9,9,9,9,9,9,9,9
171039,1,1,1989,13,13,13,13,13,13,13,13,13,13
171040,0,1,1989,0,0,0,0,0,0,0,0,0,0
171040,1,1,1989,0,0,18,0,0,0,0,0,0,0
171041,1,1,1989,0,0,0,0,0,0,0,0,0,0
171041,2,1,1989,0,0,0,0,0,0,0,0,0,0
171041,3,1,1989,0,0,0,0,0,0,0,0,0,0
171042,1,1,1989,29,29,29,29,29,29,29,29,29,29
171043,1,1,1989,0,0,0,0,0,0,0,0,0,0
171044,1,1,1989,0,0,0,0,0,0,0,0,0,0
171044,2,1,1989,0,0,0,0,0,0,0,0,0,0
171044,3,1,1989,0,0,0,0,0,0,0,0,0,0
171045,1,1,1989,0,0,0,0,0,0,0,0,0,0
171045,2,1,1989,0,0,0,0,0,0,0,0,0,0
171045,3,1,1989,0,0,0,0,0,0,0,0,0,0
171045,4,1,1989,0,0,0,0,0,0,0,0,0,0
171046,1,1,1989,0,9,23,12,4,10,15,16,0,5
171046,2,1,1989,37,25,11,0,0,0,19,0,0,5
171047,1,1,1989,28,28,28,28,28,28,28,28,28,28
171048,0,1,1989,0,0,0,0,0,0,0,0,0,0
171048,1,1,1989,0,0,10,0,0,0,0,5,6,0
171049,1,1,1989,7,7,7,7,7,7,7,7,7,7
171049,2,1,1989,0,0,0,0,0,0,0,0,0,0
171050,1,1,1989,0,0,11,0,0,0,0,0,34,0
171050,2,1,1989,0,0,0,0,0,0,0,0,13,0
171051,1,1,1989,0,0,0,0,0,0,0,0,0,0
171052,0,1,1989,0,0,0,0,0,0,0,0,0,0
171052,1,1,1989,0,0,0,0,0,0,0,0,0,0
171053,1,1,1989,26,26,26,26,26,26,26,26,26,26
171054,1,1,1989,0,0,0,0,14,0,0,0,0,0
171055,1,1,1989,0,0,0,0,0,0,0,0,0,0
171055,2,1,1989,6,0,0,0,0,0,12,0,0,0
171056,1,1,1989,0,0,0,0,0,0,0,0,0,0
171057,1,1,1989,16,18,19,17,16,5,7,18,11,20
171057,2,1,1989,0,0,0,0,0,0,0,0,0,0
171058,1,1,1989,24,24,24,24,24,24,24,24,24,24
171059,0,1,1989,5,5,5,5,5,5,5,5,5,5
171059,1,1,1989,0,0,0,0,7,0,0,17,0,0
171060,1,1,1989,0,0,0,0,0,0,0,0,0,0
171060,2,1,1989,0,0,0,0,0,0,0,0,0,0
171061,1,1,1989,20,20,20,20,20,20,20,20,20,20
171062,0,1,1989,0,0,0,0,0,0,0,0,0,0
171062,1,1,1989,0,0,0,0,0,0,0,0,0,0
171063,1,1,1989,26,26,26,26,26,26,26,26,26,26
171063,2,1,1989,16,16,16,16,16,16,16,16,16,16
171064,0,1,1989,0,0,0,0,0,0,0,0,0,0
171064,1,1,1989,0,0,0,0,0,0,0,0,0,0
171065,1,1,1989,11,11,11,11,11,11,11,11,11,11
171066,1,1,1989,18,18,18,18,18,18,18,18,18,18
171066,2,1,1989,0,0,0,0,0,0,0,0,0,0
171067,0,1,1989,0,0,0,0,0,0,0,0,0,0
171067,1,1,1989,0,0,0,0,0,0,0,0,0,0
171068,1,1,1989,9,39,10,26,11,16,28,17,0,17
171069,1,1,1989,1,1,1,1,1,1,1,1,1,1
171070,1,1,1989,0,0,0,0,0,0,0,0,0,0
171071,0,1,1989,23,23,23,23,23,23,23,23,23,23
171071,1,1,1989,0,0,0,0,0,0,15,0,8,0
171072,1,1,1989,0,0,0,0,0,0,0,0,0,0
171072,2,1,1989,0,0,0,0,0,4,0,0,0,0
171072,3,1,1989,0,0,6,0,0,0,0,0,0,0
171073,0,1,1989,13,13,13,13,13,13,13,13,13,13
171073,0,2,1989,0,38,0,0,0,0,0,0,0,0
171073,0,3,1989,0,0,43,13,0,0,0,19,0,13
171073,1,1,1989,0,10,14,0,22,7,0,0,3,6
171074,0,1,1989,0,0,0,0,0,0,0,0,0,0
171074,1,1,1989,0,0,0,0,0,0,0,0,0,0
171075,0,1,1989,18,18,18,18,18,18,18,18,18,18
171075,1,1,1989,0,0,0,0,0,0,0,0,0,0
171076,1,1,1989,0,0,0,0,0,0,0,0,0,0
171076,2,1,1989,0,0,0,0,0,0,0,0,0,0
171077,0,1,1989,0,0,0,0,0,0,0,0,0,0
171077,1,1,1989,0,0,0,0,0,0,0,0,0,0
171078,1,1,1989,17,17,17,17,17,17,17,17,17,17
171079,0,1,1989,0,0,0,0,0,0,0,0,0,0
171079,1,1,1989,0,0,0,18,0,0,0,0,0,0
171080,1,1,1989,15,20,34,13,9,4,7,13,8,5
171080,2,1,1989,0,0,0,0,0,0,0,0,0,0
171081,1,1,1989,0,0,0,0,0,0,0,0,0,0
171081,2,1,1989,0,0,0,0,0,0,0,0,0,0
171081,3,1,1989,8,0,0,0,0,0,0,0,0,0
171082,1,1,1989,18,18,18,18,18,18,18,18,18,18
171082,2,1,1989,0,0,0,0,0,0,0,0,0,0
171083,1,1,1989,0,0,0,0,0,0,0,0,0,0
171083,2,1,1989,14,0,9,4,14,0,0,0,6,0
171084,1,1,1989,14,14,14,14,14,14,14,14,14,14
171084,2,1,1989,41,0,0,0,0,0,0,0,0,0
171085,1,1,1989,0,0,0,0,0,0,0,7,0,0
171085,2,1,1989,0,0,0,0,0,0,0,0,0,0
171086,1,1,1989,0,0,0,0,0,0,0,0,0,0
171086,2,1,1989,0,0,0,0,0,0,0,0,0,0
171087,0,1,1989,0,0,0,0,0,0,0,0,0,0
171087,1,1,1989,0,0,0,0,0,0,0,0,0,0
171088,1,1,1989,27,27,27,27,27,27,27,27,27,27
171089,1,1,1989,13,13,13,13,13,13,13,13,13,13
171089,2,1,1989,0,0,12,0,0,0,0,0,0,12
171090,1,1,1989,0,0,0,0,0,0,0,0,0,0
171091,1,1,1989,0,0,0,0,0,0,0,0,0,0
171092,1,1,1989,19,19,19,19,19,19,19,19,19,19
171093,1,1,1989,13,13,13,13,13,13,13,13,13,13
171094,1,1,1989,0,0,0,0,0,0,0,0,0,0
171094,2,1,1989,0,0,0,0,0,0,0,0,0,0
171094,3,1,1989,17,0,10,16,0,0,0,4,0,0
171095,1,1,1989,1,1,1,1,1,1,1,1,1,1
171095,2,1,1989,0,0,0,0,0,0,0,0,0,0
171096,1,1,1989,0,24,22,21,0,26,16,0,12,13
171097,0,1,1989,0,0,0,0,0,0,0,0,21,0
171097,1,1,1989,0,0,0,0,0,0,0,0,0,0
171097,2,1,1989,0,0,0,0,0,0,0,0,0,0
171098,1,1,1989,6,16,20,24,19,25,33,24,46,14
171099,1,1,1989,0,0,0,0,0,0,0,0,0,0
171099,2,1,1989,0,0,0,0,0,0,0,0,0,0
171100,0,1,1989,0,0,0,0,0,0,0,0,0,0
171100,1,1,1989,0,0,0,0,0,0,0,0,0,0
171101,1,1,1989,0,0,0,0,0,0,0,0,0,0
171101,2,1,1989,0,0,0,0,0,18,0,0,0,0
171102,1,1,1989,13,13,13,13,13,13,13,13,13,13
171103,1,1,1989,19,19,19,19,19,19,19,19,19,19
171104,1,1,1989,0,0,0,0,0,0,0,0,0,0
171105,1,1,1989,12,12,12,12,12,12,12,12,12,12
171106,1,1,1989,0,0,0,0,0,0,0,0,0,0
171106,2,1,1989,0,0,0,0,0,0,0,0,0,0
171107,0,1,1989,15,15,15,15,15,15,15,15,15,15
171107,1,1,1989,0,0,0,0,11,7,0,0,0,0
171108,1,1,1989,0,0,0,0,0,0,0,0,0,0
171108,2,1,1989,0,0,0,0,0,0,0,0,0,0
171109,1,1,1989,21,21,21,21,21,21,21,21,21,21
171110,1,1,1989,3,3,3,3,3,3,3,3,3,3
171111,1,1,1989,19,19,19,19,19,19,19,19,19,19
171112,0,1,1989,0,0,0,0,0,0,0,0,0,0
171112,0,2,1989,0,0,0,0,0,0,0,0,0,0
171112,1,1,1989,0,0,9,0,0,0,18,0,0,0
171113,1,1,1989,0,0,0,0,0,0,0,0,0,0
171113,2,1,1989,0,0,0,0,0,0,0,0,0,0
171114,1,1,1989,0,0,0,0,0,0,0,0,0,0
171114,2,1,1989,0,0,0,0,0,0,0,18,0,0
171115,1,1,1989,0,0,0,0,0,0,0,0,0,0
171115,2,1,1989,0,0,10,0,0,0,0,0,0,0
171117,0,1,1989,0,0,0,0,0,0,0,0,0,0
171117,1,1,1989,0,0,0,0,0,0,0,0,0,0
171118,0,1,1989,6,6,6,6,6,6,6,6,6,6
171118,1,1,1989,0,0,0,0,0,0,0,36,0,0
171119,0,1,1989,14,14,14,14,14,14,14,14,14,14
171119,1,1,1989,0,0,0,0,0,0,0,0,0,0
171120,1,1,1989,13,13,13,13,13,13,13,13,13,13
171121,1,1,1989,5,5,5,5,5,5,5,5,5,5
171121,2,1,1989,0,0,0,0,0,0,0,0,0,0
171122,1,1,1989,27,27,27,27,27,27,27,27,27,27
171122,2,1,1989,0,0,0,0,0,0,0,0,13,0
171122,3,1,1989,0,0,0,0,0,0,0,0,0,0
171123,0,1,1989,0,0,0,0,0,0,0,0,0,0
171123,1,1,1989,0,0,0,0,0,0,0,0,0,0
171124,1,1,1989,0,0,0,0,0,0,0,0,0,0
171124,2,1,1989,0,0,0,0,0,0,0,0,0,0
171125,1,1,1989,20,20,20,20,20,20,20,20,20,20
171125,2,1,1989,9,0,0,0,0,0,0,0,0,0
171125,3,1,1989,0,0,0,0,0,0,0,0,0,0
171126,1,1,1989,0,0,0,0,0,0,0,0,0,0
171126,2,1,1989,0,26,0,0,0,18,0,0,0,0
171127,1,1,1989,0,0,0,0,0,0,0,0,0,0
171127,2,1,1989,0,0,0,0,0,0,0,0,0,0
171127,3,1,1989,0,14,0,0,0,0,0,0,0,0
171128,0,1,1989,5,5,5,5,5,5,5,5,5,5
171128,1,1,1989,17,17,17,17,17,17,17,17,17,17
171129,1,1,1989,0,0,0,0,0,0,0,0,0,0
171129,2,1,1989,0,0,0,0,0,0,0,0,0,0
171130,1,1,1989,8,8,8,8,8,8,8,8,8,8
171131,1,1,1989,0,0,7,0,0,0,0,0,8,0
171131,2,1,1989,0,0,0,0,0,0,0,0,0,0
171132,1,1,1989,0,0,0,0,0,0,0,13,0,0
171133,1,1,1989,8,8,8,8,8,8,8,8,8,8
171134,1,1,1989,0,0,0,0,15,14,0,0,0,0
171134,2,1,1989,0,0,0,0,0,0,0,0,0,0
171135,1,1,1989,8,8,8,8,8,8,8,8,8,8
171136,1,1,1989,0,0,0,0,0,0,0,0,0,0
171137,1,1,1989,11,17,0,16,7,0,10,10,17,17
171137,2,1,1989,0,0,0,0,0,0,0,0,0,0
171138,1,1,1989,0,0,0,0,0,0,0,0,0,0
171138,2,1,1989,0,0,0,0,0,0,0,0,0,0
171139,1,1,1989,0,0,0,0,0,0,0,0,0,0
171140,1,1,1989,0,0,0,0,0,0,0,0,0,0
171140,2,1,1989,0,0,10,0,0,0,0,0,0,0
171140,3,1,1989,0,0,0,0,0,0,0,0,0,0
171141,1,1,1989,37,37,37,37,37,37,37,37,37,37
171142,1,1,1989,0,0,0,0,0,0,0,0,0,0
171142,2,1,1989,0,0,0,0,0,0,0,0,0,0
171143,0,1,1989,0,0,0,0,0,0,0,0,0,0
171143,1,1,1989,0,0,0,0,0,0,0,0,0,0
171144,1,1,1989,0,0,0,0,0,0,0,0,0,0
171144,2,1,1989,0,0,0,0,0,0,0,0,0,0
171145,1,1,1989,13,13,13,13,13,13,13,13,13,13
171145,2,1,1989,0,0,10,0,0,0,0,0,0,0
171146,1,1,1989,20,20,20,20,20,20,20,20,20,20
171147,1,1,1989,0,0,0,0,0,0,0,0,0,0
171147,2,1,1989,0,0,0,0,0,0,0,0,0,0
171148,1,1,1989,32,32,32,32,32,32,32,32,32,32
171149,0,1,1989,0,0,0,0,0,0,0,0,0,0
171149,1,1,1989,0,0,0,0,0,0,0,0,0,0
171150,1,1,1989,32,32,32,32,32,32,32,32,32,32
171151,1,1,1989,0,0,0,0,0,0,0,0,0,0
171152,0,1,1989,20,20,20,20,20,20,20,20,20,20
171152,1,1,1989,0,0,0,0,0,0,0,0,0,0
171153,1,1,1989,22,22,22,22,22,22,22,22,22,22
171153,2,1,1989,0,0,0,2,0,0,0,0,15,0
171154,1,1,1989,3,3,3,3,3,3,3,3,3,3
171155,0,1,1989,0,0,0,0,0,0,0,0,0,0
171155,1,1,1989,0,0,0,0,0,0,0,0,0,0
171156,0,1,1989,21,21,21,21,21,21,21,21,21,21
171156,1,1,1989,0,0,0,0,0,0,0,0,0,0
171157,1,1,1989,0,0,0,0,0,0,0,0,0,0
171157,2,1,1989,21,21,21,21,21,21,21,21,21,21
171158,1,1,1989,0,0,0,0,0,0,0,0,0,0