ST_CASE,VEH_NO,PER_NO,YEAR,P1,P2,P3,P4,P5,P6,P7,P8,P9,P10
171158,2,1,1989,0,0,0,0,0,0,0,0,0,0
171159,1,1,1989,22,22,22,22,22,22,22,22,22,22
171160,1,1,1989,21,21,21,21,21,21,21,21,21,21
171161,1,1,1989,8,8,8,8,8,8,8,8,8,8
171161,2,1,1989,0,0,0,0,0,0,0,0,0,0
171162,1,1,1989,0,0,14,0,0,0,7,0,0,0
171163,1,1,1989,24,24,24,24,24,24,24,24,24,24
171164,1,1,1989,0,0,11,0,0,0,0,12,14,0
171164,2,1,1989,7,7,7,7,7,7,7,7,7,7
171165,1,1,1989,0,0,0,0,0,0,0,0,0,0
171165,2,1,1989,0,0,0,10,0,0,0,0,0,0
171166,1,1,1989,0,0,0,0,0,0,6,0,0,0
171166,2,1,1989,0,0,0,0,0,0,0,0,0,0
171167,0,1,1989,0,0,0,0,0,0,0,0,0,0
171167,1,1,1989,0,0,0,0,0,0,0,0,0,0
171167,2,1,1989,0,0,0,0,0,0,0,0,0,0
171168,1,1,1989,27,27,27,27,27,27,27,27,27,27
171169,1,1,1989,17,17,17,17,17,17,17,17,17,17
171170,1,1,1989,0,0,0,0,0,0,0,0,0,0
171171,1,1,1989,25,25,25,25,25,25,25,25,25,25
171171,2,1,1989,0,0,0,0,0,0,0,0,0,0
171172,1,1,1989,0,0,11,12,7,8,22,8,13,17
171173,0,1,1989,0,0,0,0,0,0,0,0,0,0
171173,1,1,1989,0,0,0,0,0,0,0,0,0,0
171174,1,1,1989,0,0,0,0,0,0,0,0,0,0
171174,2,1,1989,0,0,0,0,0,0,0,0,0,0
171175,1,1,1989,6,26,12,8,10,16,15,7,24,0
171176,1,1,1989,16,20,0,22,0,0,22,18,24,0
171177,1,1,1989,16,16,16,16,16,16,16,16,16,16
171177,2,1,1989,0,0,0,0,0,0,0,0,0,0
171178,1,1,1989,0,0,0,15,0,12,0,0,0,0
171179,0,1,1989,0,0,0,0,9,0,10,0,26,0
171179,1,1,1989,0,0,11,9,0,0,8,0,7,0
171180,1,1,1989,0,0,0,0,0,0,0,0,0,0
171181,0,1,1989,0,0,0,0,0,0,0,0,0,0
171181,1,1,1989,0,0,0,0,0,0,0,0,0,0
171182,1,1,1989,0,0,0,0,0,0,0,0,0,0
171182,2,1,1989,0,0,0,0,0,0,0,0,0,0
171183,1,1,1989,0,0,0,0,0,0,0,0,0,0
171183,2,1,1989,0,0,0,0,0,0,0,0,0,0
171184,1,1,1989,11,0,0,0,26,0,9,0,0,0
171184,2,1,1989,0,0,0,0,0,0,0,0,0,0
171185,1,1,1989,22,22,22,22,22,22,22,22,22,22
171186,1,1,1989,0,0,0,0,0,0,0,14,0,0
171187,1,1,1989,7,11,5,35,13,13,16,26,21,27
171187,2,1,1989,24,14,9,12,27,17,7,9,22,11
171188,1,1,1989,23,23,23,23,23,23,23,23,23,23
171188,2,1,1989,0,0,0,0,0,0,0,0,0,0
171189,1,1,1989,0,0,0,0,0,0,0,0,0,0
171190,1,1,1989,21,21,21,21,21,21,21,21,21,21
171190,2,1,1989,8,8,8,8,8,8,8,8,8,8
171191,1,1,1989,0,0,0,0,0,0,0,0,0,0
171191,2,1,1989,0,0,0,0,0,0,0,0,0,0
171192,1,1,1989,0,0,0,0,0,0,0,0,0,0
171192,2,1,1989,0,0,0,0,0,0,0,0,0,0
171193,0,1,1989,40,40,40,40,40,40,40,40,40,40
171193,1,1,1989,0,0,0,0,0,0,0,12,0,0
171194,0,1,1989,0,0,0,0,0,0,0,0,0,0
171194,1,1,1989,0,0,0,0,0,0,0,0,0,0
171195,1,1,1989,14,14,14,14,14,14,14,14,14,14
171195,2,1,1989,38,22,24,34,8,8,10,0,0,25
171196,1,1,1989,31,31,31,31,31,31,31,31,31,31
171196,2,1,1989,0,0,0,0,0,0,0,0,0,0
171197,0,1,1989,0,0,0,0,0,0,0,0,0,0
171197,1,1,1989,9,9,9,9,9,9,9,9,9,9
171198,1,1,1989,20,20,20,20,20,20,20,20,20,20
171199,0,1,1989,21,21,21,21,21,21,21,21,21,21
171199,1,1,1989,0,0,0,0,0,0,0,0,19,0
171200,1,1,1989,23,23,23,23,23,23,23,23,23,23
171200,2,1,1989,0,0,0,0,0,0,0,0,0,0
171201,0,1,1989,0,0,0,0,0,0,0,20,0,0
171201,1,1,1989,21,21,21,21,21,21,21,21,21,21
171202,1,1,1989,25,0,13,10,18,0,12,0,0,14
171203,1,1,1989,1,1,1,1,1,1,1,1,1,1
171204,1,1,1989,0,0,0,0,0,0,0,0,0,0
171204,2,1,1989,0,0,0,0,0,0,0,0,0,0
171205,1,1,1989,0,0,0,0,0,0,0,0,0,0
171205,2,1,1989,0,0,0,0,0,0,0,0,0,0
171206,1,1,1989,0,0,0,0,0,0,0,0,17,0
171207,1,1,1989,0,0,0,0,0,0,0,0,0,0
171207,2,1,1989,0,0,0,0,0,0,0,0,0,0
171208,1,1,1989,13,13,13,13,13,13,13,13,13,13
171209,1,1,1989,25,25,25,25,25,25,25,25,25,25
171209,2,1,1989,0,0,0,0,0,0,0,0,0,0
171210,0,1,1989,0,0,0,0,0,0,0,0,0,0
171210,1,1,1989,0,0,0,0,0,0,0,4,0,0
171211,0,1,1989,0,0,0,0,0,0,0,0,0,0
171211,1,1,1989,0,0,14,0,0,0,5,0,5,0
171212,1,1,1989,10,10,10,10,10,10,10,10,10,10
171213,0,1,1989,0,0,0,0,0,0,0,0,0,0
171213,0,2,1989,0,0,18,0,0,0,0,19,0,0
171213,1,1,1989,0,0,0,0,0,0,0,0,0,0
171214,1,1,1989,0,0,0,0,0,8,0,0,0,0
171214,2,1,1989,0,0,0,0,0,0,0,0,0,0
171215,1,1,1989,0,0,0,0,0,0,0,0,0,0
171216,1,1,1989,0,0,0,0,0,0,0,0,0,0
171216,2,1,1989,0,0,0,0,0,0,0,0,0,0
171216,3,1,1989,0,0,0,0,0,0,0,0,0,0
171217,1,1,1989,0,17,13,18,23,0,17,0,2,0
171217,2,1,1989,6,6,6,6,6,6,6,6,6,6
171218,1,1,1989,25,25,25,25,25,25,25,25,25,25
171219,1,1,1989,5,5,5,5,5,5,5,5,5,5
171220,1,1,1989,26,26,26,26,26,26,26,26,26,26
171221,0,1,1989,0,0,0,0,0,0,0,0,0,0
171221,1,1,1989,15,6,12,13,13,24,13,18,32,32
171222,0,1,1989,0,26,3,11,0,18,0,20,9,20
171222,1,1,1989,0,0,0,0,0,0,0,0,0,9
171223,0,1,1989,21,0,0,11,24,21,5,16,0,0
171223,1,1,1989,0,0,0,7,0,0,0,0,0,0
171224,1,1,1989,0,9,17,0,4,0,9,9,13,0
171225,1,1,1989,0,0,0,0,0,0,0,0,2,0
171226,1,1,1989,0,0,0,0,0,0,0,0,0,0
171226,2,1,1989,0,0,0,0,0,0,0,0,0,0
171227,1,1,1989,0,0,0,0,0,0,0,0,0,0
171228,1,1,1989,0,0,0,0,0,0,0,0,0,0
171228,2,1,1989,0,0,0,0,0,0,0,0,0,0
171229,1,1,1989,0,0,0,0,0,0,0,0,0,0
171229,2,1,1989,0,0,0,0,0,0,0,0,0,0
171230,0,1,1989,0,0,36,0,0,14,0,0,18,31
171230,1,1,1989,1,3,0,16,5,15,0,0,14,0
171231,1,1,1989,4,4,4,4,4,4,4,4,4,4
171232,1,1,1989,4,4,4,4,4,4,4,4,4,4
171233,1,1,1989,31,0,0,0,0,0,0,0,16,0
171233,2,1,1989,0,0,0,0,0,0,0,0,0,0
171234,1,1,1989,0,0,0,0,0,0,0,0,0,0
171234,2,1,1989,0,0,0,0,0,0,0,0,0,0
171234,3,1,1989,0,0,0,0,0,0,0,0,0,0
171234,4,1,1989,0,7,0,0,0,11,0,0,0,0
171235,0,1,1989,23,23,23,23,23,23,23,23,23,23
171235,1,1,1989,0,0,0,0,0,0,0,0,0,0
171236,1,1,1989,28,0,21,18,3,17,18,20,9,14
171237,1,1,1989,0,0,0,0,0,0,0,0,26,0
171237,2,1,1989,0,0,0,0,0,0,0,0,0,7
171238,1,1,1989,29,15,0,31,21,12,16,25,11,16
171240,0,1,1989,0,0,0,0,0,0,0,0,0,0
171240,1,1,1989,0,0,0,0,0,0,0,0,0,0
171241,1,1,1989,26,26,26,26,26,26,26,26,26,26
171242,1,1,1989,0,0,0,0,0,0,0,0,0,0
171242,2,1,1989,0,0,0,0,0,0,0,0,0,0
171242,3,1,1989,0,0,0,0,0,0,0,0,0,0
171243,1,1,1989,9,9,9,9,9,9,9,9,9,9
171244,1,1,1989,0,0,0,0,0,0,0,9,0,19
171245,1,1,1989,20,20,20,20,20,20,20,20,20,20
171246,1,1,1989,17,26,25,22,0,23,17,19,23,0
171247,1,1,1989,23,23,23,23,23,23,23,23,23,23
171247,2,1,1989,0,0,0,0,0,0,0,0,0,0
171247,3,1,1989,0,0,0,0,0,0,0,0,0,0
171248,1,1,1989,0,0,0,0,0,0,0,0,0,0
171248,2,1,1989,0,0,0,0,0,0,0,0,0,0
171249,1,1,1989,18,18,18,18,18,18,18,18,18,18
171249,2,1,1989,0,0,0,0,0,0,15,0,0,0
171250,1,1,1989,0,0,0,0,0,0,0,0,0,0
171251,0,1,1989,0,0,0,0,0,0,0,0,0,0
171251,1,1,1989,0,0,0,0,0,0,0,0,0,0
171252,1,1,1989,26,26,26,26,26,26,26,26,26,26
171253,1,1,1989,25,7,20,10,3,13,11,11,10,13
171254,1,1,1989,27,6,6,17,16,4,12,17,4,18
171255,1,1,1989,0,0,0,0,0,0,0,0,0,0
171255,2,1,1989,0,0,0,0,0,0,0,0,0,0
171256,1,1,1989,5,5,5,5,5,5,5,5,5,5
171256,2,1,1989,0,0,0,0,0,0,0,0,0,0
171257,1,1,1989,19,19,19,19,19,19,19,19,19,19
171258,1,1,1989,1,1,1,1,1,1,1,1,1,1
171259,1,1,1989,0,0,0,0,0,0,0,0,0,0
171259,2,1,1989,0,0,0,0,0,0,0,0,0,0
171260,0,1,1989,0,0,0,0,0,0,0,0,0,0
171260,0,2,1989,0,0,0,0,0,0,0,0,0,0
171260,1,1,1989,0,0,0,0,0,0,0,0,0,0
171261,1,1,1989,0,0,0,0,0,0,0,0,0,0
171261,2,1,1989,0,0,0,0,0,0,0,0,0,0
171261,3,1,1989,0,0,0,0,0,0,0,0,0,0
171262,1,1,1989,31,31,31,31,31,31,31,31,31,31
171263,1,1,1989,31,31,31,31,31,31,31,31,31,31
171264,1,1,1989,27,27,27,27,27,27,27,27,27,27
171265,0,1,1989,0,21,0,26,0,13,27,0,0,0
171265,0,2,1989,17,13,42,22,21,11,23,34,13,19
171265,0,3,1989,26,23,22,15,15,15,12,11,16,0
171265,0,4,1989,13,29,18,11,10,13,14,32,39,29
171265,1,1,1989,4,4,4,4,4,4,4,4,4,4
171266,1,1,1989,0,5,23,22,22,12,15,18,18,13
171267,0,1,1989,0,0,0,0,0,0,0,0,0,0
171267,1,1,1989,0,0,0,0,34,0,0,0,0,0
171268,1,1,1989,3,3,3,3,3,3,3,3,3,3
171269,1,1,1989,9,9,9,9,9,9,9,9,9,9
171269,2,1,1989,0,0,0,0,0,0,0,10,0,0
171270,1,1,1989,0,0,0,0,0,0,0,0,0,0
171270,2,1,1989,0,0,0,0,0,0,0,0,0,0
171271,0,1,1989,0,0,0,0,0,0,0,0,0,0
171271,1,1,1989,0,0,0,0,0,0,0,0,0,0
171272,1,1,1989,28,28,28,28,28,28,28,28,28,28
171272,2,1,1989,0,0,0,0,0,0,0,0,0,0
171273,1,1,1989,0,0,0,0,0,0,0,0,0,0
171274,0,1,1989,0,0,0,0,0,0,0,0,0,0
171274,1,1,1989,0,0,0,0,0,0,0,0,0,0
171275,1,1,1989,0,0,0,0,0,0,0,0,0,0
171275,2,1,1989,0,0,0,0,0,0,0,0,0,0
171276,1,1,1989,0,0,0,0,0,0,0,0,0,0
171277,0,1,1989,0,0,9,0,0,0,0,0,0,0
171277,1,1,1989,0,0,0,0,0,0,0,0,0,0
171278,1,1,1989,0,0,0,0,0,0,0,0,0,0
171279,0,1,1989,0,0,0,0,0,0,0,0,0,8
171279,1,1,1989,0,0,0,0,0,0,0,0,0,0
171280,1,1,1989,0,0,0,0,0,0,0,0,0,0
171280,2,1,1989,0,0,0,0,0,0,0,0,0,0
171281,1,1,1989,0,0,0,0,0,0,0,0,0,0
171281,2,1,1989,0,0,0,0,0,0,0,0,0,0
171282,1,1,1989,0,0,0,0,0,0,0,0,0,0
171283,0,1,1989,0,0,0,0,0,0,0,0,0,0
171284,0,1,1989,18,18,18,18,18,18,18,18,18,18
171284,1,1,1989,0,19,0,0,0,0,17,0,0,0
171285,1,1,1989,0,0,0,0,0,8,0,8,0,0
171285,2,1,1989,0,0,0,0,0,0,0,0,0,0
171286,1,1,1989,0,0,10,0,0,21,14,0,16,11
171287,1,1,1989,0,0,0,0,0,0,0,0,0,0
171287,2,1,1989,0,0,0,0,0,0,0,0,0,0
171288,1,1,1989,0,0,0,0,0,0,0,0,0,0
171289,1,1,1989,12,12,12,12,12,12,12,12,12,12
171289,2,1,1989,0,0,0,0,0,0,0,0,0,0
171290,1,1,1989,20,20,20,20,20,20,20,20,20,20
171291,0,1,1989,24,24,24,24,24,24,24,24,24,24
171291,0,2,1989,23,14,16,17,19,22,0,17,33,0
171291,1,1,1989,13,10,18,10,17,18,8,9,10,18
171292,1,1,1989,9,9,9,9,9,9,9,9,9,9
171293,1,1,1989,15,15,15,15,15,15,15,15,15,15
171294,1,1,1989,22,22,22,22,22,22,22,22,22,22
171294,2,1,1989,0,0,0,0,0,0,0,0,0,0
171295,1,1,1989,18,18,18,18,18,18,18,18,18,18
171296,1,1,1989,15,15,15,15,15,15,15,15,15,15
171297,1,1,1989,0,0,0,0,0,0,0,0,0,0
171298,1,1,1989,19,19,19,19,19,19,19,19,19,19
171298,2,1,1989,0,0,0,0,0,0,0,0,0,0
171298,3,1,1989,0,0,0,0,0,0,0,0,0,0
171299,1,1,1989,0,18,13,1,0,10,32,19,11,0
171300,1,1,1989,23,23,23,23,23,23,23,23,23,23
171300,2,1,1989,0,0,0,0,0,0,0,0,0,0
171301,1,1,1989,22,22,22,22,22,22,22,22,22,22
171301,2,1,1989,0,0,0,0,0,0,0,0,0,0
171301,3,1,1989,0,0,0,0,0,0,0,0,0,0
171302,1,1,1989,14,14,14,14,14,14,14,14,14,14
171302,2,1,1989,0,0,0,0,0,0,0,0,0,0
171303,1,1,1989,16,16,16,16,16,16,16,16,16,16
171303,2,1,1989,15,15,15,15,15,15,15,15,15,15
171304,1,1,1989,0,24,0,14,10,23,9,19,0,16
171305,0,1,1989,0,0,0,0,0,0,0,0,0,0
171305,1,1,1989,0,0,0,0,0,0,0,0,0,0
171306,1,1,1989,25,9,17,38,0,28,24,0,19,24
171307,1,1,1989,10,10,10,10,10,10,10,10,10,10
171308,1,1,1989,0,0,0,0,0,0,0,0,0,0
171308,2,1,1989,0,0,0,0,0,0,0,0,0,0
171309,1,1,1989,0,13,0,0,0,0,0,0,0,0
171310,0,1,1989,0,0,0,0,0,0,0,0,0,0
171310,1,1,1989,0,14,11,0,0,0,7,0,0,9
171311,1,1,1989,24,24,24,24,24,24,24,24,24,24
171311,2,1,1989,0,0,0,0,0,0,0,0,0,0
171312,1,1,1989,0,0,0,0,0,0,0,0,0,0
171312,2,1,1989,0,0,0,0,0,0,0,0,0,0
171313,1,1,1989,0,0,0,0,0,0,19,0,0,0
171313,2,1,1989,0,0,0,12,0,0,0,0,0,0
171313,3,1,1989,0,0,0,0,0,0,0,0,0,0
171313,4,1,1989,0,0,0,0,0,0,0,0,0,0
171314,1,1,1989,0,0,0,0,0,0,0,0,0,0
171315,0,1,1989,0,0,0,0,0,0,0,11,0,0
171315,1,1,1989,21,21,21,21,21,21,21,21,21,21
171316,1,1,1989,6,12,19,0,30,20,26,5,8,16
171317,1,1,1989,0,0,0,0,0,0,0,0,0,0
171317,2,1,1989,0,0,0,0,0,18,0,0,0,0
171318,1,1,1989,19,19,19,19,19,19,19,19,19,19
171318,2,1,1989,0,0,0,0,0,0,0,0,0,0
171319,1,1,1989,6,6,6,6,6,6,6,6,6,6
171319,2,1,1989,0,0,18,0,0,0,0,0,0,0
171320,1,1,1989,0,0,0,0,6,0,0,0,0,0
171320,2,1,1989,17,0,0,0,0,0,0,0,0,0
171321,1,1,1989,0,0,0,0,0,0,0,0,0,0
171321,2,1,1989,0,0,0,0,0,29,0,0,0,0
171322,1,1,1989,0,0,0,0,0,0,0,0,0,0
171322,2,1,1989,0,0,0,0,0,0,0,0,0,0
171323,0,1,1989,11,0,0,22,32,0,8,0,29,0
171323,1,1,1989,0,0,0,0,0,0,0,0,0,0
171323,2,1,1989,0,0,0,0,0,0,0,0,0,0
171324,1,1,1989,13,13,13,13,13,13,13,13,13,13
171325,1,1,1989,0,0,0,0,0,0,0,0,0,0
171325,2,1,1989,0,0,0,0,0,0,0,0,0,0
171326,1,1,1989,3,3,3,3,3,3,3,3,3,3
171327,1,1,1989,23,23,23,23,23,23,23,23,23,23
171328,1,1,1989,20,3,12,8,17,13,11,13,10,5
171329,1,1,1989,17,17,17,17,17,17,17,17,17,17
171329,2,1,1989,0,0,0,0,0,0,0,0,0,0
171330,1,1,1989,3,0,0,0,0,0,0,0,0,0
171330,2,1,1989,0,0,0,0,10,0,22,5,0,0
171330,3,1,1989,0,0,0,0,0,0,0,0,0,0
171330,4,1,1989,0,0,0,0,0,0,0,0,0,0
171332,1,1,1989,23,23,23,23,23,23,23,23,23,23
171332,2,1,1989,0,0,0,0,0,0,0,16,0,0
171333,0,1,1989,13,13,13,13,13,13,13,13,13,13
171333,1,1,1989,0,16,0,0,0,0,0,7,0,0
171334,1,1,1989,9,9,9,9,9,9,9,9,9,9
171334,2,1,1989,16,16,16,16,16,16,16,16,16,16
171335,1,1,1989,14,14,14,14,14,14,14,14,14,14
171336,1,1,1989,9,9,9,9,9,9,9,9,9,9
171337,1,1,1989,17,17,17,17,17,17,17,17,17,17
171337,2,1,1989,0,0,0,0,0,0,0,7,0,0
171338,0,1,1989,0,0,0,0,0,0,0,0,0,0
171338,1,1,1989,11,11,11,11,11,11,11,11,11,11
171339,1,1,1989,0,0,0,0,0,0,0,0,0,0
171340,0,1,1989,0,0,0,0,0,0,0,0,0,0
171340,1,1,1989,0,0,0,0,0,0,0,0,0,0
171341,1,1,1989,0,0,0,0,0,0,0,0,0,0
171341,2,1,1989,0,0,0,0,0,0,0,0,0,0
171342,0,1,1989,0,0,0,0,0,0,0,0,0,0
171342,0,2,1989,0,0,0,0,0,0,0,0,0,0
171342,0,3,1989,0,0,0,0,7,0,0,0,0,0
171342,1,1,1989,19,19,19,19,19,19,19,19,19,19
171343,1,1,1989,0,0,0,0,0,0,0,0,0,0
171343,2,1,1989,0,0,0,0,0,0,0,0,0,0
171343,3,1,1989,0,0,0,0,0,0,0,0,0,0
171343,4,1,1989,0,0,0,0,0,0,0,0,0,0
171344,1,1,1989,2,2,2,2,2,2,2,2,2,2
171345,1,1,1989,21,21,21,21,21,21,21,21,21,21
171345,2,1,1989,0,0,0,0,0,0,0,0,0,0
171346,0,1,1989,22,22,22,22,22,22,22,22,22,22
171346,1,1,1989,0,0,0,0,0,0,0,0,0,0
171346,2,1,1989,0,0,0,0,0,0,0,0,0,0
171347,1,1,1989,0,0,0,0,0,0,0,0,0,0
171348,1,1,1989,0,0,0,0,0,0,0,0,0,0
171348,2,1,1989,0,0,0,0,0,0,0,0,0,0
171349,1,1,1989,0,0,0,0,0,0,0,0,0,0
171349,2,1,1989,0,0,0,0,0,0,0,0,0,0
171349,3,1,1989,0,0,0,0,0,0,0,0,0,0
171350,1,1,1989,0,0,0,0,0,0,0,0,16,0
171350,2,1,1989,0,0,0,0,0,0,0,0,0,0
171351,1,1,1989,0,0,0,0,0,0,0,0,0,0
171351,2,1,1989,0,0,0,0,0,0,0,0,0,0
171353,1,1,1989,15,15,15,15,15,15,15,15,15,15
171353,2,1,1989,0,0,0,0,0,0,0,0,0,0
171354,1,1,1989,0,0,0,0,0,0,0,0,0,0
171354,2,1,1989,0,0,0,0,0,0,0,0,0,0
171354,3,1,1989,0,0,0,0,0,0,0,0,0,0
171355,1,1,1989,33,33,33,33,33,33,33,33,33,33
171355,2,1,1989,24,24,24,24,24,24,24,24,24,24
171356,1,1,1989,12,17,19,20,28,25,19,13,22,9
171357,1,1,1989,0,0,0,0,0,0,0,0,0,0
171358,1,1,1989,10,10,10,10,10,10,10,10,10,10
171358,2,1,1989,8,8,8,8,8,8,8,8,8,8
171359,1,1,1989,0,0,0,0,0,0,0,0,0,18
171359,2,1,1989,0,0,0,0,0,0,0,0,0,0
171360,1,1,1989,44,44,44,44,44,44,44,44,44,44
171361,1,1,1989,23,23,23,23,23,23,23,23,23,23
171362,1,1,1989,10,10,10,10,10,10,10,10,10,10
171363,1,1,1989,0,13,0,0,0,0,0,0,0,0
171363,2,1,1989,6,6,6,6,6,6,6,6,6,6
171364,0,1,1989,29,29,29,29,29,29,29,29,29,29
171364,1,1,1989,0,0,0,0,0,0,0,0,0,0
171365,1,1,1989,5,5,5,5,5,5,5,5,5,5
171366,1,1,1989,15,15,15,15,15,15,15,15,15,15
171367,1,1,1989,0,0,0,0,0,0,0,0,0,0
171368,1,1,1989,19,19,19,19,19,19,19,19,19,19
171369,1,1,1989,29,29,29,29,29,29,29,29,29,29
171370,1,1,1989,16,15,28,18,19,18,28,17,0,6
171371,1,1,1989,0,0,0,0,0,0,0,0,0,0
171372,1,1,1989,0,0,0,0,0,0,0,0,0,0
171373,1,1,1989,0,0,0,0,0,0,0,0,0,0
171374,1,1,1989,0,25,20,0,2,10,10,22,20,11
171374,2,1,1989,0,0,0,0,0,0,0,0,0,0
171375,0,1,1989,0,0,0,0,0,0,0,0,0,0
171375,1,1,1989,0,0,0,0,0,0,0,0,0,0
171376,1,1,1989,0,0,0,0,10,0,0,0,5,10
171377,1,1,1989,0,0,0,0,0,0,0,0,0,0
171378,0,1,1989,0,0,0,0,0,0,0,0,0,0
171378,1,1,1989,0,0,0,0,0,0,0,0,0,0
171379,1,1,1989,0,0,0,0,0,0,0,0,0,0
171379,2,1,1989,0,0,0,0,0,0,0,0,0,0
171380,1,1,1989,16,16,16,16,16,16,16,16,16,16
171380,2,1,1989,0,0,3,16,19,43,8,15,2,35
171380,3,1,1989,0,0,0,0,0,0,0,0,0,0
171381,1,1,1989,20,20,20,20,20,20,20,20,20,20
171382,1,1,1989,0,0,0,0,0,0,0,0,0,0
171382,2,1,1989,0,0,0,0,0,0,0,0,0,0
171382,3,1,1989,0,0,6,0,0,0,0,0,0,0
171383,1,1,1989,9,9,9,9,9,9,9,9,9,9
171384,1,1,1989,58,58,58,58,58,58,58,58,58,58
171385,1,1,1989,28,28,28,28,28,28,28,28,28,28
171386,1,1,1989,6,6,6,6,6,6,6,6,6,6
171387,1,1,1989,21,21,21,21,21,21,21,21,21,21
171388,1,1,1989,0,0,0,0,0,0,0,0,0,0
171388,2,1,1989,0,0,0,0,0,0,0,0,0,0
171389,1,1,1989,0,0,0,0,0,0,0,0,0,0
171390,1,1,1989,20,20,20,20,20,20,20,20,20,20
171391,1,1,1989,16,16,16,16,16,16,16,16,16,16
171392,1,1,1989,0,0,0,0,0,0,0,0,0,0
171392,2,1,1989,0,0,0,0,0,0,8,0,0,0
171393,1,1,1989,0,0,0,0,0,0,0,0,0,0
171393,2,1,1989,0,0,0,0,0,0,14,0,0,0
171394,1,1,1989,0,0,0,0,0,0,0,18,0,0
171395,1,1,1989,0,0,0,0,0,0,0,0,0,0
171396,1,1,1989,0,0,0,0,0,0,0,0,16,8
171397,1,1,1989,0,0,0,0,0,0,0,0,0,0
171397,2,1,1989,0,0,0,0,0,0,0,0,0,0
171397,3,1,1989,0,0,0,0,0,0,0,0,0,7
171398,0,1,1989,0,0,0,0,0,0,0,0,0,0
171398,1,1,1989,0,0,0,0,0,0,0,0,0,0
171399,1,1,1989,0,0,0,0,0,0,0,0,0,0
171399,2,1,1989,0,0,0,0,0,0,0,0,0,0
171400,1,1,1989,17,17,17,17,17,17,17,17,17,17
171400,2,1,1989,3,3,3,3,3,3,3,3,3,3
171400,3,1,1989,0,0,0,0,0,0,0,0,0,0
171401,1,1,1989,9,6,0,16,2,6,23,21,17,0
171402,1,1,1989,16,6,8,16,25,24,11,13,13,11
171402,2,1,1989,0,0,0,19,0,0,0,0,0,0
171402,3,1,1989,0,0,0,14,0,0,0,0,0,11
171403,1,1,1989,0,0,0,0,0,0,0,0,0,0
171404,1,1,1989,30,30,30,30,30,30,30,30,30,30
171405,1,1,1989,0,0,0,0,0,0,0,0,0,0
171405,2,1,1989,0,0,0,0,0,0,0,0,0,0
171406,1,1,1989,18,18,18,18,18,18,18,18,18,18
171407,1,1,1989,9,9,9,9,9,9,9,9,9,9
171407,2,1,1989,0,0,0,0,0,0,0,0,0,0
171408,1,1,1989,0,0,0,0,0,0,0,0,0,0
171409,0,1,1989,0,0,0,0,0,0,0,0,0,0
171409,1,1,1989,0,0,0,0,0,0,0,0,6,0
171410,1,1,1989,8,0,0,0,0,0,0,0,0,0
171410,2,1,1989,0,0,0,0,0,0,0,0,0,0
171411,1,1,1989,12,12,12,12,12,12,12,12,12,12
171412,1,1,1989,8,8,8,8,8,8,8,8,8,8
171413,1,1,1989,0,0,15,25,0,0,0,0,0,0
171414,1,1,1989,0,0,0,0,0,0,0,0,0,0
171415,1,1,1989,0,0,0,0,0,0,0,0,0,0
171415,2,1,1989,0,0,0,0,0,0,0,0,0,0
171416,1,1,1989,30,30,30,30,30,30,30,30,30,30
171416,2,1,1989,0,15,0,0,0,0,0,13,0,0
171417,1,1,1989,0,0,0,0,0,0,0,0,0,0
171418,0,1,1989,13,13,13,13,13,13,13,13,13,13
171418,1,1,1989,10,25,12,12,29,11,43,16,12,5
171419,1,1,1989,25,25,25,25,25,25,25,25,25,25
171420,0,1,1989,0,0,0,0,0,0,0,0,0,0
171420,1,1,1989,0,0,0,0,0,0,0,0,0,0
171421,1,1,1989,4,4,4,4,4,4,4,4,4,4
171421,2,1,1989,0,0,0,0,0,0,0,0,0,0
171422,1,1,1989,1,1,1,1,1,1,1,1,1,1
171423,1,1,1989,0,18,21,0,0,0,17,0,12,0
171423,2,1,1989,0,0,0,0,0,0,0,0,0,0
171424,1,1,1989,28,28,28,28,28,28,28,28,28,28
171425,1,1,1989,2,15,11,0,5,15,24,22,18,16
171425,2,1,1989,0,0,0,0,0,0,0,0,0,0
171426,1,1,1989,12,12,12,12,12,12,12,12,12,12
171427,1,1,1989,0,0,0,0,0,0,0,0,0,0
171427,2,1,1989,0,0,0,40,0,0,0,0,0,0
171428,1,1,1989,32,32,32,32,32,32,32,32,32,32
171429,1,1,1989,20,20,20,20,20,20,20,20,20,20
171429,2,1,1989,0,0,0,0,0,0,0,0,0,0
171429,3,1,1989,0,0,0,8,0,0,0,0,0,0
171429,4,1,1989,0,0,0,0,0,0,0,0,0,0
171430,1,1,1989,0,0,0,0,0,0,0,0,0,0
171430,2,1,1989,0,0,0,0,0,0,0,0,0,0
171431,1,1,1989,13,13,13,13,13,13,13,13,13,13
171432,0,1,1989,0,0,0,0,0,0,0,0,0,0
171432,1,1,1989,0,0,0,0,0,0,0,0,0,0
171433,0,1,1989,0,0,0,0,0,0,0,0,0,0
171433,1,1,1989,0,0,0,0,0,0,0,0,0,0