ST_CASE,VEH_NO,PER_NO,YEAR,P1,P2,P3,P4,P5,P6,P7,P8,P9,P10
171434,0,1,1989,24,22,0,23,0,0,0,0,0,0
171434,1,1,1989,0,0,0,0,0,0,0,0,0,0
171435,1,1,1989,0,0,0,0,0,0,0,0,0,0
171435,2,1,1989,0,0,0,0,0,0,0,0,0,0
171436,1,1,1989,5,5,5,5,5,5,5,5,5,5
171437,1,1,1989,0,0,0,0,0,0,0,0,0,0
171438,1,1,1989,21,21,21,21,21,21,21,21,21,21
171439,1,1,1989,7,17,14,11,0,37,15,2,36,0
171439,2,1,1989,0,0,0,0,10,0,0,0,0,0
171440,1,1,1989,0,0,0,0,0,0,0,0,0,0
171440,2,1,1989,0,0,0,0,0,0,0,0,0,0
171441,0,1,1989,0,0,0,0,0,0,0,0,0,0
171441,1,1,1989,0,0,0,0,0,0,0,0,0,0
171442,1,1,1989,23,0,4,15,4,15,20,16,6,9
171442,2,1,1989,0,0,0,0,0,0,0,0,0,0
171443,1,1,1989,11,11,11,11,11,11,11,11,11,11
171444,0,1,1989,0,0,0,0,0,0,0,0,0,0
171444,1,1,1989,0,0,0,0,0,0,0,0,0,0
171445,1,1,1989,0,0,0,0,0,0,0,0,0,0
171445,2,1,1989,0,0,0,0,0,0,0,0,0,0
171446,1,1,1989,0,0,0,0,0,0,0,0,0,0
171446,2,1,1989,0,0,9,0,0,0,0,0,0,0
171447,1,1,1989,0,0,0,0,0,0,0,0,0,0
171448,1,1,1989,21,7,8,30,20,17,23,30,18,23
171449,1,1,1989,0,0,0,0,0,0,0,0,0,0
171450,1,1,1989,0,0,0,0,0,0,0,0,0,0
171450,2,1,1989,0,0,0,0,0,0,0,0,0,0
171451,0,1,1989,0,0,0,0,0,0,0,0,0,0
171451,1,1,1989,0,0,0,0,0,0,0,0,0,0
171452,1,1,1989,0,0,0,7,0,0,0,0,22,0
171452,2,1,1989,0,0,0,0,0,0,0,0,0,0
171452,3,1,1989,0,0,0,0,0,0,0,0,0,15
171452,4,1,1989,0,0,0,13,0,0,0,0,0,0
171453,1,1,1989,0,0,0,0,0,0,0,0,0,0
171453,2,1,1989,0,0,0,0,0,8,0,0,0,0
171455,1,1,1989,0,0,0,0,0,0,0,0,0,0
171455,2,1,1989,0,0,0,0,0,0,0,0,0,0
171456,1,1,1989,23,23,23,23,23,23,23,23,23,23
171456,2,1,1989,13,0,18,0,11,0,0,0,0,0
171457,0,1,1989,0,0,0,0,0,0,0,0,0,0
171457,1,1,1989,0,0,0,0,0,0,0,0,0,0
171458,0,1,1989,13,0,0,15,26,7,20,0,23,0
171458,1,1,1989,0,0,0,0,0,0,8,0,0,0
171459,1,1,1989,0,0,0,0,0,0,0,0,0,0
171460,1,1,1989,23,23,23,23,23,23,23,23,23,23
171461,1,1,1989,0,0,0,0,0,0,0,0,0,0
171462,1,1,1989,0,0,0,0,0,0,0,0,0,0
171463,1,1,1989,20,20,20,20,20,20,20,20,20,20
171464,1,1,1989,0,0,0,0,0,0,0,0,0,0
171464,2,1,1989,0,0,0,0,0,0,0,0,0,3
171465,1,1,1989,0,0,0,0,0,0,0,0,0,0
171465,2,1,1989,0,0,0,0,0,0,0,0,0,0
171466,0,1,1989,25,25,25,25,25,25,25,25,25,25
171466,1,1,1989,0,0,0,6,0,0,0,0,8,0
171467,1,1,1989,0,0,0,0,0,0,0,0,0,0
171467,2,1,1989,0,0,0,0,0,0,0,0,10,12
171468,1,1,1989,29,29,29,29,29,29,29,29,29,29
171468,2,1,1989,10,11,1,8,7,14,14,17,0,10
171468,3,1,1989,0,0,0,0,0,0,0,15,0,0
171469,0,1,1989,0,0,25,0,0,22,0,30,0,0
171469,0,2,1989,0,13,0,0,15,0,0,0,0,0
171469,1,1,1989,0,0,0,0,0,0,0,0,0,0
171470,1,1,1989,10,10,10,10,10,10,10,10,10,10
171470,2,1,1989,8,20,25,13,5,33,9,16,4,10
171471,1,1,1989,11,11,11,11,11,11,11,11,11,11
171472,1,1,1989,0,0,0,0,0,0,0,0,0,0
171473,1,1,1989,0,0,0,0,9,17,0,5,16,21
171473,2,1,1989,0,0,0,0,0,0,0,15,0,0
171474,1,1,1989,28,28,28,28,28,28,28,28,28,28
171474,2,1,1989,0,0,0,0,0,0,0,0,0,0
171475,0,1,1989,0,0,0,0,0,0,0,0,0,0
171475,1,1,1989,0,0,0,0,0,0,0,0,0,0
171476,1,1,1989,17,17,17,17,17,17,17,17,17,17
171477,1,1,1989,0,0,0,0,0,0,0,0,0,0
171477,2,1,1989,0,0,0,0,0,0,0,0,0,0
171477,3,1,1989,0,0,0,0,0,0,0,0,0,17
171477,4,1,1989,0,0,0,0,0,0,0,0,0,0
171478,1,1,1989,0,0,0,0,0,0,0,0,0,0
171479,1,1,1989,17,17,17,17,17,17,17,17,17,17
171480,1,1,1989,0,0,0,0,0,0,0,0,0,0
171480,2,1,1989,0,0,0,0,0,0,0,0,0,0
171481,0,1,1989,0,0,0,12,0,0,0,0,0,0
171481,1,1,1989,0,0,0,0,0,0,0,0,0,0
171482,1,1,1989,0,0,0,0,0,0,0,0,0,0
171482,2,1,1989,0,0,0,0,0,0,0,0,0,0
171482,3,1,1989,0,0,0,0,0,0,0,0,0,0
171482,4,1,1989,0,23,0,0,0,0,0,0,0,0
171482,5,1,1989,0,0,0,0,0,0,0,0,0,0
171483,1,1,1989,0,0,0,0,0,0,0,0,0,0
171483,2,1,1989,0,0,0,0,0,0,0,0,0,0
171484,1,1,1989,0,0,0,0,0,0,0,0,0,0
171484,2,1,1989,15,0,0,0,0,0,0,28,0,0
171485,1,1,1989,0,0,0,0,0,0,0,0,0,0
171485,2,1,1989,0,0,0,0,0,0,0,17,0,0
171486,1,1,1989,0,0,20,0,0,0,12,0,0,0
171486,2,1,1989,0,0,0,0,0,0,20,0,0,0
171487,1,1,1989,0,6,21,15,11,12,23,13,28,9
171487,2,1,1989,0,0,0,0,0,0,0,0,0,0
171487,3,1,1989,0,0,0,0,0,0,0,0,0,0
171488,1,1,1989,0,0,0,0,0,0,0,0,0,0
171488,2,1,1989,0,0,0,0,0,0,0,0,0,0
171489,1,1,1989,0,0,0,0,0,0,0,0,0,0
171489,2,1,1989,0,0,0,0,0,0,0,0,0,0
171489,3,1,1989,5,5,5,5,5,5,5,5,5,5
171490,1,1,1989,27,27,27,27,27,27,27,27,27,27
171490,2,1,1989,0,0,0,0,0,0,0,0,0,0
171491,1,1,1989,22,22,22,22,22,22,22,22,22,22
171492,1,1,1989,0,0,0,0,0,0,0,0,0,0
171493,0,1,1989,0,0,0,0,0,0,0,0,0,0
171493,1,1,1989,0,0,0,0,0,0,0,0,0,0
171494,1,1,1989,35,35,35,35,35,35,35,35,35,35
171494,2,1,1989,0,0,0,19,0,0,0,0,11,0
171495,1,1,1989,23,34,15,6,17,10,27,2,25,15
171495,2,1,1989,0,0,0,0,0,0,0,0,0,0
171496,1,1,1989,34,34,34,34,34,34,34,34,34,34
171496,2,1,1989,0,0,0,0,0,0,0,0,0,0
171497,1,1,1989,10,0,0,0,0,0,0,0,0,0
171498,1,1,1989,0,0,0,0,0,0,0,0,0,0
171498,2,1,1989,0,0,0,0,0,0,17,0,0,0
171499,0,1,1989,0,0,0,0,0,0,0,0,0,0
171499,1,1,1989,0,0,0,0,0,0,0,0,0,0
171500,0,1,1989,0,0,0,0,0,0,0,0,0,0
171500,1,1,1989,16,0,14,9,17,15,21,0,26,0
171501,1,1,1989,20,20,20,20,20,20,20,20,20,20
171501,2,1,1989,15,0,0,0,0,0,0,0,0,0
171502,0,1,1989,0,0,0,0,0,0,0,0,0,0
171502,1,1,1989,13,26,37,23,20,12,14,10,15,24
171503,1,1,1989,9,9,9,9,9,9,9,9,9,9
171504,1,1,1989,9,6,12,20,13,8,34,11,7,25
171504,2,1,1989,0,0,0,0,0,0,0,0,0,0
171505,1,1,1989,0,0,0,0,0,0,0,17,0,0
171506,1,1,1989,12,12,12,12,12,12,12,12,12,12
171507,1,1,1989,10,10,10,10,10,10,10,10,10,10
171507,2,1,1989,0,0,0,0,0,0,9,0,0,0
171508,1,1,1989,0,0,0,0,0,0,0,0,0,0
171508,2,1,1989,0,0,0,0,0,0,0,0,0,0
171509,1,1,1989,0,0,0,0,0,0,0,0,0,0
171509,2,1,1989,0,0,0,0,0,0,0,0,0,0
171510,1,1,1989,16,16,16,16,16,16,16,16,16,16
171510,2,1,1989,0,0,0,0,0,0,0,0,0,0
171510,3,1,1989,0,0,0,0,0,0,0,0,0,0
171511,1,1,1989,0,0,0,0,0,0,0,0,0,0
171511,2,1,1989,0,0,0,0,0,0,0,0,0,0
171512,1,1,1989,0,0,0,0,0,0,0,0,0,0
171512,2,1,1989,0,0,0,0,0,0,0,0,0,0
171513,1,1,1989,24,24,24,24,24,24,24,24,24,24
171515,0,1,1989,15,15,15,15,15,15,15,15,15,15
171515,1,1,1989,0,0,0,0,0,0,0,0,0,0
171516,1,1,1989,0,0,0,0,0,0,0,0,0,0
171517,1,1,1989,0,0,0,0,0,0,11,0,0,0
171517,2,1,1989,0,0,0,0,0,0,0,0,0,0
171518,1,1,1989,0,0,0,0,0,0,0,0,0,0
171519,0,1,1989,19,19,19,19,19,19,19,19,19,19
171519,1,1,1989,0,0,0,0,0,0,0,0,0,0
171520,1,1,1989,25,25,25,25,25,25,25,25,25,25
171521,0,1,1989,32,32,32,32,32,32,32,32,32,32
171521,1,1,1989,0,0,17,0,5,0,0,27,0,5
171522,1,1,1989,0,0,0,0,0,0,0,0,0,0
171522,2,1,1989,0,0,0,0,0,0,0,0,0,0
171522,3,1,1989,0,0,0,0,0,0,0,0,0,0
171523,1,1,1989,19,19,19,19,19,19,19,19,19,19
171524,1,1,1989,0,0,0,0,0,0,0,0,0,0
171524,2,1,1989,0,0,0,0,0,0,0,0,0,0
171525,1,1,1989,31,31,31,31,31,31,31,31,31,31
171526,1,1,1989,0,0,0,0,0,0,0,0,0,0
171526,2,1,1989,0,0,0,0,0,0,0,0,0,0
171527,1,1,1989,21,21,21,21,21,21,21,21,21,21
171528,1,1,1989,13,13,13,13,13,13,13,13,13,13
171528,2,1,1989,0,0,0,0,0,0,0,0,0,0
171528,3,1,1989,0,0,0,0,0,0,0,0,0,0
171528,4,1,1989,0,0,0,0,0,0,0,0,0,0
171529,1,1,1989,2,0,0,0,0,0,0,0,0,0
171529,2,1,1989,0,0,0,0,0,0,0,0,0,0
171530,1,1,1989,15,15,15,15,15,15,15,15,15,15
171530,2,1,1989,0,0,0,0,0,0,0,0,0,0
171531,1,1,1989,11,15,25,23,15,11,27,17,12,15
171532,1,1,1989,0,0,0,0,0,0,0,0,0,0
171532,2,1,1989,0,0,0,0,0,0,0,0,0,0
171533,1,1,1989,33,33,33,33,33,33,33,33,33,33
171534,1,1,1989,23,23,23,23,23,23,23,23,23,23
171535,1,1,1989,0,0,0,0,0,15,0,0,0,0
171535,2,1,1989,0,0,0,0,0,0,0,0,0,0
171536,1,1,1989,0,0,0,0,0,0,0,0,0,0
171537,1,1,1989,37,37,37,37,37,37,37,37,37,37
171538,1,1,1989,26,26,26,26,26,26,26,26,26,26
171538,2,1,1989,0,0,0,0,0,0,0,0,0,0
171539,1,1,1989,21,26,0,11,0,19,0,0,9,14
171540,0,1,1989,0,0,0,0,0,0,0,0,0,0
171540,1,1,1989,9,9,9,9,9,9,9,9,9,9
171541,0,1,1989,0,0,0,0,0,0,0,0,0,0
171541,1,1,1989,0,0,0,0,0,0,0,0,0,0
171542,1,1,1989,0,0,12,0,0,8,0,0,10,0
171543,1,1,1989,0,0,0,0,0,0,0,0,0,0
171544,1,1,1989,0,0,0,0,0,0,0,0,0,0
171544,2,1,1989,0,0,0,0,0,0,0,0,0,0
171545,1,1,1989,0,0,0,0,0,0,0,0,0,0
171546,1,1,1989,19,19,19,19,19,19,19,19,19,19
171547,0,1,1989,0,0,0,0,0,0,0,0,0,0
171547,0,2,1989,0,0,0,0,0,8,0,0,27,0
171547,1,1,1989,0,0,0,8,0,0,7,0,0,0
171548,1,1,1989,0,0,0,0,0,0,0,0,0,0
171549,1,1,1989,0,0,0,0,0,0,0,0,0,0
171549,2,1,1989,0,0,0,0,0,0,0,0,0,0
171550,1,1,1989,0,0,0,0,0,0,0,0,0,0
171551,1,1,1989,6,6,6,6,6,6,6,6,6,6
171552,1,1,1989,8,8,8,8,8,8,8,8,8,8
171552,2,1,1989,0,0,0,0,0,0,0,0,0,0
171553,1,1,1989,0,0,0,0,0,0,0,0,0,0
171554,1,1,1989,0,0,0,0,0,0,0,0,0,0
171555,1,1,1989,0,0,0,0,0,0,0,0,0,0
171555,2,1,1989,0,0,0,0,0,0,0,0,0,0
171556,1,1,1989,0,0,0,0,0,0,0,28,0,0
171556,2,1,1989,0,0,0,0,0,0,0,0,10,0
171556,3,1,1989,0,0,0,0,0,0,0,0,0,0
171557,1,1,1989,0,0,0,0,0,0,0,0,0,0
171558,1,1,1989,22,22,22,22,22,22,22,22,22,22
171559,1,1,1989,18,18,18,18,18,18,18,18,18,18
171559,2,1,1989,0,12,0,0,0,0,0,0,18,0
171560,1,1,1989,0,35,12,0,0,0,0,0,0,18
171561,1,1,1989,0,0,0,0,0,0,0,0,0,0
171561,2,1,1989,0,0,0,0,0,0,0,0,0,0
171561,3,1,1989,0,0,0,0,0,0,0,0,0,0
171562,0,1,1989,17,17,17,17,17,17,17,17,17,17
171562,1,1,1989,0,0,0,0,0,0,0,0,0,0
180001,1,1,1989,6,6,6,6,6,6,6,6,6,6
180002,1,1,1989,23,30,6,10,22,14,18,0,0,3
180003,1,1,1989,0,0,0,0,0,0,0,0,0,0
180004,1,1,1989,0,0,0,0,0,0,0,0,0,0
180004,2,1,1989,0,0,0,0,0,0,0,0,0,0
180005,1,1,1989,0,0,0,0,0,0,0,0,0,0
180005,2,1,1989,0,0,0,0,0,0,0,0,0,0
180006,1,1,1989,0,0,0,0,0,0,0,0,0,0
180006,2,1,1989,0,0,0,0,0,0,0,0,0,0
180008,1,1,1989,0,0,0,0,0,0,0,0,0,0
180009,1,1,1989,0,0,0,0,0,0,0,0,0,0
180009,2,1,1989,0,0,0,0,0,0,0,0,0,0
180009,3,1,1989,0,0,0,0,0,0,0,0,0,0
180010,1,1,1989,0,0,0,0,0,0,0,0,0,0
180010,2,1,1989,9,9,9,9,9,9,9,9,9,9
180011,1,1,1989,29,29,29,29,29,29,29,29,29,29
180011,2,1,1989,0,0,0,0,0,0,0,0,0,0
180012,1,1,1989,4,0,0,0,0,0,11,0,0,0
180013,1,1,1989,30,30,30,30,30,30,30,30,30,30
180014,0,1,1989,28,28,28,28,28,28,28,28,28,28
180014,1,1,1989,0,0,0,0,0,0,0,0,0,0
180015,1,1,1989,0,0,0,0,0,0,18,0,0,0
180015,2,1,1989,0,0,0,0,0,0,0,0,0,0
180016,1,1,1989,0,0,0,0,0,0,0,0,0,0
180017,1,1,1989,0,0,0,0,0,0,0,0,0,0
180017,2,1,1989,0,0,0,0,0,0,0,0,0,0
180018,1,1,1989,0,0,0,0,0,0,0,0,0,0
180019,1,1,1989,0,0,0,0,0,0,0,0,0,0
180019,2,1,1989,0,0,0,0,0,0,0,0,0,0
180019,3,1,1989,0,0,0,0,0,0,0,0,0,0
180020,1,1,1989,0,0,0,0,0,0,0,0,0,0
180021,1,1,1989,0,0,0,0,0,0,0,0,0,0
180022,1,1,1989,0,0,0,0,0,0,0,0,0,0
180023,1,1,1989,1,1,1,1,1,1,1,1,1,1
180023,2,1,1989,10,0,0,0,0,0,0,0,0,0
180024,1,1,1989,0,0,0,0,0,0,0,0,0,0
180024,2,1,1989,0,0,0,0,0,0,0,0,0,0
180025,1,1,1989,4,4,4,4,4,4,4,4,4,4
180026,1,1,1989,0,0,0,0,0,0,0,0,0,0
180026,2,1,1989,0,0,0,0,0,0,0,0,13,12
180027,0,1,1989,0,0,0,0,0,0,0,0,0,0
180027,1,1,1989,0,0,0,0,0,0,0,0,0,0
180028,1,1,1989,0,0,0,0,0,0,0,0,0,0
180028,2,1,1989,0,0,0,0,0,0,0,0,0,0
180029,1,1,1989,27,27,27,27,27,27,27,27,27,27
180029,2,1,1989,0,0,0,0,0,0,0,0,0,0
180030,1,1,1989,14,14,14,14,14,14,14,14,14,14
180031,1,1,1989,31,31,31,31,31,31,31,31,31,31
180032,1,1,1989,20,20,20,20,20,20,20,20,20,20
180032,2,1,1989,0,0,0,0,0,0,0,0,0,0
180033,0,1,1989,0,0,0,0,0,0,0,0,0,0
180033,1,1,1989,0,0,0,0,0,0,0,0,0,0
180034,1,1,1989,14,14,14,14,14,14,14,14,14,14
180034,2,1,1989,17,17,17,17,17,17,17,17,17,17
180035,1,1,1989,0,0,0,0,0,0,0,0,0,0
180036,1,1,1989,0,0,0,0,0,0,0,0,0,0
180036,2,1,1989,0,0,0,0,0,0,0,0,0,0
180037,1,1,1989,13,13,13,13,13,13,13,13,13,13
180038,1,1,1989,0,0,0,0,0,0,0,0,0,0
180038,2,1,1989,0,0,0,0,0,0,0,0,0,0
180039,1,1,1989,0,0,0,0,0,0,0,0,0,0
180040,1,1,1989,0,0,0,0,0,0,0,0,0,0
180040,2,1,1989,15,15,15,15,15,15,15,15,15,15
180041,0,1,1989,0,0,0,0,0,0,0,0,0,0
180041,1,1,1989,0,0,0,0,0,0,0,0,0,0
180042,1,1,1989,27,27,27,27,27,27,27,27,27,27
180043,1,1,1989,0,0,0,0,0,0,0,0,0,0
180043,2,1,1989,15,0,0,0,0,0,0,0,12,0
180044,1,1,1989,11,11,11,11,11,11,11,11,11,11
180044,2,1,1989,7,0,0,0,23,18,0,0,11,0
180045,1,1,1989,0,0,0,0,0,0,0,0,0,0
180045,2,1,1989,0,0,0,0,0,0,0,0,0,0
180046,1,1,1989,0,0,0,0,0,0,0,0,0,0
180046,2,1,1989,0,0,0,0,0,0,0,0,0,0
180047,1,1,1989,0,0,0,0,0,0,0,0,0,0
180047,2,1,1989,0,0,0,0,0,0,0,0,0,0
180047,3,1,1989,0,0,0,19,0,0,0,0,0,18
180048,1,1,1989,0,0,0,0,0,12,0,0,0,0
180048,2,1,1989,0,0,0,0,30,0,11,0,0,0
180049,0,1,1989,14,14,14,14,14,14,14,14,14,14
180049,1,1,1989,0,0,0,0,0,0,0,0,0,0
180050,1,1,1989,19,19,19,19,19,19,19,19,19,19
180052,1,1,1989,0,0,0,10,0,0,0,10,0,0
180052,2,1,1989,0,0,0,0,0,20,0,0,0,0
180053,1,1,1989,0,0,0,0,0,0,0,0,0,0
180053,2,1,1989,20,0,0,18,13,24,0,4,0,0
180054,1,1,1989,17,17,17,17,17,17,17,17,17,17
180055,1,1,1989,0,0,0,0,0,0,0,0,0,0
180055,2,1,1989,0,0,0,0,0,0,0,0,0,0
180056,0,1,1989,4,17,0,0,23,19,18,0,25,0
180056,1,1,1989,0,0,0,0,0,0,0,0,0,0
180057,1,1,1989,0,0,0,0,0,0,0,0,0,0
180057,2,1,1989,0,0,0,0,0,0,0,0,0,0
180058,1,1,1989,0,5,12,0,0,0,0,0,0,0
180059,1,1,1989,0,0,0,0,0,0,0,0,0,0
180060,1,1,1989,0,0,0,3,0,0,0,0,0,0
180060,2,1,1989,21,0,0,0,0,0,12,0,0,0
180061,1,1,1989,13,13,13,13,13,13,13,13,13,13
180062,1,1,1989,0,0,0,0,0,0,0,0,0,0
180062,2,1,1989,0,11,0,0,0,0,0,0,0,0
180062,3,1,1989,0,0,0,0,0,0,0,0,0,0
180063,1,1,1989,11,11,11,11,11,11,11,11,11,11
180063,2,1,1989,0,0,0,0,0,0,0,0,0,0
180064,1,1,1989,0,0,0,0,0,0,0,0,0,0
180065,1,1,1989,0,0,0,0,0,0,0,0,0,0
180065,2,1,1989,0,0,0,0,0,0,0,0,0,0
180066,1,1,1989,0,0,15,0,0,0,0,0,0,0
180067,0,1,1989,0,0,0,12,0,0,0,0,0,0
180067,1,1,1989,0,0,0,0,0,0,0,0,0,0
180067,2,1,1989,0,0,0,0,0,0,0,0,0,0
180068,1,1,1989,0,0,0,0,0,0,0,0,0,0
180068,2,1,1989,0,0,0,0,0,0,0,0,0,0
180069,1,1,1989,0,0,0,0,0,0,0,0,0,0
180070,1,1,1989,0,0,0,0,0,0,0,0,0,0
180070,2,1,1989,0,0,18,0,0,0,0,0,0,0
180071,1,1,1989,0,0,0,0,0,0,0,0,0,0
180072,1,1,1989,1,1,1,1,1,1,1,1,1,1
180073,1,1,1989,18,18,18,18,18,18,18,18,18,18
180074,1,1,1989,0,0,0,0,0,0,0,0,0,0
180074,2,1,1989,0,0,0,0,0,0,0,0,0,0
180075,1,1,1989,0,0,0,0,0,0,0,0,0,0
180075,2,1,1989,0,0,0,0,0,0,0,8,0,0
180076,1,1,1989,0,7,0,0,0,0,0,0,0,0
180076,2,1,1989,0,0,0,0,0,0,0,0,0,0
180077,1,1,1989,0,0,0,0,0,0,0,0,0,0
180077,2,1,1989,0,0,9,0,0,0,0,0,0,0
180078,1,1,1989,0,0,0,0,0,0,0,0,0,0
180078,2,1,1989,0,0,0,0,0,0,0,0,0,0
180079,1,1,1989,21,21,21,21,21,21,21,21,21,21
180079,2,1,1989,19,8,29,13,18,28,0,9,18,0
180080,1,1,1989,9,9,9,9,9,9,9,9,9,9
180081,1,1,1989,15,0,0,0,0,0,0,0,0,18
180081,2,1,1989,20,0,0,18,0,10,0,0,0,0
180081,3,1,1989,21,26,17,24,0,0,15,20,0,0
180081,4,1,1989,0,0,14,6,0,0,16,17,5,7
180082,1,1,1989,0,0,0,0,0,16,0,0,0,0
180082,2,1,1989,0,0,0,0,0,0,0,0,0,0
180083,1,1,1989,0,16,0,0,0,0,0,0,0,0
180083,2,1,1989,0,0,0,0,0,0,0,0,0,0
180083,3,1,1989,0,0,0,19,0,0,17,26,0,0
180084,1,1,1989,0,0,0,0,0,0,0,0,0,0
180085,1,1,1989,3,3,3,3,3,3,3,3,3,3
180085,2,1,1989,0,0,0,0,0,0,0,0,0,0
180086,1,1,1989,0,0,0,0,0,0,0,0,0,0
180086,2,1,1989,0,0,12,0,0,0,0,0,0,0
180087,1,1,1989,0,0,0,0,0,0,0,0,0,0
180087,2,1,1989,0,0,0,0,0,0,0,0,0,0
180088,1,1,1989,25,25,25,25,25,25,25,25,25,25
180089,1,1,1989,12,12,12,12,12,12,12,12,12,12
180089,2,1,1989,0,0,0,0,0,0,0,0,0,0
180090,1,1,1989,10,10,10,10,10,10,10,10,10,10
180091,1,1,1989,26,26,26,26,26,26,26,26,26,26
180091,2,1,1989,9,9,9,9,9,9,9,9,9,9
180092,1,1,1989,24,24,24,24,24,24,24,24,24,24
180093,1,1,1989,0,0,0,0,0,0,0,0,0,0
180093,2,1,1989,0,0,0,0,0,0,0,0,0,0
180094,1,1,1989,23,0,0,26,0,28,0,0,0,0
180094,2,1,1989,0,0,0,0,0,0,0,0,0,0
180095,1,1,1989,0,0,0,0,0,0,0,0,0,0
180095,2,1,1989,0,0,0,0,0,0,0,0,0,0
180095,3,1,1989,0,0,0,0,0,0,0,0,0,0
180096,1,1,1989,0,3,0,0,0,0,0,0,0,10
180096,2,1,1989,0,0,0,0,0,0,0,0,0,0
180097,1,1,1989,0,0,0,0,0,0,0,0,0,0
180097,2,1,1989,0,0,0,0,0,0,0,0,0,0
180099,1,1,1989,0,0,0,0,0,0,0,0,0,7
180100,1,1,1989,0,0,0,0,0,0,0,0,0,0
180100,2,1,1989,25,0,0,0,0,0,0,0,4,0
180101,1,1,1989,0,19,0,0,0,0,26,23,0,0
180101,2,1,1989,0,0,0,0,0,0,0,0,0,0
180102,1,1,1989,0,0,0,0,0,0,0,0,0,0
180103,1,1,1989,4,4,4,4,4,4,4,4,4,4
180103,2,1,1989,0,0,0,0,0,0,0,0,0,0
180104,0,1,1989,0,9,18,21,19,26,0,11,18,35
180104,0,2,1989,0,0,9,0,0,0,0,0,0,0
180104,1,1,1989,4,4,4,4,4,4,4,4,4,4
180105,1,1,1989,20,20,20,20,20,20,20,20,20,20
180106,1,1,1989,10,31,0,4,25,0,0,0,0,9
180108,1,1,1989,0,0,0,0,0,0,0,0,0,0
180108,2,1,1989,0,0,0,0,0,0,0,0,0,0
180109,1,2,1989,11,23,17,0,10,0,13,4,13,15
180110,1,1,1989,9,0,0,0,0,5,0,0,13,28
180111,1,1,1989,0,0,0,0,0,0,0,0,0,0
180112,0,1,1989,0,0,0,0,0,0,0,0,0,0
180112,1,1,1989,0,0,0,0,0,0,0,0,0,0
180112,2,1,1989,0,0,0,0,0,7,0,17,0,0
180113,1,1,1989,15,15,15,15,15,15,15,15,15,15
180114,0,1,1989,29,29,29,29,29,29,29,29,29,29
180114,1,1,1989,0,0,0,0,0,0,0,0,0,0
180115,1,1,1989,0,0,0,0,15,0,0,0,0,0
180115,2,1,1989,0,0,0,0,0,0,0,0,0,0
180116,1,1,1989,0,7,0,0,0,0,0,0,9,0
180117,1,1,1989,15,15,15,15,15,15,15,15,15,15
180118,1,1,1989,14,14,14,14,14,14,14,14,14,14
180120,0,1,1989,14,14,24,0,18,30,14,0,28,15
180120,1,1,1989,0,0,0,0,0,0,0,0,0,0
180121,1,1,1989,21,21,21,21,21,21,21,21,21,21
180122,1,1,1989,25,25,25,25,25,25,25,25,25,25
180123,1,1,1989,14,14,14,14,14,14,14,14,14,14
180124,1,1,1989,0,0,0,0,0,0,0,0,0,0
180124,2,1,1989,0,0,0,0,0,0,0,0,0,0
180125,1,1,1989,0,0,0,0,0,0,0,0,0,0
180125,2,1,1989,0,0,0,0,0,0,0,0,0,0
180126,0,1,1989,8,8,8,8,8,8,8,8,8,8
180126,1,1,1989,0,0,0,0,15,0,0,0,30,0
180127,1,1,1989,0,0,0,0,0,0,0,0,0,0
180127,2,1,1989,0,0,0,0,0,0,0,27,8,4
180128,0,1,1989,0,12,12,18,9,32,24,26,11,16
180128,1,1,1989,18,18,18,18,18,18,18,18,18,18
180129,1,1,1989,0,0,0,0,0,0,0,18,0,0
180129,2,1,1989,0,0,0,35,0,0,0,0,0,0
180130,0,1,1989,0,0,0,0,0,0,0,0,0,0
180130,1,1,1989,0,30,0,15,0,18,21,0,0,0
180131,1,1,1989,0,0,0,0,0,0,0,0,0,0
180133,1,1,1989,27,27,27,27,27,27,27,27,27,27
180134,1,1,1989,0,0,0,10,0,0,0,0,0,0
180134,2,1,1989,0,0,0,0,0,0,0,14,0,0
180134,3,1,1989,0,0,0,0,0,0,0,0,0,0
180134,4,1,1989,0,0,0,0,0,0,0,0,0,0
180135,1,1,1989,0,0,10,0,0,0,0,0,0,0
180135,2,1,1989,15,0,0,0,0,0,0,18,0,0
180136,1,1,1989,0,0,0,0,0,0,0,0,0,0
180137,1,1,1989,0,0,0,0,0,0,0,0,0,0
180137,2,1,1989,0,0,0,0,0,0,0,0,0,0
180138,1,1,1989,0,0,0,0,0,0,0,0,0,0
180139,1,1,1989,19,19,19,19,19,19,19,19,19,19
180139,2,1,1989,15,15,15,15,15,15,15,15,15,15
180139,3,1,1989,9,9,9,9,9,9,9,9,9,9
180140,1,1,1989,21,21,21,21,21,21,21,21,21,21
180141,1,1,1989,15,15,15,15,15,15,15,15,15,15
180142,1,1,1989,0,0,0,0,0,0,0,0,0,0
180142,2,1,1989,0,0,0,0,0,0,0,0,0,0
180143,1,1,1989,0,0,0,0,0,0,0,0,0,0
180143,2,1,1989,0,0,0,0,0,0,0,0,0,0
180144,1,1,1989,0,0,0,0,0,0,0,0,0,0
180144,2,1,1989,19,19,19,19,19,19,19,19,19,19
180145,1,1,1989,0,0,0,0,0,0,0,0,0,0
180145,2,1,1989,0,0,0,0,0,0,0,0,0,0
180146,1,1,1989,0,0,0,0,0,0,0,0,0,0
180146,2,1,1989,0,0,0,0,0,0,0,0,0,0
180147,1,1,1989,0,0,0,0,0,0,0,0,0,0