ST_CASE,VEH_NO,PER_NO,YEAR,P1,P2,P3,P4,P5,P6,P7,P8,P9,P10
180147,2,1,1989,0,0,0,0,0,0,0,0,0,0
180148,1,1,1989,0,0,0,0,0,0,13,0,0,0
180148,2,1,1989,0,0,0,3,20,0,0,0,0,0
180149,1,1,1989,0,8,0,0,9,0,0,18,0,0
180149,2,1,1989,0,0,0,0,0,0,0,0,0,0
180150,1,1,1989,17,17,17,17,17,17,17,17,17,17
180151,0,1,1989,0,0,0,0,0,0,0,0,0,0
180151,1,1,1989,0,0,0,0,0,0,0,0,0,0
180152,1,1,1989,0,0,0,0,0,0,0,0,0,0
180152,2,1,1989,0,0,0,0,0,0,0,0,0,0
180153,0,1,1989,0,20,0,0,13,0,20,0,10,10
180153,1,1,1989,0,0,0,0,0,0,0,0,0,0
180154,1,1,1989,19,19,19,19,19,19,19,19,19,19
180155,1,1,1989,0,0,0,0,0,0,0,0,0,0
180155,2,1,1989,0,0,0,0,0,0,23,0,0,0
180156,1,1,1989,0,0,0,0,0,0,0,0,0,0
180156,2,1,1989,0,0,19,0,0,0,0,0,0,0
180157,1,1,1989,0,0,0,0,0,0,0,0,0,0
180157,2,1,1989,0,0,0,0,0,0,0,0,0,0
180158,1,1,1989,3,3,3,3,3,3,3,3,3,3
180159,1,1,1989,0,0,0,0,0,0,0,0,0,0
180159,2,1,1989,0,0,0,0,0,0,0,0,0,0
180160,1,1,1989,17,17,17,17,17,17,17,17,17,17
180161,1,1,1989,0,0,0,0,0,0,0,0,0,0
180161,2,1,1989,0,0,0,0,0,0,0,0,0,0
180161,3,1,1989,0,0,0,0,0,0,0,0,0,0
180161,4,1,1989,0,0,0,0,0,0,19,0,0,0
180162,1,1,1989,0,0,0,0,0,0,0,0,0,0
180162,2,1,1989,0,0,0,0,0,0,0,0,0,0
180163,1,1,1989,0,0,0,0,0,0,0,0,0,0
180163,2,1,1989,0,0,0,0,0,0,0,0,0,0
180165,1,1,1989,1,1,1,1,1,1,1,1,1,1
180165,2,1,1989,0,0,0,0,0,0,0,0,0,0
180166,0,1,1989,0,0,0,0,0,0,0,0,0,0
180166,1,1,1989,0,0,0,0,0,0,0,0,0,0
180167,1,1,1989,0,0,0,0,0,0,0,0,0,0
180167,2,1,1989,3,3,3,3,3,3,3,3,3,3
180168,1,1,1989,24,24,24,24,24,24,24,24,24,24
180168,2,1,1989,0,0,0,15,0,0,0,0,12,0
180169,1,1,1989,0,0,0,0,0,0,0,0,0,0
180169,2,1,1989,20,20,20,20,20,20,20,20,20,20
180170,1,1,1989,15,0,0,0,0,0,5,0,0,4
180170,2,1,1989,15,15,15,15,15,15,15,15,15,15
180171,1,1,1989,0,0,0,0,0,0,0,0,0,0
180173,1,1,1989,18,18,18,18,18,18,18,18,18,18
180173,2,1,1989,0,0,0,0,0,3,0,5,0,0
180174,1,1,1989,0,0,0,0,0,0,0,0,0,0
180175,1,1,1989,15,15,15,15,15,15,15,15,15,15
180175,2,1,1989,0,0,0,0,0,0,9,0,0,0
180176,1,1,1989,0,0,0,0,0,0,0,0,0,0
180176,2,1,1989,0,0,0,0,0,0,0,0,0,0
180177,1,1,1989,0,0,0,0,0,0,0,0,0,0
180177,2,1,1989,0,0,0,0,0,0,0,0,0,0
180177,3,1,1989,0,0,0,0,0,0,0,0,0,0
180178,1,1,1989,17,17,17,17,17,17,17,17,17,17
180179,1,1,1989,0,0,0,0,0,0,0,0,0,0
180179,2,1,1989,0,10,0,0,0,0,0,0,0,0
180180,1,1,1989,24,24,24,24,24,24,24,24,24,24
180180,2,1,1989,0,0,13,0,0,0,0,0,0,0
180181,1,1,1989,0,0,0,0,0,0,0,0,0,0
180181,2,1,1989,0,0,0,0,0,0,0,0,0,0
180181,3,1,1989,0,0,0,0,0,0,0,0,0,0
180182,1,1,1989,0,0,0,0,0,0,0,0,0,0
180182,2,1,1989,0,0,0,0,0,0,0,0,0,0
180183,1,1,1989,9,9,9,9,9,9,9,9,9,9
180183,2,1,1989,0,0,0,0,0,0,0,0,0,0
180184,1,1,1989,22,22,22,22,22,22,22,22,22,22
180185,1,1,1989,2,2,2,2,2,2,2,2,2,2
180185,2,1,1989,0,0,0,0,0,0,0,0,0,0
180186,1,1,1989,0,0,0,0,0,0,0,0,0,0
180187,1,1,1989,4,4,4,4,4,4,4,4,4,4
180187,2,1,1989,0,0,0,0,0,0,0,0,0,0
180188,1,1,1989,18,18,18,18,18,18,18,18,18,18
180189,1,1,1989,10,10,10,10,10,10,10,10,10,10
180189,2,1,1989,0,0,0,0,0,0,0,0,0,0
180190,1,1,1989,0,0,0,0,0,0,0,0,0,0
180190,2,1,1989,0,0,0,0,0,0,0,0,0,0
180191,1,1,1989,28,28,28,28,28,28,28,28,28,28
180191,2,1,1989,12,12,12,12,12,12,12,12,12,12
180192,1,1,1989,12,12,12,12,12,12,12,12,12,12
180193,1,1,1989,20,20,20,20,20,20,20,20,20,20
180194,1,1,1989,0,0,0,0,18,18,0,0,0,0
180194,2,1,1989,0,0,0,0,0,0,0,0,0,0
180195,1,1,1989,18,18,18,18,18,18,18,18,18,18
180196,0,1,1989,0,0,0,14,23,13,15,12,20,0
180196,1,1,1989,14,0,9,0,18,9,16,17,0,0
180197,1,1,1989,0,0,0,0,0,0,0,0,0,0
180197,2,1,1989,16,0,0,14,11,0,0,15,0,0
180197,3,1,1989,0,18,0,0,0,0,0,0,0,22
180197,4,1,1989,9,0,0,0,0,0,0,0,0,0
180198,1,1,1989,0,0,0,0,0,0,0,0,0,0
180198,2,1,1989,13,13,13,13,13,13,13,13,13,13
180199,1,1,1989,24,24,24,24,24,24,24,24,24,24
180200,1,1,1989,0,0,0,0,0,0,0,0,0,0
180200,2,1,1989,0,0,0,0,0,0,0,0,0,0
180201,1,1,1989,28,5,0,16,34,28,22,0,0,27
180202,1,1,1989,0,10,0,0,0,0,0,0,0,0
180202,2,1,1989,38,38,38,38,38,38,38,38,38,38
180203,1,1,1989,0,0,0,0,0,0,0,0,0,0
180204,1,1,1989,0,0,0,0,0,9,0,0,0,0
180204,2,1,1989,0,0,0,0,0,0,0,21,0,0
180205,1,1,1989,0,0,0,0,0,0,0,0,0,0
180206,1,1,1989,0,0,0,0,0,0,0,0,0,0
180207,1,1,1989,1,1,1,1,1,1,1,1,1,1
180208,1,1,1989,0,0,0,0,0,0,0,0,0,0
180208,2,1,1989,0,0,0,0,0,0,0,0,0,0
180209,1,1,1989,0,0,0,0,0,0,0,0,0,0
180209,2,1,1989,1,1,1,1,1,1,1,1,1,1
180210,1,1,1989,0,0,0,0,0,0,0,0,0,0
180211,1,1,1989,0,0,0,0,0,0,0,0,0,0
180211,2,1,1989,0,0,0,0,0,0,0,0,0,0
180212,1,1,1989,26,26,26,26,26,26,26,26,26,26
180213,1,1,1989,20,20,20,20,20,20,20,20,20,20
180214,1,1,1989,0,0,0,0,0,0,0,0,0,0
180214,2,1,1989,0,0,0,0,0,0,14,0,0,0
180215,0,1,1989,0,0,0,0,0,0,0,0,0,0
180215,1,1,1989,0,0,0,0,0,0,0,0,0,0
180216,1,1,1989,0,0,0,0,0,0,0,0,0,0
180217,1,1,1989,0,0,0,0,0,17,0,12,0,0
180219,1,1,1989,0,0,0,0,0,0,0,0,8,0
180220,1,1,1989,0,0,0,0,0,0,0,0,0,0
180221,1,1,1989,22,22,22,22,22,22,22,22,22,22
180222,1,1,1989,18,18,18,18,18,18,18,18,18,18
180223,1,1,1989,0,0,0,0,0,0,0,0,0,0
180224,1,1,1989,0,0,0,0,0,0,0,0,0,0
180224,2,1,1989,11,0,0,0,0,0,0,0,0,0
180225,1,1,1989,17,17,17,17,17,17,17,17,17,17
180226,0,1,1989,0,0,0,0,0,0,0,0,0,0
180226,1,1,1989,0,0,0,0,0,0,0,0,0,0
180227,0,1,1989,0,0,0,0,0,0,0,0,0,0
180227,1,1,1989,0,0,0,0,0,0,0,0,0,0
180228,1,1,1989,0,0,0,0,0,0,0,0,0,0
180228,2,1,1989,0,0,0,0,0,0,0,0,0,0
180229,1,1,1989,0,22,0,0,0,0,0,0,0,0
180229,2,1,1989,0,0,0,0,0,0,0,0,0,0
180230,1,1,1989,0,0,0,0,0,0,0,0,0,0
180230,2,1,1989,0,0,0,0,0,0,0,0,0,0
180231,1,1,1989,0,0,0,0,5,0,0,0,13,0
180231,2,1,1989,0,0,0,0,0,0,0,0,0,0
180232,1,1,1989,1,1,1,1,1,1,1,1,1,1
180232,2,1,1989,0,0,0,0,0,0,0,0,0,0
180233,1,1,1989,0,0,0,0,0,0,0,0,0,0
180233,2,1,1989,21,21,21,21,21,21,21,21,21,21
180234,0,1,1989,0,0,0,0,0,0,0,0,0,0
180234,1,1,1989,0,0,0,0,0,0,0,0,0,0
180235,1,1,1989,20,20,20,20,20,20,20,20,20,20
180236,1,1,1989,0,0,0,0,0,0,0,0,0,0
180238,1,1,1989,24,24,24,24,24,24,24,24,24,24
180239,1,1,1989,0,0,0,0,0,19,0,0,0,0
180240,1,1,1989,17,17,17,17,17,17,17,17,17,17
180241,1,1,1989,0,0,0,0,0,0,0,0,0,0
180241,2,1,1989,0,0,0,0,0,0,0,0,0,0
180242,1,1,1989,4,4,4,4,4,4,4,4,4,4
180242,2,1,1989,15,15,15,15,15,15,15,15,15,15
180243,1,1,1989,0,0,0,0,0,0,0,0,0,0
180244,1,1,1989,0,0,0,0,0,0,0,0,0,0
180244,2,1,1989,0,0,0,0,0,0,0,0,0,0
180244,3,1,1989,0,0,0,0,0,0,0,0,0,0
180245,1,1,1989,0,0,0,0,0,0,0,0,0,0
180245,2,1,1989,0,0,0,0,0,0,0,0,0,0
180246,1,1,1989,0,0,0,0,0,0,0,0,0,0
180246,2,1,1989,0,0,0,0,0,0,0,0,0,0
180247,1,1,1989,0,0,0,0,0,0,0,0,0,0
180247,2,1,1989,0,0,0,0,0,0,0,0,0,0
180247,3,1,1989,0,0,0,0,0,0,0,0,0,0
180248,0,1,1989,0,0,33,0,0,6,27,0,0,0
180248,0,2,1989,0,13,31,4,30,6,12,23,22,30
180248,1,1,1989,21,21,21,21,21,21,21,21,21,21
180249,1,1,1989,0,0,0,0,0,0,0,0,0,0
180249,2,1,1989,0,0,0,0,0,0,0,0,0,0
180250,1,1,1989,13,13,13,13,13,13,13,13,13,13
180251,0,1,1989,0,0,0,0,0,0,0,0,0,0
180251,1,1,1989,0,0,0,0,0,0,0,0,0,0
180252,1,1,1989,0,0,0,0,0,0,0,0,0,0
180252,2,1,1989,7,7,7,7,7,7,7,7,7,7
180253,1,1,1989,0,0,0,0,0,0,0,0,0,0
180253,2,1,1989,22,22,22,22,22,22,22,22,22,22
180254,1,1,1989,0,0,0,0,0,0,0,0,0,0
180254,2,1,1989,0,8,0,0,0,0,0,0,0,20
180255,1,1,1989,8,8,8,8,8,8,8,8,8,8
180255,2,1,1989,0,0,0,0,0,0,0,0,0,0
180256,1,1,1989,0,0,0,0,0,0,0,0,0,0
180256,2,1,1989,0,0,0,0,0,0,0,0,0,0
180257,1,1,1989,23,23,23,23,23,23,23,23,23,23
180258,1,1,1989,0,0,0,0,0,0,0,0,0,0
180259,1,1,1989,19,19,19,19,19,19,19,19,19,19
180260,1,1,1989,0,0,0,0,0,0,0,0,0,0
180260,2,1,1989,0,0,0,0,0,0,0,0,0,0
180261,1,1,1989,0,0,0,0,0,0,0,0,0,0
180261,2,1,1989,0,0,0,0,0,0,0,0,0,0
180262,1,1,1989,0,0,0,0,0,0,0,0,0,0
180262,2,1,1989,0,0,0,0,0,0,0,0,0,0
180262,3,1,1989,0,0,0,0,0,0,0,0,0,0
180262,4,1,1989,0,0,5,0,0,21,0,0,0,0
180262,5,1,1989,0,0,0,0,0,0,0,0,0,0
180262,6,1,1989,0,0,0,0,0,0,0,0,0,0
180263,0,1,1989,15,15,15,15,15,15,15,15,15,15
180263,1,1,1989,0,0,0,0,0,0,0,0,0,0
180264,1,1,1989,16,12,13,0,21,0,23,18,0,23
180265,1,1,1989,19,19,19,19,19,19,19,19,19,19
180266,1,1,1989,0,0,0,0,0,0,0,0,0,0
180266,2,1,1989,0,0,0,0,0,0,0,0,0,0
180267,1,1,1989,25,25,25,25,25,25,25,25,25,25
180268,1,1,1989,0,0,0,0,0,0,0,0,0,0
180268,2,1,1989,0,0,0,0,0,0,0,0,0,0
180268,3,1,1989,0,0,0,0,0,0,0,0,0,0
180269,1,1,1989,0,0,0,0,0,0,0,0,0,0
180269,2,1,1989,0,0,0,0,0,0,0,0,0,0
180270,0,1,1989,29,29,29,29,29,29,29,29,29,29
180270,1,1,1989,0,0,0,0,0,0,0,0,0,0
180271,1,1,1989,25,25,25,25,25,25,25,25,25,25
180272,1,1,1989,12,18,17,23,22,35,17,13,18,0
180273,0,1,1989,0,0,0,0,0,0,0,0,0,0
180273,1,1,1989,0,0,0,0,0,0,0,0,0,0
180274,1,1,1989,0,0,0,0,0,0,0,0,0,0
180275,1,1,1989,0,0,0,0,0,0,0,0,0,0
180275,2,1,1989,0,0,0,0,0,0,0,0,0,0
180276,1,1,1989,0,0,0,0,0,0,0,0,0,0
180276,2,1,1989,0,0,0,0,0,0,0,0,0,0
180277,1,1,1989,20,20,20,20,20,20,20,20,20,20
180277,2,1,1989,0,0,0,0,0,0,0,0,0,0
180278,1,1,1989,0,0,0,0,0,0,0,0,24,0
180279,1,1,1989,0,8,0,0,17,0,6,8,6,0
180280,0,1,1989,0,0,0,0,0,0,0,0,8,0
180280,1,1,1989,0,0,0,0,0,0,0,0,0,0
180281,1,1,1989,0,0,0,0,0,0,0,0,0,0
180281,2,1,1989,0,0,0,0,0,0,0,0,0,0
180282,1,1,1989,0,0,0,0,0,0,0,0,0,0
180282,2,1,1989,0,0,0,0,0,0,0,0,0,0
180283,1,1,1989,20,20,20,20,20,20,20,20,20,20
180284,1,1,1989,0,0,0,0,0,0,0,0,0,0
180284,2,1,1989,0,0,0,0,0,0,0,0,0,0
180285,0,1,1989,0,0,0,0,0,0,0,0,0,0
180285,1,1,1989,0,0,0,0,0,0,0,0,0,0
180286,1,1,1989,0,0,0,0,0,0,0,0,0,0
180286,2,1,1989,0,0,0,0,0,0,0,0,0,0
180287,0,1,1989,27,0,9,23,27,19,37,8,21,19
180287,1,1,1989,0,0,0,0,0,0,0,0,0,0
180288,0,1,1989,0,0,0,0,0,0,0,0,0,0
180288,1,1,1989,0,0,17,0,3,0,0,0,16,0
180289,1,1,1989,0,0,0,0,0,0,0,0,0,0
180289,2,1,1989,0,0,0,0,0,0,0,0,0,7
180289,3,1,1989,0,0,0,0,0,11,0,0,0,0
180290,1,1,1989,0,19,0,20,0,30,0,33,0,0
180291,1,1,1989,0,0,0,0,0,0,0,0,0,0
180292,1,1,1989,26,26,26,26,26,26,26,26,26,26
180292,2,1,1989,0,0,0,0,0,0,0,0,0,0
180293,1,1,1989,0,0,0,0,0,0,0,0,0,0
180293,2,1,1989,0,0,0,0,0,0,0,0,0,0
180294,1,1,1989,0,0,0,0,0,0,0,0,0,0
180294,2,1,1989,0,0,0,0,0,0,0,0,0,0
180295,1,1,1989,31,31,31,31,31,31,31,31,31,31
180295,2,1,1989,0,0,0,0,0,0,0,0,0,0
180296,0,1,1989,0,0,0,0,0,0,0,0,0,0
180296,1,1,1989,0,0,0,0,0,0,0,0,0,0
180297,0,1,1989,0,0,0,0,0,0,0,0,0,0
180297,1,1,1989,0,0,0,0,0,0,0,0,0,0
180298,1,1,1989,0,0,0,0,0,0,0,0,0,0
180298,2,1,1989,8,8,8,8,8,8,8,8,8,8
180299,1,1,1989,0,0,0,0,0,0,0,0,0,0
180299,2,1,1989,0,0,0,0,0,0,0,0,0,18
180300,1,1,1989,0,0,0,0,0,0,0,0,0,0
180300,2,1,1989,0,0,0,0,0,0,0,0,0,0
180301,1,1,1989,0,0,0,0,0,0,0,0,0,0
180301,2,1,1989,0,0,0,0,0,0,0,0,0,0
180302,1,1,1989,0,0,0,0,0,0,0,0,17,0
180303,1,1,1989,26,0,12,26,0,18,0,18,20,13
180304,1,1,1989,20,20,20,20,20,20,20,20,20,20
180305,1,1,1989,0,0,0,0,0,0,0,0,0,0
180305,2,1,1989,26,0,0,12,15,0,7,0,2,27
180306,1,1,1989,22,22,22,22,22,22,22,22,22,22
180307,1,1,1989,0,0,0,0,0,0,0,0,0,0
180307,2,1,1989,0,14,7,0,0,0,0,0,12,0
180308,1,1,1989,17,17,17,17,17,17,17,17,17,17
180308,2,1,1989,19,0,0,0,17,0,0,0,0,0
180309,1,1,1989,0,0,0,0,0,0,0,0,0,0
180309,2,1,1989,0,0,0,0,0,0,0,0,0,0
180310,1,1,1989,0,0,0,0,0,0,0,0,0,0
180310,2,1,1989,0,0,23,0,0,0,0,0,0,0
180311,1,1,1989,12,0,0,0,0,10,11,0,21,18
180312,1,1,1989,0,0,0,0,0,0,0,0,0,0
180312,2,1,1989,0,0,0,0,0,0,0,0,0,0
180313,1,1,1989,17,17,17,17,17,17,17,17,17,17
180314,1,1,1989,14,14,14,14,14,14,14,14,14,14
180314,2,1,1989,2,2,2,2,2,2,2,2,2,2
180315,1,1,1989,0,0,0,0,0,0,0,0,0,0
180315,2,1,1989,0,0,0,0,0,0,0,10,6,0
180316,1,1,1989,0,21,26,0,23,18,16,0,22,8
180317,0,1,1989,0,0,0,0,0,0,0,0,0,0
180317,1,1,1989,0,0,0,0,0,0,0,0,0,0
180318,1,1,1989,8,8,8,8,8,8,8,8,8,8
180319,1,1,1989,0,0,0,0,0,0,0,0,0,0
180320,1,1,1989,11,11,0,0,5,7,0,13,0,0
180321,1,1,1989,0,0,0,0,0,0,0,0,0,0
180321,2,1,1989,24,24,24,24,24,24,24,24,24,24
180322,1,1,1989,3,3,3,3,3,3,3,3,3,3
180322,2,1,1989,9,9,9,9,9,9,9,9,9,9
180323,1,1,1989,13,13,13,13,13,13,13,13,13,13
180323,2,1,1989,0,0,0,0,0,0,0,0,0,0
180324,1,1,1989,0,17,13,6,10,0,10,0,12,0
180325,1,1,1989,0,0,0,0,0,0,0,0,0,0
180326,1,1,1989,0,0,0,0,0,0,0,0,0,0
180326,2,1,1989,0,0,0,0,0,0,0,0,0,0
180327,1,1,1989,0,0,0,0,0,0,0,0,0,0
180328,1,1,1989,0,0,0,0,0,0,0,0,0,0
180329,1,1,1989,0,0,0,0,0,0,0,0,0,0
180329,2,1,1989,0,0,0,0,0,0,0,0,0,0
180330,1,1,1989,0,0,0,0,0,0,0,0,0,0
180331,1,1,1989,0,23,27,0,10,0,0,30,29,0
180332,1,1,1989,0,0,0,0,0,0,0,0,0,0
180333,1,1,1989,0,0,0,0,0,0,0,0,0,0
180333,2,1,1989,0,0,0,0,0,0,0,0,0,0
180333,3,1,1989,0,0,0,3,0,8,0,0,0,0
180334,1,1,1989,23,23,23,23,23,23,23,23,23,23
180334,2,1,1989,0,0,0,0,0,0,0,0,0,0
180334,3,1,1989,0,0,6,0,11,0,0,0,11,0
180335,1,1,1989,0,0,0,0,0,0,0,0,0,0
180336,0,1,1989,0,0,0,0,0,0,0,0,0,0
180336,1,1,1989,0,0,0,0,0,0,0,0,0,0
180337,1,1,1989,0,0,0,0,0,0,0,0,0,0
180337,2,1,1989,0,0,0,0,0,0,0,0,0,0
180338,1,1,1989,0,0,0,0,0,0,0,0,0,0
180338,2,1,1989,0,0,0,0,0,0,0,0,0,0
180339,1,1,1989,10,0,0,0,0,0,0,0,0,0
180339,2,1,1989,0,0,4,0,0,0,0,0,15,0
180339,3,1,1989,0,0,17,0,0,0,0,0,0,7
180340,0,1,1989,0,0,0,0,0,0,0,0,0,0
180340,1,1,1989,0,0,0,0,0,0,0,0,0,0
180341,1,1,1989,0,0,0,0,0,0,0,0,0,0
180342,1,1,1989,0,0,0,0,0,0,0,0,0,0
180343,1,1,1989,31,31,31,31,31,31,31,31,31,31
180344,1,1,1989,1,1,1,1,1,1,1,1,1,1
180345,0,1,1989,0,0,0,0,0,0,0,0,22,0
180345,1,1,1989,0,0,0,0,0,0,0,0,0,0
180346,1,1,1989,23,23,23,23,23,23,23,23,23,23
180347,1,1,1989,17,17,17,17,17,17,17,17,17,17
180348,1,1,1989,11,11,11,11,11,11,11,11,11,11
180348,2,1,1989,11,11,11,11,11,11,11,11,11,11
180349,1,1,1989,15,15,15,15,15,15,15,15,15,15
180349,2,1,1989,8,8,8,8,8,8,8,8,8,8
180350,1,1,1989,0,0,0,0,0,0,0,0,0,0
180351,1,1,1989,0,0,0,0,0,0,0,0,0,0
180351,2,1,1989,0,0,0,0,0,0,0,0,0,0
180353,1,1,1989,0,0,0,0,0,0,0,0,0,0
180354,1,1,1989,28,15,10,0,18,0,23,25,21,0
180355,1,1,1989,0,0,0,0,0,0,0,0,0,0
180356,1,1,1989,27,27,27,27,27,27,27,27,27,27
180357,1,1,1989,0,0,0,0,0,0,0,0,0,0
180357,2,1,1989,0,0,0,0,0,0,0,0,0,0
180358,1,1,1989,0,0,0,0,0,0,0,0,0,0
180358,2,1,1989,0,0,0,0,0,0,0,0,0,0
180359,1,1,1989,20,20,20,20,20,20,20,20,20,20
180359,2,1,1989,0,0,0,0,0,0,0,0,0,0
180360,1,1,1989,10,0,0,0,0,0,0,0,0,0
180360,2,1,1989,0,0,0,0,0,0,0,0,0,0
180361,1,1,1989,19,0,14,9,15,0,0,35,17,0
180361,2,1,1989,0,0,0,0,0,0,8,0,0,0
180362,1,1,1989,29,29,29,29,29,29,29,29,29,29
180363,0,1,1989,23,14,0,0,0,21,0,5,37,8
180363,1,1,1989,0,0,9,0,5,11,0,14,0,0
180364,1,1,1989,0,0,0,0,0,0,0,0,0,0
180365,1,1,1989,0,0,0,0,0,0,0,0,0,0
180365,2,1,1989,0,0,16,0,0,0,0,9,7,0
180366,1,1,1989,0,0,0,0,0,0,0,0,0,0
180366,2,1,1989,12,12,12,12,12,12,12,12,12,12
180367,1,1,1989,0,0,0,0,0,0,0,0,0,0
180368,1,1,1989,0,0,0,0,0,0,0,0,0,0
180369,1,1,1989,0,0,0,0,0,0,0,0,0,0
180370,1,1,1989,27,27,27,27,27,27,27,27,27,27
180371,1,1,1989,16,16,16,16,16,16,16,16,16,16
180372,1,1,1989,0,0,0,0,0,0,0,0,0,0
180372,2,1,1989,0,0,0,0,0,0,0,0,0,0
180373,1,1,1989,0,0,0,0,0,0,0,0,0,0
180373,2,1,1989,0,0,0,0,0,0,0,0,0,0
180374,1,1,1989,23,23,23,23,23,23,23,23,23,23
180375,1,1,1989,0,0,0,0,0,0,0,0,0,0
180375,2,1,1989,0,0,0,0,0,0,0,0,0,0
180376,1,1,1989,0,0,0,0,0,0,0,0,0,0
180377,1,1,1989,0,0,0,0,0,0,0,0,0,0
180377,2,1,1989,0,0,0,0,0,25,0,0,0,0
180378,1,1,1989,26,26,26,26,26,26,26,26,26,26
180379,1,1,1989,0,0,0,0,0,0,0,0,0,0
180379,2,1,1989,19,27,0,0,0,0,0,13,0,7
180380,1,1,1989,12,34,19,12,14,10,12,25,11,8
180380,2,1,1989,22,22,22,22,22,22,22,22,22,22
180381,1,1,1989,26,26,26,26,26,26,26,26,26,26
180382,1,1,1989,13,13,13,13,13,13,13,13,13,13
180382,2,1,1989,0,0,0,0,0,0,0,0,0,0
180383,1,1,1989,0,0,21,9,14,0,11,24,22,0
180384,1,1,1989,14,14,14,14,14,14,14,14,14,14
180385,1,1,1989,0,0,0,0,0,0,0,0,0,0
180385,2,1,1989,0,0,0,0,0,0,0,0,0,0
180385,3,1,1989,0,0,0,0,0,0,0,0,14,0
180386,0,1,1989,0,0,0,0,0,0,0,0,0,0
180386,0,2,1989,0,28,0,0,0,0,0,0,12,0
180386,1,1,1989,0,0,0,0,0,0,0,0,0,0
180387,1,1,1989,0,0,0,0,0,0,0,0,0,0
180387,2,1,1989,0,0,0,0,0,0,0,0,0,0
180387,3,1,1989,0,0,0,0,0,0,0,0,0,0
180388,1,1,1989,29,0,0,0,0,0,8,0,0,0
180388,2,1,1989,0,0,0,0,0,0,0,0,0,0
180389,1,1,1989,25,25,25,25,25,25,25,25,25,25
180389,2,1,1989,38,0,0,0,5,0,0,20,0,0
180390,1,1,1989,0,0,0,0,0,0,0,0,0,0
180390,2,1,1989,0,0,0,0,0,0,0,0,0,0
180391,1,1,1989,0,0,0,0,0,0,0,0,0,0
180391,2,1,1989,0,0,0,0,0,0,0,0,0,0
180392,1,1,1989,24,24,24,24,24,24,24,24,24,24
180393,0,1,1989,21,21,21,21,21,21,21,21,21,21
180393,1,1,1989,0,0,0,0,0,0,0,0,0,0
180394,1,1,1989,8,0,6,0,0,0,0,0,0,14
180394,2,1,1989,13,13,13,13,13,13,13,13,13,13
180395,1,1,1989,7,0,11,0,16,13,12,0,5,12
180395,2,1,1989,0,0,0,0,0,0,0,0,0,0
180396,1,1,1989,16,20,18,0,0,0,0,0,0,0
180397,1,1,1989,0,0,0,0,0,0,0,0,0,0
180397,2,1,1989,9,9,9,9,9,9,9,9,9,9
180398,1,1,1989,17,17,17,17,17,17,17,17,17,17
180399,1,1,1989,0,0,0,0,0,0,0,0,0,0
180400,1,1,1989,0,0,0,0,0,0,0,0,0,0
180401,1,1,1989,0,0,0,0,0,0,0,0,0,0
180402,1,1,1989,0,0,0,0,0,0,0,0,0,0
180402,2,1,1989,0,0,0,0,0,0,0,0,0,0
180403,1,1,1989,15,15,15,15,15,15,15,15,15,15
180404,1,1,1989,0,0,0,0,0,0,0,0,0,0
180405,1,1,1989,0,0,0,0,0,0,0,0,0,0
180405,2,1,1989,0,0,0,0,0,0,0,0,0,0
180406,1,1,1989,0,0,0,0,0,0,0,0,0,0
180406,2,1,1989,0,0,0,0,0,0,0,0,0,0
180407,1,1,1989,28,28,28,28,28,28,28,28,28,28
180408,0,1,1989,0,0,0,0,0,0,10,0,0,0
180408,1,1,1989,0,0,0,0,0,0,0,0,0,0
180409,1,1,1989,0,0,0,0,0,0,0,0,0,0
180409,2,1,1989,0,0,0,0,0,0,0,0,0,0
180410,0,1,1989,0,0,0,0,0,0,0,0,0,0
180410,1,1,1989,1,1,1,1,1,1,1,1,1,1
180411,1,1,1989,14,14,14,14,14,14,14,14,14,14
180411,2,1,1989,0,0,0,0,0,0,0,0,0,0
180412,1,1,1989,11,11,11,11,11,11,11,11,11,11
180412,2,1,1989,25,25,25,25,25,25,25,25,25,25
180413,1,1,1989,18,16,0,17,19,13,17,17,35,29
180414,1,1,1989,0,38,0,15,0,0,0,16,7,0
180415,1,1,1989,20,20,20,20,20,20,20,20,20,20
180416,1,1,1989,10,10,10,10,10,10,10,10,10,10
180417,1,1,1989,12,12,12,12,12,12,12,12,12,12
180417,2,1,1989,0,0,0,0,0,0,0,0,0,13
180418,1,1,1989,18,18,18,18,18,18,18,18,18,18
180419,1,1,1989,5,5,5,5,5,5,5,5,5,5
180419,2,1,1989,0,0,0,0,0,0,0,0,0,0
180420,0,1,1989,0,0,0,0,0,0,0,0,0,0
180420,0,2,1989,0,0,0,0,0,49,0,0,8,0
180420,1,1,1989,9,9,9,9,9,9,9,9,9,9
180421,0,1,1989,0,48,0,0,22,0,0,0,8,0
180421,0,2,1989,8,0,0,7,0,0,0,0,20,19
180421,1,1,1989,0,0,0,0,19,0,0,0,0,0
180422,0,1,1989,0,0,0,0,0,0,0,0,0,0
180422,1,1,1989,0,0,0,0,0,0,0,0,0,0
180423,0,1,1989,0,0,0,0,0,0,0,10,0,5
180423,1,1,1989,0,0,0,0,0,0,0,0,0,0
180424,1,1,1989,0,0,0,0,0,6,0,14,0,0
180424,2,1,1989,0,0,0,0,0,0,0,0,0,0
180425,1,1,1989,0,0,0,0,0,0,0,0,0,0
180426,0,1,1989,0,0,0,0,0,0,0,0,0,0
180426,1,1,1989,0,0,0,0,0,0,0,0,0,0