ST_CASE,VEH_NO,PER_NO,YEAR,P1,P2,P3,P4,P5,P6,P7,P8,P9,P10
180427,1,1,1989,13,13,13,13,13,13,13,13,13,13
180428,1,1,1989,0,0,0,0,0,0,0,0,0,0
180428,2,1,1989,0,0,0,0,0,0,0,0,0,0
180429,1,1,1989,0,0,0,0,0,0,0,0,0,0
180430,1,1,1989,0,0,9,0,0,0,15,0,0,0
180431,0,1,1989,0,0,0,0,0,0,0,0,0,0
180431,1,1,1989,0,0,0,0,0,0,0,0,0,0
180432,0,1,1989,0,0,0,0,0,0,0,0,0,0
180432,1,1,1989,0,0,0,0,0,0,0,0,0,16
180433,1,1,1989,0,0,0,0,0,0,0,0,0,0
180433,2,1,1989,0,0,0,0,0,0,0,0,0,0
180434,1,1,1989,24,24,24,24,24,24,24,24,24,24
180435,1,1,1989,6,0,0,0,0,0,0,38,0,0
180436,1,1,1989,20,20,20,20,20,20,20,20,20,20
180436,2,1,1989,0,0,0,0,0,0,0,0,0,0
180437,1,1,1989,0,0,0,0,0,0,0,0,0,0
180438,1,1,1989,0,0,28,8,7,0,5,13,0,0
180438,2,1,1989,0,0,4,0,0,0,15,0,0,17
180439,0,1,1989,0,0,0,0,0,0,0,0,0,0
180439,1,1,1989,0,0,0,0,0,0,0,0,0,0
180440,1,1,1989,0,0,16,0,0,0,0,0,10,0
180440,2,1,1989,0,0,0,0,0,0,0,0,0,0
180441,1,1,1989,0,0,0,0,0,0,0,0,0,0
180441,2,1,1989,0,0,0,0,0,0,0,0,0,0
180442,0,1,1989,0,0,0,0,0,0,0,0,0,0
180442,1,1,1989,0,24,11,0,20,0,0,0,0,0
180443,1,1,1989,39,39,39,39,39,39,39,39,39,39
180443,2,1,1989,0,0,0,0,0,0,0,0,0,0
180443,3,1,1989,0,0,0,0,0,0,0,0,0,9
180443,4,1,1989,0,0,0,0,0,19,0,0,0,0
180444,0,1,1989,22,22,22,22,22,22,22,22,22,22
180444,1,1,1989,0,25,0,0,0,13,0,0,0,0
180445,0,1,1989,20,20,20,20,20,20,20,20,20,20
180445,1,1,1989,0,0,0,0,0,0,0,0,0,0
180446,1,1,1989,0,0,0,0,0,0,0,0,0,0
180447,1,1,1989,0,0,0,0,0,0,0,0,0,0
180448,1,1,1989,20,20,20,20,20,20,20,20,20,20
180448,2,1,1989,24,24,24,24,24,24,24,24,24,24
180449,0,1,1989,3,4,7,13,26,0,13,22,0,6
180449,1,1,1989,21,19,30,18,0,25,16,30,21,10
180450,0,1,1989,0,0,0,0,0,0,0,0,0,0
180450,2,1,1989,0,0,0,0,0,0,0,0,0,0
180451,0,1,1989,0,0,0,0,0,0,0,26,0,0
180451,1,1,1989,13,0,0,0,0,0,0,0,0,17
180452,1,1,1989,0,0,0,0,0,0,0,0,0,0
180452,2,1,1989,0,0,0,0,0,0,0,0,0,0
180452,3,1,1989,0,16,0,0,0,0,0,0,0,0
180453,1,1,1989,0,0,0,7,0,0,0,0,0,0
180453,2,1,1989,0,0,0,0,0,0,0,0,0,0
180454,1,1,1989,17,17,17,17,17,17,17,17,17,17
180455,1,1,1989,0,0,0,0,0,0,0,0,0,0
180456,0,1,1989,0,0,0,0,0,0,0,0,0,0
180456,1,1,1989,0,0,0,0,0,0,0,0,0,0
180457,1,1,1989,0,0,0,0,0,16,0,0,0,0
180457,2,1,1989,0,0,0,0,0,0,0,0,0,0
180458,1,1,1989,14,14,14,14,14,14,14,14,14,14
180459,1,1,1989,0,0,0,0,0,0,0,0,0,0
180459,2,1,1989,0,0,0,0,0,0,0,0,0,0
180459,3,1,1989,0,0,0,0,0,0,0,0,0,0
180459,4,1,1989,0,0,0,0,0,0,0,0,0,0
180460,1,1,1989,0,0,0,0,0,0,0,0,0,0
180460,2,1,1989,0,0,0,0,0,0,0,0,0,0
180461,1,1,1989,0,0,0,0,0,0,21,0,0,0
180461,2,1,1989,0,0,0,0,0,0,0,0,0,0
180462,1,1,1989,0,0,0,0,0,0,0,0,0,0
180462,2,1,1989,0,0,0,0,0,0,0,0,0,0
180462,3,1,1989,0,0,0,0,0,0,0,0,0,0
180463,1,1,1989,0,0,0,0,0,9,0,0,0,16
180464,1,1,1989,0,0,0,0,0,0,0,0,0,0
180464,2,1,1989,6,0,0,6,0,0,13,9,20,0
180465,1,1,1989,0,0,0,0,0,0,0,0,0,0
180465,2,1,1989,23,23,23,23,23,23,23,23,23,23
180466,1,1,1989,19,19,19,19,19,19,19,19,19,19
180466,2,1,1989,12,12,12,12,12,12,12,12,12,12
180467,1,1,1989,0,0,0,0,0,0,0,0,12,8
180468,1,1,1989,13,13,13,13,13,13,13,13,13,13
180469,1,1,1989,5,5,5,5,5,5,5,5,5,5
180469,2,1,1989,15,15,15,15,15,15,15,15,15,15
180470,1,1,1989,0,22,0,0,0,0,0,0,0,0
180470,2,1,1989,0,0,0,0,0,0,0,0,0,0
180470,3,1,1989,0,0,0,0,0,0,0,0,0,0
180471,1,1,1989,0,0,0,0,0,0,0,0,0,0
180471,2,1,1989,0,0,0,0,0,0,0,0,0,0
180472,0,1,1989,0,0,0,0,0,0,0,0,0,0
180472,1,1,1989,0,0,0,0,0,0,0,0,0,0
180473,1,1,1989,0,0,0,0,3,0,0,0,0,3
180473,2,1,1989,13,0,12,0,0,0,0,18,0,0
180474,1,1,1989,5,5,5,5,5,5,5,5,5,5
180475,1,1,1989,0,0,0,0,0,0,0,0,0,0
180475,2,1,1989,2,2,2,2,2,2,2,2,2,2
180476,1,1,1989,21,0,5,0,0,12,0,0,22,0
180476,2,1,1989,0,0,0,0,0,0,0,18,0,0
180477,1,1,1989,6,6,6,6,6,6,6,6,6,6
180477,2,1,1989,0,0,0,0,0,0,0,0,0,0
180478,1,1,1989,0,0,0,0,0,0,0,0,0,0
180479,1,1,1989,0,0,0,0,0,0,0,0,0,0
180479,2,1,1989,0,0,0,0,0,0,0,0,0,0
180480,1,1,1989,0,0,0,0,0,0,0,0,0,0
180480,2,1,1989,0,0,0,0,0,0,0,0,0,0
180481,1,1,1989,0,0,0,0,0,0,0,0,0,0
180482,1,1,1989,0,0,0,0,0,0,0,0,0,0
180483,1,1,1989,0,0,0,0,0,0,17,0,0,0
180483,2,1,1989,0,0,11,0,0,16,0,0,0,0
180483,3,1,1989,0,0,0,0,5,0,0,0,0,0
180484,1,1,1989,9,9,9,9,9,9,9,9,9,9
180485,1,1,1989,0,0,0,0,0,17,0,23,0,0
180485,2,1,1989,0,0,0,0,0,0,0,0,0,0
180485,3,1,1989,0,0,0,0,0,0,0,0,0,0
180486,1,1,1989,0,0,0,0,0,0,0,0,0,0
180487,1,1,1989,20,34,0,0,0,0,0,0,0,0
180488,1,1,1989,23,23,23,23,23,23,23,23,23,23
180488,2,1,1989,0,0,0,0,0,0,0,0,0,0
180488,3,1,1989,0,0,0,11,0,0,0,4,19,0
180489,1,1,1989,0,0,0,0,0,0,0,0,0,0
180489,2,1,1989,0,0,0,0,0,0,0,0,0,0
180490,1,1,1989,9,9,9,9,9,9,9,9,9,9
180491,1,1,1989,12,17,31,31,28,22,15,15,37,25
180492,1,1,1989,0,0,0,0,0,0,0,0,0,0
180493,1,1,1989,0,0,11,0,0,0,0,0,0,0
180493,2,1,1989,0,0,0,0,0,0,0,0,0,0
180494,1,1,1989,0,0,0,0,0,0,0,0,0,0
180495,1,1,1989,0,0,0,0,0,0,0,0,0,0
180495,2,1,1989,0,0,0,0,0,0,0,0,0,0
180496,1,1,1989,0,0,0,0,0,0,0,0,0,0
180496,2,1,1989,27,27,27,27,27,27,27,27,27,27
180497,1,1,1989,23,23,23,23,23,23,23,23,23,23
180498,1,1,1989,0,0,0,0,0,30,21,0,0,0
180498,2,1,1989,0,0,0,0,0,0,0,0,0,0
180499,1,1,1989,0,0,0,0,0,0,0,0,0,0
180499,2,1,1989,0,0,0,25,21,0,0,0,0,0
180500,1,1,1989,0,0,0,0,0,0,0,0,0,0
180500,2,1,1989,0,0,0,0,0,0,0,0,0,0
180501,1,1,1989,0,0,0,0,0,0,0,0,0,0
180501,2,1,1989,0,0,0,0,0,0,0,0,0,0
180502,1,1,1989,0,0,0,0,0,0,0,0,0,0
180503,1,1,1989,27,27,27,27,27,27,27,27,27,27
180504,1,1,1989,14,14,14,14,14,14,14,14,14,14
180505,1,1,1989,20,20,20,20,20,20,20,20,20,20
180506,1,1,1989,0,0,0,0,0,0,0,0,0,0
180506,2,1,1989,20,20,20,20,20,20,20,20,20,20
180507,1,1,1989,28,28,28,28,28,28,28,28,28,28
180508,1,1,1989,12,12,12,12,12,12,12,12,12,12
180508,2,1,1989,0,0,0,0,0,0,0,0,0,0
180509,1,1,1989,15,15,15,15,15,15,15,15,15,15
180510,1,1,1989,17,17,17,17,17,17,17,17,17,17
180511,1,1,1989,9,9,9,9,9,9,9,9,9,9
180511,2,1,1989,26,0,0,0,0,15,0,7,19,0
180512,1,1,1989,0,0,0,0,0,0,0,0,0,0
180512,2,1,1989,0,0,0,0,0,0,0,0,0,0
180513,1,1,1989,0,0,0,0,0,0,0,0,0,0
180513,2,1,1989,0,0,0,12,0,0,0,35,0,24
180514,1,1,1989,0,0,0,0,0,0,0,0,0,0
180514,2,1,1989,0,0,0,0,0,0,0,0,0,0
180515,1,1,1989,0,0,0,0,0,0,0,0,0,0
180515,2,1,1989,0,0,0,0,0,0,0,0,0,0
180516,1,1,1989,0,1,0,0,0,0,0,0,0,0
180516,2,1,1989,0,0,0,0,0,0,0,0,0,0
180517,0,1,1989,0,0,0,0,0,0,0,0,0,0
180517,1,1,1989,0,0,0,0,0,0,0,0,0,0
180518,1,1,1989,12,12,12,12,12,12,12,12,12,12
180519,1,1,1989,18,18,18,18,18,18,18,18,18,18
180520,1,1,1989,0,9,0,0,0,0,0,0,0,0
180520,2,1,1989,0,0,0,0,0,0,0,0,0,0
180520,3,1,1989,2,2,2,2,2,2,2,2,2,2
180521,1,1,1989,0,0,0,0,0,0,0,0,0,0
180521,2,1,1989,0,0,0,0,0,0,0,0,0,0
180522,1,1,1989,18,18,18,18,18,18,18,18,18,18
180523,1,1,1989,28,28,28,28,28,28,28,28,28,28
180523,2,1,1989,0,0,0,0,0,0,0,0,0,0
180524,1,1,1989,4,4,4,4,4,4,4,4,4,4
180525,1,1,1989,20,20,20,20,20,20,20,20,20,20
180526,1,1,1989,0,0,0,0,0,0,0,0,0,0
180526,2,1,1989,0,0,0,0,9,0,0,19,0,20
180527,1,1,1989,0,0,0,0,0,0,0,0,0,0
180527,2,1,1989,0,20,0,0,0,0,0,0,0,0
180527,3,1,1989,0,0,0,0,0,0,0,0,0,0
180527,4,1,1989,0,0,0,0,0,0,0,0,0,0
180527,5,1,1989,0,0,0,3,0,0,0,0,0,0
180527,6,1,1989,0,0,0,0,0,0,0,0,0,0
180527,7,1,1989,0,0,0,0,0,0,0,0,0,0
180528,1,1,1989,0,0,0,0,0,0,0,0,0,0
180528,2,1,1989,0,0,0,0,23,0,22,0,0,0
180529,1,1,1989,0,0,0,0,0,0,0,0,0,0
180529,2,1,1989,0,0,0,0,0,0,0,0,0,0
180530,1,1,1989,28,28,28,28,28,28,28,28,28,28
180531,1,1,1989,21,13,13,0,0,18,0,0,22,25
180532,1,1,1989,3,3,3,3,3,3,3,3,3,3
180533,1,1,1989,1,1,1,1,1,1,1,1,1,1
180534,1,1,1989,0,0,0,0,0,0,0,0,0,0
180535,1,1,1989,20,20,20,20,20,20,20,20,20,20
180536,1,1,1989,25,25,25,25,25,25,25,25,25,25
180537,1,1,1989,8,8,8,8,8,8,8,8,8,8
180537,2,1,1989,0,0,0,0,0,0,0,0,0,0
180538,1,1,1989,22,22,22,22,22,22,22,22,22,22
180539,1,1,1989,17,17,17,17,17,17,17,17,17,17
180539,2,1,1989,20,20,20,20,20,20,20,20,20,20
180540,1,1,1989,6,6,6,6,6,6,6,6,6,6
180541,1,1,1989,10,10,10,10,10,10,10,10,10,10
180542,1,1,1989,0,0,0,0,0,0,0,0,0,0
180542,2,1,1989,0,0,0,0,0,0,0,0,0,0
180543,1,1,1989,0,0,0,0,0,0,0,0,17,11
180543,2,1,1989,0,29,0,21,15,0,0,0,12,21
180544,1,1,1989,22,22,22,22,22,22,22,22,22,22
180544,2,1,1989,0,0,11,8,0,0,9,0,0,0
180544,3,1,1989,0,0,0,0,5,0,0,0,0,0
180544,4,1,1989,0,0,0,0,0,0,0,0,0,0
180545,0,1,1989,0,0,0,0,0,0,0,0,0,0
180545,1,1,1989,0,0,0,0,0,0,0,0,0,0
180546,1,1,1989,8,8,8,8,8,8,8,8,8,8
180547,1,1,1989,0,0,0,0,0,0,0,0,0,0
180547,2,1,1989,0,0,0,0,0,0,0,0,0,0
180548,1,1,1989,23,23,23,23,23,23,23,23,23,23
180548,2,1,1989,0,0,0,0,0,0,0,0,0,0
180549,0,1,1989,0,0,0,0,0,0,0,0,0,0
180549,1,1,1989,9,0,0,0,0,13,0,17,0,7
180550,1,1,1989,0,0,0,0,0,0,0,0,0,0
180551,1,1,1989,0,0,0,0,0,0,0,0,0,0
180551,2,1,1989,0,0,0,0,0,0,0,0,0,0
180552,0,1,1989,0,0,0,0,0,0,0,0,0,0
180552,1,1,1989,0,0,0,0,0,0,0,0,0,0
180553,1,1,1989,0,0,0,0,0,0,0,0,0,0
180553,2,1,1989,0,0,0,0,0,0,0,0,0,0
180554,1,1,1989,0,0,0,0,0,0,0,0,0,0
180554,2,1,1989,0,0,0,0,0,0,0,0,0,0
180555,1,1,1989,0,0,0,0,0,0,0,0,0,0
180555,2,1,1989,0,0,0,11,0,0,0,0,0,10
180556,0,1,1989,0,0,0,0,0,0,0,0,0,0
180556,1,1,1989,0,0,0,0,0,0,0,0,0,0
180557,1,1,1989,14,14,14,14,14,14,14,14,14,14
180557,2,1,1989,0,0,0,0,0,0,0,0,0,0
180558,1,1,1989,19,19,19,19,19,19,19,19,19,19
180559,1,1,1989,0,0,0,0,0,0,0,0,0,0
180559,2,1,1989,9,0,22,0,0,0,0,0,0,0
180560,1,1,1989,0,0,0,0,0,0,0,0,0,0
180560,2,1,1989,0,0,14,0,3,3,0,0,15,9
180561,1,1,1989,9,9,9,9,9,9,9,9,9,9
180562,1,1,1989,27,23,12,20,30,12,7,12,25,10
180563,1,1,1989,31,31,31,31,31,31,31,31,31,31
180564,1,1,1989,0,0,0,0,0,0,7,0,0,0
180565,1,1,1989,6,6,6,6,6,6,6,6,6,6
180566,1,1,1989,0,0,0,0,0,0,0,0,0,0
180567,0,1,1989,0,0,0,0,0,0,0,0,0,0
180567,1,1,1989,0,0,0,0,0,0,0,0,0,0
180568,1,1,1989,0,0,0,0,0,0,0,0,0,0
180569,0,1,1989,0,0,0,0,0,0,0,0,0,0
180569,1,1,1989,11,11,11,11,11,11,11,11,11,11
180570,1,1,1989,27,27,27,27,27,27,27,27,27,27
180571,1,1,1989,14,14,14,14,14,14,14,14,14,14
180572,1,1,1989,0,0,0,0,0,0,0,0,0,0
180573,1,1,1989,6,6,6,6,6,6,6,6,6,6
180573,2,1,1989,0,0,0,0,0,0,0,0,0,0
180574,1,1,1989,0,0,0,0,0,0,0,0,0,0
180574,2,1,1989,0,0,0,0,0,0,0,0,0,0
180575,0,1,1989,0,0,0,0,0,0,0,0,0,0
180575,1,1,1989,0,0,0,0,0,0,0,0,0,0
180576,1,1,1989,19,13,0,20,0,0,0,20,11,20
180577,1,1,1989,0,0,0,0,0,0,0,0,0,0
180578,1,1,1989,0,0,0,0,0,0,0,0,0,0
180578,2,1,1989,1,1,1,1,1,1,1,1,1,1
180579,1,1,1989,0,0,0,0,0,0,0,0,0,0
180579,2,1,1989,21,21,21,21,21,21,21,21,21,21
180580,1,1,1989,23,23,23,23,23,23,23,23,23,23
180581,1,1,1989,14,0,0,0,0,0,0,0,0,0
180581,2,1,1989,0,0,0,0,0,0,0,0,0,0
180582,1,1,1989,14,14,14,14,14,14,14,14,14,14
180582,2,1,1989,0,0,0,0,0,0,0,0,0,0
180583,1,1,1989,6,6,6,6,6,6,6,6,6,6
180583,2,1,1989,0,0,0,0,0,0,0,0,0,0
180584,0,1,1989,0,0,0,0,0,0,0,0,0,0
180584,0,2,1989,0,0,0,0,0,5,0,0,0,0
180584,1,1,1989,0,0,0,0,0,0,0,0,0,0
180585,0,1,1989,0,0,0,0,0,0,0,0,0,0
180585,1,1,1989,0,0,0,0,0,0,0,0,0,0
180586,1,1,1989,0,0,0,0,0,0,0,0,0,0
180586,2,1,1989,0,0,0,0,0,0,0,0,0,0
180587,1,1,1989,0,0,0,0,0,0,0,0,0,0
180587,2,1,1989,0,0,0,0,0,0,0,0,0,0
180588,1,1,1989,24,24,24,24,24,24,24,24,24,24
180589,1,1,1989,17,17,17,17,17,17,17,17,17,17
180589,2,1,1989,0,0,0,0,0,0,0,0,0,0
180590,1,1,1989,8,0,13,10,0,0,18,0,0,7
180591,1,1,1989,0,0,0,0,0,0,0,0,0,0
180592,0,1,1989,0,0,0,0,0,0,0,0,0,0
180592,1,1,1989,0,0,0,0,0,0,0,0,0,0
180593,1,1,1989,12,12,12,12,12,12,12,12,12,12
180593,2,1,1989,0,0,0,0,0,0,0,0,0,0
180594,1,1,1989,0,0,0,0,0,0,0,0,0,0
180594,2,1,1989,0,0,0,0,0,0,0,0,0,0
180595,0,1,1989,0,0,0,0,0,0,0,0,0,0
180595,1,1,1989,0,0,0,0,0,0,0,0,0,0
180596,1,1,1989,14,14,14,14,14,14,14,14,14,14
180597,1,1,1989,23,23,23,23,23,23,23,23,23,23
180598,0,1,1989,26,0,0,0,0,0,0,37,22,17
180598,1,1,1989,0,0,0,0,0,0,0,0,0,0
180599,1,1,1989,0,0,0,22,0,0,0,0,0,0
180600,1,1,1989,11,11,11,11,11,11,11,11,11,11
180601,1,1,1989,0,0,0,0,0,0,0,0,0,0
180602,1,1,1989,23,12,11,13,8,0,22,0,19,0
180603,1,1,1989,0,0,0,0,0,0,0,0,0,0
180603,2,1,1989,0,0,0,0,0,0,0,0,0,0
180604,1,1,1989,0,0,0,0,0,0,0,0,0,0
180604,2,1,1989,13,13,13,13,13,13,13,13,13,13
180605,1,1,1989,0,0,0,0,0,0,0,0,0,0
180605,2,1,1989,0,0,0,0,0,0,0,0,0,0
180606,1,1,1989,0,0,0,0,0,0,0,0,0,0
180607,1,1,1989,21,21,21,21,21,21,21,21,21,21
180607,2,1,1989,0,0,0,0,0,0,0,0,0,0
180608,1,1,1989,0,0,0,25,0,0,0,0,0,0
180608,2,1,1989,0,0,0,0,0,0,0,0,0,0
180608,3,1,1989,0,0,0,0,0,0,0,0,0,0
180609,1,1,1989,21,21,21,21,21,21,21,21,21,21
180609,2,1,1989,0,0,0,0,0,0,0,0,0,0
180610,0,1,1989,15,15,15,15,15,15,15,15,15,15
180610,1,1,1989,0,0,0,0,0,0,0,0,0,0
180610,2,1,1989,6,6,6,6,6,6,6,6,6,6
180610,3,1,1989,0,0,0,0,0,0,0,0,0,0
180611,1,1,1989,9,9,9,9,9,9,9,9,9,9
180612,0,1,1989,12,20,21,31,0,12,19,0,15,16
180612,1,1,1989,0,24,7,0,0,7,0,0,0,3
180613,1,1,1989,22,22,22,22,22,22,22,22,22,22
180614,1,1,1989,0,7,21,9,26,21,21,17,19,15
180615,1,1,1989,9,9,9,9,9,9,9,9,9,9
180616,1,1,1989,0,0,0,0,0,0,0,0,0,0
180616,2,1,1989,0,0,0,0,0,0,0,0,0,0
180617,1,1,1989,19,19,19,19,19,19,19,19,19,19
180618,1,1,1989,0,0,0,0,0,0,0,0,0,0
180619,1,1,1989,0,0,0,0,0,0,0,0,0,0
180620,1,1,1989,0,0,0,0,0,0,0,0,0,0
180620,2,1,1989,0,0,0,0,0,0,0,0,0,0
180621,1,1,1989,0,15,0,0,0,16,17,0,14,0
180622,1,1,1989,0,0,0,0,0,0,0,0,0,0
180622,2,1,1989,0,0,0,0,0,0,0,0,0,0
180623,1,1,1989,0,0,0,0,0,0,0,0,0,0
180623,2,1,1989,0,0,0,0,0,0,0,0,0,0
180624,1,1,1989,10,10,10,10,10,10,10,10,10,10
180624,2,1,1989,26,0,0,0,0,0,0,0,6,0
180625,1,1,1989,9,9,9,9,9,9,9,9,9,9
180625,2,1,1989,0,0,0,0,0,0,0,0,0,0
180626,1,1,1989,0,0,0,0,0,0,0,0,0,0
180626,2,1,1989,0,0,0,0,0,0,0,0,0,0
180627,1,1,1989,24,24,24,24,24,24,24,24,24,24
180628,0,1,1989,0,0,0,0,14,0,15,15,22,0
180628,1,1,1989,0,0,0,0,0,0,0,0,0,0
180629,1,1,1989,0,0,0,0,0,0,0,0,0,0
180630,1,1,1989,8,3,0,4,0,10,12,0,0,9
180631,0,1,1989,0,0,0,0,0,0,0,0,0,0
180631,1,1,1989,0,0,0,0,0,0,0,0,0,0
180632,1,1,1989,15,15,15,15,15,15,15,15,15,15
180633,1,1,1989,0,0,0,0,0,0,0,0,0,0
180634,1,1,1989,0,0,0,0,0,0,0,0,7,0
180634,2,1,1989,0,0,0,0,0,3,0,0,0,0
180635,1,1,1989,0,0,0,0,0,0,0,0,0,0
180635,2,1,1989,0,0,0,0,0,0,0,0,0,0
180636,1,1,1989,0,0,0,0,0,0,0,0,0,0
180637,1,1,1989,0,0,0,0,0,0,0,0,0,0
180638,1,1,1989,6,6,6,6,6,6,6,6,6,6
180639,1,1,1989,30,30,30,30,30,30,30,30,30,30
180640,1,1,1989,8,8,8,8,8,8,8,8,8,8
180640,2,1,1989,19,0,19,12,11,0,0,17,0,0
180641,1,1,1989,0,0,0,0,0,0,0,0,0,0
180641,2,1,1989,0,0,0,0,0,0,0,0,0,0
180642,1,1,1989,11,0,0,20,17,21,13,0,0,0
180642,2,1,1989,17,17,17,17,17,17,17,17,17,17
180643,1,1,1989,0,0,0,0,0,0,20,0,0,0
180643,2,1,1989,0,0,0,0,0,0,0,0,0,0
180643,3,1,1989,0,0,0,0,0,15,0,0,0,0
180644,1,1,1989,21,21,21,21,21,21,21,21,21,21
180644,2,1,1989,0,10,0,0,0,0,0,0,0,0
180645,0,1,1989,26,26,26,26,26,26,26,26,26,26
180645,1,1,1989,0,0,0,0,0,0,0,0,4,13
180646,1,1,1989,18,18,18,18,18,18,18,18,18,18
180646,2,1,1989,0,0,0,0,0,0,0,0,0,0
180647,1,1,1989,26,26,26,26,26,26,26,26,26,26
180648,1,1,1989,19,19,19,19,19,19,19,19,19,19
180648,2,1,1989,0,0,0,0,0,0,0,0,0,0
180649,1,1,1989,0,0,0,0,0,0,0,0,0,0
180649,2,1,1989,21,21,21,21,21,21,21,21,21,21
180650,0,1,1989,0,0,19,0,0,0,0,0,0,0
180650,1,1,1989,0,0,0,0,0,0,0,0,0,0
180651,1,1,1989,0,0,0,0,0,0,0,0,0,0
180652,1,1,1989,0,0,0,0,0,0,0,0,0,0
180652,2,1,1989,0,0,0,0,0,0,0,0,10,0
180653,1,1,1989,14,14,14,14,14,14,14,14,14,14
180653,2,1,1989,0,0,0,0,0,0,0,0,0,0
180654,1,1,1989,0,0,0,0,0,0,0,0,0,0
180654,2,1,1989,0,0,0,0,0,0,0,0,0,0
180654,3,1,1989,0,0,0,0,0,0,0,0,0,0
180655,1,1,1989,26,26,26,26,26,26,26,26,26,26
180656,1,1,1989,0,0,0,0,0,0,0,0,0,0
180656,2,1,1989,0,0,0,0,0,0,0,0,0,0
180657,1,1,1989,0,0,0,0,0,0,0,0,0,0
180657,2,1,1989,0,0,0,0,0,0,0,0,0,0
180658,1,1,1989,26,26,26,26,26,26,26,26,26,26
180658,2,1,1989,11,0,0,0,0,0,0,0,0,0
180659,1,1,1989,1,1,1,1,1,1,1,1,1,1
180661,1,1,1989,0,0,0,0,0,0,0,0,0,0
180661,2,1,1989,0,0,0,0,0,0,0,0,0,0
180662,0,1,1989,0,0,0,0,0,0,0,0,0,0
180662,1,1,1989,0,0,0,0,0,0,0,0,0,0
180663,1,1,1989,0,0,0,0,0,0,0,0,0,0
180663,2,1,1989,15,15,15,15,15,15,15,15,15,15
180664,1,1,1989,0,0,0,0,0,0,0,0,0,0
180665,1,1,1989,25,25,25,25,25,25,25,25,25,25
180665,2,1,1989,4,0,24,0,0,0,16,0,0,0
180665,3,1,1989,5,13,11,21,28,17,7,4,16,16
180665,4,1,1989,21,21,21,21,21,21,21,21,21,21
180666,1,1,1989,0,0,0,0,0,0,0,0,0,0
180666,2,1,1989,0,0,0,0,0,0,0,0,0,0
180667,1,1,1989,4,4,4,4,4,4,4,4,4,4
180668,1,1,1989,0,0,0,0,0,0,0,0,0,0
180668,2,1,1989,11,0,0,0,0,0,0,0,0,0
180669,1,1,1989,8,8,8,8,8,8,8,8,8,8
180670,1,1,1989,0,0,0,0,0,0,0,0,0,0
180671,0,1,1989,0,0,0,0,0,29,28,0,0,0
180671,1,1,1989,2,2,2,2,2,2,2,2,2,2
180672,1,1,1989,0,0,23,0,0,0,0,0,20,0
180672,2,1,1989,0,0,0,0,0,0,0,0,0,0
180673,1,1,1989,0,0,0,0,0,0,0,0,0,0
180673,2,1,1989,0,0,0,0,0,0,0,0,7,0
180674,1,1,1989,0,0,0,0,0,0,0,0,0,0
180674,2,1,1989,15,15,15,15,15,15,15,15,15,15
180675,1,1,1989,26,26,26,26,26,26,26,26,26,26
180675,2,1,1989,0,0,0,0,0,0,0,0,0,0
180676,1,1,1989,13,13,13,13,13,13,13,13,13,13
180676,2,1,1989,0,0,0,0,0,0,0,0,0,0
180676,3,1,1989,5,11,0,0,0,0,0,0,0,0
180676,4,1,1989,0,0,0,22,0,0,0,0,0,0
180676,5,1,1989,0,0,0,0,0,0,0,0,0,0
180677,1,1,1989,0,0,0,0,0,0,0,0,0,0
180677,2,1,1989,0,0,0,0,0,0,0,0,0,0
180678,1,1,1989,0,0,0,0,0,16,0,0,0,0
180678,2,1,1989,0,0,0,0,12,11,0,0,0,6
180679,1,1,1989,0,0,0,0,0,0,0,0,0,0
180679,2,1,1989,0,0,0,0,0,0,0,0,0,0
180680,1,1,1989,0,0,0,0,0,0,10,0,0,0
180680,2,1,1989,0,0,0,0,9,0,0,0,0,0
180681,1,1,1989,0,0,30,0,15,7,0,0,14,0
180681,2,1,1989,0,0,0,0,0,0,0,0,0,0
180682,0,1,1989,0,0,0,0,0,0,0,0,0,0
180682,1,1,1989,15,15,15,15,15,15,15,15,15,15
180683,1,1,1989,18,18,18,18,18,18,18,18,18,18
180684,1,1,1989,0,0,0,0,0,0,0,0,0,0
180684,2,1,1989,0,0,0,0,0,0,0,0,0,0
180685,1,1,1989,0,0,0,0,0,0,0,0,0,0
180685,2,1,1989,0,0,0,0,0,0,0,0,0,0
180685,3,1,1989,0,0,0,0,0,0,0,0,0,0
180686,1,1,1989,20,20,20,20,20,20,20,20,20,20
180687,0,1,1989,29,29,29,29,29,29,29,29,29,29
180687,1,1,1989,0,0,0,0,0,0,0,0,0,0
180688,1,1,1989,0,0,0,0,0,0,0,0,0,0
180688,2,1,1989,0,0,0,0,0,0,0,0,0,0
180689,1,1,1989,0,0,0,0,0,0,0,0,0,0
180690,1,1,1989,0,0,0,0,0,0,0,0,0,0
180690,2,1,1989,0,0,0,0,25,0,0,18,0,0
180691,1,1,1989,0,0,0,0,0,0,0,0,0,0
180691,2,1,1989,0,0,0,0,0,0,0,0,0,0
180692,1,1,1989,0,0,0,0,0,0,0,0,0,0
180692,2,1,1989,0,0,0,0,0,0,0,0,0,0
180693,1,1,1989,0,0,0,0,0,0,0,0,0,0
180693,2,1,1989,0,0,0,0,0,0,11,11,0,0
180693,3,1,1989,0,0,0,0,0,0,0,0,0,0
180694,1,1,1989,0,0,0,0,0,0,0,0,0,0
180695,1,1,1989,0,0,0,0,0,0,0,0,0,0
180695,2,1,1989,14,0,7,0,0,0,0,0,0,0
180696,1,1,1989,0,0,0,0,0,0,0,0,0,0