ST_CASE,VEH_NO,PER_NO,YEAR,P1,P2,P3,P4,P5,P6,P7,P8,P9,P10
190383,1,1,1989,0,0,0,0,0,0,0,0,0,0
190383,2,1,1989,0,0,0,0,0,0,0,0,0,0
190384,1,1,1989,0,0,0,0,0,0,0,0,0,9
190384,2,1,1989,0,0,0,0,0,0,0,0,0,0
190385,1,1,1989,0,0,0,0,0,0,0,0,0,0
190385,2,1,1989,0,0,0,0,0,0,0,0,0,0
190386,1,1,1989,4,4,4,4,4,4,4,4,4,4
190387,1,1,1989,24,24,24,24,24,24,24,24,24,24
190388,1,1,1989,0,0,0,0,0,0,0,0,0,0
190388,2,1,1989,0,0,0,0,0,0,0,0,0,0
190389,0,1,1989,0,0,0,0,0,0,0,0,0,0
190389,1,1,1989,0,0,0,0,0,0,0,0,0,0
190390,1,1,1989,0,0,0,0,0,0,0,0,0,0
190391,1,1,1989,0,0,0,0,0,0,0,0,0,0
190391,2,1,1989,0,0,0,0,0,0,0,0,0,0
190392,0,1,1989,0,0,0,21,8,36,0,19,0,0
190392,1,1,1989,0,0,0,15,0,0,0,0,19,0
190393,1,1,1989,0,0,0,0,0,0,0,0,0,0
190393,2,1,1989,0,0,0,0,0,0,0,0,0,0
190394,1,1,1989,25,25,25,25,25,25,25,25,25,25
190395,0,1,1989,22,22,22,22,22,22,22,22,22,22
190395,1,1,1989,0,0,0,0,0,0,0,13,0,0
190395,2,1,1989,0,0,0,0,0,9,0,0,0,0
190396,1,1,1989,0,13,12,0,4,14,0,0,0,0
190397,1,1,1989,6,6,6,6,6,6,6,6,6,6
190398,1,1,1989,0,0,13,0,0,0,0,0,0,0
190398,2,1,1989,0,0,0,0,0,0,0,0,0,0
190399,1,1,1989,21,21,21,21,21,21,21,21,21,21
190400,1,1,1989,18,18,18,18,18,18,18,18,18,18
190401,1,1,1989,0,0,0,0,0,0,0,0,0,0
190401,2,1,1989,0,0,0,0,0,0,0,0,0,0
190402,1,1,1989,18,18,18,18,18,18,18,18,18,18
190403,1,1,1989,4,4,4,4,4,4,4,4,4,4
190403,2,1,1989,0,0,0,0,0,0,0,0,0,0
190403,3,1,1989,0,0,0,0,0,23,0,0,0,0
190404,1,1,1989,0,0,0,0,0,0,0,0,0,0
190405,1,1,1989,0,0,0,0,0,0,0,0,0,0
190406,1,1,1989,0,0,0,0,0,0,0,0,0,0
190407,1,1,1989,0,0,0,0,0,0,0,0,0,0
190408,1,1,1989,27,27,27,27,27,27,27,27,27,27
190408,2,1,1989,0,0,0,0,0,0,0,0,0,0
190409,0,1,1989,0,0,0,0,29,0,0,0,0,0
190409,1,1,1989,0,0,0,0,0,0,0,0,0,0
190410,1,1,1989,0,0,0,0,0,0,0,0,0,0
190410,2,1,1989,0,0,0,0,0,0,0,0,0,0
190411,1,1,1989,26,26,26,26,26,26,26,26,26,26
190412,1,1,1989,22,22,22,22,22,22,22,22,22,22
190412,2,1,1989,0,0,0,0,0,0,0,0,0,0
190413,1,1,1989,0,0,0,0,0,0,0,0,0,0
190414,0,1,1989,0,0,0,0,0,0,0,0,0,0
190414,1,1,1989,0,0,0,0,0,0,0,0,0,0
190414,2,1,1989,0,0,0,0,0,0,0,0,0,0
190415,1,1,1989,13,13,13,13,13,13,13,13,13,13
190416,0,1,1989,0,0,0,0,0,0,12,0,0,0
190416,1,1,1989,0,0,0,0,0,0,0,0,0,0
190417,1,1,1989,0,0,0,0,0,0,0,0,0,0
190417,2,1,1989,21,21,21,21,21,21,21,21,21,21
190418,1,1,1989,0,0,0,0,0,0,0,0,0,0
190418,2,1,1989,0,0,0,0,0,0,0,0,0,0
190419,1,1,1989,0,0,0,0,0,0,0,0,0,0
190419,2,1,1989,0,0,0,0,0,0,0,0,0,0
190420,1,1,1989,0,0,0,0,0,0,0,0,0,0
190420,2,1,1989,0,0,0,0,0,0,0,0,0,0
190420,3,1,1989,0,0,0,0,0,0,0,0,0,0
190421,1,1,1989,0,0,0,0,0,0,0,0,0,0
190421,2,1,1989,0,0,0,0,0,0,0,0,0,0
190422,1,1,1989,5,5,5,5,5,5,5,5,5,5
190422,2,1,1989,0,0,0,0,0,0,0,0,0,0
190422,3,1,1989,0,0,0,0,0,0,0,0,0,0
190423,1,1,1989,0,0,0,0,0,0,0,0,0,0
190423,2,1,1989,0,0,0,0,0,0,0,0,0,0
190424,1,2,1989,0,0,0,0,0,0,0,0,0,0
190424,2,1,1989,0,0,0,0,0,0,0,0,0,0
190424,3,1,1989,0,0,0,0,0,0,0,0,0,0
190425,1,1,1989,0,0,0,0,0,0,0,0,0,0
190425,2,1,1989,0,0,0,0,0,0,0,0,0,0
190426,1,1,1989,0,0,0,0,0,0,0,0,0,0
190427,1,1,1989,0,0,0,0,0,0,0,0,0,0
190427,2,1,1989,0,0,0,0,29,0,0,0,0,0
190428,1,1,1989,0,0,0,0,0,0,0,0,0,0
190429,1,1,1989,0,0,0,0,0,0,0,0,0,0
190429,2,1,1989,0,0,0,0,0,0,0,0,0,0
190430,1,1,1989,12,12,12,12,12,12,12,12,12,12
190430,2,1,1989,0,0,0,0,0,0,0,0,0,0
190431,1,1,1989,0,0,0,0,0,0,0,0,0,0
190431,2,1,1989,0,0,0,0,0,0,0,0,0,0
190431,3,1,1989,0,0,0,0,0,0,0,0,10,0
190432,1,1,1989,0,0,0,0,0,0,0,0,0,0
190432,2,1,1989,0,0,0,0,0,0,0,0,0,0
190433,0,1,1989,25,0,0,25,0,14,33,15,5,0
190433,0,2,1989,10,0,22,0,30,0,30,0,12,5
190433,1,1,1989,6,21,0,0,0,19,21,0,12,19
190434,1,1,1989,11,11,11,11,11,11,11,11,11,11
190435,0,1,1989,0,0,0,18,41,5,0,0,0,0
190435,1,1,1989,0,0,0,0,0,0,0,0,0,0
190436,0,1,1989,0,12,0,12,34,0,17,20,0,20
190436,1,1,1989,0,0,0,0,0,0,0,0,0,0
190437,1,1,1989,0,0,0,0,0,0,0,0,0,0
190437,2,1,1989,0,0,0,14,0,0,0,0,0,0
190438,1,1,1989,0,0,0,0,0,0,0,0,0,0
190439,1,1,1989,0,0,0,0,0,0,0,0,0,0
190439,2,1,1989,0,0,0,0,0,0,0,0,0,0
190440,1,1,1989,0,0,0,0,0,0,0,0,0,0
190441,1,1,1989,0,0,0,0,0,0,0,0,0,0
190441,2,1,1989,0,0,0,0,0,0,0,0,0,0
190441,3,1,1989,0,0,0,0,0,0,0,0,0,0
190442,1,1,1989,20,20,20,20,20,20,20,20,20,20
190443,1,1,1989,11,11,11,11,11,11,11,11,11,11
190443,2,1,1989,0,0,0,0,0,0,0,0,0,0
190444,1,1,1989,0,0,0,0,0,0,0,0,0,0
190445,1,1,1989,0,0,0,0,0,0,0,0,0,0
190445,2,1,1989,0,0,0,0,0,0,0,0,0,0
190446,1,1,1989,0,0,0,0,0,0,0,0,0,0
190446,2,1,1989,0,0,0,0,0,0,0,0,0,0
190447,1,1,1989,20,20,20,20,20,20,20,20,20,20
190447,2,1,1989,0,0,0,0,0,0,0,0,0,0
190448,1,1,1989,0,0,0,0,0,0,0,0,0,0
190448,2,1,1989,0,0,19,0,0,0,0,0,2,0
190449,1,1,1989,0,0,0,0,0,0,0,0,0,0
190449,2,1,1989,0,0,0,0,0,0,0,0,0,0
190450,1,1,1989,12,6,22,0,0,25,9,0,0,0
190451,1,1,1989,11,11,11,11,11,11,11,11,11,11
190451,2,1,1989,18,18,18,18,18,18,18,18,18,18
190452,0,1,1989,0,0,0,0,0,0,0,0,0,0
190452,1,1,1989,0,0,0,0,0,0,0,0,0,0
190453,1,1,1989,26,26,26,26,26,26,26,26,26,26
190454,1,1,1989,27,27,27,27,27,27,27,27,27,27
190455,1,1,1989,19,19,19,19,19,19,19,19,19,19
190455,2,1,1989,0,0,0,0,0,0,0,0,0,0
190456,1,1,1989,0,0,0,0,0,0,0,0,0,0
190456,2,1,1989,5,5,5,5,5,5,5,5,5,5
190457,1,1,1989,22,26,22,29,14,19,28,14,18,25
190458,1,1,1989,13,18,22,34,12,23,28,14,29,7
190459,1,1,1989,0,0,0,0,0,0,0,0,0,0
190459,2,1,1989,0,0,0,0,0,0,0,0,0,0
200001,1,1,1989,0,0,0,0,0,0,0,0,0,0
200001,2,1,1989,0,0,0,0,0,0,0,0,0,0
200002,1,1,1989,0,0,0,0,0,0,0,0,0,0
200003,0,1,1989,0,0,0,0,0,0,0,0,0,0
200003,1,1,1989,0,0,0,0,0,0,0,0,0,0
200004,1,1,1989,19,19,19,19,19,19,19,19,19,19
200005,1,1,1989,18,18,18,18,18,18,18,18,18,18
200006,1,1,1989,0,0,0,0,0,0,6,0,0,0
200007,0,1,1989,10,10,10,10,10,10,10,10,10,10
200007,1,1,1989,0,0,0,0,0,0,0,0,0,0
200008,1,1,1989,19,19,19,19,19,19,19,19,19,19
200009,0,1,1989,0,0,0,0,0,0,0,0,0,0
200009,1,1,1989,0,0,0,0,0,0,0,0,0,0
200010,0,1,1989,0,0,0,0,0,0,0,0,0,0
200010,1,1,1989,0,0,0,0,0,0,0,0,0,0
200011,1,1,1989,0,0,0,0,0,0,0,0,0,0
200011,2,1,1989,0,0,0,0,0,0,0,0,0,0
200012,1,1,1989,0,0,0,0,0,0,0,0,0,0
200013,1,1,1989,0,0,0,0,0,0,0,0,0,0
200013,2,1,1989,0,0,0,0,0,0,0,0,0,0
200014,1,1,1989,0,0,0,20,0,0,0,0,0,0
200015,1,1,1989,0,0,0,0,0,0,0,0,0,0
200015,2,1,1989,0,0,0,0,0,0,0,0,7,0
200017,1,1,1989,12,12,12,12,12,12,12,12,12,12
200017,2,1,1989,0,0,0,0,0,0,0,0,0,0
200018,0,1,1989,3,0,0,0,6,21,0,0,31,0
200018,1,1,1989,0,0,0,6,0,0,0,0,0,0
200019,1,1,1989,21,21,21,21,21,21,21,21,21,21
200020,0,1,1989,0,0,0,0,0,0,0,0,0,0
200020,1,1,1989,0,0,0,0,0,0,0,0,0,0
200021,1,1,1989,0,0,0,0,0,0,0,0,0,0
200022,0,1,1989,0,0,0,0,0,0,0,0,16,0
200022,1,1,1989,28,28,28,28,28,28,28,28,28,28
200023,1,1,1989,0,0,0,0,0,0,0,0,0,0
200023,2,1,1989,0,0,0,0,0,0,0,0,7,0
200024,1,1,1989,22,22,22,22,22,22,22,22,22,22
200025,1,1,1989,4,14,18,5,20,17,18,0,20,9
200026,1,1,1989,15,15,15,15,15,15,15,15,15,15
200027,1,1,1989,0,0,0,0,0,0,0,0,0,0
200027,2,1,1989,0,0,0,0,0,0,0,0,0,0
200028,1,1,1989,0,0,0,0,0,0,0,0,0,0
200028,2,1,1989,0,0,0,0,0,0,0,0,0,0
200029,1,1,1989,0,0,0,0,0,0,0,0,0,0
200030,1,1,1989,6,6,6,6,6,6,6,6,6,6
200031,1,1,1989,0,0,0,0,0,0,0,0,0,0
200031,2,1,1989,0,0,0,0,8,0,0,0,0,0
200032,1,1,1989,0,0,0,0,0,0,0,0,0,0
200032,2,1,1989,0,0,0,0,0,0,0,0,0,0
200033,1,1,1989,0,0,0,0,0,0,0,6,0,0
200034,1,1,1989,0,0,0,0,11,0,25,0,0,0
200034,2,1,1989,0,0,0,0,0,0,0,0,0,0
200035,1,1,1989,0,0,0,0,0,0,0,0,0,0
200036,1,1,1989,0,0,0,0,0,0,0,0,16,0
200036,2,1,1989,0,0,0,3,0,0,0,0,0,0
200037,1,1,1989,0,0,0,0,0,0,0,0,0,0
200037,2,1,1989,0,0,0,0,0,0,0,0,0,0
200038,1,1,1989,22,22,22,22,22,22,22,22,22,22
200039,1,1,1989,11,11,11,11,11,11,11,11,11,11
200041,1,1,1989,0,0,0,0,0,0,0,0,0,0
200041,2,1,1989,0,0,0,0,0,0,0,0,0,0
200042,1,1,1989,7,7,7,7,7,7,7,7,7,7
200043,1,1,1989,6,6,6,6,6,6,6,6,6,6
200043,2,1,1989,15,0,11,0,0,0,0,0,0,0
200044,1,1,1989,0,0,0,0,0,0,0,0,16,33
200044,2,1,1989,15,5,11,0,6,13,0,18,30,23
200045,1,1,1989,17,17,17,17,17,17,17,17,17,17
200046,1,1,1989,15,0,0,13,5,0,0,0,0,0
200047,1,1,1989,0,0,0,0,0,0,0,0,0,0
200047,2,1,1989,0,0,0,0,0,0,0,0,0,0
200048,1,1,1989,11,11,11,11,11,11,11,11,11,11
200049,1,1,1989,6,6,6,6,6,6,6,6,6,6
200051,1,1,1989,0,0,0,0,0,0,0,0,0,0
200052,1,1,1989,4,4,4,4,4,4,4,4,4,4
200053,1,1,1989,0,0,0,0,0,0,0,0,0,0
200054,1,1,1989,18,18,18,18,18,18,18,18,18,18
200054,2,1,1989,0,0,14,0,0,0,0,0,0,0
200055,0,1,1989,15,15,15,15,15,15,15,15,15,15
200055,1,1,1989,0,0,0,0,0,0,0,0,0,7
200056,1,1,1989,17,17,17,17,17,17,17,17,17,17
200056,2,1,1989,7,7,7,7,7,7,7,7,7,7
200057,1,1,1989,0,0,0,0,0,0,0,0,0,0
200058,1,1,1989,0,0,0,0,0,0,0,0,0,0
200059,1,1,1989,0,0,0,0,0,0,0,0,0,0
200059,2,1,1989,0,0,0,0,0,0,0,0,0,0
200060,1,1,1989,0,0,0,0,0,0,0,0,0,0
200061,1,1,1989,0,0,0,0,0,0,0,0,0,0
200062,1,1,1989,0,0,0,0,0,0,0,0,0,0
200062,2,1,1989,15,15,15,15,15,15,15,15,15,15
200062,3,1,1989,15,15,15,15,15,15,15,15,15,15
200063,1,1,1989,12,12,12,12,12,12,12,12,12,12
200064,1,1,1989,0,0,0,0,14,0,0,0,0,15
200065,1,1,1989,0,0,0,0,0,0,0,0,0,0
200065,2,1,1989,0,0,0,0,0,0,0,0,0,0
200065,3,1,1989,0,0,0,0,0,0,0,0,0,0
200065,4,1,1989,0,0,0,0,0,0,0,0,0,0
200065,5,1,1989,0,0,0,0,0,0,0,0,0,0
200065,6,1,1989,0,0,0,0,0,0,0,0,0,0
200066,1,1,1989,0,0,0,0,0,0,0,0,0,0
200066,2,1,1989,0,0,0,0,0,0,0,0,0,0
200067,0,1,1989,23,23,23,23,23,23,23,23,23,23
200067,1,1,1989,18,18,18,18,18,18,18,18,18,18
200068,1,1,1989,23,23,23,23,23,23,23,23,23,23
200069,1,1,1989,22,22,22,22,22,22,22,22,22,22
200070,1,1,1989,0,0,0,13,0,0,0,0,0,0
200070,2,1,1989,0,0,0,0,0,0,0,0,0,0
200071,1,1,1989,0,0,0,0,0,0,0,0,0,0
200072,1,1,1989,0,0,0,0,0,0,0,9,0,0
200073,1,1,1989,0,0,0,0,0,0,0,0,0,0
200073,2,1,1989,0,0,0,0,0,0,0,0,0,21
200074,1,1,1989,0,0,25,0,0,0,0,0,0,0
200075,0,1,1989,41,41,41,41,41,41,41,41,41,41
200075,1,1,1989,0,0,0,0,0,0,0,0,0,0
200076,1,1,1989,0,0,0,20,0,0,0,0,0,0
200076,2,1,1989,4,4,4,4,4,4,4,4,4,4
200077,1,1,1989,0,0,0,0,0,0,0,0,0,0
200080,1,1,1989,0,0,0,9,0,0,0,28,0,0
200081,1,1,1989,0,0,0,0,0,0,0,0,0,0
200082,1,1,1989,0,0,0,0,0,0,0,0,0,0
200082,2,1,1989,9,0,0,0,0,0,0,0,0,0
200083,1,1,1989,13,13,13,13,13,13,13,13,13,13
200083,2,1,1989,0,0,0,0,0,0,39,0,0,0
200084,0,1,1989,0,0,0,0,0,0,0,0,0,0
200084,1,1,1989,0,0,0,0,0,0,0,0,0,0
200085,1,1,1989,17,17,17,17,17,17,17,17,17,17
200085,2,1,1989,27,27,27,27,27,27,27,27,27,27
200086,1,1,1989,16,4,0,0,0,0,0,0,4,0
200086,2,1,1989,13,14,12,9,22,16,19,11,18,14
200086,3,1,1989,10,0,0,0,0,0,0,0,0,0
200087,1,1,1989,20,20,20,20,20,20,20,20,20,20
200087,2,1,1989,0,0,0,0,0,0,0,0,0,0
200088,1,1,1989,18,18,18,18,18,18,18,18,18,18
200089,1,1,1989,0,0,0,0,0,0,0,0,0,0
200090,1,1,1989,0,0,0,0,0,0,0,0,0,0
200090,2,1,1989,0,0,0,0,0,0,0,0,0,0
200091,1,1,1989,0,0,0,0,0,0,0,0,0,0
200091,2,1,1989,0,0,0,0,0,0,0,0,0,0
200092,1,1,1989,0,0,0,0,0,0,12,0,0,0
200092,2,1,1989,0,0,0,0,0,0,0,0,0,0
200094,1,1,1989,12,12,12,12,12,12,12,12,12,12
200094,2,1,1989,0,0,0,0,0,0,0,0,0,0
200095,1,1,1989,17,17,17,17,17,17,17,17,17,17
200096,1,1,1989,0,0,0,0,0,0,0,0,0,0
200096,2,1,1989,0,0,0,0,0,0,0,0,0,0
200097,1,1,1989,13,13,13,13,13,13,13,13,13,13
200098,1,1,1989,22,22,22,22,22,22,22,22,22,22
200099,1,1,1989,0,0,0,0,0,0,0,0,0,0
200099,2,1,1989,12,12,12,12,12,12,12,12,12,12
200100,1,1,1989,0,0,0,0,0,0,0,0,0,0
200101,1,1,1989,18,18,18,18,18,18,18,18,18,18
200102,1,1,1989,4,4,4,4,4,4,4,4,4,4
200102,2,1,1989,0,0,0,0,0,0,0,0,0,0
200103,1,1,1989,22,0,0,21,0,0,0,0,0,12
200104,1,1,1989,0,0,0,0,0,0,0,0,0,0
200104,2,1,1989,0,0,0,0,0,0,0,0,0,0
200105,1,1,1989,24,24,24,24,24,24,24,24,24,24
200106,1,1,1989,21,21,21,21,21,21,21,21,21,21
200107,1,1,1989,2,2,2,2,2,2,2,2,2,2
200108,1,1,1989,23,23,23,23,23,23,23,23,23,23
200109,1,1,1989,13,30,0,29,14,22,22,26,10,9
200110,1,1,1989,0,0,0,16,0,0,0,0,0,27
200110,2,1,1989,0,0,0,26,0,0,0,0,23,0
200111,1,1,1989,0,0,0,0,0,0,0,0,0,0
200112,1,1,1989,3,3,3,3,3,3,3,3,3,3
200113,1,1,1989,0,0,0,0,0,0,0,0,0,19
200114,1,1,1989,0,0,0,0,0,0,0,0,0,0
200114,2,1,1989,0,0,0,0,0,0,0,0,0,0
200115,1,1,1989,0,0,0,0,0,0,0,0,0,0
200115,2,1,1989,0,0,0,0,0,0,0,0,0,0
200116,1,1,1989,0,0,0,0,0,0,0,0,0,0
200116,2,1,1989,0,0,0,0,0,0,0,0,0,0
200117,1,1,1989,23,23,23,23,23,23,23,23,23,23
200117,2,1,1989,0,0,0,0,0,0,0,0,0,0
200117,3,1,1989,3,3,3,3,3,3,3,3,3,3
200118,1,1,1989,0,0,0,0,0,0,0,0,0,0
200118,2,1,1989,0,0,0,0,0,0,0,0,0,0
200119,1,1,1989,0,0,0,0,0,0,0,0,0,0
200119,2,1,1989,8,0,0,0,0,0,0,0,0,0
200120,1,1,1989,11,11,11,11,11,11,11,11,11,11
200121,1,1,1989,0,0,0,0,0,0,0,0,0,0
200121,2,1,1989,0,0,0,0,0,0,0,0,0,0
200122,1,1,1989,0,0,0,0,0,0,0,0,0,0
200123,1,1,1989,16,0,13,0,0,0,0,0,27,0
200124,1,1,1989,13,18,8,17,18,13,15,10,15,36
200125,1,1,1989,0,0,0,0,0,0,0,0,0,0
200125,2,1,1989,0,0,0,0,0,0,0,0,0,0
200126,0,1,1989,0,0,0,0,0,0,0,0,0,0
200126,1,1,1989,0,0,0,0,0,4,0,0,0,0
200127,1,1,1989,30,30,30,30,30,30,30,30,30,30
200128,1,1,1989,0,0,0,0,0,0,0,0,0,0
200129,1,1,1989,21,21,21,21,21,21,21,21,21,21
200130,1,1,1989,0,8,0,0,0,0,0,0,0,0
200130,2,1,1989,0,0,0,0,0,0,0,0,0,0
200131,1,1,1989,0,0,0,0,0,0,0,0,0,0
200131,2,1,1989,0,0,0,0,0,0,0,0,0,0
200132,1,1,1989,0,0,0,0,0,0,0,0,0,0
200133,1,1,1989,0,0,0,0,0,0,0,0,0,0
200134,1,1,1989,0,6,0,27,36,4,0,0,8,0
200135,1,1,1989,0,0,0,0,0,0,0,0,0,0
200135,2,1,1989,0,0,0,0,0,0,0,0,0,0
200136,1,1,1989,0,0,0,0,0,0,0,0,0,0
200137,1,1,1989,0,0,0,0,0,0,0,0,0,0
200137,2,1,1989,0,0,7,0,0,0,0,0,0,0
200138,1,1,1989,0,0,0,0,0,0,0,0,0,0
200139,1,1,1989,0,0,0,0,0,0,0,0,0,0
200140,1,1,1989,0,0,0,0,0,0,0,0,0,0
200140,2,1,1989,0,0,0,0,0,0,0,0,0,0
200141,1,1,1989,0,0,0,0,0,0,0,0,0,0
200141,2,1,1989,0,0,0,0,0,0,0,0,0,0
200142,1,1,1989,5,5,5,5,5,5,5,5,5,5
200142,2,1,1989,0,0,0,0,0,0,0,0,0,0
200143,1,1,1989,0,0,0,0,0,0,0,0,0,0
200143,2,1,1989,0,0,0,0,0,0,0,0,0,0
200144,1,1,1989,0,0,0,0,0,0,0,0,0,0
200144,2,1,1989,0,0,0,0,0,0,0,0,0,0
200145,0,1,1989,0,0,0,0,0,0,0,0,0,0
200145,1,1,1989,0,0,0,0,0,0,0,0,0,0
200146,1,1,1989,0,0,0,0,8,5,0,0,0,0
200147,1,1,1989,0,0,0,0,0,0,0,0,0,0
200147,2,1,1989,0,0,0,0,0,0,0,0,0,0
200148,1,1,1989,0,0,0,0,0,0,26,0,0,31
200148,2,1,1989,0,0,0,0,0,0,0,0,0,0
200149,1,1,1989,0,0,0,0,0,0,0,0,0,0
200150,1,1,1989,0,0,17,0,0,0,0,0,0,0
200150,2,1,1989,22,0,0,22,0,0,0,0,0,20
200151,1,1,1989,0,0,0,0,0,0,5,0,0,0
200152,1,1,1989,5,5,5,5,5,5,5,5,5,5
200153,1,1,1989,0,0,0,0,0,0,0,0,0,0
200153,2,1,1989,0,0,0,0,0,0,0,0,0,0
200154,1,1,1989,0,14,17,2,10,21,27,0,21,6
200155,1,1,1989,0,0,0,0,0,0,0,0,0,0
200156,1,1,1989,13,13,13,13,13,13,13,13,13,13
200156,2,1,1989,0,0,0,0,0,0,0,0,0,0
200157,1,1,1989,0,0,0,0,0,0,0,0,0,0
200157,2,1,1989,0,0,0,0,0,0,0,0,0,0
200158,1,1,1989,0,0,0,0,0,0,0,0,0,0
200158,2,1,1989,0,0,0,0,0,0,0,0,0,0
200159,1,1,1989,0,0,0,0,0,0,0,0,0,0
200159,2,1,1989,20,20,20,20,20,20,20,20,20,20
200160,1,1,1989,14,14,14,14,14,14,14,14,14,14
200161,1,1,1989,8,8,8,8,8,8,8,8,8,8
200161,2,1,1989,0,0,0,0,0,0,0,0,12,0
200162,1,1,1989,7,7,7,7,7,7,7,7,7,7
200163,0,1,1989,34,34,34,34,34,34,34,34,34,34
200163,1,1,1989,0,0,0,0,0,0,0,0,0,0
200164,1,1,1989,6,11,0,0,0,0,0,0,0,0
200164,2,1,1989,0,0,0,0,0,0,0,0,0,0
200165,1,1,1989,0,0,0,0,0,0,0,0,0,0
200166,1,1,1989,11,11,11,11,11,11,11,11,11,11
200167,1,1,1989,0,0,0,20,0,0,0,0,0,0
200167,2,1,1989,0,0,0,0,0,0,0,0,0,0
200168,1,1,1989,0,0,0,18,0,0,0,0,13,0
200169,1,1,1989,0,0,0,0,0,0,0,0,0,0
200169,2,1,1989,0,0,0,0,0,0,0,0,0,0
200170,0,1,1989,0,0,0,0,0,0,0,0,0,0
200170,0,2,1989,0,0,0,0,0,0,13,30,12,4
200170,1,1,1989,13,13,16,19,4,27,7,20,19,9
200171,1,1,1989,0,0,0,0,0,0,0,0,0,0
200172,1,1,1989,0,0,0,0,0,0,0,0,0,0
200172,2,1,1989,0,0,0,0,0,0,0,0,15,0
200173,1,1,1989,2,15,18,17,10,11,7,13,15,8
200173,2,1,1989,9,9,9,9,9,9,9,9,9,9
200174,1,1,1989,22,22,22,22,22,22,22,22,22,22
200174,2,1,1989,0,0,0,0,0,0,0,0,0,0
200175,1,1,1989,2,2,2,2,2,2,2,2,2,2
200176,1,1,1989,28,28,28,28,28,28,28,28,28,28
200177,1,1,1989,3,0,0,0,0,0,0,0,0,0
200177,2,1,1989,18,18,18,18,18,18,18,18,18,18
200178,1,1,1989,13,13,13,13,13,13,13,13,13,13
200179,1,1,1989,0,0,0,0,0,0,0,0,0,0
200179,2,1,1989,0,0,0,0,0,0,0,0,0,0
200180,1,1,1989,0,0,0,0,0,0,0,0,0,0
200180,2,1,1989,0,0,0,0,0,0,0,0,0,0
200181,1,1,1989,0,0,0,0,8,0,0,28,0,20
200181,2,1,1989,0,0,0,0,0,0,0,0,0,0
200182,1,1,1989,34,34,34,34,34,34,34,34,34,34
200183,1,1,1989,20,20,20,20,20,20,20,20,20,20
200184,1,1,1989,31,31,31,31,31,31,31,31,31,31
200185,0,1,1989,0,0,0,0,0,0,0,0,0,0
200185,1,1,1989,3,3,3,3,3,3,3,3,3,3
200186,1,1,1989,0,0,0,0,0,0,0,0,0,0
200186,2,1,1989,0,0,0,0,0,0,0,0,0,0
200187,1,1,1989,0,0,0,0,0,0,0,0,0,0
200187,2,1,1989,0,0,0,0,0,0,0,0,0,0
200188,1,1,1989,0,0,0,0,0,0,0,0,0,0
200189,1,1,1989,0,0,0,0,0,0,0,0,0,0
200190,1,1,1989,0,0,0,0,0,0,0,0,0,0
200190,2,1,1989,0,0,0,0,0,0,0,0,0,0
200191,1,1,1989,0,0,0,0,0,0,0,0,0,0
200191,2,1,1989,0,0,0,0,0,0,0,0,0,0
200192,1,1,1989,0,0,0,0,0,0,0,0,0,0
200192,2,1,1989,0,0,0,0,0,0,0,0,0,0
200193,1,1,1989,0,0,0,0,0,0,0,0,0,0
200193,2,1,1989,0,0,0,0,0,0,0,0,12,0
200194,1,1,1989,24,24,24,24,24,24,24,24,24,24
200194,2,1,1989,0,0,0,0,0,0,0,0,0,0
200195,1,1,1989,0,0,0,0,0,0,0,0,0,0
200195,2,1,1989,0,0,0,0,0,0,0,0,0,0
200196,1,1,1989,16,16,16,16,16,16,16,16,16,16
200197,1,1,1989,0,0,0,0,0,0,0,0,0,0
200198,1,1,1989,0,0,0,0,0,0,0,0,0,0
200199,1,1,1989,0,0,0,13,0,0,0,0,0,0
200200,1,1,1989,0,0,0,0,0,0,0,0,0,0
200200,2,1,1989,4,0,0,0,0,0,0,0,0,0
200201,1,1,1989,0,0,3,0,0,0,0,0,0,0
200202,1,1,1989,0,0,0,0,0,0,0,0,0,0
200202,2,1,1989,0,0,0,0,0,0,0,0,0,0
200203,1,1,1989,0,0,0,0,0,0,0,0,0,0
200203,2,1,1989,0,0,0,0,0,0,0,0,0,0
200204,1,1,1989,18,18,18,18,18,18,18,18,18,18
200204,2,1,1989,0,0,0,0,0,0,0,0,0,0
200205,0,1,1989,0,0,0,0,0,0,0,0,0,0
200205,1,1,1989,0,0,0,0,0,0,0,0,0,0
200206,1,1,1989,0,0,0,0,0,0,0,0,0,0
200206,2,1,1989,0,13,0,0,0,0,0,0,0,0
200207,1,1,1989,19,19,19,19,19,19,19,19,19,19
200208,1,1,1989,27,27,27,27,27,27,27,27,27,27
200209,1,1,1989,23,23,23,23,23,23,23,23,23,23
200209,2,1,1989,0,0,0,0,0,0,0,0,0,0
200210,1,1,1989,0,33,0,0,0,21,0,8,35,0
200211,1,1,1989,0,0,0,0,0,0,0,0,0,0
200211,2,1,1989,0,0,0,0,0,0,0,0,0,0
200212,1,1,1989,0,0,0,0,0,0,0,0,0,0
200213,1,1,1989,0,0,0,0,0,0,0,0,0,0
200213,2,1,1989,16,16,16,16,16,16,16,16,16,16
200214,1,1,1989,0,0,0,0,0,0,0,0,0,0
200214,2,1,1989,20,20,20,20,20,20,20,20,20,20
200214,3,1,1989,13,13,13,13,13,13,13,13,13,13
200215,1,1,1989,0,0,0,0,0,0,0,0,0,0
200215,2,1,1989,0,0,0,0,0,13,0,0,0,0
200216,1,1,1989,26,26,26,26,26,26,26,26,26,26