ST_CASE,VEH_NO,PER_NO,YEAR,P1,P2,P3,P4,P5,P6,P7,P8,P9,P10
200217,1,1,1989,14,17,27,8,31,23,21,6,13,22
200218,0,1,1989,0,0,0,0,0,0,0,0,0,0
200218,1,1,1989,0,0,0,0,0,0,0,0,0,0
200219,1,1,1989,0,0,0,0,0,0,0,0,0,0
200219,2,1,1989,0,0,0,0,0,0,0,0,0,0
200220,0,1,1989,21,21,21,21,21,21,21,21,21,21
200220,1,1,1989,0,0,0,0,21,0,0,33,16,19
200221,1,1,1989,0,0,0,0,0,0,0,0,12,0
200222,1,1,1989,19,19,19,19,19,19,19,19,19,19
200223,1,1,1989,13,13,13,13,13,13,13,13,13,13
200224,1,1,1989,19,19,19,19,19,19,19,19,19,19
200225,1,1,1989,0,0,0,0,0,0,0,0,0,0
200225,2,1,1989,0,0,0,0,0,0,0,0,0,0
200226,0,1,1989,0,0,0,0,0,0,0,0,0,0
200226,1,1,1989,0,0,0,0,7,0,0,0,0,0
200227,0,1,1989,19,19,19,19,19,19,19,19,19,19
200227,1,1,1989,0,0,0,0,0,0,0,4,0,0
200228,1,1,1989,28,28,28,28,28,28,28,28,28,28
200229,1,1,1989,0,0,0,0,0,0,0,0,0,0
200229,2,1,1989,0,0,0,0,0,0,0,0,0,0
200230,1,1,1989,0,0,0,0,0,0,0,0,0,0
200231,1,1,1989,5,0,0,0,0,0,0,0,0,0
200231,2,1,1989,0,0,0,0,0,0,0,0,0,0
200232,1,1,1989,0,0,0,0,22,0,0,0,0,0
200233,1,1,1989,14,14,14,14,14,14,14,14,14,14
200234,1,1,1989,0,0,0,0,0,0,0,0,0,0
200234,2,1,1989,0,0,0,0,0,0,0,0,0,0
200235,0,1,1989,0,0,0,0,0,0,0,0,0,0
200235,1,1,1989,0,0,0,0,0,0,0,0,0,0
200236,1,1,1989,0,0,0,0,0,0,0,0,0,0
200236,2,1,1989,0,0,0,0,0,0,0,0,0,31
200237,1,1,1989,0,0,0,0,0,0,0,0,0,0
200237,2,1,1989,0,0,0,0,0,0,0,0,0,0
200238,0,1,1989,25,25,25,25,25,25,25,25,25,25
200238,1,1,1989,0,0,0,0,0,0,0,0,0,0
200239,1,1,1989,0,0,0,0,0,0,0,0,0,0
200239,2,1,1989,0,0,0,0,0,0,0,0,0,0
200240,1,1,1989,0,0,0,0,0,0,0,0,0,0
200241,1,1,1989,26,26,26,26,26,26,26,26,26,26
200242,1,1,1989,0,0,0,0,0,0,0,0,0,0
200242,2,1,1989,0,0,0,0,0,0,0,0,0,0
200243,0,1,1989,12,12,12,12,12,12,12,12,12,12
200243,1,1,1989,0,0,0,0,0,0,0,0,0,0
200244,1,1,1989,0,0,0,0,0,0,0,0,0,0
200245,1,1,1989,21,21,21,21,21,21,21,21,21,21
200245,2,1,1989,0,0,0,0,0,0,0,0,0,0
200246,1,1,1989,0,0,18,0,15,0,0,41,30,18
200246,2,1,1989,0,0,0,0,0,0,0,0,0,0
200247,1,1,1989,2,2,2,2,2,2,2,2,2,2
200247,2,1,1989,0,0,0,0,0,0,0,0,0,0
200248,1,1,1989,20,20,20,20,20,20,20,20,20,20
200249,1,1,1989,0,0,0,0,0,0,0,0,0,0
200249,2,1,1989,0,0,0,0,0,0,0,0,0,0
200250,1,1,1989,14,14,14,14,14,14,14,14,14,14
200251,1,1,1989,13,13,13,13,13,13,13,13,13,13
200252,1,1,1989,0,0,0,28,0,19,0,16,0,0
200253,1,1,1989,0,0,0,0,0,0,0,0,0,0
200253,2,1,1989,35,35,35,35,35,35,35,35,35,35
200254,1,1,1989,0,0,0,0,0,0,19,0,0,0
200254,2,1,1989,13,16,0,12,0,15,14,0,0,0
200255,1,1,1989,26,26,26,26,26,26,26,26,26,26
200256,1,1,1989,17,17,17,17,17,17,17,17,17,17
200256,2,1,1989,11,11,11,11,11,11,11,11,11,11
200257,1,1,1989,0,0,0,0,0,0,0,0,0,0
200257,2,1,1989,0,0,0,0,0,0,0,0,0,0
200257,3,1,1989,0,0,0,0,0,0,0,0,0,0
200258,1,1,1989,0,0,0,0,0,0,0,0,0,0
200258,2,1,1989,0,0,0,0,0,0,0,0,0,0
200259,1,1,1989,21,21,21,21,21,21,21,21,21,21
200260,1,1,1989,0,0,0,0,0,0,0,0,0,0
200261,1,1,1989,11,11,11,11,11,11,11,11,11,11
200262,1,1,1989,0,0,0,0,0,0,0,0,0,0
200262,2,1,1989,0,0,0,0,0,0,0,0,4,0
200263,1,1,1989,0,0,0,0,0,0,0,0,0,0
200263,2,1,1989,10,0,11,0,24,0,21,20,3,11
200264,1,1,1989,0,0,0,0,0,0,0,0,0,0
200264,2,1,1989,0,0,0,0,0,0,0,0,0,0
200265,1,1,1989,7,0,0,0,0,0,0,0,0,0
200265,2,1,1989,0,0,0,0,0,0,0,0,0,0
200266,1,1,1989,19,19,19,19,19,19,19,19,19,19
200267,0,1,1989,6,0,0,0,0,0,0,0,0,0
200267,1,1,1989,0,0,0,0,0,0,0,0,0,0
200268,1,1,1989,0,0,0,0,0,0,0,0,0,0
200268,2,1,1989,0,0,0,0,0,0,0,0,0,0
200269,1,1,1989,0,0,0,3,0,0,0,0,0,0
200269,2,1,1989,0,0,0,0,0,0,0,0,0,0
200270,1,1,1989,0,0,0,0,0,0,0,0,0,0
200270,2,1,1989,0,0,0,0,0,0,0,0,0,22
200271,1,1,1989,0,0,0,0,0,0,0,0,0,0
200271,2,1,1989,0,0,0,0,0,0,0,0,0,13
200272,1,1,1989,0,0,0,0,0,0,0,0,0,0
200273,1,1,1989,19,19,19,19,19,19,19,19,19,19
200274,1,1,1989,0,0,0,0,0,0,0,0,0,0
200275,1,1,1989,0,0,0,0,0,0,0,0,0,0
200275,2,1,1989,0,0,0,0,0,0,0,0,0,0
200276,1,1,1989,0,0,0,0,0,0,0,0,0,0
200276,2,1,1989,4,0,0,0,0,0,0,0,0,0
200277,1,1,1989,0,0,0,0,0,0,0,0,0,0
200277,2,1,1989,0,0,0,0,0,0,0,0,0,0
200278,1,1,1989,13,13,13,13,13,13,13,13,13,13
200279,1,1,1989,7,7,7,7,7,7,7,7,7,7
200280,1,1,1989,12,12,12,12,12,12,12,12,12,12
200281,1,1,1989,0,0,0,0,0,0,0,0,0,0
200281,2,1,1989,0,0,0,0,0,0,0,0,0,0
200282,1,1,1989,0,0,0,0,0,0,0,0,0,0
200283,1,1,1989,0,10,11,11,0,0,17,0,0,0
200284,1,1,1989,20,20,20,20,20,20,20,20,20,20
200285,1,1,1989,22,22,22,22,22,22,22,22,22,22
200286,1,1,1989,0,0,0,0,0,0,0,0,0,0
200287,1,1,1989,0,0,0,0,0,0,0,0,0,0
200288,1,1,1989,4,4,4,4,4,4,4,4,4,4
200288,2,1,1989,0,0,0,0,0,0,0,0,0,0
200290,1,1,1989,2,2,2,2,2,2,2,2,2,2
200290,2,1,1989,0,0,0,0,0,0,0,0,0,0
200291,1,1,1989,0,0,0,0,0,0,0,0,0,0
200292,1,1,1989,0,0,0,0,0,0,0,0,0,0
200293,1,1,1989,26,26,26,26,26,26,26,26,26,26
200294,1,1,1989,0,0,0,0,0,0,0,0,0,0
200294,2,1,1989,0,0,0,0,0,0,0,0,0,0
200295,1,1,1989,23,23,23,23,23,23,23,23,23,23
200296,0,1,1989,33,0,0,0,0,0,26,0,0,0
200296,1,1,1989,3,3,3,3,3,3,3,3,3,3
200297,1,1,1989,0,0,0,0,0,0,0,0,0,0
200297,2,1,1989,0,0,11,0,0,11,0,0,0,0
200298,1,1,1989,0,0,0,0,0,0,0,0,0,0
200298,2,1,1989,0,0,0,0,0,0,0,0,0,0
200299,1,1,1989,5,5,5,5,5,5,5,5,5,5
200299,2,1,1989,0,0,0,0,0,0,0,0,0,0
200300,1,1,1989,0,0,0,0,0,0,0,0,0,0
200300,2,1,1989,0,0,0,8,19,6,0,17,0,15
200301,1,1,1989,0,0,0,0,0,0,0,0,0,0
200302,1,1,1989,0,0,0,0,0,0,0,0,0,0
200302,2,1,1989,0,12,0,0,0,0,0,0,0,0
200303,1,1,1989,0,0,0,0,0,0,12,0,0,0
200303,2,1,1989,0,0,0,0,0,0,0,0,0,0
200303,3,1,1989,0,0,0,0,0,0,0,0,0,0
200303,4,1,1989,0,0,0,0,0,0,0,0,0,0
200304,0,1,1989,20,0,40,16,31,39,29,0,15,0
200304,1,1,1989,0,0,3,0,0,0,20,0,0,8
200305,0,1,1989,31,31,31,31,31,31,31,31,31,31
200305,1,1,1989,16,0,0,22,0,0,0,0,0,0
200306,1,1,1989,27,27,27,27,27,27,27,27,27,27
200307,1,1,1989,20,20,20,20,20,20,20,20,20,20
200308,0,1,1989,0,0,0,0,0,0,0,0,0,0
200308,1,1,1989,0,0,0,0,0,0,0,0,0,0
200309,0,1,1989,0,0,0,0,0,0,0,0,0,13
200309,1,1,1989,0,0,0,0,0,0,0,0,0,0
200310,1,1,1989,0,0,0,0,0,0,0,0,0,0
200310,2,1,1989,0,0,0,0,0,0,0,0,0,0
200311,1,1,1989,20,20,20,20,20,20,20,20,20,20
200312,1,1,1989,0,0,0,0,0,0,0,0,0,0
200313,1,1,1989,0,0,0,0,0,0,0,0,0,0
200313,2,1,1989,0,0,0,0,0,0,0,0,0,0
200313,3,1,1989,0,0,0,0,0,0,0,0,0,0
200314,1,1,1989,14,14,14,14,14,14,14,14,14,14
200314,2,1,1989,0,0,0,0,0,0,0,0,0,0
200315,1,1,1989,24,15,0,29,7,10,0,10,18,7
200316,1,1,1989,0,0,0,0,0,0,0,0,0,0
200316,2,1,1989,13,13,13,13,13,13,13,13,13,13
200319,1,1,1989,0,0,0,0,0,0,0,0,0,0
200319,2,1,1989,0,0,0,0,0,0,0,0,0,0
200320,1,1,1989,0,0,0,0,0,0,0,0,0,0
200320,2,1,1989,18,18,18,18,18,18,18,18,18,18
200321,1,1,1989,0,0,0,0,0,0,0,0,0,0
200321,2,1,1989,0,0,0,0,0,0,0,0,0,0
200322,1,1,1989,0,0,0,0,0,0,0,0,0,0
200324,1,1,1989,11,11,11,11,11,11,11,11,11,11
200325,1,1,1989,6,6,6,6,6,6,6,6,6,6
200325,2,1,1989,4,4,4,4,4,4,4,4,4,4
200326,1,1,1989,0,0,0,0,0,0,0,0,0,0
200327,1,1,1989,0,0,0,32,13,0,32,12,0,0
200329,1,1,1989,0,11,0,0,0,0,0,0,0,0
200329,2,1,1989,0,18,0,0,18,0,0,0,0,0
200330,1,1,1989,20,20,20,20,20,20,20,20,20,20
200330,2,1,1989,0,0,0,0,0,0,0,0,0,0
200331,1,1,1989,0,0,0,0,0,0,0,0,0,0
200332,1,1,1989,9,0,0,0,0,0,4,0,0,0
200333,1,1,1989,12,12,12,12,12,12,12,12,12,12
200334,1,1,1989,0,0,0,0,0,0,0,0,0,0
200335,1,1,1989,34,34,34,34,34,34,34,34,34,34
200336,1,1,1989,18,18,18,18,18,18,18,18,18,18
200337,1,1,1989,0,0,0,0,0,0,0,0,0,0
200337,2,1,1989,22,22,22,22,22,22,22,22,22,22
200338,1,1,1989,0,0,0,0,0,0,0,0,0,0
200338,2,1,1989,0,0,0,0,0,0,0,0,0,8
200339,1,1,1989,0,0,0,0,0,0,0,0,0,0
200339,2,1,1989,0,0,0,0,0,0,0,0,0,0
200340,1,1,1989,28,28,28,28,28,28,28,28,28,28
200341,1,1,1989,0,0,0,0,0,0,0,0,0,0
200341,2,1,1989,0,0,0,0,0,0,0,0,0,0
200342,1,1,1989,17,17,17,17,17,17,17,17,17,17
200342,2,1,1989,0,0,0,0,0,0,0,0,0,0
200342,3,1,1989,0,0,0,0,27,0,0,0,0,0
200343,1,1,1989,23,23,23,23,23,23,23,23,23,23
200344,1,1,1989,16,16,16,16,16,16,16,16,16,16
200345,1,1,1989,0,0,0,0,0,0,0,0,0,0
200345,2,1,1989,0,0,0,0,0,0,0,0,0,0
200346,1,1,1989,5,5,5,5,5,5,5,5,5,5
200347,1,1,1989,0,0,0,0,0,0,0,0,0,0
200348,1,1,1989,0,0,0,0,0,0,0,0,0,0
200349,1,1,1989,0,0,0,0,0,0,0,0,0,0
200349,2,1,1989,0,0,0,0,0,0,0,0,0,20
200350,1,1,1989,0,0,0,0,0,0,0,0,0,0
200351,1,1,1989,0,0,0,0,0,0,0,20,0,0
200351,2,1,1989,0,0,0,0,0,0,0,0,0,0
200351,3,1,1989,0,0,0,0,0,17,0,8,0,10
200352,1,1,1989,0,0,0,0,0,0,0,0,0,0
200352,2,1,1989,0,0,0,0,0,0,0,0,0,0
200353,1,1,1989,0,0,0,23,0,0,25,0,0,0
200354,1,1,1989,0,0,0,0,0,0,0,0,0,0
200354,2,1,1989,0,0,0,0,0,0,0,0,0,0
200355,1,1,1989,20,20,20,20,20,20,20,20,20,20
200356,1,1,1989,17,15,22,40,2,0,0,12,16,12
200357,1,1,1989,16,16,16,16,16,16,16,16,16,16
200358,0,1,1989,24,24,24,24,24,24,24,24,24,24
200358,1,1,1989,0,0,0,0,0,0,0,0,0,0
200359,0,1,1989,0,0,0,0,0,0,16,0,0,0
200359,1,1,1989,0,0,0,0,0,0,0,0,0,0
200360,0,1,1989,0,0,0,0,0,0,0,0,0,7
200360,1,1,1989,0,0,0,0,0,0,0,0,0,0
200362,1,1,1989,35,9,18,19,3,25,18,30,18,17
200363,1,1,1989,0,0,3,0,0,0,0,0,0,4
200364,1,1,1989,0,0,0,0,0,0,0,0,0,0
200365,1,1,1989,0,0,0,0,0,0,0,0,0,0
200365,2,1,1989,0,0,0,0,0,0,0,0,0,0
200366,1,1,1989,16,16,16,16,16,16,16,16,16,16
200367,1,1,1989,0,0,0,0,0,0,0,0,0,0
200367,2,1,1989,0,0,0,0,0,0,0,0,0,0
200368,1,1,1989,25,0,0,0,0,12,0,0,0,0
200368,2,1,1989,0,0,20,0,0,0,0,0,0,0
200369,1,1,1989,18,18,18,18,18,18,18,18,18,18
200370,0,1,1989,0,0,0,0,0,0,0,0,0,0
200370,1,1,1989,0,0,0,0,0,0,0,0,0,0
200371,0,1,1989,18,18,18,18,18,18,18,18,18,18
200371,1,1,1989,0,0,27,0,11,0,8,0,28,0
200372,1,1,1989,0,0,0,0,0,0,0,0,0,0
200373,1,1,1989,18,18,18,18,18,18,18,18,18,18
200375,1,1,1989,0,0,0,14,0,0,0,0,0,0
200375,2,1,1989,0,0,0,0,0,0,0,0,0,0
200376,1,1,1989,0,0,0,0,0,0,0,0,0,0
200376,2,1,1989,0,20,0,0,0,20,35,0,0,0
200377,1,1,1989,10,10,10,10,10,10,10,10,10,10
200378,1,1,1989,0,0,0,0,0,0,0,0,0,0
200378,2,1,1989,14,0,0,0,0,12,0,0,0,0
200379,1,1,1989,12,0,26,15,0,0,0,0,0,23
200380,0,1,1989,0,0,0,0,0,0,12,9,7,0
200380,0,2,1989,0,0,0,0,0,0,0,0,0,0
200380,1,1,1989,0,0,0,0,0,0,0,0,0,0
200381,1,1,1989,0,0,0,0,0,0,0,0,0,0
200381,2,1,1989,0,0,0,0,0,0,0,0,0,0
200382,1,1,1989,19,19,19,19,19,19,19,19,19,19
200383,1,1,1989,0,0,0,0,0,0,0,0,0,0
200384,1,1,1989,0,0,0,0,23,0,0,0,0,0
200384,2,1,1989,0,0,0,0,0,0,0,0,0,0
210001,1,1,1989,15,15,15,15,15,15,15,15,15,15
210001,2,1,1989,1,1,1,1,1,1,1,1,1,1
210002,1,1,1989,18,18,18,18,18,18,18,18,18,18
210003,1,1,1989,0,0,0,0,0,0,0,0,0,0
210004,1,1,1989,21,21,21,21,21,21,21,21,21,21
210005,1,1,1989,0,0,0,0,0,0,0,0,0,0
210006,1,1,1989,25,25,25,25,25,25,25,25,25,25
210007,1,1,1989,17,17,17,17,17,17,17,17,17,17
210008,0,1,1989,0,0,0,0,0,0,0,0,0,0
210008,1,1,1989,0,0,0,0,13,0,0,0,0,0
210009,1,1,1989,19,19,19,19,19,19,19,19,19,19
210010,0,1,1989,0,0,0,0,0,0,0,0,0,0
210010,1,1,1989,0,0,0,0,0,0,0,0,0,0
210011,1,1,1989,0,0,0,0,0,0,0,0,0,0
210012,1,1,1989,16,16,16,16,16,16,16,16,16,16
210013,1,1,1989,21,21,21,21,21,21,21,21,21,21
210014,1,1,1989,0,0,0,0,0,0,0,0,0,0
210014,2,1,1989,0,0,12,0,0,0,0,0,0,0
210015,1,1,1989,0,0,0,0,0,0,0,0,0,0
210015,2,1,1989,0,0,0,0,0,0,0,0,0,0
210016,1,1,1989,0,0,0,0,0,0,0,0,0,0
210016,2,1,1989,0,0,0,0,0,0,0,0,0,0
210017,1,1,1989,0,0,0,0,0,0,0,0,0,0
210017,2,1,1989,0,0,0,0,0,0,0,0,0,0
210017,3,1,1989,0,0,0,0,0,0,0,0,0,0
210018,1,1,1989,0,0,0,0,0,0,0,0,0,0
210018,2,1,1989,0,0,0,0,0,0,0,0,0,0
210019,1,1,1989,0,0,0,0,0,0,0,0,0,0
210019,2,1,1989,0,0,0,0,0,0,0,0,0,0
210020,1,1,1989,0,0,0,0,0,0,0,0,0,0
210020,2,1,1989,0,0,0,0,0,0,0,13,0,22
210020,3,1,1989,0,0,0,0,0,0,0,0,0,0
210021,0,1,1989,16,0,21,0,0,0,13,0,0,0
210021,1,1,1989,0,0,0,0,0,0,0,0,0,0
210021,2,1,1989,0,0,0,0,0,0,0,0,0,0
210022,1,1,1989,0,0,0,0,0,0,0,0,0,0
210023,1,1,1989,0,0,0,0,0,0,0,0,0,0
210023,2,1,1989,0,0,0,0,0,0,0,0,0,0
210024,0,1,1989,11,11,11,11,11,11,11,11,11,11
210024,1,1,1989,0,0,0,0,0,0,0,21,0,0
210025,1,1,1989,0,0,0,0,0,0,0,0,0,0
210025,2,1,1989,0,0,0,0,0,0,0,0,0,0
210025,3,1,1989,0,0,0,0,0,0,0,0,0,0
210026,1,1,1989,21,21,21,21,21,21,21,21,21,21
210026,2,1,1989,0,0,0,0,0,0,0,0,0,0
210027,1,1,1989,20,20,20,20,20,20,20,20,20,20
210028,1,1,1989,15,15,15,15,15,15,15,15,15,15
210029,1,1,1989,0,0,0,0,0,0,0,0,0,0
210030,1,1,1989,0,0,0,0,0,0,0,0,0,0
210031,1,1,1989,0,0,0,0,0,0,0,0,0,0
210031,2,1,1989,0,0,0,0,0,21,0,0,0,0
210031,3,1,1989,0,0,0,0,0,0,0,0,0,0
210031,4,1,1989,0,0,0,0,0,0,0,0,0,0
210032,1,1,1989,13,0,0,0,0,0,0,0,0,20
210033,1,1,1989,0,0,0,0,0,0,0,0,0,0
210033,2,1,1989,0,0,0,0,0,0,0,0,0,0
210034,1,1,1989,37,37,37,37,37,37,37,37,37,37
210034,2,1,1989,0,0,0,0,0,0,0,0,0,0
210035,0,1,1989,0,0,0,0,0,0,0,0,0,0
210035,1,1,1989,0,0,0,0,0,0,0,0,0,0
210036,1,1,1989,0,0,0,0,0,0,0,0,0,0
210037,0,1,1989,0,0,0,0,0,0,0,0,0,0
210037,0,2,1989,0,0,0,0,7,0,0,0,0,0
210037,1,1,1989,0,0,0,0,0,0,0,0,0,0
210038,1,1,1989,0,0,0,0,0,0,0,0,0,0
210038,2,1,1989,0,0,0,0,0,0,0,0,0,0
210039,1,1,1989,13,13,13,13,13,13,13,13,13,13
210040,0,1,1989,0,0,0,0,0,0,0,0,0,0
210040,1,1,1989,0,0,0,0,0,18,0,0,0,0
210041,1,1,1989,10,10,10,10,10,10,10,10,10,10
210042,1,1,1989,0,0,0,0,0,0,0,0,0,0
210043,1,1,1989,18,18,18,18,18,18,18,18,18,18
210044,1,1,1989,4,4,4,4,4,4,4,4,4,4
210044,2,1,1989,0,0,0,0,0,0,0,0,0,0
210045,1,1,1989,0,0,0,0,0,0,0,0,0,0
210046,1,1,1989,0,0,0,0,0,0,0,0,0,0
210047,1,1,1989,0,0,0,0,0,0,0,0,0,0
210048,1,1,1989,0,0,0,0,0,0,0,0,0,0
210049,1,1,1989,0,0,0,0,0,0,0,0,0,0
210049,2,1,1989,0,0,0,0,0,0,0,0,0,0
210050,1,1,1989,0,0,0,0,0,0,0,0,0,0
210051,1,1,1989,0,0,0,0,0,0,0,0,0,0
210052,1,1,1989,21,21,21,21,21,21,21,21,21,21
210053,1,1,1989,0,0,0,0,0,0,0,0,0,0
210054,1,1,1989,0,0,0,0,0,0,0,0,0,0
210055,1,1,1989,0,0,0,0,0,0,0,0,0,0
210055,2,1,1989,0,0,0,0,0,0,0,0,0,0
210056,1,1,1989,0,0,0,0,0,0,0,0,0,0
210057,1,1,1989,0,0,0,0,0,0,0,0,0,0
210057,2,1,1989,0,0,0,0,0,0,0,0,0,0
210058,1,1,1989,0,0,0,0,0,0,0,0,0,0
210058,2,1,1989,0,10,0,0,0,0,0,0,0,0
210058,3,1,1989,0,0,0,0,0,0,0,0,0,0
210059,1,1,1989,0,0,0,0,0,0,0,0,0,0
210060,0,1,1989,0,0,0,0,0,0,0,0,0,0
210060,1,1,1989,0,0,0,0,0,0,0,0,0,0
210061,1,1,1989,26,26,26,26,26,26,26,26,26,26
210062,0,1,1989,0,0,0,0,0,0,0,0,0,0
210062,0,2,1989,0,0,0,0,15,0,0,0,0,0
210062,1,1,1989,14,14,14,14,14,14,14,14,14,14
210063,1,1,1989,0,0,0,0,0,0,0,0,0,0
210064,1,1,1989,0,0,0,0,24,12,0,0,0,0
210065,0,1,1989,0,0,0,0,10,0,0,0,0,0
210065,1,1,1989,0,0,0,0,0,0,0,0,0,0
210066,1,1,1989,0,0,0,0,0,0,0,0,0,0
210067,1,1,1989,0,0,0,0,0,0,0,0,0,0
210068,0,1,1989,0,9,0,8,15,29,17,7,0,0
210068,1,1,1989,0,0,0,9,0,0,0,0,0,0
210069,1,1,1989,0,0,0,0,0,0,0,0,0,0
210069,2,1,1989,0,0,0,0,0,0,0,0,0,0
210070,1,1,1989,0,0,0,0,0,0,0,0,0,0
210071,1,1,1989,22,22,22,22,22,22,22,22,22,22
210071,2,1,1989,0,0,0,8,0,0,0,0,0,16
210072,1,1,1989,0,0,0,0,0,0,0,0,0,0
210072,2,1,1989,0,0,0,0,0,0,0,0,0,0
210073,1,1,1989,22,22,22,22,22,22,22,22,22,22
210074,1,1,1989,0,0,0,0,0,0,0,0,0,0
210075,1,1,1989,0,0,0,0,0,0,0,0,0,0
210075,2,1,1989,0,0,0,0,0,0,0,0,0,0
210076,1,1,1989,25,25,25,25,25,25,25,25,25,25
210077,1,1,1989,16,16,16,16,16,16,16,16,16,16
210077,2,1,1989,0,0,0,0,0,0,0,0,0,0
210078,1,1,1989,0,10,0,0,0,0,0,0,0,0
210079,1,1,1989,0,0,0,6,22,14,0,0,14,22
210079,2,1,1989,0,21,0,12,15,0,0,0,23,0
210080,1,1,1989,25,25,25,25,25,25,25,25,25,25
210081,1,1,1989,0,0,0,0,0,0,0,0,0,0
210082,0,1,1989,0,0,12,16,29,34,11,0,0,0
210082,1,1,1989,0,0,0,28,0,0,0,0,0,0
210083,1,1,1989,18,18,18,18,18,18,18,18,18,18
210084,1,1,1989,20,20,20,20,20,20,20,20,20,20
210085,0,1,1989,0,0,0,0,0,0,0,0,0,0
210085,1,1,1989,0,0,0,0,0,0,0,0,0,0
210086,1,1,1989,30,30,30,30,30,30,30,30,30,30
210087,1,1,1989,0,0,0,0,0,0,0,0,0,0
210088,1,1,1989,0,0,0,0,0,0,0,0,0,0
210088,2,1,1989,0,0,0,0,0,0,0,0,0,23
210089,1,1,1989,9,9,9,9,9,9,9,9,9,9
210090,1,1,1989,0,0,0,0,0,0,0,0,0,0
210090,2,1,1989,0,0,0,0,0,0,0,0,0,0
210091,1,1,1989,0,0,0,0,0,0,0,0,0,0
210091,2,1,1989,0,0,0,0,0,0,0,0,0,0
210092,1,1,1989,0,0,13,12,0,0,0,0,0,15
210093,1,1,1989,0,0,0,0,0,0,0,0,0,0
210093,2,1,1989,0,0,0,0,0,0,0,0,0,0
210093,3,1,1989,0,0,0,0,0,0,0,0,0,0
210094,1,1,1989,14,14,14,14,14,14,14,14,14,14
210095,1,1,1989,9,9,9,9,9,9,9,9,9,9
210095,2,1,1989,0,0,0,0,0,0,0,0,0,0
210095,3,1,1989,14,0,0,0,0,14,0,0,0,0
210096,1,1,1989,29,29,29,29,29,29,29,29,29,29
210097,1,1,1989,14,14,14,14,14,14,14,14,14,14
210098,1,1,1989,5,5,5,5,5,5,5,5,5,5
210099,0,1,1989,3,11,11,22,6,0,29,9,9,17
210099,1,1,1989,0,0,0,0,0,0,0,0,0,0
210100,1,1,1989,8,8,8,8,8,8,8,8,8,8
210101,1,1,1989,0,0,0,0,0,0,0,0,0,0
210101,2,1,1989,0,0,0,0,0,0,0,0,0,0
210102,1,1,1989,0,11,0,0,13,17,29,0,20,0
210103,1,1,1989,0,0,0,0,0,0,0,0,0,0
210103,2,1,1989,0,0,0,0,0,0,0,0,0,0
210104,1,1,1989,13,13,13,13,13,13,13,13,13,13
210105,1,1,1989,0,0,0,0,0,0,11,0,0,0
210105,2,1,1989,11,9,13,15,7,11,19,10,5,12
210105,3,1,1989,0,0,16,0,0,0,0,20,6,0
210105,4,1,1989,13,0,0,0,0,0,0,0,0,0
210106,1,1,1989,17,17,17,17,17,17,17,17,17,17
210106,2,1,1989,0,0,0,0,0,0,0,0,0,0
210107,1,1,1989,0,0,0,0,0,0,0,0,0,0
210107,2,1,1989,0,0,0,0,0,0,0,0,8,0
210107,3,1,1989,0,0,0,0,0,0,0,0,0,0
210108,1,1,1989,0,0,0,0,0,0,0,0,0,0
210108,2,1,1989,0,0,0,0,0,0,0,0,0,0
210109,1,1,1989,15,15,15,15,15,15,15,15,15,15
210110,1,1,1989,2,2,2,2,2,2,2,2,2,2
210111,1,1,1989,0,0,0,0,0,0,0,0,0,0
210111,2,1,1989,0,0,0,0,0,0,0,0,0,0
210112,1,1,1989,22,22,22,22,22,22,22,22,22,22
210113,1,1,1989,0,0,0,0,0,0,0,0,0,0
210113,2,1,1989,0,0,0,0,0,0,0,0,0,0
210114,1,1,1989,21,21,21,21,21,21,21,21,21,21
210115,1,1,1989,0,0,0,0,0,0,0,0,0,0
210116,1,1,1989,3,3,3,3,3,3,3,3,3,3
210117,1,1,1989,0,0,0,0,0,0,0,0,0,0
210118,1,1,1989,0,0,0,0,0,0,0,0,0,0
210119,1,1,1989,0,13,8,0,0,0,0,0,0,0
210120,1,1,1989,16,16,16,16,16,16,16,16,16,16
210121,1,1,1989,0,0,0,0,0,0,0,0,0,0
210121,2,1,1989,0,0,0,0,0,0,0,0,0,0
210122,0,1,1989,0,0,0,11,0,0,0,0,0,0
210122,1,1,1989,0,0,0,0,0,0,0,0,0,0
210123,0,1,1989,0,0,0,7,13,11,0,37,8,23
210123,1,1,1989,0,0,0,0,0,13,0,0,0,0
210124,1,1,1989,29,29,29,29,29,29,29,29,29,29
210124,2,1,1989,0,0,0,0,0,0,0,0,0,0
210125,1,1,1989,0,0,17,0,0,0,0,0,0,0
210125,2,1,1989,0,0,0,0,0,0,0,0,0,0
210126,1,1,1989,0,0,0,0,0,0,0,0,0,0
210126,2,1,1989,0,0,0,0,0,0,0,0,0,0
210127,1,1,1989,0,0,0,0,0,0,0,0,0,0
210127,2,1,1989,0,0,0,0,0,0,0,0,0,0
210127,3,1,1989,0,0,0,0,0,0,0,0,0,0
210128,1,1,1989,0,0,0,0,0,0,0,0,0,0
210128,2,1,1989,2,2,2,2,2,2,2,2,2,2
210129,1,1,1989,0,0,0,0,0,0,0,0,0,0
210130,0,1,1989,0,0,0,0,0,0,0,0,0,0
210130,1,1,1989,0,0,0,0,0,0,0,0,0,0
210131,1,1,1989,0,0,0,0,0,0,0,0,0,0
210132,1,1,1989,0,32,20,16,26,0,20,0,0,32