ST_CASE,VEH_NO,PER_NO,YEAR,P1,P2,P3,P4,P5,P6,P7,P8,P9,P10
210133,1,1,1989,19,19,19,19,19,19,19,19,19,19
210134,1,1,1989,0,0,0,0,0,0,0,0,0,0
210135,1,1,1989,0,0,0,0,0,0,0,0,0,0
210135,2,1,1989,0,0,0,0,0,0,20,0,0,0
210136,0,1,1989,0,0,0,0,0,0,0,0,0,0
210136,1,1,1989,0,0,0,0,0,0,0,0,0,0
210137,1,1,1989,16,16,16,16,16,16,16,16,16,16
210138,1,1,1989,24,24,24,24,24,24,24,24,24,24
210139,1,1,1989,0,0,0,0,0,0,0,0,0,0
210140,0,1,1989,22,22,22,22,22,22,22,22,22,22
210140,1,1,1989,0,0,0,0,0,0,0,0,0,0
210141,1,1,1989,14,14,14,14,14,14,14,14,14,14
210142,1,1,1989,17,17,17,17,17,17,17,17,17,17
210143,1,1,1989,0,0,0,0,0,0,0,0,0,0
210143,2,1,1989,0,0,0,0,0,0,0,0,0,0
210143,3,1,1989,0,0,0,0,0,0,0,0,0,0
210144,1,1,1989,0,0,0,0,0,0,0,0,0,0
210144,2,1,1989,0,0,0,0,0,0,0,0,0,0
210145,1,1,1989,0,0,0,0,0,0,0,0,0,0
210145,2,1,1989,0,0,0,0,0,0,0,0,0,0
210146,1,1,1989,0,0,0,0,0,0,0,0,0,0
210146,2,1,1989,0,0,0,0,0,0,0,0,0,0
210147,1,1,1989,34,34,34,34,34,34,34,34,34,34
210148,1,1,1989,5,5,5,5,5,5,5,5,5,5
210149,1,1,1989,0,0,0,0,0,0,0,0,0,0
210150,1,1,1989,0,0,0,0,0,0,0,0,0,0
210150,2,1,1989,0,0,0,0,0,0,0,0,0,0
210152,0,1,1989,11,14,0,0,0,0,36,0,27,0
210152,1,1,1989,24,24,24,24,24,24,24,24,24,24
210153,1,1,1989,0,0,0,4,0,0,0,0,0,0
210153,2,1,1989,0,0,0,0,0,0,0,36,0,0
210154,0,1,1989,20,20,20,20,20,20,20,20,20,20
210154,1,1,1989,0,0,0,0,0,0,0,0,0,0
210155,1,1,1989,13,14,21,19,19,15,31,19,32,21
210156,1,1,1989,10,10,10,10,10,10,10,10,10,10
210157,1,1,1989,0,0,0,0,0,0,0,0,0,0
210157,2,1,1989,0,0,0,0,0,0,0,0,11,0
210158,1,1,1989,8,8,8,8,8,8,8,8,8,8
210159,1,1,1989,0,0,0,0,0,0,0,0,0,0
210159,2,1,1989,0,0,0,0,0,0,0,0,0,0
210160,1,1,1989,12,12,12,12,12,12,12,12,12,12
210160,2,1,1989,0,0,0,0,0,0,0,0,0,0
210161,1,1,1989,0,0,0,0,0,0,0,0,0,0
210162,1,1,1989,22,22,22,22,22,22,22,22,22,22
210163,1,1,1989,0,0,0,0,0,0,0,0,0,0
210163,2,1,1989,0,0,0,0,0,0,0,0,0,0
210164,0,1,1989,0,0,12,0,0,0,17,10,0,0
210164,1,1,1989,0,0,0,0,0,0,9,0,0,0
210165,1,1,1989,25,25,25,25,25,25,25,25,25,25
210165,2,1,1989,0,0,0,0,0,0,0,0,0,0
210166,1,1,1989,0,0,0,0,0,0,0,0,0,0
210166,2,1,1989,0,0,0,0,0,0,0,0,0,0
210167,1,1,1989,27,4,9,16,4,16,5,9,20,23
210168,0,1,1989,0,0,0,0,0,0,0,0,0,0
210168,1,1,1989,0,0,0,0,0,0,0,0,0,0
210169,1,1,1989,0,0,0,0,0,0,0,0,0,0
210169,2,1,1989,0,0,0,0,0,0,0,0,0,0
210170,0,1,1989,18,18,18,18,18,18,18,18,18,18
210170,1,1,1989,0,0,0,0,0,0,0,0,0,0
210171,1,1,1989,0,0,0,0,0,0,0,0,0,0
210171,2,1,1989,0,0,0,0,0,0,0,0,0,0
210172,1,1,1989,0,0,0,0,0,0,0,0,0,0
210172,2,1,1989,0,0,0,0,0,0,0,0,0,0
210173,1,1,1989,0,0,0,0,0,0,0,0,0,0
210173,2,1,1989,0,0,0,0,0,0,0,0,0,0
210174,1,1,1989,0,0,0,0,0,0,0,0,0,0
210175,1,1,1989,0,0,0,0,0,0,0,0,0,0
210175,2,1,1989,0,0,0,0,0,0,0,0,0,0
210175,3,1,1989,0,0,0,0,0,0,0,0,0,0
210176,1,1,1989,0,0,0,0,0,0,0,0,0,0
210176,2,1,1989,0,0,0,0,0,0,0,0,0,0
210177,1,1,1989,0,0,0,0,0,0,0,0,0,0
210177,2,1,1989,0,0,13,0,17,0,0,0,0,0
210178,0,1,1989,0,0,0,0,0,0,0,0,0,0
210178,1,1,1989,0,0,0,0,0,0,0,0,0,0
210179,1,1,1989,0,0,0,0,0,0,0,0,0,0
210179,2,1,1989,0,0,15,0,0,0,0,0,0,0
210180,1,1,1989,0,0,0,0,0,0,15,0,0,0
210181,1,1,1989,12,12,12,12,12,12,12,12,12,12
210182,1,1,1989,0,0,0,0,0,0,0,0,0,0
210183,1,1,1989,0,0,0,0,0,0,0,0,0,0
210184,1,1,1989,0,0,0,0,0,0,0,0,0,0
210184,2,1,1989,0,0,0,0,0,0,0,0,0,0
210185,1,1,1989,8,8,8,8,8,8,8,8,8,8
210196,1,1,1989,14,14,14,14,14,14,14,14,14,14
210196,2,1,1989,22,0,16,20,2,35,0,6,0,15
210197,1,1,1989,0,0,0,0,0,0,0,0,0,0
210197,2,1,1989,0,0,0,0,0,0,0,0,0,0
210198,1,1,1989,24,24,24,24,24,24,24,24,24,24
210198,2,1,1989,0,0,0,12,0,0,22,0,0,0
210199,1,1,1989,23,23,23,23,23,23,23,23,23,23
210200,1,1,1989,12,12,12,12,12,12,12,12,12,12
210200,2,1,1989,0,0,0,0,0,0,0,0,0,0
210201,1,1,1989,0,0,0,0,0,0,0,0,0,0
210202,1,1,1989,16,16,16,16,16,16,16,16,16,16
210203,1,1,1989,26,26,26,26,26,26,26,26,26,26
210204,1,1,1989,0,24,28,0,31,0,0,0,18,0
210205,1,1,1989,0,0,0,0,0,0,0,0,0,0
210205,2,1,1989,0,0,0,0,0,0,0,0,0,0
210206,1,1,1989,17,17,17,17,17,17,17,17,17,17
210207,1,1,1989,0,0,0,0,0,0,0,0,0,0
210207,2,1,1989,0,0,0,0,0,0,0,0,0,0
210210,1,1,1989,26,26,26,26,26,26,26,26,26,26
210211,1,1,1989,0,0,0,0,0,0,0,0,0,0
210211,2,1,1989,10,0,0,0,0,0,0,0,0,0
210212,1,1,1989,17,17,17,17,17,17,17,17,17,17
210213,1,1,1989,0,0,0,0,0,0,0,0,0,0
210214,1,1,1989,0,0,0,0,0,0,0,0,0,0
210215,1,1,1989,0,0,0,0,0,0,0,0,0,0
210215,2,1,1989,0,0,0,0,0,0,0,0,0,0
210216,1,1,1989,28,28,28,28,28,28,28,28,28,28
210217,0,1,1989,25,25,25,25,25,25,25,25,25,25
210217,1,1,1989,0,0,0,0,0,0,0,0,0,0
210218,1,1,1989,8,8,8,8,8,8,8,8,8,8
210219,1,1,1989,17,17,17,17,17,17,17,17,17,17
210220,1,1,1989,7,7,7,7,7,7,7,7,7,7
210221,0,1,1989,0,5,7,0,0,0,0,27,20,0
210221,0,2,1989,15,13,12,0,0,16,19,0,25,12
210221,1,1,1989,0,0,0,0,0,0,0,0,0,0
210222,1,1,1989,0,0,0,0,0,0,0,0,0,0
210222,2,1,1989,0,0,0,0,0,0,0,0,0,0
210223,1,1,1989,16,16,16,16,16,16,16,16,16,16
210223,2,1,1989,0,7,0,0,0,0,0,0,0,0
210224,1,1,1989,0,0,0,0,0,0,0,0,0,0
210225,1,1,1989,0,0,0,0,0,0,0,0,0,0
210226,1,1,1989,0,0,0,0,0,0,0,0,0,0
210226,2,1,1989,0,0,0,0,0,0,0,0,0,0
210227,1,1,1989,0,0,0,0,0,0,0,0,0,0
210227,2,1,1989,0,0,0,0,0,0,0,0,0,0
210227,3,1,1989,0,0,0,0,0,0,0,0,0,0
210227,4,1,1989,0,0,0,0,0,0,0,0,0,0
210228,1,1,1989,32,32,32,32,32,32,32,32,32,32
210228,2,1,1989,0,0,0,0,0,0,0,0,0,0
210228,3,1,1989,0,0,0,0,0,0,0,0,0,0
210229,1,1,1989,19,14,0,0,16,0,21,0,13,0
210230,1,1,1989,0,0,0,0,0,0,0,0,0,0
210230,2,1,1989,0,0,0,0,0,0,0,0,0,0
210231,1,1,1989,22,22,22,22,22,22,22,22,22,22
210231,2,1,1989,0,0,0,0,0,0,0,0,0,0
210231,3,1,1989,0,30,0,0,0,0,5,0,0,0
210231,4,1,1989,0,0,26,0,0,0,0,19,0,0
210232,1,1,1989,15,24,23,23,38,12,39,9,21,26
210233,1,1,1989,0,0,0,0,0,0,0,0,0,0
210233,2,1,1989,0,0,0,0,0,0,0,0,0,0
210234,1,1,1989,0,0,0,0,0,0,0,0,0,0
210234,2,1,1989,0,0,0,0,0,0,0,0,0,0
210235,1,1,1989,9,9,9,9,9,9,9,9,9,9
210236,1,1,1989,0,0,0,0,0,0,0,0,0,0
210236,2,1,1989,0,0,0,0,0,0,0,0,0,0
210236,3,1,1989,0,0,0,0,0,0,0,0,0,29
210237,1,1,1989,20,19,13,31,28,20,23,31,31,27
210239,1,1,1989,10,10,10,10,10,10,10,10,10,10
210240,1,1,1989,26,26,26,26,26,26,26,26,26,26
210241,1,1,1989,13,13,13,13,13,13,13,13,13,13
210242,1,1,1989,10,20,19,14,24,3,19,8,23,17
210243,1,1,1989,6,6,6,6,6,6,6,6,6,6
210243,2,1,1989,2,2,2,2,2,2,2,2,2,2
210244,1,1,1989,28,28,28,28,28,28,28,28,28,28
210245,0,1,1989,21,21,21,21,21,21,21,21,21,21
210245,1,1,1989,0,0,0,0,0,0,0,0,0,0
210246,1,1,1989,0,12,0,13,0,0,0,0,0,0
210246,2,1,1989,0,2,5,0,0,0,0,0,12,0
210247,1,1,1989,0,0,0,0,0,0,0,0,0,0
210247,2,1,1989,0,0,0,0,0,0,0,0,0,0
210248,1,1,1989,0,0,0,0,0,0,0,0,0,0
210249,1,1,1989,0,0,0,0,0,0,0,0,0,0
210249,2,1,1989,0,0,0,0,0,0,0,0,0,0
210250,1,1,1989,0,0,0,0,0,3,0,0,0,0
210250,2,1,1989,0,0,17,0,9,0,0,0,0,0
210251,1,1,1989,0,0,0,0,0,0,0,0,0,0
210251,2,1,1989,0,0,0,0,0,0,0,0,0,0
210251,3,1,1989,0,0,0,0,0,26,0,0,0,0
210252,1,1,1989,11,11,11,11,11,11,11,11,11,11
210253,1,1,1989,0,0,0,0,0,0,0,0,0,0
210254,1,1,1989,0,0,0,0,0,0,0,0,0,0
210254,2,1,1989,0,0,0,0,0,0,0,0,0,0
210255,1,1,1989,0,0,0,3,0,0,0,0,0,0
210256,1,1,1989,21,21,21,21,21,21,21,21,21,21
210257,1,1,1989,0,0,0,0,0,0,0,0,0,0
210257,2,1,1989,0,0,0,0,0,0,0,0,0,8
210258,1,1,1989,0,0,0,0,0,0,0,0,0,0
210258,2,1,1989,0,0,0,0,0,0,0,0,0,0
210259,1,1,1989,25,25,25,25,25,25,25,25,25,25
210259,2,1,1989,0,0,0,0,0,0,0,0,0,0
210260,1,1,1989,0,0,0,0,0,0,0,0,0,0
210260,2,1,1989,0,0,0,0,0,0,0,0,0,0
210261,1,1,1989,0,0,0,0,0,0,0,0,0,0
210261,2,1,1989,0,0,0,0,0,0,0,0,0,0
210262,1,1,1989,6,6,6,6,6,6,6,6,6,6
210262,2,1,1989,0,0,0,0,0,0,0,0,0,0
210263,0,1,1989,0,0,0,0,0,0,0,0,0,0
210263,1,1,1989,0,0,0,0,0,0,0,0,0,0
210264,0,1,1989,0,0,0,0,0,0,0,0,0,0
210264,1,1,1989,0,0,0,0,0,0,0,0,0,0
210265,0,1,1989,0,0,0,0,0,0,0,0,0,0
210265,1,1,1989,0,8,0,0,0,0,0,0,0,0
210266,2,1,1989,0,0,0,0,0,0,0,0,0,0
210267,0,1,1989,0,0,0,0,0,0,0,0,0,0
210267,1,1,1989,8,8,8,8,8,8,8,8,8,8
210268,1,1,1989,0,0,0,0,0,0,0,0,0,0
210268,2,1,1989,0,0,0,0,0,0,0,0,0,0
210269,0,1,1989,0,0,0,0,0,0,0,0,0,0
210269,1,1,1989,0,0,0,0,0,0,0,0,0,0
210270,1,1,1989,0,0,0,0,0,0,0,0,0,0
210271,1,1,1989,35,35,35,35,35,35,35,35,35,35
210272,1,1,1989,0,0,0,0,0,0,0,0,0,0
210272,2,1,1989,0,0,0,0,0,0,0,0,0,0
210273,0,1,1989,11,11,11,11,11,11,11,11,11,11
210273,1,1,1989,0,0,26,0,3,3,0,0,8,12
210274,1,1,1989,0,0,0,0,0,0,0,0,0,0
210274,2,1,1989,0,0,0,0,0,0,0,0,0,0
210275,1,1,1989,18,0,0,0,0,0,0,0,0,0
210276,0,1,1989,0,5,0,0,0,0,0,0,0,0
210276,1,1,1989,0,0,0,0,0,0,0,0,0,0
210277,1,1,1989,9,19,9,27,14,19,3,14,15,5
210277,2,1,1989,0,0,0,0,0,0,0,0,0,0
210278,0,1,1989,0,0,0,0,0,0,0,0,0,0
210278,0,2,1989,0,8,0,7,16,0,0,14,14,0
210278,1,1,1989,0,0,0,0,0,0,0,0,0,0
210279,1,1,1989,16,16,16,16,16,16,16,16,16,16
210280,1,1,1989,0,0,0,0,0,0,0,0,0,0
210281,1,1,1989,0,0,0,0,0,0,0,0,0,0
210282,1,1,1989,21,21,21,21,21,21,21,21,21,21
210284,1,1,1989,23,23,23,23,23,23,23,23,23,23
210284,2,1,1989,0,0,0,0,0,0,0,0,0,0
210285,1,1,1989,17,17,17,17,17,17,17,17,17,17
210285,2,1,1989,0,0,0,22,0,0,0,0,0,0
210286,1,1,1989,0,0,0,0,0,0,0,8,0,0
210286,2,1,1989,0,0,0,0,0,0,0,0,0,0
210287,1,1,1989,0,0,0,0,0,0,0,0,0,0
210288,1,1,1989,0,0,0,0,0,0,0,31,0,0
210290,1,1,1989,0,0,0,0,0,0,0,0,0,0
210290,2,1,1989,0,0,0,0,0,0,0,0,0,0
210291,1,1,1989,0,0,21,0,0,0,0,0,0,15
210292,1,1,1989,0,0,0,0,0,0,0,0,0,0
210293,1,1,1989,0,0,0,0,0,0,0,0,0,0
210294,1,1,1989,6,6,6,6,6,6,6,6,6,6
210295,1,1,1989,0,0,0,0,0,0,0,0,0,0
210295,2,1,1989,0,0,0,0,0,0,0,0,0,0
210297,1,1,1989,0,0,9,0,0,0,0,0,0,0
210297,2,1,1989,0,0,0,0,0,0,0,0,0,0
210298,1,1,1989,17,17,17,17,17,17,17,17,17,17
210298,2,1,1989,0,0,0,0,0,0,0,0,0,0
210299,1,1,1989,12,12,12,12,12,12,12,12,12,12
210300,1,1,1989,1,1,1,1,1,1,1,1,1,1
210300,2,1,1989,0,0,0,0,0,0,0,0,0,0
210301,1,1,1989,0,0,0,0,0,0,0,0,0,0
210301,2,1,1989,0,0,0,0,0,0,0,0,0,0
210301,3,1,1989,0,0,0,0,0,0,0,0,0,0
210302,1,1,1989,0,0,0,0,0,0,0,0,0,0
210302,2,1,1989,0,0,13,0,0,0,0,0,0,0
210303,1,1,1989,0,0,0,0,0,0,0,0,0,0
210303,2,1,1989,0,0,0,0,0,0,0,0,0,0
210304,1,1,1989,30,30,30,30,30,30,30,30,30,30
210305,1,1,1989,28,28,28,28,28,28,28,28,28,28
210306,0,1,1989,0,0,0,0,0,0,0,0,0,0
210306,1,1,1989,0,0,0,0,0,0,0,0,0,0
210307,1,1,1989,15,15,15,15,15,15,15,15,15,15
210308,1,1,1989,0,0,0,0,0,0,0,0,0,0
210308,2,1,1989,0,0,0,0,0,0,0,0,0,0
210309,1,1,1989,0,0,0,0,0,0,0,0,0,0
210309,2,1,1989,0,0,0,0,0,0,0,0,0,0
210309,3,1,1989,0,0,7,0,0,0,0,0,0,0
210310,1,1,1989,0,0,0,0,0,0,0,0,0,0
210311,1,1,1989,0,0,0,0,0,0,0,0,0,0
210311,2,1,1989,0,0,0,0,0,0,0,0,0,0
210312,0,1,1989,0,0,0,0,0,0,0,0,0,0
210312,1,1,1989,0,0,0,0,0,0,13,0,0,0
210313,1,1,1989,19,10,17,15,0,20,29,13,19,4
210313,2,1,1989,0,0,0,0,0,0,0,0,0,0
210314,1,1,1989,1,1,1,1,1,1,1,1,1,1
210315,1,1,1989,0,0,0,0,0,0,0,0,0,0
210315,2,1,1989,0,0,0,0,0,0,0,0,17,0
210316,1,1,1989,0,5,0,0,11,0,0,0,0,0
210317,1,1,1989,0,0,0,0,0,0,0,0,0,0
210317,2,1,1989,0,0,0,0,0,0,0,0,0,0
210319,1,1,1989,0,0,0,0,0,0,0,0,0,0
210320,1,1,1989,0,0,0,0,0,0,0,0,0,0
210320,2,1,1989,0,0,0,0,0,0,0,0,0,0
210321,1,1,1989,12,12,12,12,12,12,12,12,12,12
210322,1,1,1989,0,0,0,0,0,0,0,0,0,0
210323,1,1,1989,22,8,9,22,18,15,27,16,31,26
210324,1,1,1989,13,13,13,13,13,13,13,13,13,13
210325,1,1,1989,0,0,0,0,0,0,0,0,0,0
210325,2,1,1989,0,0,0,0,0,0,0,0,0,0
210326,1,1,1989,6,0,16,0,0,0,0,0,0,0
210326,2,1,1989,0,0,0,0,18,0,19,7,0,21
210327,1,1,1989,0,0,0,0,0,0,0,0,0,0
210328,1,1,1989,0,0,0,0,0,0,0,0,0,0
210329,1,1,1989,12,12,12,12,12,12,12,12,12,12
210329,2,1,1989,0,0,0,0,0,0,0,6,0,0
210330,1,1,1989,0,0,0,0,0,0,0,0,0,0
210331,1,1,1989,6,9,10,0,21,7,15,0,0,0
210331,2,1,1989,0,0,0,0,0,0,0,0,0,0
210332,1,1,1989,5,5,5,5,5,5,5,5,5,5
210333,1,1,1989,0,0,0,0,0,0,0,0,0,0
210333,2,1,1989,0,0,0,0,0,0,0,0,0,0
210334,1,1,1989,0,0,0,0,0,0,0,0,0,0
210334,2,1,1989,0,0,0,0,0,0,0,0,0,0
210335,1,1,1989,11,13,14,13,2,0,14,20,17,12
210336,1,1,1989,20,20,20,20,20,20,20,20,20,20
210337,1,1,1989,15,15,15,15,15,15,15,15,15,15
210338,1,1,1989,0,0,13,0,0,0,0,0,0,0
210338,2,1,1989,0,0,0,0,0,0,0,0,0,0
210339,1,1,1989,0,0,0,0,0,0,0,0,0,0
210340,1,1,1989,20,20,20,20,20,20,20,20,20,20
210341,1,1,1989,0,0,0,0,0,0,0,0,0,0
210341,2,1,1989,0,0,0,0,0,0,0,0,0,0
210342,1,1,1989,16,16,16,16,16,16,16,16,16,16
210343,1,1,1989,0,0,0,0,0,0,0,0,0,0
210343,2,1,1989,0,0,0,0,0,0,0,0,0,0
210344,1,1,1989,30,17,21,16,29,23,10,33,22,9
210345,1,1,1989,28,28,28,28,28,28,28,28,28,28
210346,1,1,1989,12,12,12,12,12,12,12,12,12,12
210347,1,1,1989,0,0,0,0,0,0,0,0,0,0
210348,1,1,1989,2,2,2,2,2,2,2,2,2,2
210349,1,1,1989,23,23,23,23,23,23,23,23,23,23
210350,1,1,1989,19,19,19,19,19,19,19,19,19,19
210351,1,1,1989,32,32,32,32,32,32,32,32,32,32
210352,1,1,1989,0,0,0,0,0,0,0,0,0,0
210352,2,1,1989,0,0,0,0,0,0,0,0,0,0
210353,1,1,1989,20,20,20,20,20,20,20,20,20,20
210353,2,1,1989,0,0,0,0,0,0,0,0,0,0
210354,1,1,1989,0,0,0,0,0,0,0,0,0,0
210354,2,1,1989,0,0,0,0,0,0,0,0,0,0
210355,1,1,1989,0,0,0,0,0,0,0,0,0,0
210356,1,1,1989,0,0,0,0,0,0,0,0,0,0
210357,1,1,1989,0,0,0,0,0,0,0,0,0,0
210357,2,1,1989,0,0,0,0,0,0,0,0,0,0
210358,1,1,1989,0,0,0,0,12,0,0,0,0,0
210359,1,1,1989,18,18,18,18,18,18,18,18,18,18
210360,1,1,1989,0,0,0,0,0,0,0,0,0,0
210361,1,1,1989,19,19,19,19,19,19,19,19,19,19
210362,1,1,1989,0,0,0,0,0,0,0,0,0,0
210362,2,1,1989,18,0,0,0,0,0,0,0,0,0
210363,0,1,1989,5,0,0,7,0,0,9,0,0,0
210363,1,1,1989,12,12,12,12,12,12,12,12,12,12
210364,1,1,1989,0,0,0,0,0,0,0,0,0,0
210365,1,1,1989,0,0,0,0,0,0,0,0,0,0
210366,1,1,1989,0,0,0,0,0,0,0,0,0,0
210367,1,1,1989,16,16,16,16,16,16,16,16,16,16
210368,1,1,1989,17,17,17,17,17,17,17,17,17,17
210369,0,1,1989,0,0,0,0,0,0,0,0,0,0
210369,0,2,1989,0,0,0,0,0,0,0,0,0,0
210369,0,3,1989,0,0,0,0,0,0,0,0,0,0
210369,1,1,1989,20,20,20,20,20,20,20,20,20,20
210370,1,1,1989,0,0,0,0,0,0,0,0,0,0
210371,1,1,1989,1,1,1,1,1,1,1,1,1,1
210372,1,1,1989,0,0,0,0,0,0,0,0,0,0
210372,2,1,1989,0,0,0,0,0,0,0,0,0,0
210373,1,1,1989,11,11,11,11,11,11,11,11,11,11
210374,1,1,1989,19,19,19,19,19,19,19,19,19,19
210375,1,1,1989,0,0,0,0,0,0,0,0,0,0
210376,1,1,1989,29,29,29,29,29,29,29,29,29,29
210377,1,1,1989,0,0,0,0,0,0,0,0,0,0
210377,2,1,1989,0,0,0,0,0,0,0,0,0,0
210378,1,1,1989,13,25,23,30,8,22,15,29,6,14
210379,1,1,1989,11,11,11,11,11,11,11,11,11,11
210379,2,1,1989,20,20,20,20,20,20,20,20,20,20
210380,1,1,1989,0,0,0,0,0,0,0,0,0,0
210380,2,1,1989,0,0,0,0,0,0,0,0,0,0
210381,1,1,1989,17,17,17,17,17,17,17,17,17,17
210382,0,1,1989,26,26,26,26,26,26,26,26,26,26
210382,1,1,1989,7,0,33,0,4,0,0,0,11,6
210383,1,1,1989,20,20,20,20,20,20,20,20,20,20
210384,1,1,1989,24,24,24,24,24,24,24,24,24,24
210385,1,1,1989,0,0,0,0,0,0,0,0,0,0
210386,1,1,1989,0,0,0,0,0,0,0,0,0,0
210387,1,1,1989,0,0,0,0,0,0,0,0,0,0
210388,0,1,1989,0,0,0,0,0,0,0,0,0,0
210388,1,1,1989,14,14,14,14,14,14,14,14,14,14
210389,0,1,1989,0,0,0,0,0,0,0,0,0,0
210389,0,2,1989,23,0,0,0,0,28,0,0,17,0
210389,1,1,1989,0,0,0,0,0,0,0,0,0,0
210390,1,1,1989,26,26,26,26,26,26,26,26,26,26
210390,2,1,1989,0,0,0,0,0,0,0,0,0,0
210391,1,1,1989,0,0,0,0,0,0,0,0,0,0
210392,1,1,1989,0,0,0,0,0,0,0,0,0,0
210393,1,1,1989,29,29,29,29,29,29,29,29,29,29
210394,1,1,1989,0,0,0,4,0,0,0,10,0,0
210395,1,1,1989,0,24,0,0,0,0,33,0,4,0
210395,2,1,1989,0,0,0,0,0,12,0,0,0,0
210395,3,1,1989,0,11,0,13,13,0,21,0,0,0
210395,4,1,1989,0,0,0,0,0,0,0,0,16,0
210395,5,1,1989,0,0,15,0,0,5,0,0,0,0
210395,6,1,1989,0,0,0,0,0,0,0,0,0,0
210396,1,1,1989,0,0,0,0,0,0,0,0,0,0
210396,2,1,1989,0,0,0,0,0,0,0,0,0,0
210397,1,1,1989,18,18,18,18,18,18,18,18,18,18
210397,2,1,1989,0,0,0,0,0,0,0,0,0,0
210398,1,1,1989,0,0,0,0,0,0,0,0,0,0
210399,1,1,1989,0,0,0,0,0,0,0,0,0,0
210399,2,1,1989,0,0,0,0,0,0,0,0,0,0
210400,1,1,1989,0,0,0,0,0,0,0,0,0,0
210401,1,1,1989,0,0,0,0,0,0,0,0,0,0
210401,2,1,1989,21,0,0,0,0,0,0,0,0,0
210401,3,1,1989,0,0,0,0,0,0,0,0,0,0
210402,1,1,1989,0,0,0,0,0,0,0,0,0,0
210403,1,1,1989,0,0,0,0,0,0,0,0,0,0
210403,2,1,1989,0,0,0,0,0,0,0,0,0,0
210404,1,1,1989,0,0,0,0,0,0,0,0,0,0
210404,2,1,1989,12,20,20,0,13,0,0,0,0,0
210405,1,1,1989,0,0,0,0,0,0,0,0,0,0
210406,1,1,1989,8,0,26,19,12,26,12,16,13,14
210407,1,1,1989,16,16,16,16,16,16,16,16,16,16
210407,2,1,1989,0,0,0,0,0,0,0,0,0,0
210408,1,1,1989,0,0,0,0,0,0,0,0,0,0
210408,2,1,1989,0,0,0,0,0,0,0,0,0,0
210409,1,1,1989,12,12,12,12,12,12,12,12,12,12
210409,2,1,1989,0,0,0,0,0,0,0,0,0,0
210410,1,1,1989,25,25,25,25,25,25,25,25,25,25
210410,2,1,1989,0,0,0,0,0,0,0,0,0,0
210411,1,1,1989,17,14,17,18,16,20,26,23,16,24
210412,0,1,1989,30,30,30,30,30,30,30,30,30,30
210412,1,1,1989,0,18,0,0,13,12,0,0,0,0
210413,1,1,1989,0,0,0,0,0,0,0,0,0,0
210414,1,1,1989,0,0,0,0,0,0,0,0,0,0
210415,1,1,1989,8,8,8,8,8,8,8,8,8,8
210416,1,1,1989,0,0,0,0,0,0,0,0,0,0
210417,1,1,1989,14,41,15,15,16,18,23,12,23,16
210418,1,1,1989,39,39,39,39,39,39,39,39,39,39
210418,2,1,1989,0,0,0,0,0,0,0,0,0,0
210419,0,1,1989,0,0,0,0,0,0,0,0,0,0
210419,1,1,1989,0,0,0,0,0,0,0,0,0,0
210420,1,1,1989,0,0,0,0,0,0,0,0,0,0
210421,1,1,1989,2,2,2,2,2,2,2,2,2,2
210421,2,1,1989,0,0,0,0,0,0,0,0,0,0
210422,1,1,1989,0,0,0,0,0,0,0,0,0,0
210423,1,1,1989,0,0,0,0,0,0,0,0,0,0
210424,1,1,1989,27,27,27,27,27,27,27,27,27,27
210425,1,1,1989,20,20,20,20,20,20,20,20,20,20
210425,2,1,1989,0,0,0,0,0,0,0,0,0,0
210426,1,1,1989,0,8,0,0,0,0,0,0,0,0
210427,1,1,1989,17,17,17,17,17,17,17,17,17,17
210428,1,1,1989,0,0,0,0,0,0,0,0,0,0
210429,1,1,1989,19,19,19,19,19,19,19,19,19,19
210430,1,1,1989,0,0,0,0,0,0,0,0,0,0
210431,1,1,1989,0,0,0,0,0,0,0,0,0,0
210431,2,1,1989,1,1,1,1,1,1,1,1,1,1
210432,1,1,1989,0,0,0,0,0,0,0,0,0,0
210432,2,1,1989,0,0,0,0,0,0,0,0,0,0
210433,1,1,1989,20,20,20,20,20,20,20,20,20,20
210434,1,1,1989,0,0,0,0,0,14,0,0,0,0
210434,2,1,1989,0,0,0,0,0,0,0,0,0,0
210434,3,1,1989,0,0,0,0,0,0,0,0,0,0
210434,4,1,1989,0,0,0,0,6,0,0,0,0,0
210435,1,1,1989,16,16,16,16,16,16,16,16,16,16
210436,1,1,1989,0,0,0,0,0,0,0,0,0,0
210437,1,1,1989,13,13,13,13,13,13,13,13,13,13
210438,1,1,1989,28,28,28,28,28,28,28,28,28,28
210439,1,1,1989,6,19,15,15,3,10,33,19,16,12
210440,1,1,1989,0,0,0,0,0,0,0,0,6,0
210440,2,1,1989,0,0,0,0,0,0,0,0,0,0
210441,1,1,1989,17,17,17,17,17,17,17,17,17,17
210442,0,1,1989,12,27,26,9,0,17,0,14,12,17
210442,0,2,1989,0,0,0,0,0,0,0,0,0,0
210442,1,1,1989,11,11,11,11,11,11,11,11,11,11
210443,1,1,1989,1,1,1,1,1,1,1,1,1,1
210444,1,1,1989,0,0,0,0,0,0,0,0,0,0
210444,2,1,1989,0,0,0,0,0,0,0,0,0,0
210445,1,1,1989,0,0,0,0,0,0,0,0,0,0