ST_CASE,VEH_NO,PER_NO,YEAR,P1,P2,P3,P4,P5,P6,P7,P8,P9,P10
210445,2,1,1989,0,0,17,0,0,0,0,0,0,0
210446,1,1,1989,17,17,17,17,17,17,17,17,17,17
210446,2,1,1989,16,0,0,0,15,0,0,0,0,13
210447,1,1,1989,23,23,23,23,23,23,23,23,23,23
210447,2,1,1989,0,0,0,0,0,0,0,0,0,0
210448,1,1,1989,14,14,14,14,14,14,14,14,14,14
210448,2,1,1989,16,16,16,16,16,16,16,16,16,16
210449,0,1,1989,0,0,0,0,0,0,0,0,0,0
210449,1,1,1989,0,0,0,0,0,0,0,0,0,0
210450,1,1,1989,0,0,0,0,0,0,0,0,0,0
210451,1,1,1989,21,21,21,21,21,21,21,21,21,21
210451,2,1,1989,0,0,0,0,0,0,0,0,0,0
210452,1,1,1989,0,0,0,0,0,0,0,0,0,0
210452,2,1,1989,0,0,0,0,0,0,0,0,0,0
210452,3,1,1989,0,0,0,0,0,0,0,0,0,0
210452,4,1,1989,0,0,0,0,0,0,0,0,0,0
210452,5,1,1989,0,0,0,0,0,0,0,0,0,0
210452,6,1,1989,0,0,0,0,0,0,0,0,0,0
210453,1,1,1989,0,0,0,0,0,0,0,0,0,0
210453,2,1,1989,0,0,0,0,0,0,0,0,0,0
210454,1,1,1989,17,11,10,26,17,16,0,17,19,0
210455,1,1,1989,12,24,12,26,32,18,15,13,13,19
210456,1,1,1989,0,0,0,0,0,0,0,0,0,0
210457,1,1,1989,0,0,0,0,0,0,27,0,0,0
210458,1,1,1989,0,0,0,0,0,0,0,0,0,0
210458,2,1,1989,0,0,0,0,0,0,0,0,0,0
210459,1,1,1989,22,22,22,22,22,22,22,22,22,22
210460,1,1,1989,21,21,21,21,21,21,21,21,21,21
210461,1,1,1989,19,19,19,19,19,19,19,19,19,19
210462,1,1,1989,12,12,12,12,12,12,12,12,12,12
210462,2,1,1989,0,0,0,0,0,0,0,0,0,0
210463,0,1,1989,13,13,13,13,13,13,13,13,13,13
210463,1,1,1989,0,0,0,0,0,0,0,0,0,0
210464,0,1,1989,14,15,0,0,0,0,0,0,0,0
210464,1,1,1989,0,0,0,0,0,0,0,0,0,0
210465,1,1,1989,0,0,0,0,0,0,0,0,0,0
210465,2,1,1989,3,3,3,3,3,3,3,3,3,3
210466,1,1,1989,9,9,9,9,9,9,9,9,9,9
210467,1,1,1989,11,11,11,11,11,11,11,11,11,11
210468,1,1,1989,0,0,0,0,0,0,0,0,0,0
210468,2,1,1989,0,0,0,14,0,29,0,0,0,0
210469,1,1,1989,0,0,0,0,0,0,0,0,0,0
210469,2,1,1989,0,0,0,0,0,0,0,0,0,0
210470,1,1,1989,0,0,0,0,0,0,0,0,0,0
210471,1,1,1989,0,0,0,0,0,0,0,0,0,0
210471,2,1,1989,0,0,0,0,0,0,0,11,0,0
210472,1,1,1989,0,0,0,0,0,0,0,0,0,0
210473,1,1,1989,0,0,0,0,0,0,0,0,0,0
210474,1,1,1989,0,0,0,0,0,0,0,0,0,0
210474,2,1,1989,0,0,0,0,0,0,0,0,0,0
210474,3,1,1989,0,0,0,0,0,0,0,0,0,0
210475,1,1,1989,6,6,6,6,6,6,6,6,6,6
210476,1,1,1989,0,0,0,0,0,0,0,0,0,0
210476,2,1,1989,0,0,0,0,0,0,0,0,0,0
210477,0,1,1989,0,0,0,0,0,0,0,0,0,0
210477,1,1,1989,9,9,9,9,9,9,9,9,9,9
210478,1,1,1989,0,0,0,0,0,0,0,0,0,0
210478,2,1,1989,0,11,0,0,0,0,0,0,0,7
210479,1,1,1989,0,0,0,0,0,0,0,0,0,0
210479,2,1,1989,0,0,0,0,0,0,0,0,0,0
210480,1,1,1989,1,1,1,1,1,1,1,1,1,1
210481,1,1,1989,19,19,19,19,19,19,19,19,19,19
210482,0,1,1989,0,0,0,0,0,0,0,0,26,0
210482,1,1,1989,0,0,0,0,0,0,22,0,0,0
210483,1,1,1989,0,0,0,0,0,0,0,0,0,0
210483,2,1,1989,0,0,0,0,0,0,0,0,0,0
210484,1,1,1989,12,12,12,12,12,12,12,12,12,12
210484,2,1,1989,1,1,1,1,1,1,1,1,1,1
210485,1,1,1989,0,0,0,0,0,0,0,0,0,0
210485,2,1,1989,0,0,0,0,0,0,0,0,0,0
210486,1,1,1989,0,0,0,0,0,0,0,0,0,0
210486,2,1,1989,0,0,0,0,0,0,0,0,0,0
210487,1,1,1989,0,0,0,0,0,0,0,0,0,0
210487,2,1,1989,0,0,0,0,0,0,0,0,0,0
210488,1,1,1989,11,11,11,11,11,11,11,11,11,11
210488,2,1,1989,12,12,12,12,12,12,12,12,12,12
210489,1,1,1989,0,0,0,0,0,0,0,0,0,0
210489,2,1,1989,0,0,0,0,0,0,0,0,0,0
210490,1,1,1989,0,0,0,0,0,0,0,0,24,0
210491,1,1,1989,23,23,23,23,23,23,23,23,23,23
210492,1,1,1989,0,0,0,0,0,0,0,0,0,0
210492,2,1,1989,0,0,0,0,0,0,0,0,0,0
210493,1,1,1989,0,0,0,0,0,20,0,0,0,0
210493,2,1,1989,0,0,0,0,0,0,0,0,0,0
210494,1,1,1989,0,0,0,0,0,0,0,0,0,0
210495,1,1,1989,0,0,0,0,0,0,0,0,0,0
210495,2,1,1989,0,0,0,0,0,0,0,0,0,0
210496,1,1,1989,43,43,43,43,43,43,43,43,43,43
210496,2,1,1989,0,0,0,0,0,0,0,0,0,0
210496,3,1,1989,0,0,0,0,0,0,0,0,0,0
210497,1,1,1989,8,8,8,8,8,8,8,8,8,8
210498,1,1,1989,0,0,0,0,0,0,0,0,13,0
210498,2,1,1989,0,0,0,18,0,0,7,0,0,0
210498,3,1,1989,0,0,0,17,0,0,0,0,0,0
210499,1,1,1989,25,25,25,25,25,25,25,25,25,25
210500,1,1,1989,0,0,8,0,0,0,0,0,0,0
210501,1,1,1989,0,0,0,0,0,0,0,0,0,0
210502,1,1,1989,14,14,14,14,14,14,14,14,14,14
210503,1,1,1989,13,13,13,13,13,13,13,13,13,13
210503,2,1,1989,1,1,1,1,1,1,1,1,1,1
210504,0,1,1989,26,26,26,26,26,26,26,26,26,26
210504,1,1,1989,0,0,0,0,0,0,0,0,0,0
210505,1,1,1989,0,0,0,0,0,0,0,0,0,0
210505,2,1,1989,0,0,0,0,0,0,0,0,0,0
210506,1,1,1989,0,0,0,0,0,0,0,0,0,0
210506,2,1,1989,0,0,0,0,0,0,0,0,0,0
210507,0,1,1989,0,0,0,0,0,0,0,0,0,0
210507,1,1,1989,0,0,0,0,0,0,0,0,0,0
210508,0,1,1989,0,0,0,0,0,0,0,0,0,0
210508,0,2,1989,0,0,0,0,0,0,0,0,0,0
210508,1,1,1989,0,0,0,0,0,0,0,0,0,0
210509,0,1,1989,0,0,0,0,0,17,0,0,0,0
210509,1,1,1989,0,0,0,0,0,0,0,0,0,0
210510,1,1,1989,0,0,0,0,0,0,0,0,0,0
210510,2,1,1989,0,0,0,0,0,0,0,0,0,0
210510,3,1,1989,0,0,0,0,0,0,0,0,0,0
210511,1,1,1989,0,0,0,0,0,0,0,0,0,0
210512,1,1,1989,1,1,1,1,1,1,1,1,1,1
210512,2,1,1989,0,0,0,0,0,0,0,0,0,0
210513,1,1,1989,0,0,0,0,0,0,0,0,0,0
210514,1,1,1989,24,6,7,21,21,18,21,12,5,19
210515,1,1,1989,0,0,0,0,0,0,0,0,0,0
210516,1,1,1989,0,0,0,0,0,0,0,0,0,0
210516,2,1,1989,0,0,0,0,0,0,0,0,0,0
210517,1,1,1989,0,0,0,0,14,0,0,0,0,0
210518,1,1,1989,0,0,0,0,0,0,0,0,0,0
210518,2,1,1989,0,0,0,0,0,0,0,0,0,0
210519,1,1,1989,8,8,8,8,8,8,8,8,8,8
210520,1,1,1989,0,0,0,0,0,0,0,0,0,0
210520,2,1,1989,0,0,0,0,26,0,0,0,0,25
210520,3,1,1989,0,0,0,0,0,0,0,0,0,0
210521,1,1,1989,22,22,22,22,22,22,22,22,22,22
210522,1,1,1989,15,15,15,15,15,15,15,15,15,15
210522,2,1,1989,0,0,0,15,0,0,0,0,0,0
210523,1,1,1989,0,0,0,0,0,0,0,0,0,0
210524,1,1,1989,0,14,0,0,0,0,0,0,0,22
210524,2,1,1989,0,0,0,0,0,0,0,0,0,0
210525,1,1,1989,0,0,0,0,0,0,0,0,0,0
210525,2,1,1989,9,9,9,9,9,9,9,9,9,9
210526,1,1,1989,0,0,0,0,0,0,0,0,0,0
210526,2,1,1989,0,0,0,0,0,0,0,0,0,0
210526,3,1,1989,0,0,0,0,0,0,0,0,0,0
210527,1,1,1989,25,25,25,25,25,25,25,25,25,25
210528,1,1,1989,0,0,0,0,0,0,0,0,0,0
210528,2,1,1989,0,0,0,0,0,0,0,0,0,0
210529,1,1,1989,8,8,8,8,8,8,8,8,8,8
210530,1,1,1989,0,0,0,0,0,0,0,0,0,0
210530,2,1,1989,0,0,0,0,0,0,0,0,0,0
210531,1,1,1989,0,0,0,0,0,0,0,0,0,0
210531,2,1,1989,0,0,0,0,0,0,0,0,0,0
210532,1,1,1989,0,0,0,0,0,0,0,0,0,0
210533,1,1,1989,8,8,8,8,8,8,8,8,8,8
210533,2,1,1989,16,16,16,16,16,16,16,16,16,16
210534,1,1,1989,0,0,0,0,0,0,0,0,0,0
210535,1,1,1989,7,7,7,7,7,7,7,7,7,7
210535,2,1,1989,0,0,0,0,0,0,9,0,0,0
210536,1,1,1989,0,0,0,0,0,0,0,0,0,0
210537,1,1,1989,0,5,0,5,17,8,0,0,16,0
210538,0,1,1989,0,0,0,0,0,0,0,0,0,0
210538,1,1,1989,0,0,0,0,0,0,0,0,0,0
210539,1,1,1989,0,0,0,0,0,0,0,0,0,0
210539,2,1,1989,0,0,0,0,0,0,0,0,0,0
210540,1,1,1989,0,15,16,0,14,19,15,23,8,24
210540,2,1,1989,0,0,0,0,0,0,0,0,0,0
210541,0,1,1989,25,35,0,20,14,0,15,14,24,0
210541,1,1,1989,11,0,0,0,0,0,0,36,2,0
210542,1,1,1989,7,7,7,7,7,7,7,7,7,7
210542,2,1,1989,0,0,0,0,0,0,0,0,0,0
210543,1,1,1989,15,15,15,15,15,15,15,15,15,15
210544,1,1,1989,0,0,0,0,0,0,0,0,0,0
210544,2,1,1989,0,0,0,0,0,0,0,0,0,0
210545,1,1,1989,23,23,23,23,23,23,23,23,23,23
210546,1,1,1989,0,0,0,0,0,0,0,0,0,0
210546,2,1,1989,0,0,0,0,0,0,0,0,0,0
210547,1,1,1989,0,0,0,10,0,0,0,0,0,0
210547,2,1,1989,0,0,0,0,0,0,0,0,0,0
210548,1,1,1989,13,0,0,0,0,0,0,0,0,0
210548,2,1,1989,0,0,0,0,0,0,0,0,0,0
210549,1,1,1989,0,0,0,0,0,0,0,0,0,0
210550,1,1,1989,0,0,0,0,0,0,0,0,0,0
210550,2,1,1989,0,0,0,0,0,0,0,0,0,0
210551,1,1,1989,22,22,22,22,22,22,22,22,22,22
210552,1,1,1989,0,0,0,0,0,0,0,0,0,0
210552,2,1,1989,0,0,11,0,0,0,0,0,0,0
210553,1,1,1989,19,19,19,19,19,19,19,19,19,19
210554,1,1,1989,2,2,2,2,2,2,2,2,2,2
210554,2,1,1989,0,0,0,0,0,0,0,0,0,0
210555,1,1,1989,17,17,17,17,17,17,17,17,17,17
210556,1,1,1989,7,0,0,0,0,0,0,0,0,0
210556,2,1,1989,0,0,0,0,0,0,0,0,0,0
210557,1,1,1989,24,24,24,24,24,24,24,24,24,24
210558,1,1,1989,0,0,0,0,0,0,0,0,0,0
210558,2,1,1989,0,0,11,0,12,17,27,0,0,0
210559,1,1,1989,0,0,0,0,0,0,0,0,0,0
210561,1,1,1989,0,0,0,0,0,0,0,0,0,0
210561,2,1,1989,0,0,0,0,0,0,0,0,0,0
210561,3,1,1989,0,0,0,0,0,0,0,12,0,0
210562,1,1,1989,14,14,14,14,14,14,14,14,14,14
210563,1,1,1989,18,18,18,18,18,18,18,18,18,18
210564,1,1,1989,0,0,0,0,0,0,0,0,0,0
210564,2,1,1989,0,0,0,0,0,0,0,0,0,0
210565,1,1,1989,27,27,27,27,27,27,27,27,27,27
210566,1,1,1989,0,0,0,0,0,0,0,0,0,0
210566,2,1,1989,1,1,1,1,1,1,1,1,1,1
210566,3,1,1989,0,0,0,0,0,0,0,9,0,0
210567,1,1,1989,0,0,0,18,0,0,5,0,0,0
210567,2,1,1989,0,0,0,0,0,0,0,0,0,0
210567,3,1,1989,0,0,0,0,0,0,0,0,0,0
210568,0,1,1989,0,0,0,0,0,0,0,0,0,0
210568,1,1,1989,0,0,0,0,0,0,0,0,0,0
210569,1,1,1989,22,22,22,22,22,22,22,22,22,22
210570,1,1,1989,23,23,23,23,23,23,23,23,23,23
210571,1,1,1989,9,9,9,9,9,9,9,9,9,9
210572,1,1,1989,11,11,11,11,11,11,11,11,11,11
210573,1,1,1989,0,0,0,0,0,0,0,0,0,0
210573,2,1,1989,0,0,0,0,0,0,0,0,0,0
210574,0,1,1989,24,24,24,24,24,24,24,24,24,24
210574,1,1,1989,27,27,27,27,27,27,27,27,27,27
210574,2,1,1989,0,0,11,0,0,0,0,0,0,0
210575,1,1,1989,0,0,0,0,0,0,0,0,0,0
210576,1,1,1989,0,0,0,0,0,0,0,0,0,0
210577,1,1,1989,5,5,5,5,5,5,5,5,5,5
210577,2,1,1989,0,0,0,0,0,0,0,0,0,0
210578,1,1,1989,0,0,0,0,0,0,0,16,0,0
210579,1,1,1989,17,17,17,17,17,17,17,17,17,17
210579,2,1,1989,0,0,0,0,0,0,0,0,0,0
210580,0,1,1989,0,0,0,0,7,0,0,0,0,0
210580,1,1,1989,0,0,0,0,0,0,0,0,0,0
210581,1,1,1989,0,0,0,0,0,0,0,0,0,0
210581,2,1,1989,0,0,0,0,0,0,0,0,0,0
210582,1,1,1989,0,0,0,0,0,0,0,0,0,0
210582,2,1,1989,0,0,0,0,0,0,0,0,0,0
210583,1,1,1989,0,0,0,0,0,0,0,0,0,0
210583,2,1,1989,0,0,0,0,0,0,0,0,0,0
210584,1,1,1989,40,40,40,40,40,40,40,40,40,40
210585,1,1,1989,0,0,0,0,0,0,0,0,0,0
210586,1,1,1989,0,0,0,0,0,0,0,0,0,0
210586,2,1,1989,0,0,0,0,0,0,0,0,0,0
210587,0,1,1989,0,0,0,0,0,0,0,0,0,0
210587,1,1,1989,0,0,0,0,0,0,0,0,0,0
210589,0,1,1989,24,24,24,24,24,24,24,24,24,24
210589,1,1,1989,0,0,0,0,0,0,0,0,0,0
210590,1,1,1989,11,11,11,11,11,11,11,11,11,11
210591,1,1,1989,22,22,22,22,22,22,22,22,22,22
210593,0,1,1989,0,0,0,0,0,0,0,0,0,0
210593,1,1,1989,0,0,0,0,0,0,0,0,0,0
210594,1,1,1989,0,0,0,0,14,0,0,0,0,0
210595,1,1,1989,32,11,0,16,0,19,0,18,10,13
210596,1,1,1989,0,0,0,0,0,0,0,0,0,0
210596,2,1,1989,0,0,0,0,0,0,0,0,0,0
210597,1,1,1989,0,0,0,0,0,0,0,0,0,0
210597,2,1,1989,0,0,0,0,0,0,0,0,0,0
210598,0,1,1989,0,0,0,0,0,0,0,0,0,0
210598,1,1,1989,0,0,0,0,0,0,0,0,0,0
210599,1,1,1989,0,0,0,0,0,0,0,0,0,0
210599,2,1,1989,0,0,0,0,0,0,0,0,0,0
210600,1,1,1989,3,3,3,3,3,3,3,3,3,3
210601,1,1,1989,0,0,0,0,0,0,0,0,9,0
210601,2,1,1989,0,0,0,0,0,0,0,0,0,0
210602,1,1,1989,0,0,0,0,0,0,0,0,0,0
210602,2,1,1989,0,0,0,0,0,0,0,0,0,0
210603,1,1,1989,0,0,0,0,0,0,0,32,0,0
210604,1,1,1989,14,14,14,14,14,14,14,14,14,14
210605,1,1,1989,0,0,0,0,0,0,0,0,0,0
210605,2,1,1989,0,0,0,0,0,0,0,0,0,0
210606,1,1,1989,0,0,0,0,0,0,0,0,0,0
210606,2,1,1989,0,0,0,0,0,0,0,0,0,0
210607,0,1,1989,0,0,0,0,0,0,0,0,0,0
210607,1,1,1989,0,0,0,0,0,0,11,0,0,0
210608,1,1,1989,22,22,22,22,22,22,22,22,22,22
210609,1,1,1989,0,0,0,0,0,0,0,0,0,0
210609,2,1,1989,0,0,0,0,0,0,0,0,0,0
210609,3,1,1989,0,0,0,0,0,0,0,0,0,0
210610,1,1,1989,22,22,22,22,22,22,22,22,22,22
210610,2,1,1989,0,0,0,0,0,0,0,0,0,0
210611,1,1,1989,0,0,0,0,0,0,0,0,0,0
210611,2,1,1989,0,0,0,0,0,0,8,0,0,0
210612,1,1,1989,28,16,17,22,11,14,0,17,22,15
210613,1,1,1989,0,0,0,0,0,0,0,0,0,0
210614,1,1,1989,0,0,0,0,0,0,0,0,0,0
210614,2,1,1989,0,0,0,0,0,0,0,0,0,0
210615,1,1,1989,5,5,5,5,5,5,5,5,5,5
210616,1,1,1989,0,0,0,0,0,0,0,0,0,0
210616,2,1,1989,0,0,0,0,0,0,0,0,0,0
210617,1,1,1989,0,0,0,0,0,0,0,0,0,0
210617,2,1,1989,0,0,0,0,0,25,0,14,0,0
210618,1,1,1989,0,0,0,0,0,0,0,0,0,0
210619,1,1,1989,0,0,0,0,0,0,0,0,0,0
210620,1,1,1989,0,0,0,0,0,0,0,0,0,0
210621,1,1,1989,0,0,0,0,0,0,0,0,0,0
210621,2,1,1989,0,0,0,0,0,0,0,15,0,0
210622,1,1,1989,6,6,6,6,6,6,6,6,6,6
210623,1,1,1989,3,3,3,3,3,3,3,3,3,3
210624,1,1,1989,0,0,0,0,0,0,0,0,0,0
210625,1,1,1989,34,34,34,34,34,34,34,34,34,34
210626,1,1,1989,0,0,0,0,0,0,0,0,0,0
210627,1,1,1989,26,26,26,26,26,26,26,26,26,26
210628,0,1,1989,0,0,0,0,0,0,0,0,0,0
210628,1,1,1989,0,0,0,0,0,0,0,0,0,0
210629,0,1,1989,8,8,8,8,8,8,8,8,8,8
210629,1,1,1989,0,0,0,0,0,0,0,0,0,0
210631,1,1,1989,0,0,0,0,0,0,0,0,0,0
210631,2,1,1989,0,0,0,0,0,0,0,0,0,0
210632,1,1,1989,24,24,24,24,24,24,24,24,24,24
210633,1,1,1989,17,17,17,17,17,17,17,17,17,17
210634,1,1,1989,0,0,0,0,0,0,0,0,0,0
210634,2,1,1989,0,0,0,16,0,0,0,20,0,0
210635,1,1,1989,7,7,7,7,7,7,7,7,7,7
210635,2,1,1989,6,6,6,6,6,6,6,6,6,6
210636,1,1,1989,0,0,0,0,0,0,0,0,0,0
210637,1,1,1989,0,0,0,0,0,0,0,0,0,0
210637,2,1,1989,0,0,0,0,0,0,0,0,0,0
210638,1,1,1989,0,0,0,0,0,0,0,0,0,0
210638,2,1,1989,0,0,0,0,0,0,0,0,0,0
210638,3,1,1989,0,0,0,0,0,0,0,0,0,0
210639,1,1,1989,0,0,0,0,0,0,0,0,0,0
210639,2,1,1989,0,0,0,0,0,0,0,0,0,0
210640,1,1,1989,0,18,0,0,13,0,0,0,0,0
210641,1,1,1989,16,16,16,16,16,16,16,16,16,16
210642,1,1,1989,7,7,7,7,7,7,7,7,7,7
210643,1,1,1989,0,0,0,0,0,0,0,0,0,0
210644,1,1,1989,0,0,0,0,0,0,0,0,0,0
210644,2,1,1989,0,0,0,0,0,0,0,0,0,0
210645,1,1,1989,0,0,0,0,0,0,0,0,0,0
210646,1,1,1989,0,0,0,0,0,0,0,0,0,0
210647,1,1,1989,21,21,21,21,21,21,21,21,21,21
210648,1,1,1989,0,0,0,0,0,0,0,0,0,0
210648,2,1,1989,0,0,0,0,0,0,0,0,0,0
210649,1,1,1989,9,9,9,9,9,9,9,9,9,9
210649,2,1,1989,0,0,0,0,0,0,0,0,0,0
210650,1,1,1989,0,0,0,0,0,0,0,0,0,0
210650,2,1,1989,0,0,0,0,0,0,0,0,0,0
210651,1,1,1989,0,0,0,0,0,32,0,0,19,0
210652,0,1,1989,0,0,0,0,0,0,0,0,0,0
210652,1,1,1989,0,0,0,0,0,0,0,0,0,0
210653,1,1,1989,0,0,0,0,0,0,0,0,0,0
210653,2,1,1989,0,0,0,0,0,0,0,0,0,0
210654,1,1,1989,24,24,24,24,24,24,24,24,24,24
210654,2,1,1989,0,0,0,0,0,0,0,0,0,0
210655,1,1,1989,0,0,0,0,0,0,0,0,0,0
210655,2,1,1989,0,0,0,0,0,0,0,0,0,0
210656,1,1,1989,0,19,0,7,0,0,14,11,0,14
210657,1,1,1989,11,11,11,11,11,11,11,11,11,11
210658,1,1,1989,19,19,19,19,19,19,19,19,19,19
210659,1,1,1989,0,0,0,0,0,0,0,0,0,0
210659,2,1,1989,0,0,0,0,0,0,0,0,0,0
210660,1,1,1989,22,22,22,22,22,22,22,22,22,22
210660,2,1,1989,26,26,26,26,26,26,26,26,26,26
210661,1,1,1989,0,0,0,0,0,0,0,0,0,0
210661,2,1,1989,0,0,0,0,0,0,0,0,0,0
210662,1,1,1989,0,0,0,0,20,12,0,0,22,0
210663,0,1,1989,0,0,0,0,0,0,0,0,0,0
210663,0,2,1989,11,25,0,0,45,6,0,13,23,0
210663,0,3,1989,28,15,18,8,22,0,0,22,0,0
210663,1,1,1989,15,15,15,15,15,15,15,15,15,15
210663,2,1,1989,0,0,0,0,0,0,0,0,0,0
210664,0,1,1989,0,0,0,21,0,0,0,0,0,17
210664,1,1,1989,0,0,0,0,20,15,0,0,0,0
210665,1,1,1989,0,16,0,0,0,0,0,0,0,0
210666,1,1,1989,0,0,0,0,0,0,0,0,0,0
210666,2,1,1989,0,0,0,0,0,0,0,0,0,0
210667,1,1,1989,0,0,0,0,0,0,0,0,0,0
210667,2,1,1989,0,0,0,0,0,0,0,0,0,0
210668,1,1,1989,13,13,13,13,13,13,13,13,13,13
210669,1,1,1989,5,5,5,5,5,5,5,5,5,5
210670,0,1,1989,0,0,0,0,0,0,0,0,0,0
210670,1,1,1989,0,0,0,0,0,0,0,0,0,0
210671,1,1,1989,15,15,15,15,15,15,15,15,15,15
210672,1,1,1989,0,0,0,0,0,0,0,0,0,0
210672,2,1,1989,0,0,0,0,0,0,0,0,0,0
210672,3,1,1989,0,0,0,0,0,0,0,0,0,0
210673,0,1,1989,0,0,0,0,0,0,0,0,0,0
210673,1,1,1989,0,0,0,9,0,0,0,0,0,0
210674,1,1,1989,0,0,0,0,0,0,0,0,0,0
210675,1,1,1989,0,0,0,0,0,0,0,0,0,0
210676,1,1,1989,38,38,38,38,38,38,38,38,38,38
210677,1,1,1989,16,16,16,16,16,16,16,16,16,16
210678,1,1,1989,0,0,0,0,0,0,0,0,0,18
210679,1,1,1989,3,3,3,3,3,3,3,3,3,3
210680,1,1,1989,0,0,0,0,0,0,0,0,0,0
210680,2,1,1989,0,0,0,0,0,0,0,0,0,0
210681,1,1,1989,18,18,18,18,18,18,18,18,18,18
210681,2,1,1989,0,0,0,0,0,0,0,0,0,0
210682,1,1,1989,0,0,0,0,0,0,0,0,0,0
210682,2,1,1989,0,0,0,0,0,0,0,0,0,0
210683,1,1,1989,0,0,0,0,0,0,0,0,0,0
210683,2,1,1989,0,0,0,0,0,0,0,0,0,0
210684,1,1,1989,0,0,0,0,0,0,0,0,0,0
210684,2,1,1989,0,0,0,0,0,0,0,0,0,0
210684,3,1,1989,0,0,0,0,0,0,0,0,0,0
210685,0,1,1989,15,0,0,0,0,0,0,0,0,0
210685,1,1,1989,0,0,0,0,0,28,0,0,0,0
210686,1,1,1989,16,11,25,16,12,7,9,15,11,18
210687,1,1,1989,0,0,0,0,0,0,0,0,0,0
210688,1,1,1989,0,0,0,0,0,0,0,0,0,0
210689,1,1,1989,13,13,13,13,13,13,13,13,13,13
210689,2,1,1989,0,7,0,21,0,13,0,0,0,0
210690,1,1,1989,28,28,28,28,28,28,28,28,28,28
210691,0,1,1989,0,0,0,0,0,0,0,0,0,0
210691,1,1,1989,0,0,0,0,0,0,0,0,0,0
210692,1,1,1989,0,0,0,0,0,0,0,0,0,0
210692,2,1,1989,0,0,0,0,0,0,0,0,0,0
210693,1,1,1989,24,24,24,24,24,24,24,24,24,24
210694,1,1,1989,0,0,0,0,0,0,0,0,0,0
210695,1,1,1989,0,0,0,0,0,0,0,0,0,0
210695,2,1,1989,0,0,0,0,0,0,0,0,0,0
210696,1,1,1989,0,0,0,0,0,0,0,0,0,0
210697,1,1,1989,0,0,0,0,0,0,0,0,0,0
210698,1,1,1989,22,22,22,22,22,22,22,22,22,22
210698,2,1,1989,0,0,0,0,0,0,0,0,0,0
210700,1,1,1989,0,0,0,0,0,0,0,0,0,0
210700,2,1,1989,0,0,0,0,0,0,0,0,0,0
210701,1,1,1989,21,21,21,21,21,21,21,21,21,21
210702,0,1,1989,19,12,12,12,0,36,5,4,22,0
210702,0,2,1989,0,0,0,0,0,0,0,0,0,0
210702,1,1,1989,0,0,0,0,0,0,0,0,0,0
210702,2,1,1989,0,6,0,22,0,0,0,0,19,0
210703,1,1,1989,0,0,0,0,0,0,0,0,0,0
210704,1,1,1989,0,0,0,0,0,0,0,0,0,0
210704,2,1,1989,0,0,0,0,0,0,0,0,0,0
210705,1,1,1989,0,0,0,0,0,0,0,0,0,0
210705,2,1,1989,0,0,0,0,0,0,0,0,0,0
210706,1,1,1989,0,0,0,0,0,0,0,0,0,0
210706,2,1,1989,0,0,0,0,0,0,19,0,15,0
210707,1,1,1989,0,0,0,0,0,0,0,0,0,0
210707,2,1,1989,0,0,0,0,0,0,0,0,0,0
210708,1,1,1989,0,0,0,0,0,0,0,0,0,0
210708,2,1,1989,0,0,0,0,0,0,0,0,0,0
210709,1,1,1989,21,21,21,21,21,21,21,21,21,21
220001,1,1,1989,0,0,0,0,0,0,0,0,0,0
220002,1,1,1989,0,0,0,0,0,0,0,0,0,0
220002,2,1,1989,6,0,0,0,0,0,0,0,0,0
220003,1,1,1989,0,0,0,0,0,0,0,0,0,0
220003,2,1,1989,0,0,0,0,0,0,0,0,0,0
220004,1,1,1989,0,0,0,0,0,0,0,0,0,0
220004,2,1,1989,0,0,0,0,0,0,0,0,0,0
220005,1,1,1989,0,0,0,0,19,15,0,0,0,0
220006,1,1,1989,0,0,0,0,0,0,0,0,0,0
220007,1,1,1989,11,11,11,11,11,11,11,11,11,11
220008,1,1,1989,12,12,12,12,12,12,12,12,12,12
220009,1,1,1989,25,25,25,25,25,25,25,25,25,25
220010,0,1,1989,0,0,0,0,0,0,0,0,0,0
220010,0,2,1989,0,0,0,0,0,0,0,0,0,0
220010,1,1,1989,16,16,16,16,16,16,16,16,16,16
220011,0,1,1989,0,28,0,0,0,0,0,0,0,0
220011,1,1,1989,19,0,0,8,0,0,0,15,11,11
220012,1,1,1989,0,0,0,0,0,0,0,0,0,0
220012,2,1,1989,18,18,18,18,18,18,18,18,18,18
220013,0,1,1989,6,28,0,0,0,0,7,0,0,0
220013,1,1,1989,12,12,12,12,12,12,12,12,12,12
220014,1,1,1989,1,1,1,1,1,1,1,1,1,1
220014,2,1,1989,0,0,0,0,0,0,0,0,0,0
220015,1,1,1989,13,13,13,13,13,13,13,13,13,13
220016,1,1,1989,0,0,0,0,0,0,0,0,0,0
220016,2,1,1989,18,18,18,18,18,18,18,18,18,18
220017,1,1,1989,29,29,29,29,29,29,29,29,29,29
220018,1,1,1989,0,0,0,0,0,0,0,0,0,0
220018,2,1,1989,0,0,0,0,0,0,16,0,0,0
220019,1,1,1989,13,13,13,13,13,13,13,13,13,13
220019,2,1,1989,0,0,0,0,0,0,0,0,0,0
220020,0,1,1989,7,7,7,7,7,7,7,7,7,7
220020,1,1,1989,8,8,8,8,8,8,8,8,8,8
220021,1,1,1989,0,0,0,0,0,0,0,0,0,0
220021,2,1,1989,0,0,0,0,0,0,0,0,13,0
220022,0,1,1989,30,9,32,20,14,3,23,0,0,6
220022,1,1,1989,5,0,0,0,18,8,0,0,0,0
220023,1,1,1989,21,0,29,0,0,32,0,25,0,3