ST_CASE,VEH_NO,PER_NO,YEAR,P1,P2,P3,P4,P5,P6,P7,P8,P9,P10
220024,1,1,1989,0,0,0,0,0,0,0,0,0,0
220024,2,1,1989,0,15,0,0,0,0,0,0,0,0
220025,1,1,1989,0,0,0,0,0,0,0,0,0,0
220025,2,1,1989,0,0,0,0,0,0,0,0,0,0
220026,1,1,1989,0,0,0,0,0,0,0,0,0,0
220027,0,1,1989,0,0,10,0,0,0,0,0,0,0
220027,1,1,1989,0,0,0,0,0,0,0,0,0,0
220028,1,1,1989,0,0,0,0,0,0,0,0,0,0
220029,0,1,1989,42,42,42,42,42,42,42,42,42,42
220029,1,1,1989,0,0,0,0,0,0,0,0,0,0
220030,0,1,1989,0,4,0,0,16,0,0,0,0,0
220030,1,1,1989,0,0,0,0,0,0,0,15,0,0
220031,0,1,1989,25,25,25,25,25,25,25,25,25,25
220031,1,1,1989,0,0,0,0,0,0,0,0,0,0
220032,1,1,1989,0,17,31,23,15,19,18,11,0,20
220033,1,1,1989,0,0,0,0,0,0,0,0,0,0
220034,1,1,1989,4,4,4,4,4,4,4,4,4,4
220034,2,1,1989,0,0,0,0,0,0,0,0,0,0
220035,1,1,1989,0,0,0,0,0,0,0,0,0,0
220035,2,1,1989,0,0,0,0,19,0,0,0,0,0
220035,3,1,1989,18,0,10,23,0,13,0,0,15,22
220036,0,1,1989,0,0,0,0,0,0,0,0,0,0
220036,1,1,1989,0,0,0,0,0,0,0,0,0,0
220037,1,1,1989,21,21,21,21,21,21,21,21,21,21
220038,1,1,1989,0,0,0,0,0,0,0,0,0,0
220038,2,1,1989,0,0,0,0,0,0,0,0,0,0
220039,1,1,1989,0,0,0,0,0,0,0,0,0,0
220039,2,1,1989,0,0,0,0,0,0,0,0,0,0
220040,1,1,1989,11,30,13,17,13,0,10,5,22,0
220041,1,1,1989,0,0,0,0,0,0,0,0,0,0
220041,2,1,1989,0,0,0,0,0,0,0,0,0,0
220042,0,1,1989,0,0,0,0,0,0,0,0,0,0
220042,1,1,1989,0,0,0,0,0,0,0,0,0,0
220043,1,1,1989,0,0,0,0,0,0,0,0,0,0
220044,1,1,1989,12,21,10,0,0,36,16,0,23,13
220045,1,1,1989,31,31,31,31,31,31,31,31,31,31
220045,2,1,1989,0,0,0,0,0,0,0,0,0,0
220046,1,1,1989,12,12,12,12,12,12,12,12,12,12
220047,0,1,1989,30,26,23,0,19,0,0,5,32,22
220047,1,1,1989,20,0,0,0,0,13,0,0,0,8
220048,0,1,1989,0,0,0,0,0,0,0,0,0,0
220048,1,1,1989,19,19,19,19,19,19,19,19,19,19
220049,0,1,1989,14,0,0,0,7,0,6,0,31,17
220049,1,1,1989,9,0,0,0,15,0,0,37,8,0
220050,1,1,1989,4,4,4,4,4,4,4,4,4,4
220050,2,1,1989,0,0,0,0,0,0,0,0,0,0
220051,0,1,1989,0,0,0,0,0,0,0,0,0,12
220051,1,1,1989,0,0,0,0,0,0,0,0,0,0
220052,1,1,1989,7,7,7,7,7,7,7,7,7,7
220053,1,1,1989,19,19,19,19,19,19,19,19,19,19
220054,0,1,1989,0,13,0,35,0,21,0,0,0,0
220054,1,1,1989,0,0,0,0,0,0,0,0,0,0
220055,1,1,1989,25,14,0,18,8,0,0,0,0,11
220056,1,1,1989,11,11,11,11,11,11,11,11,11,11
220056,2,1,1989,2,2,2,2,2,2,2,2,2,2
220057,1,1,1989,0,0,20,23,25,0,0,14,16,33
220059,0,1,1989,0,0,0,0,0,0,0,0,0,0
220059,2,1,1989,0,0,0,0,0,0,0,0,0,0
220059,3,1,1989,0,0,0,0,0,0,0,13,0,0
220060,1,1,1989,0,0,0,0,0,0,0,0,0,0
220060,2,1,1989,0,0,0,0,0,0,0,0,0,0
220060,3,1,1989,3,3,3,3,3,3,3,3,3,3
220061,1,1,1989,1,1,1,1,1,1,1,1,1,1
220061,2,1,1989,0,0,0,0,0,0,0,0,0,0
220062,1,1,1989,28,28,28,28,28,28,28,28,28,28
220063,1,1,1989,0,0,0,0,30,32,15,0,19,11
220064,0,1,1989,0,0,0,0,0,0,0,0,0,0
220064,1,1,1989,0,0,0,0,0,0,0,0,0,0
220065,0,1,1989,0,21,15,23,0,0,0,0,0,0
220065,1,1,1989,0,0,0,0,0,0,0,0,0,0
220067,1,1,1989,9,42,0,0,18,16,5,14,15,12
220068,1,1,1989,21,21,21,21,21,21,21,21,21,21
220068,2,1,1989,0,0,0,0,0,0,0,0,0,0
220069,0,1,1989,20,20,20,20,20,20,20,20,20,20
220069,1,1,1989,0,0,0,0,0,0,0,0,0,0
220070,1,1,1989,0,0,0,0,0,0,0,0,0,0
220070,2,1,1989,0,0,0,0,0,0,0,0,0,0
220071,1,1,1989,0,0,0,0,0,0,0,0,0,0
220071,2,1,1989,0,0,0,0,0,0,0,0,0,0
220072,1,1,1989,0,0,0,0,0,0,0,0,0,0
220072,2,1,1989,0,0,18,0,0,0,0,0,0,19
220072,3,1,1989,0,0,0,0,0,0,0,0,0,0
220072,4,1,1989,0,0,0,0,0,20,0,0,11,0
220073,1,1,1989,0,0,0,0,0,0,0,0,0,0
220074,1,1,1989,0,0,0,0,20,5,0,0,0,12
220074,2,1,1989,0,0,0,0,0,0,0,0,0,0
220075,1,1,1989,0,0,0,0,0,0,0,0,0,0
220076,0,1,1989,4,0,0,31,0,0,0,21,0,28
220076,1,1,1989,0,0,0,0,0,0,0,0,0,0
220077,1,1,1989,0,0,0,0,0,0,0,0,0,0
220078,1,1,1989,0,0,0,0,0,0,0,0,0,0
220078,2,1,1989,0,0,0,0,8,0,0,0,0,0
220079,1,1,1989,0,0,0,0,0,0,0,0,0,0
220080,1,1,1989,14,14,14,14,14,14,14,14,14,14
220081,0,1,1989,0,38,8,0,11,15,18,22,16,13
220081,1,1,1989,0,0,0,0,0,0,0,0,0,0
220082,1,1,1989,25,25,25,25,25,25,25,25,25,25
220082,2,1,1989,0,0,0,0,0,0,0,0,0,0
220083,1,1,1989,0,0,0,0,0,0,0,0,0,0
220084,1,1,1989,0,8,19,15,0,13,25,5,0,13
220085,1,1,1989,24,24,24,24,24,24,24,24,24,24
220086,1,1,1989,0,0,0,0,0,0,9,0,0,0
220086,2,1,1989,0,0,0,0,0,0,0,0,0,0
220087,0,1,1989,0,0,0,0,0,0,0,0,0,0
220087,1,1,1989,15,0,0,5,11,13,0,0,0,0
220088,1,1,1989,13,13,13,13,13,13,13,13,13,13
220088,2,1,1989,0,0,0,0,0,0,0,0,0,0
220089,1,1,1989,0,0,0,0,0,0,0,0,0,0
220090,0,1,1989,0,0,0,0,0,0,0,0,0,0
220090,1,1,1989,0,0,0,0,0,0,0,0,0,0
220091,1,1,1989,28,28,28,28,28,28,28,28,28,28
220092,1,1,1989,13,13,13,13,13,13,13,13,13,13
220092,2,1,1989,2,2,2,2,2,2,2,2,2,2
220093,1,1,1989,7,7,7,7,7,7,7,7,7,7
220093,2,1,1989,0,0,0,0,0,0,0,0,0,0
220093,3,1,1989,0,0,0,17,0,0,0,0,0,0
220094,1,1,1989,0,0,0,0,0,0,0,0,0,0
220094,2,1,1989,0,0,0,0,0,0,0,0,0,0
220095,1,1,1989,30,30,30,30,30,30,30,30,30,30
220096,0,1,1989,2,2,2,2,2,2,2,2,2,2
220096,1,1,1989,0,0,0,0,0,0,0,0,4,0
220097,1,1,1989,9,9,9,9,9,9,9,9,9,9
220098,1,1,1989,18,18,18,18,18,18,18,18,18,18
220099,1,1,1989,0,0,0,0,0,0,0,0,0,0
220099,2,1,1989,0,0,0,0,0,0,0,0,0,0
220100,1,1,1989,15,15,15,15,15,15,15,15,15,15
220101,1,1,1989,24,24,24,24,24,24,24,24,24,24
220102,1,1,1989,0,0,0,0,0,0,0,0,0,0
220103,1,1,1989,9,0,0,0,0,0,0,0,0,0
220103,2,1,1989,17,0,0,0,0,0,18,0,0,0
220104,0,1,1989,0,0,0,0,0,0,0,0,0,0
220104,1,1,1989,0,0,0,0,0,0,0,0,0,0
220105,1,1,1989,16,16,16,16,16,16,16,16,16,16
220105,2,1,1989,0,0,0,0,0,0,0,0,0,0
220105,3,1,1989,0,0,0,0,0,0,21,0,0,0
220106,1,1,1989,11,11,11,11,11,11,11,11,11,11
220106,2,1,1989,0,0,0,0,0,0,0,0,0,0
220106,3,1,1989,0,10,0,0,0,0,0,0,22,9
220107,1,1,1989,0,16,19,16,13,20,36,0,24,12
220108,1,1,1989,0,0,6,0,0,0,0,0,0,0
220108,2,1,1989,0,0,0,0,0,0,0,0,0,0
220109,1,1,1989,22,22,22,22,22,22,22,22,22,22
220109,2,1,1989,0,0,13,10,0,0,0,0,28,0
220110,1,1,1989,15,15,15,15,15,15,15,15,15,15
220111,1,1,1989,0,0,0,0,0,0,0,0,0,0
220111,2,1,1989,0,0,0,0,0,0,0,0,0,0
220112,1,1,1989,0,0,0,0,0,0,0,0,0,0
220112,2,1,1989,0,0,0,0,0,0,0,0,0,0
220113,0,1,1989,12,12,12,12,12,12,12,12,12,12
220113,1,1,1989,0,0,0,0,0,0,0,0,0,0
220114,1,1,1989,11,11,11,11,11,11,11,11,11,11
220115,1,1,1989,0,0,0,0,0,0,0,0,0,0
220116,1,1,1989,0,0,0,0,0,6,0,0,0,0
220116,2,1,1989,0,0,0,0,0,0,0,0,0,0
220117,1,1,1989,0,0,0,0,0,0,0,0,0,0
220117,2,1,1989,0,0,0,0,3,0,0,0,0,0
220118,0,1,1989,0,0,0,0,0,0,0,0,0,0
220118,1,1,1989,14,14,14,14,14,14,14,14,14,14
220119,1,1,1989,0,0,0,0,0,0,0,0,0,0
220119,2,1,1989,0,0,0,0,0,0,0,0,0,0
220120,1,1,1989,0,17,0,17,0,0,24,0,0,0
220120,2,1,1989,0,0,6,0,7,4,0,22,6,0
220120,3,1,1989,0,11,0,0,2,0,0,0,0,0
220121,1,1,1989,18,18,18,18,18,18,18,18,18,18
220121,2,1,1989,0,0,0,0,0,0,0,0,0,0
220122,1,1,1989,0,0,0,0,0,0,0,0,0,0
220122,2,1,1989,0,0,0,0,0,0,0,0,0,0
220123,1,1,1989,10,10,10,10,10,10,10,10,10,10
220123,2,1,1989,23,0,10,11,21,14,0,3,17,19
220124,1,1,1989,15,15,15,15,15,15,15,15,15,15
220125,1,1,1989,0,0,0,24,9,0,21,14,0,0
220126,1,1,1989,0,0,0,0,0,0,0,0,0,0
220126,2,1,1989,21,21,21,21,21,21,21,21,21,21
220127,1,1,1989,10,10,10,10,10,10,10,10,10,10
220128,1,1,1989,0,0,0,0,0,19,0,0,0,0
220128,2,1,1989,0,0,0,0,0,0,0,0,0,0
220129,1,1,1989,0,0,0,0,0,0,0,0,0,0
220130,1,1,1989,0,0,0,0,0,0,0,0,0,0
220130,2,1,1989,0,0,0,0,14,0,0,0,0,0
220131,1,1,1989,10,10,10,10,10,10,10,10,10,10
220132,1,1,1989,0,7,12,0,0,0,0,0,0,0
220132,2,1,1989,0,0,0,0,0,0,0,0,0,20
220133,1,1,1989,12,8,20,18,0,13,16,48,0,0
220133,2,1,1989,10,10,10,10,10,10,10,10,10,10
220134,1,1,1989,0,0,0,0,0,0,0,0,0,0
220134,2,1,1989,0,0,0,0,0,0,0,0,0,0
220134,3,1,1989,0,0,0,0,0,0,0,0,0,0
220134,4,1,1989,0,0,0,0,0,0,0,0,0,0
220134,5,1,1989,0,0,0,0,0,0,0,0,0,0
220135,0,1,1989,21,21,21,21,21,21,21,21,21,21
220135,1,1,1989,0,0,0,0,0,0,0,0,0,0
220136,1,1,1989,23,23,23,23,23,23,23,23,23,23
220137,0,1,1989,0,0,0,0,0,0,0,0,0,0
220137,0,2,1989,0,0,0,0,0,0,0,0,0,0
220137,1,1,1989,0,0,0,0,0,0,0,0,0,0
220138,1,1,1989,20,20,20,20,20,20,20,20,20,20
220138,2,1,1989,24,24,24,24,24,24,24,24,24,24
220139,1,1,1989,16,8,16,16,12,0,13,14,20,14
220140,1,1,1989,14,11,0,21,13,3,0,6,15,20
220141,1,1,1989,0,0,0,0,0,0,0,0,0,0
220141,2,1,1989,0,0,0,0,0,0,0,0,0,0
220142,1,1,1989,0,0,0,0,0,0,0,0,0,0
220142,2,1,1989,0,0,0,0,0,0,0,0,0,0
220143,1,1,1989,0,0,0,0,0,0,0,0,0,0
220143,2,1,1989,0,0,0,0,0,0,0,0,0,0
220144,1,1,1989,11,15,18,36,23,44,7,16,9,16
220145,1,1,1989,14,14,14,14,14,14,14,14,14,14
220146,1,1,1989,0,0,0,0,0,0,0,0,0,0
220147,1,1,1989,26,26,26,26,26,26,26,26,26,26
220148,1,1,1989,17,17,17,17,17,17,17,17,17,17
220149,0,1,1989,0,0,0,0,0,0,0,0,0,0
220149,1,1,1989,0,0,0,0,0,0,0,0,0,0
220150,1,1,1989,0,0,0,0,0,0,0,0,0,0
220150,2,1,1989,0,0,29,0,0,0,0,0,0,0
220151,1,1,1989,29,29,29,29,29,29,29,29,29,29
220152,0,1,1989,6,6,6,6,6,6,6,6,6,6
220152,1,1,1989,0,0,0,0,0,0,0,0,0,0
220153,1,1,1989,7,0,16,13,3,7,17,17,0,11
220154,1,1,1989,0,0,0,0,0,0,0,0,0,0
220155,0,1,1989,0,0,0,0,0,0,0,0,0,0
220155,1,1,1989,0,0,0,0,0,0,0,0,0,0
220156,1,1,1989,0,0,0,0,0,0,0,0,0,0
220157,1,1,1989,14,14,14,14,14,14,14,14,14,14
220157,2,1,1989,0,0,0,0,0,0,0,0,0,0
220158,1,1,1989,39,39,39,39,39,39,39,39,39,39
220159,1,1,1989,0,0,0,0,6,0,0,0,0,0
220159,2,1,1989,0,14,14,0,12,0,0,14,2,0
220160,1,1,1989,0,0,0,0,0,0,0,0,0,0
220160,2,1,1989,0,0,0,0,0,0,0,0,0,0
220160,3,1,1989,0,0,0,0,0,0,0,0,0,0
220161,1,1,1989,0,0,15,0,0,0,0,0,0,0
220161,2,1,1989,13,25,32,14,0,21,9,16,6,0
220162,1,1,1989,0,0,0,0,0,0,0,0,0,0
220162,2,1,1989,0,0,0,0,0,0,0,0,0,0
220163,1,1,1989,0,0,0,0,0,0,0,0,0,14
220164,0,1,1989,0,0,0,0,0,0,0,0,0,0
220164,1,1,1989,0,10,0,0,0,0,0,9,0,0
220165,0,1,1989,0,0,0,0,0,0,0,0,0,0
220165,1,1,1989,0,0,0,0,0,0,0,0,0,0
220166,1,1,1989,0,0,0,0,0,0,0,0,0,0
220167,1,1,1989,21,21,21,21,21,21,21,21,21,21
220167,2,1,1989,0,0,0,0,0,0,0,0,14,0
220168,1,1,1989,0,0,0,0,0,0,0,0,0,0
220168,2,1,1989,0,0,0,0,0,0,0,0,0,0
220169,1,1,1989,0,0,0,0,0,0,0,0,0,0
220170,1,1,1989,0,0,0,0,0,0,0,0,0,0
220170,2,1,1989,0,0,0,0,0,0,0,0,0,0
220171,1,1,1989,0,0,0,0,0,0,0,0,0,0
220172,1,1,1989,0,0,0,0,0,0,0,32,0,0
220172,2,1,1989,0,0,0,0,0,0,0,0,0,0
220173,1,1,1989,16,0,15,0,0,20,0,0,0,16
220174,1,1,1989,37,37,37,37,37,37,37,37,37,37
220175,1,1,1989,0,0,0,0,0,0,0,0,0,0
220175,2,1,1989,0,0,0,0,0,0,0,0,0,0
220176,1,1,1989,17,0,22,16,13,16,0,23,0,3
220177,1,1,1989,0,0,0,0,0,0,0,0,0,0
220177,2,1,1989,0,0,0,0,0,0,0,0,0,0
220178,1,1,1989,13,13,13,13,13,13,13,13,13,13
220179,1,1,1989,0,0,0,0,0,0,0,0,0,0
220179,2,1,1989,0,0,0,0,0,0,0,0,0,0
220180,1,1,1989,0,0,0,0,0,0,0,0,0,0
220180,2,1,1989,0,0,0,0,0,0,0,0,0,0
220180,3,1,1989,0,0,0,0,0,0,0,0,0,0
220180,4,1,1989,0,0,0,0,0,0,0,0,0,0
220181,1,1,1989,0,0,0,0,5,0,0,0,0,0
220182,1,1,1989,6,6,6,6,6,6,6,6,6,6
220183,1,1,1989,2,2,2,2,2,2,2,2,2,2
220183,2,1,1989,0,0,0,0,0,0,0,0,0,0
220184,1,1,1989,16,16,16,16,16,16,16,16,16,16
220185,1,1,1989,0,0,0,0,0,0,0,0,0,0
220185,2,1,1989,0,0,0,0,0,0,0,0,0,0
220186,1,1,1989,0,0,0,0,0,0,0,0,0,0
220187,0,1,1989,0,0,0,0,0,23,0,19,0,0
220187,1,1,1989,0,0,0,0,0,0,3,0,30,0
220188,0,1,1989,0,0,0,0,0,0,0,0,0,0
220188,1,1,1989,0,0,0,0,0,0,0,0,0,0
220189,1,1,1989,11,11,11,11,11,11,11,11,11,11
220189,2,1,1989,0,0,0,0,0,0,0,0,0,0
220190,1,1,1989,28,28,28,28,28,28,28,28,28,28
220191,0,1,1989,0,0,0,0,0,0,0,0,0,0
220191,1,1,1989,0,0,0,0,0,0,0,0,0,0
220192,1,1,1989,19,19,19,19,19,19,19,19,19,19
220193,1,1,1989,12,12,12,12,12,12,12,12,12,12
220194,1,1,1989,15,15,15,15,15,15,15,15,15,15
220195,1,1,1989,17,17,17,17,17,17,17,17,17,17
220196,1,1,1989,15,15,15,15,15,15,15,15,15,15
220197,1,1,1989,3,3,3,3,3,3,3,3,3,3
220198,1,1,1989,17,17,17,17,17,17,17,17,17,17
220199,0,1,1989,0,11,27,8,0,0,32,0,30,18
220199,1,1,1989,0,0,11,0,0,0,0,16,0,0
220200,0,1,1989,0,16,0,0,28,23,0,34,13,0
220200,1,1,1989,0,0,0,0,0,0,0,0,20,13
220201,1,1,1989,0,0,0,0,0,0,0,0,0,0
220201,2,1,1989,0,0,0,0,0,16,0,0,0,0
220202,1,1,1989,29,29,29,29,29,29,29,29,29,29
220203,1,1,1989,3,3,3,3,3,3,3,3,3,3
220203,2,1,1989,0,0,0,0,0,0,0,0,0,0
220204,1,1,1989,27,27,27,27,27,27,27,27,27,27
220205,1,1,1989,0,0,0,0,0,0,0,0,0,0
220205,2,1,1989,0,0,0,0,0,0,0,0,0,0
220206,1,1,1989,8,8,8,8,8,8,8,8,8,8
220207,1,1,1989,0,0,0,0,0,0,0,0,0,0
220207,2,1,1989,0,0,0,0,0,0,0,0,0,0
220208,1,1,1989,0,11,0,24,0,0,0,0,0,0
220209,1,1,1989,0,0,0,0,0,0,0,0,0,0
220209,2,1,1989,0,0,0,0,0,0,0,0,0,0
220210,1,1,1989,0,0,0,0,0,0,0,0,0,0
220210,2,1,1989,0,0,0,0,0,0,0,0,0,0
220210,3,1,1989,0,0,0,0,0,0,0,0,0,0
220210,4,1,1989,0,0,0,0,0,0,0,0,0,0
220210,5,1,1989,0,0,0,0,0,0,0,0,0,0
220210,6,1,1989,22,0,0,0,0,0,0,0,0,0
220211,1,1,1989,13,13,13,13,13,13,13,13,13,13
220212,0,1,1989,0,0,0,0,0,0,0,0,0,0
220212,1,1,1989,0,0,0,0,0,0,0,0,0,0
220213,1,1,1989,26,26,26,26,26,26,26,26,26,26
220214,1,1,1989,18,18,18,18,18,18,18,18,18,18
220215,0,1,1989,0,0,0,0,0,0,0,0,0,0
220215,1,1,1989,0,0,0,0,0,0,0,0,0,0
220216,0,1,1989,6,6,6,6,6,6,6,6,6,6
220216,1,1,1989,9,9,9,9,9,9,9,9,9,9
220217,1,1,1989,17,17,17,17,17,17,17,17,17,17
220218,1,1,1989,0,0,0,0,0,0,0,0,0,0
220218,2,1,1989,0,14,0,28,0,0,0,10,0,0
220219,1,1,1989,3,3,3,3,3,3,3,3,3,3
220220,1,1,1989,0,0,0,0,0,0,0,0,0,0
220220,2,1,1989,0,0,0,0,0,0,0,0,0,0
220221,1,1,1989,0,0,0,0,0,0,0,0,0,0
220221,2,1,1989,0,0,0,0,0,0,0,0,0,0
220222,1,1,1989,0,8,0,0,19,0,0,0,0,0
220222,2,1,1989,0,0,0,0,0,0,0,0,0,0
220223,0,1,1989,0,0,0,0,0,0,0,0,0,0
220223,0,2,1989,12,21,0,16,7,52,16,0,18,14
220223,0,3,1989,0,0,0,12,0,0,0,0,0,0
220223,0,4,1989,0,0,0,0,0,0,0,0,0,0
220223,1,1,1989,17,17,17,17,17,17,17,17,17,17
220224,1,1,1989,12,12,12,12,12,12,12,12,12,12
220225,1,1,1989,19,19,19,19,19,19,19,19,19,19
220225,2,1,1989,16,16,16,16,16,16,16,16,16,16
220226,1,1,1989,25,25,25,25,25,25,25,25,25,25
220227,1,1,1989,0,0,0,0,0,0,0,0,0,12
220227,2,1,1989,0,0,0,0,0,0,0,0,0,0
220227,3,1,1989,23,23,23,23,23,23,23,23,23,23
220228,1,1,1989,7,7,7,7,7,7,7,7,7,7
220230,1,1,1989,0,0,12,10,30,28,12,19,17,0
220231,1,1,1989,0,0,0,0,0,0,0,0,0,0
220231,2,1,1989,0,13,17,10,0,0,0,23,25,0
220231,3,1,1989,0,0,0,0,0,0,0,0,0,0
220232,1,1,1989,0,0,16,13,0,0,0,0,0,0
220232,2,1,1989,18,0,0,0,0,0,0,0,0,0
220233,1,1,1989,15,15,15,15,15,15,15,15,15,15
220234,1,1,1989,0,0,0,0,0,0,0,0,17,0
220234,2,1,1989,15,15,15,15,15,15,15,15,15,15
220235,1,1,1989,0,0,0,0,0,0,0,0,0,0
220235,2,1,1989,0,0,0,0,0,0,0,0,0,0
220236,1,1,1989,22,22,22,22,22,22,22,22,22,22
220237,0,1,1989,15,15,15,15,15,15,15,15,15,15
220237,1,1,1989,0,0,0,0,0,0,0,0,0,0
220238,1,1,1989,0,16,0,0,0,17,0,0,29,0
220238,2,1,1989,0,0,0,0,0,0,0,0,0,0
220239,1,1,1989,0,0,0,0,0,0,0,0,0,0
220240,0,1,1989,0,0,0,0,0,0,0,0,0,0
220240,1,1,1989,0,0,0,22,0,0,0,0,0,33
220241,1,1,1989,17,17,17,17,17,17,17,17,17,17
220241,2,1,1989,0,0,0,0,0,0,0,0,0,0
220242,1,1,1989,0,0,0,0,0,10,0,0,0,0
220243,0,1,1989,17,0,0,13,24,0,0,0,11,0
220243,1,1,1989,12,12,12,12,12,12,12,12,12,12
220244,1,1,1989,0,0,0,0,0,0,0,0,0,0
220244,2,1,1989,0,0,0,0,0,0,0,0,0,0
220245,1,1,1989,10,5,0,12,19,15,0,0,33,0
220245,2,1,1989,0,0,0,0,0,0,0,0,0,0
220247,1,1,1989,0,0,0,0,0,0,0,0,0,0
220247,2,1,1989,11,11,11,11,11,11,11,11,11,11
220248,1,1,1989,3,3,3,3,3,3,3,3,3,3
220249,1,1,1989,12,12,12,12,12,12,12,12,12,12
220250,0,1,1989,0,0,0,0,0,0,0,0,0,0
220250,1,1,1989,0,0,0,0,0,0,0,0,0,0
220251,1,1,1989,25,25,25,25,25,25,25,25,25,25
220252,1,1,1989,0,0,0,0,0,0,0,0,0,0
220252,2,1,1989,0,0,0,0,0,0,0,0,0,0
220253,1,1,1989,15,15,15,15,15,15,15,15,15,15
220254,1,1,1989,0,0,0,0,0,0,0,18,0,0
220255,1,1,1989,0,0,0,0,0,0,0,0,0,0
220256,1,1,1989,0,0,0,0,0,0,0,0,0,0
220256,2,1,1989,0,0,0,0,0,0,0,0,0,0
220256,3,1,1989,0,0,0,0,0,0,0,0,0,0
220257,1,1,1989,0,0,0,0,0,0,0,0,0,0
220258,0,1,1989,0,0,0,0,0,0,0,0,0,0
220258,1,1,1989,0,0,0,0,0,0,0,0,0,0
220259,0,1,1989,14,14,14,14,14,14,14,14,14,14
220259,1,1,1989,22,0,0,0,0,0,0,0,0,0
220259,2,1,1989,0,0,0,0,0,0,0,0,0,0
220260,1,1,1989,19,19,19,19,19,19,19,19,19,19
220260,2,1,1989,0,0,0,0,0,0,0,0,0,0
220261,1,1,1989,0,0,0,0,0,0,0,0,0,0
220261,2,1,1989,3,3,3,3,3,3,3,3,3,3
220262,1,1,1989,0,0,0,0,0,0,0,8,0,15
220262,2,1,1989,0,0,0,0,0,0,0,0,0,0
220263,1,1,1989,0,0,0,0,0,0,0,0,0,0
220264,1,1,1989,23,0,0,13,12,0,19,32,8,8
220265,1,1,1989,0,0,0,0,0,0,0,0,0,0
220265,2,1,1989,0,0,0,0,0,0,0,0,0,0
220266,1,1,1989,25,25,25,25,25,25,25,25,25,25
220266,2,1,1989,0,0,0,0,0,0,0,0,0,0
220267,1,1,1989,25,25,25,25,25,25,25,25,25,25
220267,2,1,1989,0,0,0,0,0,0,0,0,0,0
220268,0,1,1989,0,0,0,0,0,0,0,0,0,0
220268,1,1,1989,0,0,0,0,0,0,0,0,0,0
220269,1,1,1989,17,0,10,24,13,0,0,24,0,3
220270,0,1,1989,0,0,0,0,0,0,0,0,0,0
220270,0,2,1989,0,17,0,0,4,0,0,0,8,0
220270,1,1,1989,23,23,23,23,23,23,23,23,23,23
220271,1,1,1989,0,0,0,0,0,0,14,0,0,0
220272,1,1,1989,0,0,0,0,0,0,0,0,0,0
220272,2,1,1989,0,0,10,0,19,0,0,0,0,0
220274,1,1,1989,0,0,0,0,0,0,0,0,0,0
220274,2,1,1989,0,0,0,0,0,0,0,0,0,0
220275,1,1,1989,0,0,17,0,0,14,19,0,29,0
220276,1,1,1989,0,0,0,10,8,0,13,0,0,20
220276,2,1,1989,10,0,0,0,0,0,0,0,0,0
220277,1,1,1989,8,8,8,8,8,8,8,8,8,8
220278,1,1,1989,0,0,0,0,0,0,0,0,0,0
220278,2,1,1989,0,0,0,0,0,0,0,0,0,0
220279,0,1,1989,0,0,20,0,0,0,0,0,0,0
220279,1,1,1989,0,0,0,0,0,0,0,0,0,0
220280,1,1,1989,0,0,0,0,0,0,0,0,0,0
220280,2,1,1989,0,0,0,0,0,0,0,0,0,0
220281,1,1,1989,14,14,14,14,14,14,14,14,14,14
220282,1,1,1989,20,20,20,20,20,20,20,20,20,20
220282,2,1,1989,0,0,0,0,0,0,0,0,0,0
220283,1,1,1989,0,0,0,0,0,0,0,0,0,0
220283,2,1,1989,30,0,0,0,9,0,0,0,0,7
220284,0,1,1989,0,0,0,0,0,0,0,0,0,0
220284,1,1,1989,0,0,0,0,0,0,0,0,0,0
220285,1,1,1989,0,0,0,0,0,0,0,0,0,0
220285,2,1,1989,0,0,0,0,14,0,0,0,0,0
220286,1,1,1989,0,0,0,0,14,0,0,0,0,0
220286,2,1,1989,0,0,0,0,0,0,0,0,0,0
220286,3,1,1989,0,0,0,0,0,0,0,0,0,0
220286,4,1,1989,0,0,0,0,0,0,0,0,0,0
220286,5,1,1989,0,0,0,0,0,0,0,0,0,0
220287,1,1,1989,0,0,0,0,0,0,0,0,0,0
220287,2,1,1989,0,0,0,0,0,0,0,0,0,0
220288,1,1,1989,0,0,0,0,0,0,0,0,0,0
220289,1,1,1989,21,21,21,21,21,21,21,21,21,21
220290,1,1,1989,5,5,5,5,5,5,5,5,5,5
220291,1,1,1989,6,0,0,0,18,0,0,0,0,0
220292,1,1,1989,0,0,0,0,0,0,0,0,0,0
220292,2,1,1989,0,0,0,0,0,0,0,0,0,0
220293,1,1,1989,6,0,0,0,0,23,0,0,0,0
220294,1,1,1989,0,0,0,9,0,0,0,0,0,0
220295,1,1,1989,19,30,7,0,17,31,24,0,0,0
220296,1,1,1989,13,13,13,13,13,13,13,13,13,13
220297,0,1,1989,0,8,0,0,48,14,0,0,27,0
220297,1,1,1989,0,0,0,0,0,0,0,0,0,0
220298,1,1,1989,0,0,0,0,0,0,0,0,0,0
220298,2,1,1989,0,0,0,0,0,0,0,0,0,0
220299,1,1,1989,12,12,12,12,12,12,12,12,12,12
220300,1,1,1989,0,0,0,0,30,0,0,0,0,0
220301,1,1,1989,0,0,0,0,0,0,0,0,0,0