ST_CASE,VEH_NO,PER_NO,YEAR,P1,P2,P3,P4,P5,P6,P7,P8,P9,P10
220597,1,1,1989,24,24,24,24,24,24,24,24,24,24
220598,0,1,1989,1,1,1,1,1,1,1,1,1,1
220598,1,1,1989,7,7,7,7,7,7,7,7,7,7
220599,0,1,1989,0,0,0,0,0,0,0,0,0,0
220599,1,1,1989,0,0,0,0,0,0,0,0,0,0
220600,1,1,1989,0,0,0,0,0,7,0,8,0,0
220601,0,1,1989,23,12,0,16,0,24,12,0,20,0
220601,1,1,1989,6,6,6,6,6,6,6,6,6,6
220602,1,1,1989,0,0,0,0,21,0,0,0,0,0
220602,2,1,1989,0,0,0,0,0,0,0,0,0,0
220603,1,1,1989,0,0,0,0,0,0,0,0,0,0
220604,1,1,1989,0,0,0,0,0,0,0,0,0,0
220604,2,1,1989,0,0,0,0,0,4,0,0,13,0
220605,1,1,1989,17,17,17,17,17,17,17,17,17,17
220606,1,1,1989,0,0,0,0,0,0,0,0,0,0
220607,0,1,1989,18,28,0,0,43,0,0,0,27,8
220607,1,1,1989,18,0,24,0,0,0,0,19,0,0
220608,1,1,1989,0,0,0,0,0,0,15,0,0,7
220608,2,1,1989,0,0,0,0,0,0,0,0,0,0
220609,1,1,1989,12,12,12,12,12,12,12,12,12,12
220610,1,1,1989,0,0,0,0,0,0,0,0,0,0
220610,2,1,1989,0,0,0,0,0,0,0,0,0,0
220611,1,1,1989,0,0,0,0,0,0,0,0,0,0
220612,0,1,1989,0,0,0,0,0,0,0,8,0,0
220612,1,1,1989,0,0,0,0,0,0,0,0,0,0
220613,1,1,1989,0,0,0,0,0,0,0,0,0,0
220614,1,1,1989,0,0,0,0,0,0,0,0,0,0
220614,2,1,1989,0,0,0,0,9,0,7,0,0,0
220615,1,1,1989,3,3,3,3,3,3,3,3,3,3
220615,2,1,1989,0,0,0,0,0,0,0,0,0,0
220616,1,1,1989,0,0,0,0,0,0,0,0,0,0
220616,2,1,1989,0,0,0,0,0,0,0,15,0,0
220617,0,1,1989,0,0,0,0,0,0,0,0,0,0
220617,1,1,1989,0,0,0,0,0,0,0,0,0,0
220618,1,1,1989,0,0,0,0,0,0,0,0,0,0
220619,1,1,1989,0,0,0,0,0,0,0,0,0,0
220619,2,1,1989,0,0,0,0,0,0,0,0,0,0
220620,1,1,1989,0,0,0,0,0,0,0,0,0,0
220620,2,1,1989,0,0,0,0,0,0,0,0,0,0
220621,1,1,1989,0,0,0,0,0,0,0,0,0,0
220621,2,1,1989,0,0,0,0,0,0,0,0,0,0
220622,1,1,1989,0,0,0,0,0,0,0,0,0,0
220623,1,1,1989,0,0,0,0,0,0,0,0,0,0
220624,1,1,1989,18,0,5,14,0,0,0,16,0,6
220625,0,1,1989,0,0,0,0,0,0,0,0,0,0
220625,1,1,1989,0,0,0,0,0,0,0,0,0,0
220626,1,1,1989,0,0,0,0,0,0,0,0,0,0
220626,2,1,1989,0,0,0,0,0,0,0,0,0,0
220626,3,1,1989,0,0,0,0,0,0,0,0,0,0
220627,0,1,1989,0,0,0,0,0,0,0,0,0,0
220627,1,1,1989,0,0,0,0,0,0,0,0,0,0
220628,1,1,1989,17,17,17,17,17,17,17,17,17,17
220629,1,1,1989,27,0,11,10,0,0,9,5,12,0
220630,1,1,1989,22,24,0,20,18,0,4,12,0,0
220631,1,1,1989,0,0,0,0,0,0,0,0,0,0
220631,2,1,1989,0,0,0,0,0,0,0,0,0,0
220632,1,1,1989,19,19,19,19,19,19,19,19,19,19
220632,2,1,1989,0,0,0,0,0,0,0,0,0,0
220633,0,1,1989,0,47,0,0,0,0,12,0,0,0
220633,1,1,1989,0,0,0,0,0,0,0,0,0,0
220634,1,1,1989,0,0,0,0,0,0,0,16,0,0
220634,2,1,1989,0,0,7,0,0,0,0,0,0,9
220635,1,1,1989,11,11,11,11,11,11,11,11,11,11
220636,0,1,1989,0,0,0,0,0,0,0,0,0,0
220636,1,1,1989,0,0,0,0,0,0,0,0,0,0
220637,1,1,1989,8,8,8,8,8,8,8,8,8,8
220638,1,1,1989,0,0,0,0,0,11,19,0,0,3
220639,0,1,1989,0,0,0,0,0,0,0,0,0,0
220639,1,1,1989,0,0,0,0,0,0,0,0,0,0
220640,0,1,1989,23,33,9,14,0,18,36,21,23,17
220640,1,1,1989,0,0,0,0,0,6,0,0,0,0
220641,0,1,1989,0,0,0,0,0,0,0,0,0,0
220641,1,1,1989,0,0,0,0,0,0,0,0,0,0
220642,1,1,1989,0,0,0,0,0,0,0,0,0,0
220644,1,1,1989,0,0,0,18,18,0,19,19,0,0
220645,1,1,1989,0,0,0,0,0,0,0,0,0,0
220645,2,1,1989,0,0,0,0,0,0,0,0,0,0
220645,3,1,1989,0,0,0,0,0,0,0,0,0,0
220646,1,1,1989,0,0,0,0,0,0,0,0,0,0
220646,2,1,1989,0,25,0,11,0,0,16,16,0,0
220647,1,1,1989,0,0,0,0,0,0,0,0,0,0
220647,2,1,1989,0,0,0,0,0,0,0,0,0,0
220648,1,1,1989,0,0,0,0,0,0,0,0,0,0
220648,2,1,1989,0,0,0,0,0,0,0,0,0,0
220649,1,1,1989,0,0,0,0,0,0,0,0,0,0
220649,2,1,1989,0,0,24,0,24,0,0,17,0,18
220650,1,1,1989,0,0,0,0,0,0,0,0,0,0
220650,2,1,1989,0,0,0,0,0,0,0,0,0,0
220651,1,1,1989,0,0,0,0,0,0,0,0,0,0
220651,2,1,1989,0,0,0,0,0,0,0,0,0,0
220652,1,1,1989,0,0,0,0,0,0,12,0,0,0
220652,2,1,1989,0,0,0,0,0,0,0,0,0,0
220653,1,1,1989,0,0,0,0,0,27,15,0,27,0
220654,1,1,1989,0,0,0,0,0,0,0,0,0,0
220655,1,1,1989,17,17,17,17,17,17,17,17,17,17
220657,0,1,1989,0,0,0,0,0,0,0,0,0,0
220657,1,1,1989,0,0,0,0,0,0,0,0,0,0
220658,1,1,1989,0,0,0,0,0,0,0,0,0,0
220658,2,1,1989,0,0,0,0,0,0,0,0,0,0
220658,3,1,1989,0,0,0,0,0,0,0,0,0,0
220659,1,1,1989,17,0,40,22,18,0,9,0,0,21
220660,1,1,1989,0,0,0,0,0,0,0,0,0,0
220660,2,1,1989,0,0,0,0,0,0,0,0,0,0
220661,1,1,1989,17,17,17,17,17,17,17,17,17,17
220661,2,1,1989,0,0,0,0,0,0,0,0,0,0
220662,1,1,1989,0,0,0,0,0,0,0,0,0,0
220662,2,1,1989,16,16,16,16,16,16,16,16,16,16
220663,1,1,1989,0,0,0,0,0,0,9,0,0,0
220663,2,1,1989,0,0,0,0,0,0,0,0,0,0
220664,1,1,1989,0,0,0,0,0,0,0,0,0,0
220665,1,1,1989,33,33,33,33,33,33,33,33,33,33
220666,1,1,1989,0,0,0,0,0,0,0,0,0,0
220666,2,1,1989,0,0,0,0,0,0,0,0,0,0
220667,1,1,1989,0,0,0,0,0,0,0,0,0,0
220668,0,1,1989,0,0,0,0,17,0,0,0,0,0
220668,1,1,1989,0,0,0,0,0,0,0,0,0,0
220669,1,1,1989,0,0,0,0,0,0,0,0,0,0
220669,2,1,1989,7,7,7,7,7,7,7,7,7,7
220670,1,1,1989,0,0,0,0,0,0,0,0,0,0
220670,2,1,1989,12,12,12,12,12,12,12,12,12,12
220671,1,1,1989,15,15,15,15,15,15,15,15,15,15
220672,1,1,1989,34,34,34,34,34,34,34,34,34,34
220673,1,1,1989,0,0,0,0,26,0,0,0,0,0
220673,2,1,1989,0,0,0,0,0,25,0,21,0,0
220674,1,1,1989,0,0,0,0,0,0,0,0,0,0
220675,1,1,1989,9,15,19,16,26,12,8,20,23,15
220676,1,1,1989,26,25,12,29,4,18,14,10,0,10
220676,2,1,1989,0,0,0,0,0,0,0,0,0,0
220677,1,1,1989,16,16,16,16,16,16,16,16,16,16
220677,2,1,1989,0,0,0,0,0,0,0,0,0,0
220678,1,1,1989,16,0,0,20,0,6,0,0,9,0
220679,1,1,1989,0,0,0,19,0,0,26,0,13,0
220680,1,1,1989,0,14,0,0,0,0,0,0,0,0
220681,1,1,1989,17,17,17,17,17,17,17,17,17,17
220682,1,1,1989,15,15,15,15,15,15,15,15,15,15
220683,0,1,1989,0,0,0,0,0,0,0,0,0,0
220683,1,1,1989,20,20,20,20,20,20,20,20,20,20
220684,1,1,1989,0,0,0,0,0,0,0,0,0,0
220684,2,1,1989,0,0,0,0,0,0,0,0,0,0
220685,1,1,1989,0,0,0,0,0,0,0,0,0,0
220686,0,1,1989,0,0,0,0,0,0,0,0,0,0
220686,0,2,1989,0,0,0,0,0,12,0,0,0,22
220686,1,1,1989,23,23,23,23,23,23,23,23,23,23
220687,1,1,1989,0,0,0,0,0,25,0,0,0,0
220687,2,1,1989,0,0,0,0,0,0,0,0,0,0
220688,1,1,1989,0,0,0,0,0,0,0,0,0,0
220688,2,1,1989,0,0,0,0,0,0,0,0,0,0
220689,0,1,1989,10,10,10,10,10,10,10,10,10,10
220689,1,1,1989,0,0,0,0,0,0,0,0,0,0
220690,0,1,1989,24,0,0,11,0,21,27,17,0,0
220690,1,1,1989,8,27,0,0,0,21,0,0,0,0
220691,0,1,1989,0,0,0,0,0,0,0,0,0,0
220691,0,2,1989,0,0,0,0,0,14,0,0,0,18
220691,0,3,1989,9,24,0,0,0,20,3,12,2,5
220691,1,1,1989,16,16,16,16,16,16,16,16,16,16
220692,1,1,1989,0,0,0,0,0,0,0,0,0,0
220692,2,1,1989,20,20,20,20,20,20,20,20,20,20
220693,0,1,1989,21,21,26,0,23,32,0,24,38,48
220693,1,1,1989,0,0,0,18,0,10,21,0,14,0
220694,1,1,1989,12,12,12,12,12,12,12,12,12,12
220694,2,1,1989,0,0,0,0,0,0,0,0,0,0
220695,1,1,1989,0,0,0,0,0,0,0,0,0,0
220695,2,1,1989,0,0,0,0,0,0,0,0,0,0
220696,1,1,1989,0,0,0,0,0,0,0,0,0,0
220696,2,1,1989,0,0,0,0,0,0,0,0,0,0
220697,0,1,1989,20,26,0,30,10,31,29,30,12,0
220697,1,1,1989,17,17,17,17,17,17,17,17,17,17
220698,1,1,1989,13,13,13,13,13,13,13,13,13,13
220699,1,1,1989,15,15,15,15,15,15,15,15,15,15
220700,1,1,1989,0,0,0,10,0,0,0,0,0,0
220701,1,1,1989,0,0,0,0,0,3,0,0,0,14
220701,2,1,1989,0,0,0,0,0,0,0,0,0,0
220702,1,1,1989,0,0,0,0,0,0,0,0,0,0
220702,2,1,1989,0,0,0,0,0,0,0,0,0,0
220703,1,1,1989,0,0,0,0,0,0,0,0,0,0
220703,2,1,1989,0,0,0,0,0,0,0,0,0,0
220704,0,1,1989,21,7,3,0,2,18,0,23,3,23
220704,1,1,1989,0,0,0,0,0,0,0,0,0,0
220705,1,1,1989,0,0,0,0,0,0,0,0,0,0
220706,1,1,1989,0,0,0,16,0,0,20,0,23,0
220707,1,1,1989,15,15,15,15,15,15,15,15,15,15
220708,1,1,1989,0,0,0,0,0,0,0,0,0,0
220708,2,1,1989,0,0,0,0,0,0,0,0,0,0
220709,1,1,1989,0,0,0,0,0,0,0,0,0,0
220709,2,1,1989,0,0,0,0,0,0,0,0,0,0
220709,3,1,1989,0,0,0,0,0,0,0,0,0,0
220710,0,1,1989,0,0,0,0,0,0,0,0,0,0
220710,1,1,1989,0,0,0,0,0,0,0,0,0,0
220711,0,1,1989,31,31,31,31,31,31,31,31,31,31
220711,1,1,1989,0,0,0,0,0,0,0,0,0,0
220712,1,1,1989,0,0,0,0,0,0,0,0,0,0
220712,2,1,1989,21,21,21,21,21,21,21,21,21,21
220713,1,1,1989,28,33,22,21,8,20,40,19,29,18
220714,1,1,1989,0,0,0,0,0,0,0,0,0,0
220714,2,1,1989,0,0,0,0,0,0,0,0,0,0
220715,1,1,1989,26,26,26,26,26,26,26,26,26,26
220716,1,1,1989,9,9,9,9,9,9,9,9,9,9
220716,2,1,1989,0,0,0,0,0,0,0,0,0,0
220717,1,1,1989,27,27,27,27,27,27,27,27,27,27
220717,2,1,1989,0,0,0,5,0,0,12,0,0,26
220718,1,1,1989,15,15,15,15,15,15,15,15,15,15
220719,1,1,1989,0,0,0,0,0,0,0,0,0,0
220719,2,1,1989,0,0,0,26,10,0,0,0,0,0
220720,1,1,1989,0,0,0,0,0,0,0,0,0,0
220721,1,1,1989,0,0,0,0,20,0,0,0,0,0
220721,2,1,1989,0,0,0,0,8,0,16,0,0,0
220721,3,1,1989,0,0,0,0,0,0,0,0,0,0
220722,1,1,1989,17,17,17,17,17,17,17,17,17,17
220723,1,1,1989,0,0,0,0,0,0,0,0,0,0
220723,2,1,1989,0,0,0,0,0,0,0,0,0,0
220724,1,1,1989,0,0,0,0,0,0,0,0,0,0
220724,2,1,1989,0,0,0,0,0,0,0,0,0,0
220725,1,1,1989,0,0,0,0,0,0,0,0,0,0
220725,2,1,1989,0,0,0,0,0,0,0,0,0,0
220726,1,1,1989,8,0,8,9,9,0,0,20,0,26
220727,1,1,1989,18,18,18,18,18,18,18,18,18,18
220727,2,1,1989,0,0,0,0,0,0,0,0,0,0
220728,1,1,1989,10,10,10,10,10,10,10,10,10,10
220729,1,1,1989,0,0,0,0,0,0,0,0,0,0
220730,1,1,1989,0,0,0,0,0,0,0,0,0,0
220730,2,1,1989,0,0,0,0,0,0,0,0,0,0
220731,1,1,1989,21,21,21,21,21,21,21,21,21,21
220732,1,1,1989,11,11,11,11,11,11,11,11,11,11
220733,1,1,1989,10,0,0,0,0,0,0,0,17,0
220734,1,1,1989,11,11,11,11,11,11,11,11,11,11
220735,1,1,1989,0,0,0,0,0,0,0,0,0,0
220735,2,1,1989,0,0,0,0,20,0,0,12,0,0
220736,1,1,1989,13,13,13,13,13,13,13,13,13,13
220737,1,1,1989,0,0,0,0,15,0,0,0,0,0
220737,2,1,1989,0,0,0,0,0,0,0,0,0,0
220738,1,1,1989,0,0,0,0,0,0,0,0,0,0
220739,1,1,1989,0,0,0,0,0,9,0,0,0,0
220740,1,1,1989,0,0,0,0,0,0,0,0,0,0
220740,2,1,1989,0,0,0,0,0,0,0,0,0,0
220741,1,1,1989,12,12,12,12,12,12,12,12,12,12
220742,1,1,1989,24,0,19,21,23,26,0,0,35,29
220742,2,1,1989,0,0,0,0,0,0,0,0,0,0
220743,0,1,1989,15,15,15,15,15,15,15,15,15,15
220743,1,1,1989,11,19,0,0,0,0,0,0,0,0
220744,1,1,1989,0,0,0,0,0,0,0,0,0,0
220744,2,1,1989,0,0,0,0,0,0,0,9,0,0
220745,1,1,1989,21,18,0,0,5,15,0,0,13,0
220745,2,1,1989,0,7,17,19,15,25,6,17,0,0
220746,1,1,1989,11,11,11,11,11,11,11,11,11,11
220746,2,1,1989,0,13,18,13,0,0,6,5,0,0
220747,1,1,1989,0,0,0,0,0,0,0,0,0,0
220747,2,1,1989,0,0,0,0,0,0,6,0,0,0
220748,1,1,1989,0,0,0,0,0,0,0,0,0,0
220749,1,1,1989,0,0,0,0,0,0,0,0,0,0
220749,2,1,1989,0,0,0,0,0,0,0,0,0,0
220750,0,1,1989,10,29,33,10,27,18,16,14,23,23
220750,1,1,1989,0,17,23,21,0,0,0,14,0,15
220751,1,1,1989,16,16,16,16,16,16,16,16,16,16
220752,1,1,1989,41,0,26,0,0,28,18,0,22,8
220753,1,1,1989,7,7,7,7,7,7,7,7,7,7
220754,1,1,1989,4,4,4,4,4,4,4,4,4,4
220755,0,1,1989,0,0,3,0,28,26,12,0,0,14
220755,1,1,1989,0,0,8,28,0,0,11,0,0,10
220757,1,1,1989,0,0,0,0,0,0,0,0,0,0
220758,1,1,1989,0,0,0,0,0,0,0,0,0,0
220758,2,1,1989,0,0,0,0,0,0,0,0,0,0
220759,0,1,1989,0,0,0,0,0,0,0,0,0,0
220759,1,1,1989,0,0,0,0,20,0,0,0,0,0
220760,1,1,1989,0,0,0,0,0,0,0,0,0,0
220760,2,1,1989,0,0,0,0,0,0,0,0,0,0
220761,1,1,1989,24,24,24,24,24,24,24,24,24,24
220762,1,1,1989,0,0,0,0,0,0,0,0,0,0
220762,2,1,1989,0,0,0,0,0,0,0,0,0,0
220762,3,1,1989,0,0,0,0,0,0,0,0,0,0
220763,1,1,1989,14,14,14,14,14,14,14,14,14,14
220763,2,1,1989,6,6,6,6,6,6,6,6,6,6
220763,3,1,1989,0,0,0,0,0,0,0,0,0,0
220764,1,1,1989,0,0,0,0,0,0,0,0,0,0
220765,1,1,1989,20,20,20,20,20,20,20,20,20,20
220765,2,1,1989,0,0,0,0,0,0,0,0,0,0
220766,1,1,1989,6,6,6,6,6,6,6,6,6,6
220767,0,1,1989,0,0,0,0,0,0,0,0,0,0
220767,1,1,1989,0,0,0,0,0,0,0,0,0,0
220767,2,1,1989,0,0,0,0,0,0,0,0,0,0
220768,1,1,1989,12,12,12,12,12,12,12,12,12,12
220768,2,1,1989,16,16,16,16,16,16,16,16,16,16
220769,0,1,1989,0,0,0,0,0,0,0,0,0,0
220769,1,1,1989,0,0,0,0,0,0,0,0,0,0
220770,0,1,1989,25,25,25,25,25,25,25,25,25,25
220770,1,1,1989,0,0,0,0,0,0,0,0,0,0
220771,1,1,1989,8,8,8,8,8,8,8,8,8,8
220772,1,1,1989,10,10,10,10,10,10,10,10,10,10
220773,1,1,1989,0,0,0,0,0,0,0,0,0,0
220773,2,1,1989,0,0,0,0,0,0,0,0,0,0
220774,0,1,1989,0,0,0,0,0,0,0,0,0,0
220774,1,1,1989,16,16,16,16,16,16,16,16,16,16
220775,0,1,1989,0,0,0,0,0,0,0,0,0,0
220775,1,1,1989,0,0,0,0,0,0,0,0,0,0
220776,0,1,1989,0,0,0,0,0,0,0,0,0,0
220776,1,1,1989,0,0,0,0,0,0,0,0,0,0
220777,0,1,1989,14,14,14,14,14,14,14,14,14,14
220777,1,1,1989,16,0,15,0,0,0,7,0,0,21
220778,0,1,1989,0,0,0,0,0,0,0,0,0,0
220778,0,2,1989,0,0,0,0,0,17,0,6,0,0
220778,0,3,1989,0,0,0,0,7,0,17,0,0,0
220778,1,1,1989,0,0,0,0,0,0,0,0,0,0
220779,1,1,1989,0,0,0,0,0,0,0,24,8,0
220779,2,1,1989,0,0,0,0,0,0,0,0,0,0
220780,1,1,1989,18,0,16,6,9,0,0,20,7,17
220781,0,1,1989,34,34,34,34,34,34,34,34,34,34
220781,1,1,1989,0,0,0,0,0,0,0,0,0,0
220782,1,1,1989,0,0,0,0,4,0,0,0,0,0
220782,2,1,1989,0,0,0,0,0,0,0,0,21,0
220783,1,1,1989,0,0,0,0,0,0,0,0,0,0
220784,1,1,1989,0,0,0,0,0,0,0,0,0,0
220784,2,1,1989,0,0,0,0,0,0,0,0,0,0
220785,1,1,1989,14,0,0,0,0,12,6,0,0,17
220785,2,1,1989,8,0,0,13,2,15,22,10,9,8
220786,1,1,1989,0,24,0,26,21,35,0,0,12,0
220787,1,1,1989,0,0,0,0,0,0,0,0,0,0
220788,1,1,1989,0,0,0,13,9,18,17,0,21,0
220789,1,1,1989,0,0,0,0,0,0,0,0,0,0
220790,0,1,1989,0,0,7,7,22,0,0,0,0,0
220790,1,1,1989,0,0,0,0,9,16,0,0,0,0
220791,0,1,1989,0,26,0,0,0,18,0,12,28,0
220791,1,1,1989,0,14,0,0,10,21,15,0,0,0
220793,1,1,1989,0,0,0,0,0,0,0,0,0,0
220793,2,1,1989,0,0,21,0,0,0,0,0,0,0
220794,0,1,1989,0,19,0,0,0,0,0,0,19,0
220794,1,1,1989,0,7,0,0,0,12,22,0,0,0
220795,1,1,1989,0,0,0,0,0,0,0,0,0,0
220795,2,1,1989,0,0,0,0,0,0,0,0,0,0
220796,1,1,1989,20,13,14,0,24,21,15,25,33,17
220797,1,1,1989,0,0,0,0,0,0,0,0,0,0
220797,2,1,1989,0,0,0,0,0,20,0,0,0,0
220797,3,1,1989,0,0,0,0,0,0,0,0,0,0
220798,1,1,1989,0,0,0,0,0,0,0,0,0,0
220799,1,1,1989,19,19,19,19,19,19,19,19,19,19
220800,1,1,1989,0,0,0,0,0,0,0,0,0,0
220801,1,1,1989,0,5,0,0,0,0,27,19,14,0
220801,2,1,1989,12,19,0,15,0,17,17,14,0,9
220802,1,1,1989,25,25,25,25,25,25,25,25,25,25
230001,2,1,1989,0,0,0,0,0,0,0,0,0,0
230002,1,1,1989,0,0,0,0,0,0,0,0,0,0
230003,1,1,1989,20,0,0,0,0,0,0,0,0,0
230003,2,1,1989,0,0,0,0,0,0,29,0,0,0
230004,1,1,1989,0,0,0,0,0,0,0,0,0,0
230004,2,1,1989,0,0,0,0,0,0,0,0,0,0
230005,1,1,1989,0,0,0,0,0,0,0,0,0,0
230005,2,1,1989,0,0,0,0,0,0,0,0,0,0
230005,3,1,1989,0,0,0,0,0,0,0,0,0,0
230006,1,1,1989,0,0,0,0,0,0,0,0,0,0
230006,2,1,1989,0,0,0,0,0,0,0,0,0,0
230007,1,1,1989,0,0,0,0,0,0,0,0,0,0
230008,0,1,1989,0,0,0,0,0,0,0,0,0,0
230008,1,1,1989,0,0,0,0,0,0,0,0,0,0
230009,1,1,1989,0,0,0,0,0,0,0,0,0,0
230009,2,1,1989,0,0,0,0,0,0,0,0,0,0
230010,1,1,1989,0,0,0,0,0,0,0,0,0,0
230011,1,1,1989,0,0,0,0,0,0,0,0,0,0
230012,1,1,1989,0,0,0,0,0,0,0,0,0,0
230012,2,1,1989,0,0,0,0,0,0,0,0,0,0
230013,1,1,1989,0,0,0,0,0,0,0,0,0,0
230013,2,1,1989,0,0,0,0,0,0,0,0,0,27
230014,1,1,1989,23,23,23,23,23,23,23,23,23,23
230015,1,1,1989,9,0,0,0,0,0,0,17,14,0
230016,1,1,1989,0,0,0,0,0,0,0,0,0,0
230017,1,1,1989,0,19,0,0,0,0,0,0,0,0
230017,2,1,1989,13,0,0,0,0,0,0,0,0,0
230018,1,1,1989,0,0,0,0,0,0,0,0,0,0
230019,0,1,1989,0,0,0,0,0,0,0,0,0,0
230019,1,1,1989,0,0,0,0,0,0,0,0,0,0
230020,1,1,1989,20,20,20,20,20,20,20,20,20,20
230021,0,1,1989,34,34,34,34,34,34,34,34,34,34
230021,1,1,1989,0,0,0,0,0,0,0,0,0,0
230021,2,1,1989,0,0,0,0,0,0,0,0,0,0
230022,0,1,1989,0,0,0,0,0,0,0,0,0,0
230022,1,1,1989,0,0,0,0,0,0,0,0,0,0
230023,1,1,1989,0,0,0,0,0,0,0,0,0,0
230023,2,1,1989,0,0,0,0,0,0,0,0,0,0
230024,1,1,1989,19,19,19,19,19,19,19,19,19,19
230025,1,1,1989,0,0,0,0,0,0,0,0,0,0
230025,2,1,1989,0,0,0,0,0,0,0,0,0,0
230026,1,1,1989,0,0,0,0,0,0,0,0,0,0
230026,2,1,1989,0,0,0,0,0,0,0,0,0,0
230027,1,1,1989,0,0,0,0,0,0,0,0,0,0
230027,2,1,1989,0,0,0,0,0,0,0,0,0,0
230028,1,1,1989,0,0,0,0,0,0,0,0,0,0
230028,2,1,1989,0,0,0,0,0,0,0,0,0,0
230029,0,1,1989,0,0,0,7,0,0,0,20,0,0
230029,1,1,1989,0,0,0,0,0,0,0,0,0,0
230030,1,1,1989,0,0,0,0,0,0,0,0,0,0
230030,2,1,1989,4,0,0,0,0,0,0,0,0,0
230031,0,1,1989,0,0,0,0,33,0,0,0,0,0
230031,0,2,1989,4,5,9,8,0,6,6,13,20,0
230031,1,1,1989,22,22,22,22,22,22,22,22,22,22
230032,1,1,1989,23,23,23,23,23,23,23,23,23,23
230033,1,1,1989,0,0,0,0,0,0,0,0,0,0
230033,2,1,1989,24,24,24,24,24,24,24,24,24,24
230034,1,1,1989,20,20,20,20,20,20,20,20,20,20
230035,1,1,1989,36,36,36,36,36,36,36,36,36,36
230035,2,1,1989,7,7,7,7,7,7,7,7,7,7
230036,1,1,1989,0,0,0,0,0,0,0,0,0,0
230036,2,1,1989,7,7,7,7,7,7,7,7,7,7
230037,1,1,1989,0,0,0,0,0,0,0,0,0,0
230037,2,1,1989,0,0,0,0,0,0,0,0,0,0
230038,1,1,1989,0,0,0,0,0,0,0,0,0,0
230039,1,1,1989,0,0,0,0,0,0,0,0,0,0
230039,2,1,1989,0,0,0,0,0,0,0,0,0,0
230040,0,1,1989,0,0,0,0,0,0,0,0,0,0
230040,1,1,1989,0,0,0,0,0,0,0,0,0,0
230041,1,1,1989,0,0,0,0,0,0,0,0,0,0
230042,0,1,1989,7,7,7,7,7,7,7,7,7,7
230042,1,1,1989,0,0,0,0,0,0,0,0,0,0
230043,1,1,1989,0,0,0,0,0,0,0,0,0,0
230043,2,1,1989,0,0,0,0,0,0,0,0,0,0
230044,1,1,1989,32,32,32,32,32,32,32,32,32,32
230045,1,1,1989,15,15,15,15,15,15,15,15,15,15
230045,2,1,1989,0,0,0,0,0,0,0,0,0,0
230046,1,1,1989,0,0,0,0,0,0,0,0,0,0
230046,2,1,1989,0,0,0,0,0,0,0,0,0,0
230047,0,1,1989,0,0,0,0,0,0,0,0,0,0
230047,1,1,1989,0,0,0,0,0,0,0,0,0,0
230048,1,1,1989,0,0,0,0,0,0,0,0,0,0
230048,2,1,1989,0,0,0,0,0,0,0,0,0,0
230049,1,1,1989,0,0,0,0,0,0,0,0,0,0
230049,2,1,1989,0,0,0,0,0,0,0,0,0,0
230049,3,1,1989,0,0,0,0,0,0,0,0,0,0
230050,1,1,1989,0,0,0,0,0,0,0,0,0,0
230050,2,1,1989,0,0,0,0,0,0,0,0,0,0
230051,0,1,1989,20,20,20,20,20,20,20,20,20,20
230051,1,1,1989,0,21,0,0,0,0,0,0,0,0
230052,1,1,1989,15,15,15,15,15,15,15,15,15,15
230053,0,1,1989,0,0,0,0,0,0,0,0,0,0
230053,1,1,1989,0,0,0,0,0,0,0,0,0,0
230054,1,1,1989,0,0,0,0,0,0,0,0,0,0
230056,0,1,1989,0,0,0,0,0,0,0,0,0,0
230056,1,1,1989,27,27,27,27,27,27,27,27,27,27
230057,1,1,1989,20,20,20,20,20,20,20,20,20,20
230058,1,1,1989,0,0,0,0,0,0,0,0,0,0
230059,1,1,1989,0,0,0,0,0,0,0,0,0,0
230059,2,1,1989,0,0,0,0,0,0,0,0,0,0
230060,1,1,1989,0,0,0,0,0,0,0,0,0,0
230061,1,1,1989,0,0,0,0,0,0,0,0,0,0
230061,2,1,1989,0,0,0,0,0,0,0,0,0,0
230062,1,1,1989,36,25,8,10,23,23,11,17,20,13
230062,2,1,1989,20,18,6,12,12,15,16,15,14,26
230063,1,1,1989,26,26,26,26,26,26,26,26,26,26
230064,1,1,1989,12,12,12,12,12,12,12,12,12,12
230065,1,1,1989,0,0,0,0,0,0,0,0,0,0
230065,2,1,1989,0,0,0,0,0,0,0,0,0,0
230066,1,1,1989,0,0,0,0,0,0,0,0,0,0
230067,1,1,1989,0,0,0,0,0,0,0,0,0,0
230067,2,1,1989,0,0,0,0,0,0,0,0,0,0
230067,3,1,1989,0,0,18,8,3,0,0,0,0,13
230068,1,1,1989,31,31,31,31,31,31,31,31,31,31
230069,1,1,1989,0,0,0,0,0,0,0,0,0,0
230070,1,1,1989,0,0,0,0,0,0,0,0,0,0
230070,2,1,1989,0,0,0,0,0,0,0,0,0,0
230071,1,1,1989,0,0,0,0,0,0,0,0,0,0
230072,1,1,1989,0,0,0,0,0,0,14,0,0,0
230073,1,1,1989,11,11,11,11,11,11,11,11,11,11
230074,1,1,1989,0,0,0,0,0,0,0,0,0,0
230074,2,1,1989,0,0,0,0,0,0,0,0,0,0
230075,1,1,1989,20,20,20,20,20,20,20,20,20,20
230076,1,1,1989,0,0,0,0,0,0,0,0,0,0
230076,2,1,1989,0,0,0,0,0,0,0,0,0,0
230077,1,1,1989,11,11,11,11,11,11,11,11,11,11
230078,0,1,1989,0,0,0,0,0,0,0,0,0,0