ST_CASE,VEH_NO,PER_NO,YEAR,P1,P2,P3,P4,P5,P6,P7,P8,P9,P10
230078,1,1,1989,0,0,0,0,0,0,0,0,0,0
230079,1,1,1989,2,2,2,2,2,2,2,2,2,2
230079,2,1,1989,0,0,0,0,0,0,0,0,0,0
230080,1,1,1989,0,0,0,0,0,0,0,0,0,0
230080,2,1,1989,0,0,0,0,0,0,0,0,0,0
230081,0,1,1989,0,0,0,0,0,0,0,0,0,0
230081,1,1,1989,0,0,0,0,0,0,0,0,0,0
230082,1,1,1989,3,3,3,3,3,3,3,3,3,3
230083,0,1,1989,26,26,26,26,26,26,26,26,26,26
230083,1,1,1989,0,0,0,0,0,0,0,0,0,0
230084,1,1,1989,0,0,0,0,0,0,0,0,0,0
230085,1,1,1989,0,0,0,0,0,0,0,0,0,0
230085,2,1,1989,0,0,0,0,0,0,0,0,0,0
230086,1,1,1989,19,19,19,19,19,19,19,19,19,19
230086,2,1,1989,0,0,0,0,0,0,0,0,0,0
230087,0,1,1989,29,29,29,29,29,29,29,29,29,29
230087,1,1,1989,7,7,7,7,7,7,7,7,7,7
230089,1,1,1989,0,0,0,0,0,0,0,0,0,0
230089,2,1,1989,0,0,0,0,0,0,0,0,0,0
230090,1,1,1989,22,22,22,22,22,22,22,22,22,22
230091,1,1,1989,14,14,14,14,14,14,14,14,14,14
230092,1,1,1989,0,0,0,0,0,0,0,0,0,0
230093,0,1,1989,0,0,0,0,0,0,0,0,0,0
230093,1,1,1989,0,0,0,0,0,0,0,0,0,0
230094,1,1,1989,0,0,0,0,0,0,0,0,0,0
230094,2,1,1989,0,0,0,0,0,0,0,0,0,0
230095,1,1,1989,15,15,15,15,15,15,15,15,15,15
230096,1,1,1989,0,0,0,0,0,0,0,0,24,0
230097,1,1,1989,0,0,0,0,0,0,0,0,0,0
230097,2,1,1989,0,0,0,0,0,0,0,0,0,0
230098,1,1,1989,0,0,0,0,0,0,0,0,0,0
230098,2,1,1989,0,0,0,0,0,0,0,0,0,0
230099,1,1,1989,27,27,27,27,27,27,27,27,27,27
230100,1,1,1989,0,0,0,0,0,0,0,0,0,0
230100,2,1,1989,0,0,0,0,0,0,0,0,0,0
230101,1,1,1989,13,13,13,13,13,13,13,13,13,13
230102,1,1,1989,8,8,8,8,8,8,8,8,8,8
230103,0,1,1989,0,0,0,0,0,0,0,0,0,0
230103,1,1,1989,0,0,0,0,0,0,0,0,0,0
230104,1,1,1989,0,0,0,0,0,0,0,0,0,0
230105,1,1,1989,16,16,16,16,16,16,16,16,16,16
230106,1,1,1989,0,0,0,0,0,0,0,0,0,0
230106,2,1,1989,0,0,0,0,0,0,0,0,0,0
230106,3,1,1989,0,0,0,0,0,0,0,0,0,0
230107,1,1,1989,23,23,23,23,23,23,23,23,23,23
230108,1,1,1989,0,0,0,0,0,0,0,0,0,0
230108,2,1,1989,0,0,0,0,0,0,0,0,0,0
230109,0,1,1989,0,0,0,0,0,0,0,0,0,0
230109,1,1,1989,0,0,0,0,0,0,0,0,0,0
230110,1,1,1989,0,0,0,0,0,0,0,0,0,0
230111,1,1,1989,0,0,0,0,0,0,0,0,0,0
230111,2,1,1989,0,0,0,0,0,0,0,0,0,0
230112,1,1,1989,14,14,14,14,14,14,14,14,14,14
230113,1,1,1989,0,0,0,0,0,0,0,0,0,0
230114,1,1,1989,18,18,18,18,18,18,18,18,18,18
230114,2,1,1989,0,0,0,0,0,0,0,0,0,0
230115,1,1,1989,46,46,46,46,46,46,46,46,46,46
230116,0,1,1989,0,0,0,0,0,0,0,0,0,0
230116,1,1,1989,0,0,0,0,0,0,0,0,0,0
230117,1,1,1989,0,0,0,0,0,0,0,0,0,0
230117,2,1,1989,0,0,0,0,0,0,0,0,0,0
230118,1,1,1989,0,0,0,0,0,0,0,0,0,0
230118,2,1,1989,0,0,0,0,0,0,0,0,0,0
230118,3,1,1989,0,0,0,0,0,0,0,0,0,0
230119,1,1,1989,0,0,0,0,0,0,0,0,0,0
230120,1,1,1989,0,0,0,0,0,0,0,0,0,0
230120,2,1,1989,0,0,0,0,0,0,0,0,0,0
230121,1,1,1989,0,0,0,0,0,0,0,0,0,0
230122,1,1,1989,0,0,0,0,0,0,0,0,0,0
230123,1,1,1989,0,0,0,0,0,0,0,0,0,0
230123,2,1,1989,0,0,0,0,0,0,0,0,0,0
230124,1,1,1989,0,0,0,0,0,0,0,0,0,0
230124,2,1,1989,0,0,0,0,0,0,0,7,0,0
230125,0,1,1989,0,0,0,0,0,0,0,0,0,0
230125,1,1,1989,0,0,0,0,0,0,0,0,0,0
230126,1,1,1989,0,0,0,0,0,0,0,0,0,0
230127,1,1,1989,0,0,0,0,0,0,0,0,0,0
230127,2,1,1989,0,0,0,0,0,0,0,0,0,0
230128,1,1,1989,0,0,0,0,0,0,0,0,0,14
230129,0,1,1989,0,0,0,0,0,0,11,14,24,2
230129,0,2,1989,0,0,0,0,0,0,0,0,0,0
230129,1,1,1989,0,0,0,0,0,0,0,0,0,0
230130,0,1,1989,0,0,0,0,0,0,0,0,0,0
230130,1,1,1989,0,0,0,8,0,0,12,0,0,0
230131,1,1,1989,4,4,4,4,4,4,4,4,4,4
230132,1,1,1989,0,0,0,0,0,0,0,0,0,0
230132,2,1,1989,0,0,0,0,0,0,0,0,0,0
230132,3,1,1989,0,0,0,0,0,0,0,0,0,0
230133,0,1,1989,0,0,0,0,0,0,0,0,0,0
230133,0,2,1989,29,23,0,0,0,0,0,7,10,5
230133,1,1,1989,10,10,10,10,10,10,10,10,10,10
230134,0,1,1989,18,18,18,18,18,18,18,18,18,18
230134,1,1,1989,17,17,17,17,17,17,17,17,17,17
230135,1,1,1989,0,0,0,0,0,0,0,0,0,0
230136,1,1,1989,33,33,33,33,33,33,33,33,33,33
230137,1,1,1989,25,25,25,25,25,25,25,25,25,25
230137,2,1,1989,0,0,0,0,0,0,0,0,0,0
230138,1,1,1989,0,0,0,0,0,0,0,0,0,0
230138,2,1,1989,0,0,0,0,0,0,0,0,0,0
230138,3,1,1989,0,0,0,0,0,0,0,0,0,0
230139,0,1,1989,0,0,0,0,0,0,0,0,0,0
230139,1,1,1989,0,0,0,0,0,0,0,0,0,0
230140,1,1,1989,0,0,0,0,0,0,0,0,0,0
230140,2,1,1989,0,0,0,0,0,0,0,0,0,0
230141,1,1,1989,10,9,8,11,9,34,10,23,18,12
230142,1,1,1989,24,24,24,24,24,24,24,24,24,24
230142,2,1,1989,0,0,0,0,0,0,0,0,0,0
230143,1,1,1989,30,30,30,30,30,30,30,30,30,30
230144,1,1,1989,0,0,0,0,0,0,0,0,0,0
230145,1,1,1989,13,13,13,13,13,13,13,13,13,13
230146,1,1,1989,3,3,3,3,3,3,3,3,3,3
230147,1,1,1989,0,0,0,0,0,0,0,0,0,0
230147,2,1,1989,0,0,0,0,0,0,0,0,0,0
230148,1,1,1989,33,10,28,12,21,23,13,11,0,23
230148,2,1,1989,0,0,0,0,0,0,0,0,0,0
230149,1,1,1989,12,12,12,12,12,12,12,12,12,12
230150,1,1,1989,10,10,10,10,10,10,10,10,10,10
230150,2,1,1989,5,5,5,5,5,5,5,5,5,5
230151,1,1,1989,0,0,0,0,0,0,0,0,0,0
230151,2,1,1989,0,0,0,0,0,0,0,0,0,0
230152,0,1,1989,0,0,0,0,0,0,0,0,0,0
230152,1,1,1989,0,0,0,0,0,0,0,0,0,0
230153,1,1,1989,15,15,15,15,15,15,15,15,15,15
230154,1,1,1989,0,0,0,0,0,0,0,0,0,0
230154,2,1,1989,15,15,15,15,15,15,15,15,15,15
230155,1,1,1989,15,15,15,15,15,15,15,15,15,15
230157,1,1,1989,0,0,0,0,0,0,26,0,0,0
230158,1,1,1989,0,0,0,0,0,0,0,0,0,0
230158,2,1,1989,0,0,0,0,0,0,0,0,0,0
230159,1,1,1989,0,0,0,0,0,0,0,0,0,0
230159,2,1,1989,0,0,0,0,0,0,0,0,0,0
230160,1,1,1989,0,0,0,0,0,0,0,0,0,0
230161,1,1,1989,0,0,0,0,0,0,0,0,0,0
230161,2,1,1989,0,0,0,0,0,0,0,0,0,0
230162,1,1,1989,19,19,19,19,19,19,19,19,19,19
230163,1,1,1989,0,0,0,0,0,0,0,0,0,0
230164,1,1,1989,0,0,0,0,17,20,0,0,0,0
230165,1,1,1989,0,0,0,0,0,0,0,0,0,0
230165,2,1,1989,0,0,0,0,0,0,0,0,0,0
230166,1,1,1989,13,13,13,13,13,13,13,13,13,13
230166,2,1,1989,0,0,0,0,0,0,0,0,0,0
230167,1,1,1989,0,0,0,0,0,0,0,0,0,0
230168,1,1,1989,24,24,24,24,24,24,24,24,24,24
230168,2,1,1989,0,0,0,0,0,30,0,0,0,0
230169,1,1,1989,0,0,0,0,0,0,0,0,0,0
230169,2,1,1989,0,0,0,0,0,0,0,0,0,0
230170,1,1,1989,0,0,0,0,0,0,0,0,0,0
230171,0,1,1989,0,0,0,0,0,0,0,20,0,0
230171,1,1,1989,0,0,0,0,0,0,0,0,0,0
230173,1,1,1989,0,0,0,0,0,0,0,0,0,0
230173,2,1,1989,0,0,0,0,0,0,0,0,0,0
230174,1,1,1989,25,25,25,25,25,25,25,25,25,25
230174,2,1,1989,0,0,0,0,0,0,0,0,0,0
230175,1,1,1989,0,0,0,0,0,0,0,0,0,0
230176,1,1,1989,0,0,0,0,0,0,0,0,0,0
230176,2,1,1989,0,0,0,0,0,0,0,0,0,0
230176,3,1,1989,0,0,0,0,0,0,0,0,0,0
230177,1,1,1989,22,22,22,22,22,22,22,22,22,22
230178,1,1,1989,0,0,0,0,0,0,0,0,12,0
230178,2,1,1989,0,7,0,0,0,0,0,0,0,0
230179,1,1,1989,0,0,0,0,0,0,0,0,0,0
230179,2,1,1989,0,0,0,0,0,0,0,0,0,0
230180,1,1,1989,0,0,0,0,0,0,0,0,0,0
230181,1,1,1989,5,5,5,5,5,5,5,5,5,5
230181,2,1,1989,23,15,21,11,13,9,16,4,11,8
230182,1,1,1989,0,0,0,0,0,0,0,0,0,0
230182,2,1,1989,0,0,0,0,0,0,0,0,0,0
230183,1,1,1989,0,24,0,0,0,0,0,0,0,0
230183,2,1,1989,0,0,0,0,0,0,0,0,0,0
240001,1,1,1989,13,13,13,13,13,13,13,13,13,13
240002,1,1,1989,23,23,23,23,23,23,23,23,23,23
240003,1,1,1989,43,43,43,43,43,43,43,43,43,43
240004,1,1,1989,0,0,0,0,0,0,0,0,0,0
240004,2,1,1989,0,0,0,0,0,0,0,0,0,0
240005,1,1,1989,0,0,0,0,0,0,0,0,0,0
240005,2,1,1989,0,0,0,0,0,0,0,0,0,0
240006,0,1,1989,18,18,18,18,18,18,18,18,18,18
240006,1,1,1989,11,18,14,17,11,6,16,9,20,9
240007,1,1,1989,8,7,10,4,14,19,18,7,13,15
240007,2,1,1989,0,0,0,0,0,0,0,0,0,0
240008,0,1,1989,8,8,8,8,8,8,8,8,8,8
240008,1,1,1989,0,0,0,0,0,0,0,0,0,0
240008,2,1,1989,0,6,0,0,11,0,0,32,0,0
240009,1,1,1989,13,24,7,31,3,23,22,12,10,10
240010,1,1,1989,0,0,0,0,0,0,0,0,0,0
240010,2,1,1989,0,0,0,0,0,0,0,0,0,0
240011,1,1,1989,0,0,0,0,0,0,0,0,0,0
240011,2,1,1989,0,0,0,0,0,0,0,0,0,0
240012,1,1,1989,0,0,0,0,0,0,0,0,0,0
240012,2,1,1989,0,0,0,0,0,0,0,0,0,0
240013,1,1,1989,0,0,0,0,0,0,0,0,0,0
240014,1,1,1989,10,10,10,10,10,10,10,10,10,10
240014,2,1,1989,0,0,0,0,0,0,0,0,0,0
240015,1,1,1989,0,0,0,0,0,0,0,0,0,0
240015,2,1,1989,0,0,0,0,24,0,0,0,0,0
240016,1,1,1989,24,24,24,24,24,24,24,24,24,24
240016,2,1,1989,13,0,0,0,0,0,19,11,0,0
240016,3,1,1989,0,0,0,0,0,0,0,0,0,0
240017,1,1,1989,0,0,0,0,0,0,0,0,0,0
240018,1,1,1989,1,1,1,1,1,1,1,1,1,1
240018,2,1,1989,9,0,0,0,14,0,0,0,0,0
240018,3,1,1989,0,0,0,0,0,0,0,0,0,0
240018,4,1,1989,0,0,0,0,0,0,0,0,20,0
240019,1,1,1989,28,28,28,28,28,28,28,28,28,28
240020,1,1,1989,0,0,0,0,0,0,0,0,0,0
240020,2,1,1989,0,0,0,0,0,0,0,0,0,0
240020,3,1,1989,0,0,0,0,0,0,0,0,0,0
240020,4,1,1989,0,0,0,0,0,0,0,0,0,0
240021,0,1,1989,0,0,0,0,0,0,0,0,0,0
240021,1,1,1989,0,0,0,0,19,8,0,0,0,0
240022,0,1,1989,0,0,0,0,0,0,0,0,0,0
240022,1,1,1989,0,6,0,18,0,0,0,0,0,0
240023,1,1,1989,0,0,0,0,0,0,0,0,0,0
240023,2,1,1989,0,0,0,0,0,0,0,0,0,0
240024,1,1,1989,0,0,0,0,0,0,0,0,0,0
240024,2,1,1989,0,0,0,0,0,0,0,0,0,0
240025,1,1,1989,0,0,0,17,21,0,0,0,0,0
240025,2,1,1989,0,0,0,0,0,0,0,0,0,0
240026,1,1,1989,0,0,0,0,0,0,0,0,0,0
240026,2,1,1989,0,0,0,0,0,0,0,0,0,0
240027,1,1,1989,0,0,0,0,0,0,0,0,0,0
240027,2,1,1989,0,0,0,0,0,0,0,0,0,0
240028,1,1,1989,0,0,0,0,0,0,0,0,0,0
240029,1,1,1989,0,9,0,0,0,0,0,0,0,0
240029,2,1,1989,0,0,0,0,0,0,0,0,0,0
240030,0,1,1989,0,0,0,0,0,0,0,0,0,0
240030,1,1,1989,0,0,0,0,0,0,0,0,0,0
240031,1,1,1989,0,0,0,0,0,0,0,0,0,0
240032,1,1,1989,22,18,22,0,17,18,0,15,0,0
240033,1,1,1989,11,11,11,11,11,11,11,11,11,11
240034,0,1,1989,13,13,13,13,13,13,13,13,13,13
240034,1,1,1989,0,0,0,0,0,10,0,0,0,0
240035,1,1,1989,0,0,14,0,0,0,0,0,0,0
240036,0,1,1989,0,0,0,0,0,0,0,0,0,0
240036,1,1,1989,0,0,0,0,0,0,0,0,14,0
240037,0,1,1989,0,0,0,0,0,0,0,0,0,0
240037,1,1,1989,0,0,0,0,0,0,0,0,0,0
240038,1,1,1989,0,0,0,0,0,0,0,0,0,0
240038,2,1,1989,0,0,0,0,0,0,0,0,0,0
240039,0,1,1989,0,0,0,0,0,0,0,0,0,0
240039,1,1,1989,0,0,0,0,0,0,0,0,0,0
240040,0,1,1989,0,0,0,0,0,0,0,0,0,0
240040,1,1,1989,0,0,0,0,4,0,0,0,0,0
240041,1,1,1989,0,0,0,0,0,0,0,0,0,0
240041,2,1,1989,11,11,11,11,11,11,11,11,11,11
240042,1,1,1989,0,0,0,0,0,0,0,0,0,0
240042,2,1,1989,0,0,0,0,0,0,0,0,14,0
240042,3,1,1989,0,0,0,0,0,0,0,0,0,0
240043,0,1,1989,0,0,0,0,0,0,0,0,0,0
240043,1,1,1989,0,0,0,0,0,0,0,0,0,0
240044,1,1,1989,16,16,16,16,16,16,16,16,16,16
240045,0,1,1989,0,0,0,0,0,0,0,0,0,0
240045,1,1,1989,0,0,21,0,0,0,0,0,0,0
240046,1,1,1989,0,0,0,0,0,0,0,0,0,0
240046,2,1,1989,0,0,0,0,0,0,0,0,0,0
240047,1,1,1989,0,0,0,0,0,0,0,0,0,0
240047,2,1,1989,0,0,0,12,0,0,0,11,0,0
240048,0,1,1989,0,0,0,0,0,0,0,0,0,0
240048,1,1,1989,0,0,0,0,0,0,0,0,0,0
240049,1,1,1989,14,14,14,14,14,14,14,14,14,14
240050,1,1,1989,0,0,0,0,0,0,0,0,0,0
240050,2,1,1989,0,0,17,0,0,0,0,0,0,0
240051,1,1,1989,19,19,19,19,19,19,19,19,19,19
240052,0,1,1989,20,20,20,20,20,20,20,20,20,20
240052,1,1,1989,13,6,0,11,16,0,0,16,20,15
240053,1,1,1989,0,0,0,0,0,0,0,0,0,0
240054,1,1,1989,22,22,22,22,22,22,22,22,22,22
240055,1,1,1989,0,0,0,0,0,0,0,0,0,0
240055,2,1,1989,0,0,0,0,0,0,0,0,0,0
240056,0,1,1989,16,16,16,16,16,16,16,16,16,16
240056,1,1,1989,0,0,0,0,0,0,0,0,0,0
240057,1,1,1989,0,0,0,0,0,0,0,0,0,0
240057,2,1,1989,10,10,10,10,10,10,10,10,10,10
240058,1,1,1989,0,0,0,0,0,0,0,0,0,0
240060,1,1,1989,10,4,3,16,7,22,16,12,7,14
240060,2,1,1989,0,0,0,0,0,6,0,0,0,0
240061,1,1,1989,0,0,0,0,0,0,0,0,0,0
240062,1,1,1989,0,0,0,0,0,0,0,0,0,0
240063,1,1,1989,0,0,0,0,0,0,0,0,0,0
240063,2,1,1989,0,0,0,0,0,0,0,0,0,0
240064,0,1,1989,0,0,0,0,0,0,0,0,0,0
240064,1,1,1989,0,0,0,0,0,0,17,0,0,0
240064,2,1,1989,0,0,0,0,0,0,0,0,0,0
240065,1,1,1989,21,21,21,21,21,21,21,21,21,21
240065,2,1,1989,0,0,0,0,0,0,0,0,0,6
240066,1,1,1989,13,25,20,16,12,16,24,14,14,14
240067,1,1,1989,15,15,15,15,15,15,15,15,15,15
240068,1,1,1989,5,5,5,5,5,5,5,5,5,5
240069,0,1,1989,0,0,0,0,0,0,0,0,0,0
240069,1,1,1989,0,0,0,0,0,0,0,0,0,0
240070,0,1,1989,0,0,0,0,0,0,0,0,0,0
240070,1,1,1989,0,0,0,0,0,0,0,0,0,0
240071,0,1,1989,0,0,0,0,0,0,0,0,0,0
240071,1,1,1989,0,0,0,0,0,0,0,0,0,0
240071,2,1,1989,0,0,0,0,0,0,0,0,0,0
240072,1,1,1989,9,9,9,9,9,9,9,9,9,9
240072,2,1,1989,0,0,0,0,0,0,0,0,0,0
240073,1,1,1989,0,0,0,0,0,0,0,0,13,0
240073,2,1,1989,0,0,0,0,0,0,0,0,0,0
240074,1,1,1989,29,29,29,29,29,29,29,29,29,29
240075,1,1,1989,24,24,24,24,24,24,24,24,24,24
240076,1,1,1989,11,11,11,11,11,11,11,11,11,11
240076,2,1,1989,0,0,0,0,0,10,0,0,10,0
240077,1,1,1989,0,0,0,0,0,0,0,0,0,0
240077,2,1,1989,0,0,0,0,0,0,0,0,0,0
240077,3,1,1989,0,0,0,0,0,0,0,0,0,0
240078,1,1,1989,0,0,0,0,0,0,0,0,0,0
240078,2,1,1989,0,0,0,0,0,0,0,0,0,0
240079,1,1,1989,0,0,0,0,0,0,0,0,0,0
240079,2,1,1989,0,0,0,0,0,0,0,0,0,0
240080,1,1,1989,0,0,0,0,0,0,0,0,0,0
240080,2,1,1989,15,10,4,0,0,0,9,9,15,0
240081,1,1,1989,0,8,0,0,0,0,0,0,0,0
240081,2,1,1989,0,0,0,0,0,0,0,0,0,0
240082,1,1,1989,21,0,0,0,0,0,0,0,0,0
240082,2,1,1989,0,0,0,0,0,11,0,0,0,0
240082,3,1,1989,0,0,0,0,0,0,0,0,0,0
240083,1,1,1989,11,11,8,26,8,10,11,20,6,27
240084,1,1,1989,16,16,16,16,16,16,16,16,16,16
240085,1,1,1989,0,0,0,7,0,0,0,0,0,0
240085,2,1,1989,1,1,1,1,1,1,1,1,1,1
240086,1,1,1989,0,0,0,0,0,0,0,0,0,0
240086,2,1,1989,0,0,0,0,0,0,0,0,0,0
240087,1,1,1989,2,2,2,2,2,2,2,2,2,2
240087,2,1,1989,0,0,0,0,0,0,0,0,0,0
240088,1,1,1989,0,0,0,0,0,0,0,0,0,0
240088,2,1,1989,18,18,18,18,18,18,18,18,18,18
240088,3,1,1989,0,0,13,6,11,16,12,0,12,21
240089,1,1,1989,0,0,0,0,0,0,0,0,0,0
240089,2,1,1989,0,0,0,0,0,0,0,0,0,0
240090,1,1,1989,0,0,0,0,0,0,0,0,0,0
240090,2,1,1989,0,0,0,0,0,0,0,0,0,0
240091,1,1,1989,0,0,0,0,0,0,0,0,0,0
240091,2,1,1989,0,0,0,0,0,0,0,0,0,0
240092,1,1,1989,0,0,0,0,0,0,0,0,0,0
240092,2,1,1989,0,0,0,0,0,0,0,0,0,0
240093,1,1,1989,23,23,23,23,23,23,23,23,23,23
240094,0,1,1989,0,0,0,0,0,0,0,0,0,0
240094,1,1,1989,0,0,0,0,0,0,5,0,0,0
240095,0,1,1989,0,0,0,0,0,0,0,0,0,0
240095,1,1,1989,0,0,0,0,0,0,0,0,0,0
240096,1,1,1989,0,0,0,0,0,0,0,0,0,0
240096,2,1,1989,0,0,0,0,0,0,0,0,0,0
240097,1,1,1989,16,16,16,16,16,16,16,16,16,16
240098,1,1,1989,23,23,23,23,23,23,23,23,23,23
240099,1,1,1989,26,26,26,26,26,26,26,26,26,26
240100,1,1,1989,17,17,17,17,17,17,17,17,17,17
240100,2,1,1989,0,0,0,0,0,0,0,0,0,0
240101,0,1,1989,0,0,0,0,0,0,0,0,0,0
240101,1,1,1989,0,0,0,0,0,0,0,0,0,0
240102,1,1,1989,17,23,0,0,0,17,0,42,0,0
240103,1,1,1989,0,0,0,11,0,0,0,0,0,0
240104,1,1,1989,0,0,0,0,0,0,0,0,0,0
240105,1,1,1989,21,21,0,0,0,0,0,15,0,0
240106,1,1,1989,0,0,0,0,0,0,0,0,0,0
240106,2,1,1989,27,27,27,27,27,27,27,27,27,27
240107,1,1,1989,0,0,0,0,0,0,0,0,0,0
240107,2,1,1989,0,0,0,0,0,0,0,0,0,0
240108,1,1,1989,4,4,4,4,4,4,4,4,4,4
240109,1,1,1989,0,0,0,0,0,0,19,0,0,0
240109,2,1,1989,0,0,0,0,0,0,0,0,0,0
240110,1,1,1989,23,0,0,0,0,0,0,0,0,0
240110,2,1,1989,21,21,21,21,21,21,21,21,21,21
240110,3,1,1989,0,0,0,0,0,0,0,0,15,0
240111,1,1,1989,0,0,0,0,0,0,0,0,0,0
240111,2,1,1989,0,0,0,0,0,0,0,0,0,0
240112,1,1,1989,10,30,13,11,8,11,27,0,11,19
240112,2,1,1989,0,0,0,0,0,0,0,0,0,0
240113,1,1,1989,1,1,1,1,1,1,1,1,1,1
240114,1,1,1989,33,7,9,22,24,15,21,14,22,4
240114,2,1,1989,0,0,15,0,0,0,0,0,0,11
240115,1,1,1989,0,0,0,0,0,0,0,0,0,0
240115,2,1,1989,0,0,0,0,0,0,0,0,0,0
240116,1,1,1989,0,0,0,0,0,0,0,0,0,0
240116,2,1,1989,0,0,0,0,0,0,0,0,0,0
240116,3,1,1989,0,0,0,0,0,0,0,0,0,0
240117,0,1,1989,0,0,0,0,0,0,0,0,0,0
240117,1,1,1989,0,0,0,0,0,0,0,18,0,0
240118,1,1,1989,0,0,0,0,0,0,0,0,0,0
240118,2,1,1989,0,0,0,0,0,0,0,0,0,0
240118,3,1,1989,0,0,0,0,0,0,0,0,0,0
240119,0,1,1989,13,13,13,13,13,13,13,13,13,13
240119,1,1,1989,27,0,0,0,15,0,5,5,5,0
240120,1,1,1989,0,0,0,0,0,0,0,0,0,0
240120,2,1,1989,0,0,0,0,0,0,0,0,0,0
240121,1,1,1989,2,2,2,2,2,2,2,2,2,2
240122,1,1,1989,0,10,15,0,0,0,15,0,0,0
240122,2,1,1989,0,0,0,0,0,0,0,0,0,0
240123,1,1,1989,0,0,0,0,0,0,0,0,0,0
240123,2,1,1989,17,17,17,17,17,17,17,17,17,17
240124,1,1,1989,0,0,0,0,0,0,0,0,0,0
240125,0,1,1989,0,0,0,0,0,0,0,0,0,0
240125,1,1,1989,0,0,0,0,0,0,0,0,0,0
240126,0,1,1989,0,0,0,0,0,0,0,0,0,0
240126,1,1,1989,0,0,0,0,0,0,0,0,0,0
240127,1,1,1989,27,15,5,18,11,15,12,20,16,15
240127,2,1,1989,0,0,0,0,0,0,0,0,0,0
240128,1,1,1989,0,0,0,0,0,0,0,0,0,0
240128,2,1,1989,0,0,0,0,0,0,0,0,0,0
240129,1,1,1989,0,0,0,0,4,19,0,0,0,20
240130,1,1,1989,18,18,18,18,18,18,18,18,18,18
240130,2,1,1989,0,0,0,0,0,0,0,0,0,0
240131,1,1,1989,0,0,0,0,0,0,0,0,0,0
240132,1,1,1989,0,0,0,0,0,0,0,0,0,0
240132,2,1,1989,0,0,0,0,0,0,0,0,0,0
240133,1,1,1989,0,0,0,0,0,0,0,0,0,0
240133,2,1,1989,0,0,0,0,0,0,0,0,0,0
240133,3,1,1989,0,0,0,0,0,0,0,0,0,0
240133,4,1,1989,0,0,0,0,0,0,0,0,0,0
240133,5,1,1989,0,0,0,0,0,0,0,0,0,0
240133,6,1,1989,0,0,0,0,0,0,0,0,0,0
240134,0,1,1989,0,0,0,0,0,0,0,0,0,0
240134,1,1,1989,7,11,20,0,4,10,5,6,20,18
240135,1,1,1989,8,8,8,8,8,8,8,8,8,8
240135,2,1,1989,0,0,0,0,18,0,0,0,0,0
240136,1,1,1989,25,25,25,25,25,25,25,25,25,25
240137,1,1,1989,20,20,20,20,20,20,20,20,20,20
240138,1,1,1989,0,0,0,0,0,0,0,0,0,0
240138,2,1,1989,0,0,0,0,0,0,0,0,0,0
240139,1,1,1989,0,0,0,0,0,0,0,0,0,0
240139,2,1,1989,0,0,0,0,0,0,0,0,0,0
240139,3,1,1989,0,0,0,0,0,0,0,0,0,0
240139,4,1,1989,0,0,0,0,0,0,0,0,0,0
240140,1,1,1989,0,0,0,0,0,0,0,0,0,0
240141,1,1,1989,25,14,19,0,20,0,0,9,0,0
240141,2,1,1989,0,0,0,0,0,0,0,0,0,0
240141,3,1,1989,0,0,0,0,0,0,0,0,0,0
240142,1,1,1989,0,0,0,0,0,0,0,0,0,0
240143,0,1,1989,0,0,0,0,0,0,0,0,0,0
240143,1,1,1989,0,0,0,13,0,0,18,0,0,0
240144,0,1,1989,32,32,32,32,32,32,32,32,32,32
240144,1,1,1989,0,0,0,0,0,0,0,0,0,0
240145,1,1,1989,0,0,0,0,0,0,0,0,0,0
240145,2,1,1989,0,0,0,0,0,0,0,0,0,0
240146,1,1,1989,0,0,0,0,0,0,0,0,0,0
240146,2,1,1989,0,0,0,0,0,0,0,0,0,0
240147,0,1,1989,0,0,0,0,0,0,0,0,0,0
240147,1,1,1989,0,0,0,0,0,0,0,0,0,0
240147,2,1,1989,0,0,0,0,0,0,0,0,0,0
240148,1,1,1989,1,1,1,1,1,1,1,1,1,1
240148,2,1,1989,0,0,0,0,0,0,0,0,0,0
240149,0,1,1989,0,0,0,0,0,0,0,0,0,0
240149,1,1,1989,0,0,0,0,0,0,0,0,3,0
240150,1,1,1989,0,0,0,0,0,0,0,0,0,0
240150,2,1,1989,14,0,0,0,0,0,0,0,0,0
240151,1,1,1989,0,0,0,0,0,0,0,0,0,0
240151,2,1,1989,0,0,0,0,0,0,0,0,0,0
240152,1,1,1989,0,0,0,0,0,0,0,0,0,0
240152,2,1,1989,0,0,0,0,0,0,0,0,0,0
240152,3,1,1989,0,0,0,0,0,0,0,0,0,0
240153,0,1,1989,0,0,0,0,0,0,0,0,0,0
240153,1,1,1989,0,0,0,0,0,0,0,0,0,0
240154,1,1,1989,0,0,0,0,0,0,0,0,0,0
240155,1,1,1989,14,14,14,14,14,14,14,14,14,14
240156,1,1,1989,19,0,17,6,0,0,0,0,23,0
240157,1,1,1989,0,0,0,0,0,0,0,0,0,0
240157,2,1,1989,0,0,0,0,0,0,0,0,0,0
240158,0,1,1989,34,34,34,34,34,34,34,34,34,34
240158,1,1,1989,0,0,0,0,0,0,0,0,0,0
240159,1,1,1989,0,0,0,0,0,0,0,0,0,0
240159,2,1,1989,0,0,0,0,0,0,0,0,0,13
240159,3,1,1989,0,0,0,0,0,0,0,0,0,0
240160,1,1,1989,0,0,0,0,0,0,0,0,0,0
240160,2,1,1989,0,0,0,0,0,0,0,0,0,0
240161,1,1,1989,5,5,5,5,5,5,5,5,5,5
240161,2,1,1989,0,0,0,0,0,0,0,0,0,0
240161,3,1,1989,0,0,0,0,0,0,0,0,0,0
240161,4,1,1989,0,0,0,0,0,0,0,0,0,0
240161,5,1,1989,0,0,0,0,0,0,0,0,0,0