ST_CASE,VEH_NO,PER_NO,YEAR,P1,P2,P3,P4,P5,P6,P7,P8,P9,P10
240161,6,1,1989,0,0,0,0,0,0,0,0,0,0
240161,7,1,1989,0,0,0,0,0,0,0,0,0,0
240162,0,1,1989,22,22,22,22,22,22,22,22,22,22
240162,1,1,1989,0,0,10,7,0,6,0,7,0,15
240162,2,1,1989,0,7,0,21,0,0,0,0,29,0
240162,3,1,1989,0,0,0,9,6,4,0,9,14,0
240163,1,1,1989,0,0,0,0,0,0,0,0,0,0
240163,2,1,1989,0,0,0,0,0,0,0,0,0,0
240164,0,1,1989,0,0,0,0,0,0,0,0,0,0
240164,1,1,1989,7,7,7,7,7,7,7,7,7,7
240165,1,1,1989,0,0,0,0,0,0,0,0,0,0
240165,2,1,1989,0,0,0,21,0,10,0,0,22,0
240166,1,1,1989,0,0,0,0,0,0,0,0,0,0
240166,2,1,1989,0,0,0,0,0,0,0,0,0,0
240167,1,1,1989,0,0,0,0,0,0,0,0,0,0
240167,2,1,1989,0,0,0,0,0,0,0,0,0,0
240168,1,1,1989,0,0,0,0,0,0,0,0,0,0
240169,1,1,1989,25,25,25,25,25,25,25,25,25,25
240169,2,1,1989,0,0,0,0,0,0,0,0,0,0
240170,1,1,1989,0,0,0,0,0,0,0,0,0,0
240170,2,1,1989,0,0,0,0,0,0,0,0,0,0
240171,1,1,1989,8,8,8,8,8,8,8,8,8,8
240171,2,1,1989,0,0,0,0,0,0,0,0,0,0
240172,1,2,1989,21,0,0,0,0,0,0,21,0,0
240173,1,1,1989,14,14,14,14,14,14,14,14,14,14
240174,1,1,1989,0,0,0,0,0,0,0,0,0,0
240175,1,1,1989,0,0,0,0,0,0,0,0,0,0
240175,2,1,1989,0,0,0,0,0,0,0,0,0,0
240176,1,1,1989,0,0,0,0,0,0,0,0,0,0
240176,2,1,1989,0,0,0,0,0,0,0,0,0,0
240177,1,1,1989,0,0,0,0,0,0,0,0,0,0
240178,1,1,1989,0,0,0,0,0,0,0,0,0,0
240178,2,1,1989,0,0,0,0,0,0,0,0,0,0
240178,3,1,1989,9,0,0,0,0,0,0,0,0,0
240179,1,1,1989,17,17,17,17,17,17,17,17,17,17
240180,1,1,1989,19,19,19,19,19,19,19,19,19,19
240180,2,1,1989,0,0,0,0,0,0,0,0,0,0
240181,1,1,1989,0,0,0,0,0,0,0,0,0,0
240181,2,1,1989,0,0,0,0,0,0,0,0,0,0
240182,0,1,1989,20,20,20,20,20,20,20,20,20,20
240182,1,1,1989,12,12,12,12,12,12,12,12,12,12
240183,0,1,1989,0,0,0,0,0,0,0,0,0,0
240183,1,1,1989,0,0,0,0,0,0,0,0,0,0
240184,1,1,1989,0,0,0,0,0,0,0,0,0,0
240184,2,1,1989,0,0,0,0,0,0,0,0,0,0
240185,1,1,1989,0,0,0,0,0,0,0,0,0,12
240186,1,1,1989,0,17,0,0,11,17,0,0,0,0
240186,2,1,1989,0,0,0,0,0,0,0,0,0,0
240187,1,1,1989,15,8,16,21,22,19,34,34,33,16
240188,0,1,1989,0,0,0,0,0,0,0,0,0,0
240188,1,1,1989,0,0,0,15,0,0,0,11,9,0
240188,2,1,1989,0,7,0,0,0,18,0,0,6,12
240189,1,1,1989,0,0,0,0,0,0,0,0,0,0
240189,2,1,1989,0,0,0,0,0,0,0,0,0,0
240190,1,1,1989,15,0,0,0,0,0,20,0,0,0
240190,2,1,1989,0,0,0,0,0,0,0,0,0,0
240191,1,1,1989,22,22,22,22,22,22,22,22,22,22
240191,2,1,1989,0,0,9,0,0,0,15,0,15,0
240192,0,1,1989,0,0,0,0,0,0,0,0,0,0
240192,0,2,1989,9,28,33,20,0,12,15,14,30,0
240192,1,1,1989,0,0,0,0,0,0,0,4,0,0
240193,1,1,1989,7,7,7,7,7,7,7,7,7,7
240193,2,1,1989,0,0,0,0,0,0,0,0,0,0
240193,3,1,1989,0,0,0,0,0,0,0,0,0,0
240194,1,1,1989,0,0,0,0,0,0,0,0,0,0
240195,1,1,1989,1,1,1,1,1,1,1,1,1,1
240196,0,1,1989,0,0,0,0,0,0,0,0,0,0
240196,1,1,1989,0,0,0,0,0,0,0,0,0,0
240197,1,1,1989,0,0,0,0,0,0,0,0,0,0
240197,2,1,1989,0,0,0,0,0,0,0,0,0,0
240198,1,1,1989,17,17,17,17,17,17,17,17,17,17
240199,1,1,1989,22,22,22,22,22,22,22,22,22,22
240200,1,1,1989,14,14,14,14,14,14,14,14,14,14
240201,1,1,1989,8,0,0,14,0,0,0,0,0,0
240201,2,1,1989,0,0,0,0,0,0,0,0,0,0
240201,3,1,1989,0,0,0,0,0,0,0,0,0,0
240202,1,1,1989,0,0,0,0,0,0,0,0,0,0
240202,2,1,1989,0,0,9,0,0,0,0,0,0,0
240203,1,1,1989,0,0,0,0,0,0,0,18,0,0
240203,2,1,1989,0,0,0,0,0,0,0,0,0,0
240204,1,1,1989,13,14,12,9,0,28,21,29,11,18
240204,2,1,1989,21,0,33,17,0,13,0,0,0,26
240205,1,1,1989,0,0,0,0,0,0,0,0,0,0
240206,1,1,1989,0,0,0,0,0,0,0,0,0,0
240207,1,1,1989,0,0,0,0,0,0,0,0,0,0
240207,2,2,1989,0,0,0,0,0,0,0,0,0,0
240208,1,1,1989,0,0,0,0,0,0,0,0,0,0
240208,2,1,1989,0,0,0,0,0,0,0,0,0,0
240209,0,1,1989,0,0,0,0,0,0,0,0,0,0
240209,1,1,1989,0,0,0,0,0,0,0,0,0,0
240211,1,1,1989,0,0,0,0,0,0,0,0,0,0
240211,2,1,1989,0,0,0,0,0,0,0,0,0,0
240211,3,1,1989,0,0,0,0,0,0,0,0,0,9
240212,1,1,1989,0,0,0,0,0,17,0,0,0,0
240212,2,1,1989,0,0,0,0,0,0,0,0,0,0
240213,1,1,1989,0,0,0,0,0,0,0,0,0,0
240213,2,1,1989,0,0,0,0,0,0,0,0,0,0
240213,3,1,1989,0,0,0,0,0,0,0,0,0,0
240213,4,1,1989,0,0,0,0,0,0,0,0,0,0
240214,0,1,1989,0,0,0,0,0,0,0,0,0,0
240214,1,1,1989,14,14,14,14,14,14,14,14,14,14
240215,0,1,1989,0,0,0,0,0,0,0,0,0,0
240215,1,1,1989,0,34,0,0,0,0,0,0,0,0
240216,1,1,1989,0,35,0,0,0,0,0,0,0,29
240216,2,1,1989,0,0,0,0,0,0,0,0,0,0
240217,1,1,1989,18,8,20,8,0,0,20,16,25,10
240218,0,1,1989,0,0,0,0,0,0,0,0,0,0
240218,0,2,1989,4,21,19,6,18,0,20,0,8,12
240218,0,3,1989,0,9,0,0,0,0,0,0,17,23
240218,1,1,1989,0,0,0,0,0,0,9,0,22,18
240219,1,1,1989,0,0,0,0,0,0,0,0,0,0
240219,2,1,1989,0,0,0,0,0,0,0,0,0,0
240220,1,1,1989,0,0,0,0,0,0,0,0,0,0
240221,1,1,1989,0,0,0,0,0,0,0,0,0,0
240222,1,1,1989,24,24,24,24,24,24,24,24,24,24
240222,2,1,1989,0,0,0,0,0,0,0,0,3,0
240223,1,1,1989,1,1,1,1,1,1,1,1,1,1
240224,1,1,1989,7,7,7,7,7,7,7,7,7,7
240225,1,1,1989,0,0,0,0,0,0,0,0,0,0
240225,2,1,1989,0,21,0,0,0,0,0,0,0,0
240226,1,1,1989,19,19,19,19,19,19,19,19,19,19
240227,1,1,1989,3,26,8,16,12,23,5,8,20,22
240228,0,1,1989,0,0,0,0,0,0,0,0,0,0
240228,1,1,1989,0,0,0,0,0,0,0,0,0,0
240229,1,1,1989,0,0,0,0,0,0,0,0,0,0
240230,1,1,1989,0,0,0,0,0,0,0,0,0,0
240230,2,1,1989,0,0,0,0,0,0,0,0,0,0
240231,1,1,1989,13,0,4,0,0,0,0,0,0,0
240231,2,1,1989,0,0,0,0,0,0,0,0,0,0
240231,3,1,1989,0,0,0,0,3,0,0,0,0,0
240232,0,1,1989,0,0,0,0,0,0,0,0,0,0
240232,1,1,1989,4,4,4,4,4,4,4,4,4,4
240233,1,1,1989,0,0,0,0,0,0,0,0,0,0
240234,1,1,1989,16,16,16,16,16,16,16,16,16,16
240234,2,1,1989,0,0,0,0,0,0,0,0,0,0
240235,0,1,1989,24,0,3,11,12,27,20,10,0,10
240235,1,1,1989,0,0,0,0,0,0,0,0,0,0
240236,1,1,1989,0,0,0,0,0,0,0,0,0,0
240236,2,1,1989,0,0,0,0,0,0,0,0,0,0
240237,1,1,1989,0,0,0,0,0,0,0,0,0,0
240237,2,1,1989,0,0,0,0,0,0,0,0,0,0
240238,0,1,1989,0,0,0,0,0,0,0,0,0,0
240238,1,1,1989,0,15,0,0,0,0,0,0,0,0
240238,2,1,1989,0,0,0,0,0,0,0,0,0,0
240239,0,1,1989,0,0,0,0,0,0,0,0,0,0
240239,1,1,1989,0,0,0,0,0,0,0,0,0,0
240240,0,1,1989,0,0,0,0,0,0,0,0,0,0
240240,1,1,1989,0,0,0,0,0,0,0,0,0,0
240241,1,1,1989,10,10,10,10,10,10,10,10,10,10
240242,1,1,1989,8,8,8,8,8,8,8,8,8,8
240243,0,1,1989,0,0,0,0,0,0,0,0,0,0
240243,1,1,1989,0,0,0,0,19,0,0,0,0,0
240244,1,1,1989,0,0,0,0,0,0,0,0,14,0
240244,2,1,1989,0,0,0,0,0,0,0,0,0,0
240245,1,1,1989,0,0,0,0,0,0,0,0,0,0
240245,2,1,1989,16,16,16,16,16,16,16,16,16,16
240246,1,1,1989,0,0,0,0,0,0,0,0,0,0
240246,2,1,1989,0,0,0,0,0,0,0,0,0,0
240247,1,1,1989,0,0,0,0,0,0,0,0,0,0
240247,2,1,1989,0,0,0,0,0,0,0,0,0,0
240248,1,1,1989,18,10,14,15,20,13,20,11,24,2
240248,2,1,1989,0,0,0,0,0,18,0,0,0,0
240249,1,1,1989,20,20,20,20,20,20,20,20,20,20
240250,1,1,1989,0,0,0,0,0,0,0,0,0,0
240250,2,1,1989,0,0,0,0,0,0,0,0,0,0
240251,1,1,1989,0,0,0,0,0,0,0,0,0,0
240251,2,1,1989,0,0,0,0,0,0,0,0,0,0
240252,1,1,1989,17,17,17,17,17,17,17,17,17,17
240252,2,1,1989,0,5,0,0,18,0,28,0,0,0
240252,3,1,1989,0,0,0,0,0,0,0,0,0,0
240253,1,1,1989,0,0,0,0,0,0,0,0,0,0
240253,2,1,1989,0,0,0,0,0,0,0,0,0,0
240254,1,1,1989,0,0,0,0,0,0,0,0,0,0
240255,1,1,1989,0,0,0,0,0,0,0,0,0,0
240255,2,1,1989,0,0,0,0,0,0,0,0,0,0
240256,1,1,1989,0,0,0,0,0,0,0,0,27,0
240257,1,1,1989,0,0,0,0,0,0,0,0,0,0
240257,2,1,1989,0,0,0,0,0,0,0,0,0,0
240258,1,1,1989,0,0,0,0,0,0,0,0,0,0
240258,2,1,1989,0,0,0,0,0,0,0,0,0,0
240259,1,1,1989,0,0,0,0,0,0,0,0,0,0
240260,1,1,1989,12,12,12,12,12,12,12,12,12,12
240261,1,1,1989,0,0,0,0,0,0,0,0,0,0
240262,1,1,1989,3,3,3,3,3,3,3,3,3,3
240263,0,1,1989,22,22,22,22,22,22,22,22,22,22
240263,1,1,1989,0,0,6,0,0,0,0,0,0,0
240264,1,1,1989,0,0,0,0,0,0,0,0,0,0
240264,2,1,1989,0,0,0,0,0,0,0,0,0,0
240265,1,1,1989,0,0,0,0,0,0,0,0,0,0
240265,2,1,1989,0,0,0,0,0,0,0,0,0,0
240266,1,1,1989,0,0,0,0,0,0,0,0,0,0
240266,2,1,1989,0,0,0,10,0,0,0,0,18,0
240267,1,1,1989,0,0,0,0,0,0,0,0,0,17
240268,1,1,1989,0,0,0,0,0,0,0,0,0,0
240268,2,1,1989,18,0,0,0,0,0,0,0,0,0
240269,1,1,1989,13,13,13,13,13,13,13,13,13,13
240269,2,1,1989,0,0,0,0,0,0,0,0,0,0
240270,1,1,1989,0,0,0,0,0,0,0,0,0,0
240270,2,1,1989,0,0,0,0,0,0,0,0,0,0
240271,1,1,1989,0,0,0,6,0,0,9,0,0,0
240272,1,1,1989,0,0,0,0,0,0,0,0,0,0
240272,2,1,1989,0,0,0,0,0,0,0,18,0,0
240273,1,1,1989,0,0,0,0,0,0,0,0,0,0
240275,0,1,1989,11,11,11,11,11,11,11,11,11,11
240275,0,2,1989,0,35,0,7,0,12,6,0,14,22
240275,1,1,1989,35,7,17,9,9,10,16,7,10,4
240277,0,1,1989,0,60,4,20,0,31,10,0,0,14
240277,1,1,1989,0,0,0,0,0,0,0,0,0,0
240278,1,1,1989,0,0,0,0,19,25,0,0,0,9
240278,2,1,1989,0,0,0,0,0,0,0,0,0,0
240280,0,1,1989,31,31,31,31,31,31,31,31,31,31
240280,1,1,1989,0,0,0,0,0,0,9,0,0,0
240281,1,1,1989,28,11,6,18,12,15,16,7,20,7
240281,2,1,1989,2,2,2,2,2,2,2,2,2,2
240282,1,1,1989,0,0,0,0,0,0,0,0,0,0
240282,2,1,1989,0,21,0,0,0,0,0,0,0,0
240283,1,1,1989,0,0,16,0,0,0,0,0,0,0
240283,2,1,1989,0,0,0,0,0,0,0,0,0,0
240284,0,1,1989,0,0,0,0,0,0,0,0,0,0
240284,1,1,1989,0,11,0,0,0,7,0,0,4,0
240285,0,1,1989,0,19,28,23,0,0,23,31,10,28
240285,1,1,1989,0,0,0,0,0,0,0,0,0,0
240286,1,1,1989,0,0,0,0,0,0,0,0,0,0
240287,1,1,1989,0,0,0,0,0,0,0,22,0,0
240287,2,1,1989,0,0,0,0,0,0,0,0,0,0
240288,1,1,1989,19,19,19,19,19,19,19,19,19,19
240288,2,1,1989,0,0,0,0,0,0,0,0,0,0
240288,3,1,1989,0,0,0,0,0,0,0,0,0,0
240289,1,1,1989,0,0,0,0,0,0,0,0,0,0
240289,2,1,1989,0,0,0,0,0,0,0,0,0,0
240289,3,1,1989,0,0,0,0,0,0,0,0,0,0
240289,4,1,1989,0,0,0,0,0,0,0,0,0,0
240289,5,1,1989,0,0,0,0,0,0,0,0,0,0
240290,1,1,1989,2,2,2,2,2,2,2,2,2,2
240290,2,1,1989,0,7,0,0,0,0,0,0,0,0
240291,1,1,1989,0,0,0,0,0,0,0,0,0,0
240291,2,1,1989,0,0,0,0,0,0,0,0,0,0
240292,1,1,1989,0,26,28,0,28,0,9,0,0,0
240293,1,1,1989,9,9,9,9,9,9,9,9,9,9
240293,2,1,1989,0,0,0,0,0,0,0,0,0,0
240294,1,1,1989,0,0,0,0,0,0,0,0,0,0
240295,1,1,1989,0,0,0,0,0,0,0,0,0,0
240295,2,1,1989,0,0,0,0,0,0,0,0,0,0
240296,1,1,1989,0,0,0,0,0,0,0,0,0,0
240296,2,1,1989,15,0,0,0,0,0,0,0,0,0
240296,3,1,1989,0,0,0,0,0,0,0,0,0,0
240297,0,1,1989,0,0,0,0,0,0,0,0,0,0
240297,1,1,1989,0,14,0,0,0,0,0,0,23,0
240298,1,1,1989,0,0,0,0,0,0,0,0,0,0
240299,1,1,1989,0,0,0,0,0,0,0,0,0,0
240300,1,1,1989,21,21,21,21,21,21,21,21,21,21
240300,2,1,1989,0,0,0,0,0,0,0,0,0,0
240300,3,1,1989,0,0,0,0,0,0,0,14,0,0
240301,1,1,1989,28,28,28,28,28,28,28,28,28,28
240302,1,1,1989,0,0,0,0,0,0,0,29,0,0
240302,2,1,1989,0,0,0,12,0,0,0,0,0,0
240303,1,1,1989,0,0,0,0,0,0,0,0,0,0
240303,2,1,1989,0,0,0,0,0,0,0,0,0,0
240303,3,1,1989,0,0,0,0,0,0,0,0,0,0
240304,1,1,1989,0,0,0,0,0,0,0,0,0,0
240305,1,1,1989,17,17,17,17,17,17,17,17,17,17
240306,0,1,1989,16,16,16,16,16,16,16,16,16,16
240306,1,1,1989,0,0,9,0,0,0,0,0,0,0
240307,1,1,1989,0,0,0,0,0,0,0,0,0,0
240307,2,1,1989,0,0,0,0,0,0,0,0,0,0
240307,3,1,1989,18,0,0,0,0,0,0,0,0,0
240307,4,1,1989,0,0,0,0,0,0,0,0,0,0
240308,0,1,1989,21,21,21,21,21,21,21,21,21,21
240308,1,1,1989,9,9,9,9,9,9,9,9,9,9
240309,1,1,1989,0,0,0,0,0,0,0,0,0,0
240310,1,1,1989,11,11,11,11,11,11,11,11,11,11
240311,1,1,1989,11,11,11,11,11,11,11,11,11,11
240311,2,1,1989,19,0,15,0,0,15,0,0,0,0
240312,0,1,1989,20,20,20,20,20,20,20,20,20,20
240312,1,1,1989,4,0,0,0,0,0,32,0,0,5
240313,1,1,1989,0,0,0,0,0,0,0,0,0,0
240313,2,1,1989,10,10,10,10,10,10,10,10,10,10
240314,0,1,1989,0,0,0,0,0,0,0,0,0,0
240314,1,1,1989,9,12,5,19,9,5,2,9,2,3
240315,1,1,1989,0,0,0,0,0,0,0,0,0,0
240315,2,1,1989,0,0,0,0,0,0,0,0,0,0
240316,1,1,1989,17,17,17,17,17,17,17,17,17,17
240317,1,1,1989,5,5,5,5,5,5,5,5,5,5
240317,2,1,1989,0,0,0,0,0,0,0,0,0,0
240318,1,1,1989,10,10,10,10,10,10,10,10,10,10
240319,1,1,1989,0,0,0,0,15,0,0,0,0,0
240320,1,1,1989,0,0,8,0,0,11,0,0,0,0
240322,1,1,1989,0,0,0,0,0,0,0,0,0,0
240323,1,1,1989,0,0,0,0,0,0,0,0,0,0
240323,2,1,1989,0,0,0,0,0,0,0,0,0,0
240324,1,1,1989,34,0,0,0,0,0,0,0,0,0
240325,1,1,1989,0,0,0,0,0,0,0,0,0,0
240326,1,1,1989,23,23,23,23,23,23,23,23,23,23
240327,0,1,1989,14,46,0,0,0,0,0,0,0,14
240327,1,1,1989,9,12,0,0,0,0,0,20,0,0
240328,0,1,1989,0,0,0,0,0,0,0,0,0,0
240328,1,1,1989,17,0,0,0,0,0,0,0,0,0
240329,0,1,1989,16,0,0,14,11,22,2,0,0,0
240329,1,1,1989,11,23,9,19,9,24,13,15,5,18
240330,1,1,1989,0,0,0,0,0,0,0,0,0,0
240331,1,1,1989,15,15,15,15,15,15,15,15,15,15
240332,1,1,1989,0,0,0,0,0,9,0,0,0,0
240332,2,1,1989,0,0,0,0,0,0,0,0,0,0
240332,3,1,1989,0,0,0,0,0,0,0,0,0,0
240333,1,1,1989,0,0,0,0,0,0,0,0,0,0
240335,0,1,1989,18,18,18,18,18,18,18,18,18,18
240335,1,1,1989,3,0,14,3,29,8,29,0,0,0
240336,1,1,1989,14,14,16,16,13,16,13,8,17,11
240336,2,1,1989,0,0,0,0,0,0,0,0,0,0
240337,0,1,1989,0,0,0,0,0,0,0,0,0,0
240337,1,1,1989,0,0,0,0,0,0,0,0,0,0
240338,0,1,1989,0,0,0,0,24,0,0,0,0,0
240338,0,2,1989,0,22,14,20,28,24,16,21,0,0
240338,1,1,1989,0,0,0,0,9,0,0,0,0,0
240339,1,1,1989,23,23,23,23,23,23,23,23,23,23
240339,2,1,1989,0,0,0,0,0,0,0,0,0,0
240340,0,1,1989,27,27,27,27,27,27,27,27,27,27
240340,1,1,1989,0,0,0,0,0,0,0,0,0,0
240341,1,1,1989,0,0,0,0,0,0,0,0,0,0
240341,2,1,1989,0,0,0,0,0,0,0,0,0,0
240342,0,1,1989,0,0,0,0,0,0,0,0,0,0
240342,1,1,1989,7,7,7,7,7,7,7,7,7,7
240343,1,1,1989,9,9,9,9,9,9,9,9,9,9
240344,0,1,1989,0,0,0,0,0,0,0,0,0,0
240344,1,1,1989,0,0,0,0,0,0,0,0,0,0
240344,2,1,1989,0,0,0,0,0,6,0,0,0,0
240345,1,1,1989,0,0,0,0,0,0,0,0,0,0
240347,1,1,1989,1,1,1,1,1,1,1,1,1,1
240347,2,1,1989,0,0,0,0,0,0,0,0,0,0
240348,1,1,1989,3,3,3,3,3,3,3,3,3,3
240350,1,1,1989,0,0,0,0,0,0,0,0,0,0
240351,1,1,1989,24,24,24,24,24,24,24,24,24,24
240351,2,1,1989,0,0,0,0,0,0,0,0,0,0
240351,3,1,1989,0,0,0,0,0,0,0,0,0,0
240352,1,1,1989,18,18,18,18,18,18,18,18,18,18
240353,1,1,1989,0,0,0,0,0,0,0,0,0,0
240353,2,1,1989,0,0,0,0,0,0,0,0,0,0
240354,1,1,1989,3,3,3,3,3,3,3,3,3,3
240354,2,1,1989,0,0,0,0,0,0,0,0,0,0
240355,1,1,1989,0,18,4,9,13,13,10,16,0,15
240356,1,1,1989,0,0,0,0,0,0,0,0,0,0
240356,2,1,1989,0,0,0,0,0,0,0,0,0,12
240357,1,1,1989,0,0,0,0,0,0,0,0,0,0
240357,2,1,1989,0,0,0,0,0,0,0,0,0,0
240358,1,1,1989,0,0,0,0,0,0,0,0,0,0
240359,1,1,1989,0,0,0,0,8,0,0,0,0,0
240359,2,1,1989,0,0,0,0,0,0,0,0,0,0
240360,1,1,1989,19,19,19,19,19,19,19,19,19,19
240361,1,1,1989,0,0,0,0,0,0,0,0,0,0
240361,2,1,1989,0,0,0,0,0,0,0,0,0,0
240363,0,1,1989,0,0,0,0,0,0,0,0,0,0
240363,1,1,1989,0,0,0,0,0,0,0,0,0,0
240365,1,1,1989,0,0,0,0,2,0,0,0,11,0
240366,1,1,1989,0,0,0,0,0,23,0,0,0,0
240366,2,1,1989,0,0,0,0,0,0,0,0,0,0
240366,3,1,1989,0,0,0,0,0,0,0,0,0,0
240367,1,1,1989,11,11,11,11,11,11,11,11,11,11
240368,1,1,1989,12,12,12,12,12,12,12,12,12,12
240368,2,1,1989,0,0,0,15,0,0,9,7,18,0
240369,0,1,1989,0,0,0,0,0,0,0,0,0,0
240369,1,1,1989,0,0,0,0,0,0,0,0,0,0
240370,1,1,1989,0,0,0,0,0,0,0,0,0,0
240371,1,1,1989,23,20,7,7,17,9,21,0,9,12
240372,1,1,1989,16,16,16,16,16,16,16,16,16,16
240373,0,1,1989,0,0,0,0,0,0,0,0,0,0
240373,1,1,1989,0,0,0,8,7,5,0,0,0,6
240374,1,1,1989,20,16,11,11,5,8,36,0,14,8
240375,1,1,1989,0,0,0,0,0,0,0,0,0,0
240376,1,1,1989,0,0,0,0,0,0,0,0,0,0
240376,2,1,1989,0,0,0,0,0,0,0,0,0,0
240376,3,1,1989,0,0,0,0,0,0,0,0,0,0
240376,4,1,1989,0,0,0,0,0,0,0,0,0,0
240377,0,1,1989,0,0,0,0,0,0,0,0,0,0
240377,1,1,1989,0,0,0,0,0,0,17,0,0,0
240378,1,1,1989,0,0,0,0,0,0,0,0,0,0
240379,1,1,1989,21,21,21,21,21,21,21,21,21,21
240380,1,1,1989,10,10,10,10,10,10,10,10,10,10
240381,1,1,1989,0,0,0,0,0,0,0,0,0,0
240381,2,1,1989,0,0,0,0,0,0,0,0,0,0
240382,0,1,1989,0,0,0,0,0,0,0,0,0,0
240382,1,1,1989,0,0,0,0,0,0,0,0,0,0
240383,0,1,1989,0,4,0,0,0,0,0,0,0,0
240383,1,1,1989,22,4,0,16,0,11,16,0,2,0
240384,1,1,1989,0,0,0,0,0,0,0,0,0,0
240384,2,1,1989,0,17,0,0,0,0,0,0,0,0
240385,1,1,1989,0,0,0,0,0,0,0,0,0,0
240385,2,1,1989,0,0,0,0,0,0,0,0,0,0
240386,1,1,1989,26,26,26,26,26,26,26,26,26,26
240387,1,1,1989,0,0,0,0,0,0,0,0,0,0
240387,2,1,1989,0,0,0,0,0,0,0,0,0,0
240388,1,1,1989,0,0,0,0,0,0,0,0,0,0
240388,2,1,1989,36,0,0,0,0,0,0,0,0,30
240389,1,1,1989,0,0,0,0,0,0,0,0,0,0
240389,2,1,1989,0,0,0,0,0,0,0,0,0,0
240390,0,1,1989,11,54,22,25,5,16,9,8,24,28
240390,1,1,1989,0,0,0,0,0,0,0,0,0,0
240391,1,1,1989,0,0,0,0,0,33,0,26,0,0
240391,2,1,1989,0,0,0,0,0,0,0,0,0,0
240392,1,1,1989,0,0,0,0,0,0,0,0,0,0
240392,2,1,1989,0,0,0,0,0,0,0,0,0,0
240392,3,1,1989,0,0,0,0,0,0,0,0,0,0
240394,1,1,1989,23,0,6,0,0,0,20,0,0,0
240394,2,1,1989,0,0,0,0,0,0,0,0,0,0
240394,3,1,1989,0,0,0,0,0,0,0,0,0,0
240395,0,1,1989,0,0,0,34,25,23,0,0,21,36
240395,1,1,1989,0,0,0,0,0,0,0,0,0,0
240396,1,1,1989,0,0,0,0,22,0,0,0,0,0
240396,2,1,1989,0,0,0,0,0,0,0,0,0,0
240397,1,1,1989,16,0,25,11,0,21,0,9,22,28
240398,0,1,1989,9,18,33,26,0,38,19,8,17,20
240398,1,1,1989,0,0,21,0,16,0,0,0,0,0
240399,1,1,1989,0,0,0,0,0,0,0,0,0,0
240400,0,1,1989,20,20,20,20,20,20,20,20,20,20
240400,1,1,1989,13,13,13,13,13,13,13,13,13,13
240401,1,1,1989,0,0,0,0,0,0,0,0,0,0
240402,1,1,1989,0,0,0,0,0,0,0,0,0,0
240402,3,1,1989,0,0,0,0,0,0,0,0,0,0
240403,1,1,1989,0,0,0,0,0,0,0,0,0,0
240404,0,1,1989,0,0,0,0,0,0,0,0,0,0
240404,1,1,1989,0,0,0,0,0,0,26,0,0,0
240405,1,1,1989,0,0,0,0,0,0,4,0,17,12
240405,2,1,1989,0,0,0,0,0,0,0,0,0,0
240406,1,1,1989,0,0,0,0,0,0,0,0,0,0
240408,0,1,1989,0,0,0,0,0,0,0,0,0,0
240408,1,1,1989,0,0,0,0,0,0,0,0,0,0
240409,1,1,1989,0,0,15,0,0,0,0,0,0,0
240409,2,1,1989,0,0,0,0,0,0,0,0,0,0
240409,3,1,1989,0,0,0,0,0,0,0,0,0,0
240410,1,1,1989,0,0,0,0,0,0,0,0,0,0
240411,1,1,1989,14,14,14,14,14,14,14,14,14,14
240411,2,1,1989,0,0,0,0,11,0,0,0,0,0
240412,1,1,1989,0,0,0,0,0,0,0,0,0,0
240412,2,1,1989,0,0,0,0,0,0,0,0,0,0
240413,1,1,1989,0,0,0,0,0,0,0,0,0,0
240413,2,1,1989,0,0,0,0,0,0,0,0,0,0
240414,0,1,1989,0,0,0,0,0,0,0,0,0,0
240414,1,1,1989,6,6,6,6,6,6,6,6,6,6
240415,0,1,1989,17,17,17,17,17,17,17,17,17,17
240415,1,1,1989,0,0,0,0,0,0,0,19,4,0
240416,1,1,1989,7,7,7,7,7,7,7,7,7,7
240416,2,1,1989,0,0,26,0,0,17,20,0,0,0
240417,1,1,1989,10,10,10,10,10,10,10,10,10,10
240418,1,1,1989,15,10,0,0,0,0,0,22,0,0
240418,2,1,1989,0,0,0,0,0,0,0,6,11,0
240418,3,1,1989,0,0,15,0,0,0,0,0,11,30
240419,0,1,1989,0,0,0,0,0,0,0,0,0,0
240419,1,1,1989,0,0,0,0,0,0,0,0,0,0
240420,1,1,1989,28,28,28,28,28,28,28,28,28,28
240421,0,1,1989,0,0,0,0,0,0,0,0,0,0
240421,1,1,1989,0,16,17,0,21,15,0,21,0,15
240422,1,1,1989,11,11,11,11,11,11,11,11,11,11
240423,0,1,1989,0,0,0,0,0,0,0,0,0,0
240423,1,1,1989,0,0,0,0,0,0,0,0,0,0
240424,0,1,1989,0,0,0,0,0,0,0,0,0,0
240424,1,1,1989,0,0,0,0,0,0,0,0,0,0
240425,1,1,1989,14,14,0,4,2,12,9,8,14,37
240425,2,1,1989,9,9,9,9,9,9,9,9,9,9
240426,1,1,1989,11,20,19,8,7,28,17,15,17,17
240427,1,1,1989,18,18,18,18,18,18,18,18,18,18
240428,1,1,1989,23,23,23,23,23,23,23,23,23,23
240429,1,1,1989,0,0,0,0,0,0,0,0,0,0
240429,2,1,1989,0,0,0,0,0,0,0,0,0,0
240430,1,1,1989,17,17,17,17,17,17,17,17,17,17
240430,2,1,1989,0,0,0,0,0,0,0,0,0,0
240431,1,1,1989,0,0,0,0,0,0,0,0,0,0
240431,2,1,1989,0,0,0,0,0,0,0,0,0,0
240432,1,1,1989,23,8,17,8,22,7,13,0,20,29
240433,1,1,1989,5,13,14,14,19,45,17,18,7,13
240434,1,1,1989,3,3,3,3,3,3,3,3,3,3