ST_CASE,VEH_NO,PER_NO,YEAR,P1,P2,P3,P4,P5,P6,P7,P8,P9,P10
240434,2,1,1989,0,0,0,0,0,0,0,0,0,0
240434,3,1,1989,0,0,0,0,0,0,0,0,0,0
240435,1,1,1989,27,27,27,27,27,27,27,27,27,27
240435,2,1,1989,14,0,0,0,0,0,8,23,0,0
240436,0,1,1989,1,1,1,1,1,1,1,1,1,1
240436,1,1,1989,0,0,0,0,7,0,0,0,0,0
240436,2,1,1989,0,0,0,0,0,17,0,13,8,0
240437,1,1,1989,18,18,18,18,18,18,18,18,18,18
240439,0,1,1989,0,0,0,0,0,0,0,0,0,0
240439,1,1,1989,0,0,0,0,0,0,0,0,0,0
240440,0,1,1989,17,17,17,17,17,17,17,17,17,17
240440,1,1,1989,0,0,0,0,17,0,3,0,0,0
240441,1,1,1989,0,0,0,0,0,0,0,0,0,0
240441,2,1,1989,0,0,0,0,0,0,0,0,0,0
240442,1,1,1989,11,11,11,11,11,11,11,11,11,11
240443,1,1,1989,0,0,0,0,0,0,0,0,0,0
240443,2,1,1989,0,0,0,0,0,0,0,0,0,0
240444,1,1,1989,0,0,0,0,0,0,0,0,0,0
240444,2,1,1989,0,0,0,0,0,0,0,0,0,0
240445,1,1,1989,0,0,0,0,0,0,0,0,0,0
240445,2,1,1989,0,0,0,0,0,0,0,0,0,0
240446,1,1,1989,0,0,0,0,0,0,0,0,0,0
240446,2,1,1989,0,0,0,0,0,0,0,0,0,0
240447,1,1,1989,0,0,0,0,0,0,0,0,0,0
240447,2,1,1989,0,0,0,0,0,0,0,0,0,0
240448,1,1,1989,0,0,0,0,0,0,0,0,0,0
240448,2,1,1989,0,0,0,0,0,0,0,0,0,0
240449,1,1,1989,0,0,0,0,0,0,0,0,0,0
240449,2,1,1989,14,0,6,12,11,7,11,0,0,7
240450,1,1,1989,0,0,0,0,0,0,0,0,0,0
240451,0,1,1989,6,6,6,6,6,6,6,6,6,6
240451,1,1,1989,0,0,0,0,0,0,0,0,0,0
240452,1,1,1989,0,0,0,0,10,0,0,0,0,0
240452,2,1,1989,0,0,0,0,0,0,0,0,0,0
240453,1,1,1989,0,0,0,0,0,0,0,0,0,0
240453,2,1,1989,0,0,0,0,0,6,0,0,0,0
240454,1,1,1989,19,19,19,19,19,19,19,19,19,19
240454,2,1,1989,0,0,0,0,0,0,0,0,0,0
240455,1,1,1989,18,25,12,29,24,25,11,14,8,5
240455,2,1,1989,0,0,0,0,0,0,0,0,0,0
240456,1,1,1989,17,17,17,17,17,17,17,17,17,17
240457,1,1,1989,0,0,0,0,0,0,0,0,0,0
240457,2,1,1989,0,0,0,0,0,12,0,0,0,0
240457,3,1,1989,0,0,0,0,0,0,0,0,0,0
240458,0,1,1989,0,0,0,0,0,0,0,0,0,0
240458,1,1,1989,0,0,7,0,0,0,0,0,0,0
240458,2,1,1989,19,0,0,0,0,6,0,0,3,9
240459,1,1,1989,0,0,0,0,0,0,0,0,0,0
240460,1,1,1989,0,0,0,0,0,0,0,0,0,0
240460,2,1,1989,0,0,0,0,0,0,0,13,0,0
240461,1,1,1989,0,0,0,0,0,0,0,0,0,0
240462,1,1,1989,6,6,6,6,6,6,6,6,6,6
240462,2,1,1989,0,0,0,0,13,0,0,7,0,0
240462,3,1,1989,0,0,31,42,12,0,34,12,11,0
240462,4,1,1989,0,0,0,0,0,0,0,0,0,0
240463,1,1,1989,0,0,0,0,0,0,0,0,0,0
240463,2,1,1989,0,0,0,0,0,0,0,0,0,0
240464,1,1,1989,23,23,23,23,23,23,23,23,23,23
240465,1,1,1989,20,20,20,20,20,20,20,20,20,20
240466,0,1,1989,0,45,0,0,19,0,0,0,0,12
240466,1,1,1989,0,0,0,0,0,0,0,0,0,0
240467,1,1,1989,0,0,0,0,0,0,0,0,0,0
240468,1,1,1989,0,0,0,0,0,0,0,0,0,0
240468,2,1,1989,0,0,0,0,0,0,0,0,0,0
240469,1,1,1989,22,22,22,22,22,22,22,22,22,22
240470,1,1,1989,0,0,0,0,7,0,0,0,0,0
240470,2,1,1989,0,0,0,0,0,0,13,0,0,0
240470,3,1,1989,0,0,0,0,0,0,0,0,0,0
240471,0,1,1989,0,0,0,0,0,0,0,0,0,0
240471,1,1,1989,0,0,0,0,0,0,0,0,0,0
240472,1,1,1989,0,0,0,0,0,0,0,0,0,0
240473,1,1,1989,3,16,8,10,5,3,17,9,22,19
240474,1,1,1989,0,0,0,0,0,0,0,0,0,0
240474,2,1,1989,0,0,0,0,0,0,0,0,0,0
240475,0,1,1989,4,4,4,4,4,4,4,4,4,4
240475,1,1,1989,0,0,0,0,0,0,0,0,0,0
240476,1,1,1989,0,0,0,0,0,0,0,0,0,0
240477,1,1,1989,0,0,0,0,0,0,0,0,0,0
240477,2,1,1989,0,0,0,0,0,0,0,0,0,0
240478,1,1,1989,9,9,9,9,9,9,9,9,9,9
240479,0,1,1989,12,12,12,12,12,12,12,12,12,12
240479,1,1,1989,0,0,0,0,0,0,0,0,0,0
240480,1,1,1989,0,0,0,0,0,0,0,0,0,0
240480,2,1,1989,0,0,0,0,0,0,0,0,0,0
240482,0,1,1989,0,0,0,0,0,0,0,0,0,0
240482,1,1,1989,0,0,0,0,0,0,0,0,0,0
240483,0,1,1989,17,17,17,17,17,17,17,17,17,17
240483,1,1,1989,0,0,0,0,0,0,11,0,0,0
240483,2,1,1989,0,0,0,0,0,0,0,0,0,0
240484,0,1,1989,22,22,22,22,22,22,22,22,22,22
240484,1,1,1989,0,0,0,0,0,0,0,0,0,0
240484,2,1,1989,8,0,0,0,0,0,0,0,14,5
240485,1,1,1989,14,14,14,14,14,14,14,14,14,14
240485,2,1,1989,5,5,5,5,5,5,5,5,5,5
240486,0,1,1989,20,28,26,0,0,31,22,14,10,15
240486,1,1,1989,0,0,0,0,0,0,0,12,0,0
240487,0,1,1989,38,38,38,38,38,38,38,38,38,38
240487,1,1,1989,0,0,0,0,0,0,0,0,0,0
240488,1,1,1989,0,0,0,0,0,0,16,0,0,0
240490,1,1,1989,0,0,0,0,0,0,0,0,0,0
240491,1,1,1989,15,15,15,15,15,15,15,15,15,15
240492,1,1,1989,0,0,0,0,0,0,0,0,0,0
240492,2,1,1989,0,0,0,0,0,0,0,0,0,0
240493,1,1,1989,14,0,0,0,0,0,0,0,0,0
240494,1,1,1989,0,0,0,0,0,0,0,0,0,0
240495,1,1,1989,25,25,25,25,25,25,25,25,25,25
240496,0,1,1989,0,0,0,0,0,0,0,0,0,0
240496,1,1,1989,0,0,0,0,0,0,0,0,0,0
240497,1,1,1989,20,20,20,20,20,20,20,20,20,20
240498,0,1,1989,5,5,5,5,5,5,5,5,5,5
240498,0,2,1989,3,3,3,3,3,3,3,3,3,3
240498,1,1,1989,0,0,0,21,0,9,17,0,0,12
240499,1,1,1989,0,0,14,0,0,0,0,0,0,0
240499,2,1,1989,0,0,0,0,0,0,0,0,0,0
240500,1,1,1989,18,18,18,18,18,18,18,18,18,18
240501,1,1,1989,0,0,0,0,0,0,0,0,0,0
240501,2,1,1989,0,0,0,0,0,0,0,0,0,0
240502,1,1,1989,8,8,8,8,8,8,8,8,8,8
240503,1,1,1989,18,18,18,18,18,18,18,18,18,18
240504,1,1,1989,0,0,0,0,0,0,0,0,0,0
240504,2,1,1989,16,16,16,16,16,16,16,16,16,16
240505,1,1,1989,23,23,23,23,23,23,23,23,23,23
240505,2,1,1989,0,0,0,0,0,0,11,0,0,0
240506,0,1,1989,0,0,0,0,0,0,0,0,0,0
240506,1,1,1989,0,0,0,0,0,0,0,0,0,0
240507,0,1,1989,0,0,0,0,0,0,0,0,0,0
240507,1,1,1989,30,4,5,11,9,16,10,15,0,11
240508,1,1,1989,17,17,17,17,17,17,17,17,17,17
240509,1,1,1989,0,0,0,0,0,0,0,0,0,0
240509,2,1,1989,0,0,0,0,0,0,0,0,0,0
240510,1,1,1989,0,0,0,0,0,0,0,0,0,0
240511,1,1,1989,0,0,0,0,0,0,0,0,0,0
240511,2,1,1989,0,0,0,0,0,0,0,0,0,0
240513,1,1,1989,0,0,0,0,0,0,0,0,0,0
240513,2,1,1989,0,0,0,0,0,0,0,0,0,0
240513,3,1,1989,0,0,0,0,0,0,0,0,0,0
240514,1,1,1989,0,0,0,0,0,0,0,0,0,0
240515,1,1,1989,0,0,0,0,0,0,0,0,0,0
240515,2,1,1989,0,0,0,0,0,0,0,0,0,0
240516,1,1,1989,0,0,0,0,0,0,0,0,0,0
240516,2,1,1989,0,0,0,0,0,0,0,0,0,0
240517,1,1,1989,0,0,0,0,0,0,0,0,0,0
240517,2,1,1989,0,0,0,0,0,0,0,0,0,0
240518,0,1,1989,0,0,0,0,11,0,0,0,0,0
240518,1,1,1989,0,0,0,0,0,0,0,0,0,0
240519,0,1,1989,26,26,26,26,26,26,26,26,26,26
240519,1,1,1989,0,0,0,0,0,0,0,0,0,0
240520,0,1,1989,0,0,0,0,0,0,0,0,0,0
240520,1,1,1989,0,30,9,0,0,0,0,0,0,0
240521,1,1,1989,7,7,7,7,7,7,7,7,7,7
240522,1,1,1989,6,6,6,6,6,6,6,6,6,6
240522,2,1,1989,2,12,11,12,20,10,6,13,5,7
240523,1,1,1989,0,0,0,10,0,0,0,29,0,0
240523,2,1,1989,0,0,0,0,0,0,0,0,0,0
240524,1,1,1989,14,14,14,14,14,14,14,14,14,14
240525,1,1,1989,0,0,0,0,0,0,0,0,0,0
240526,0,1,1989,0,0,0,0,0,0,0,0,0,0
240526,0,2,1989,0,0,0,0,0,0,0,0,0,0
240526,1,1,1989,0,0,0,0,0,0,4,0,0,0
240527,1,1,1989,0,0,0,0,0,0,0,0,0,0
240527,2,1,1989,0,0,0,0,0,0,0,0,0,0
240528,1,1,1989,14,14,14,14,14,14,14,14,14,14
240529,0,1,1989,31,31,31,31,31,31,31,31,31,31
240529,1,1,1989,0,0,0,0,0,0,0,0,0,2
240530,0,1,1989,17,17,17,17,17,17,17,17,17,17
240530,1,1,1989,0,0,0,8,0,0,0,0,0,0
240531,1,1,1989,0,0,0,0,0,0,0,0,0,0
240532,1,1,1989,0,0,0,0,0,0,0,0,0,0
240532,2,1,1989,0,0,0,0,0,0,0,0,0,0
240533,1,1,1989,15,15,15,15,15,15,15,15,15,15
240533,2,1,1989,5,18,0,13,0,13,18,0,0,26
240533,3,1,1989,1,1,1,1,1,1,1,1,1,1
240533,4,1,1989,22,22,22,22,22,22,22,22,22,22
240534,1,1,1989,0,0,0,0,0,0,0,0,0,0
240534,2,1,1989,0,0,0,0,0,0,0,0,0,0
240535,1,1,1989,0,0,0,0,0,0,0,0,0,0
240535,2,1,1989,0,0,0,0,0,0,0,0,0,0
240537,1,1,1989,0,0,0,0,0,0,0,0,0,0
240538,1,1,1989,3,0,0,0,0,0,0,0,33,0
240538,2,1,1989,0,0,0,0,0,0,0,0,0,0
240539,1,1,1989,0,0,0,0,0,0,0,0,0,0
240539,2,1,1989,4,4,4,4,4,4,4,4,4,4
240540,1,1,1989,10,19,23,23,12,7,26,12,31,11
240541,0,1,1989,0,0,0,0,0,0,0,0,0,0
240541,1,1,1989,0,0,0,0,0,0,0,0,0,0
240542,1,1,1989,0,0,0,0,0,0,0,0,0,0
240542,2,1,1989,0,0,0,0,0,0,0,0,0,0
240543,1,1,1989,0,27,0,0,0,0,0,0,0,0
240543,2,1,1989,0,0,0,0,0,0,0,0,0,0
240544,1,1,1989,0,0,0,0,0,0,0,0,0,0
240545,1,1,1989,0,0,0,0,0,0,0,0,0,0
240546,0,1,1989,0,0,0,0,0,0,0,0,0,0
240546,1,1,1989,0,0,0,0,0,0,0,0,0,0
240547,0,1,1989,0,0,0,0,0,0,0,0,0,0
240547,1,1,1989,0,0,0,0,0,0,0,18,0,0
240549,0,1,1989,0,0,0,0,0,0,0,0,0,0
240549,1,1,1989,0,0,0,0,0,0,0,0,0,0
240550,0,1,1989,0,0,0,0,0,0,0,0,0,0
240550,1,1,1989,0,0,0,0,0,0,0,0,0,0
240551,0,1,1989,0,0,0,0,0,0,0,0,0,0
240552,0,1,1989,0,0,0,0,0,0,0,0,0,0
240552,1,1,1989,0,0,0,0,0,0,0,0,0,0
240553,1,1,1989,0,0,0,0,0,0,0,0,0,0
240554,1,1,1989,0,0,0,0,0,0,0,0,0,0
240554,2,1,1989,0,0,0,0,0,0,0,0,0,0
240554,3,1,1989,0,0,0,0,0,0,0,0,0,0
240555,1,1,1989,0,0,0,0,0,0,0,0,0,0
240555,2,1,1989,0,0,0,0,0,0,0,0,0,0
240556,1,1,1989,9,9,9,9,9,9,9,9,9,9
240556,2,1,1989,0,0,0,0,0,0,0,0,0,0
240557,1,1,1989,0,0,0,0,0,0,0,0,0,0
240557,2,1,1989,0,0,0,0,0,0,0,0,0,0
240557,3,1,1989,0,0,0,0,0,0,0,0,0,0
240558,1,1,1989,0,0,0,0,0,0,0,0,0,0
240558,2,1,1989,0,0,0,0,0,0,0,0,0,0
240559,1,1,1989,0,0,0,0,0,0,0,0,0,0
240560,1,1,1989,0,0,9,0,0,0,0,0,0,0
240560,2,1,1989,0,0,7,0,0,0,0,0,0,0
240560,3,1,1989,0,0,0,0,0,0,0,0,0,0
240561,0,1,1989,0,0,0,0,0,0,0,0,0,0
240561,0,2,1989,18,0,0,11,30,0,20,0,0,10
240561,1,1,1989,0,0,0,0,0,0,0,0,0,0
240562,1,1,1989,0,0,0,0,0,0,0,0,0,0
240562,2,1,1989,0,0,0,0,0,0,0,0,0,0
240563,1,1,1989,2,2,2,2,2,2,2,2,2,2
240564,0,1,1989,5,5,5,5,5,5,5,5,5,5
240564,1,1,1989,0,23,0,0,0,0,0,0,0,0
240565,1,1,1989,0,0,0,0,0,0,0,0,0,0
240565,2,1,1989,0,0,0,0,0,0,0,0,0,0
240566,1,1,1989,0,0,0,0,0,0,0,0,0,0
240566,2,1,1989,0,0,0,0,0,0,0,0,0,0
240567,1,1,1989,6,28,11,27,20,17,11,17,9,15
240569,1,1,1989,0,0,0,16,0,0,0,0,11,0
240569,2,1,1989,0,0,0,0,0,0,0,0,0,0
240570,1,1,1989,0,0,0,0,0,0,0,0,0,0
240570,2,1,1989,0,0,0,0,0,0,0,0,0,0
240571,1,1,1989,0,0,0,0,0,0,0,0,0,0
240571,2,1,1989,0,0,0,0,0,0,0,0,0,0
240571,3,1,1989,0,0,0,0,0,0,0,0,0,0
240572,0,1,1989,0,0,0,0,0,0,0,0,0,0
240572,1,1,1989,0,0,0,0,0,0,0,0,0,0
240573,0,1,1989,0,0,0,0,0,0,0,0,0,0
240573,1,1,1989,9,9,9,9,9,9,9,9,9,9
240574,1,1,1989,0,0,0,0,0,0,0,0,0,0
240574,2,1,1989,0,0,0,0,0,0,0,0,0,0
240575,1,1,1989,0,0,0,0,18,0,0,0,0,0
240575,2,1,1989,0,0,0,0,0,0,0,0,0,0
240576,1,1,1989,11,11,11,11,11,11,11,11,11,11
240576,2,1,1989,0,0,0,0,0,0,0,0,0,0
240576,3,1,1989,0,0,0,0,0,0,0,0,0,4
240577,1,1,1989,0,0,0,0,0,0,0,0,0,0
240577,2,1,1989,0,0,0,0,0,0,0,0,0,0
240578,1,1,1989,0,0,0,0,0,0,0,0,0,0
240578,2,1,1989,0,0,0,0,0,0,0,0,28,0
240579,0,1,1989,0,0,0,0,0,0,0,0,0,0
240579,1,1,1989,0,0,0,0,0,0,8,0,0,0
240580,1,1,1989,5,5,5,5,5,5,5,5,5,5
240581,1,1,1989,22,22,22,22,22,22,22,22,22,22
240582,1,1,1989,21,21,21,21,21,21,21,21,21,21
240585,1,1,1989,0,0,0,0,0,0,0,0,0,0
240585,2,1,1989,0,0,0,0,0,0,0,0,0,0
240585,3,1,1989,0,0,0,9,0,0,0,0,0,0
240586,1,1,1989,0,0,0,0,0,0,0,0,0,0
240587,1,1,1989,0,0,0,0,0,0,0,0,0,0
240588,1,1,1989,0,0,0,0,0,0,0,0,0,0
240588,2,1,1989,0,0,0,0,0,0,0,0,15,0
240589,1,1,1989,17,0,0,0,0,0,0,0,0,0
240589,2,1,1989,20,0,0,0,0,0,0,0,0,0
240590,1,1,1989,20,15,31,16,24,32,19,19,6,5
240591,0,1,1989,17,17,17,17,17,17,17,17,17,17
240591,1,1,1989,0,0,0,0,0,0,19,0,0,0
240592,1,1,1989,0,0,0,0,0,0,0,0,0,0
240592,2,1,1989,0,0,0,0,20,0,0,0,0,0
240593,1,1,1989,0,0,0,0,8,0,0,0,0,0
240593,2,1,1989,2,2,2,2,2,2,2,2,2,2
240594,0,1,1989,0,0,0,0,0,0,0,0,0,0
240594,1,1,1989,0,0,0,0,0,0,0,0,0,0
240595,1,1,1989,18,18,18,18,18,18,18,18,18,18
240596,1,1,1989,0,0,0,0,0,5,0,0,0,0
240597,1,1,1989,24,24,24,24,24,24,24,24,24,24
240597,2,1,1989,0,0,0,0,0,0,0,0,0,0
240598,1,1,1989,0,0,0,0,0,0,0,0,0,0
240598,2,1,1989,0,0,0,0,0,0,0,0,0,0
240599,1,1,1989,0,0,0,0,0,0,0,0,0,0
240600,1,1,1989,0,0,10,0,0,0,0,0,0,0
240601,1,1,1989,0,0,0,0,0,0,0,0,18,0
240601,2,1,1989,18,18,18,18,18,18,18,18,18,18
240602,1,1,1989,0,0,0,0,19,0,0,0,0,22
240603,0,1,1989,0,0,0,0,0,0,0,0,0,0
240603,1,1,1989,0,0,0,0,0,0,0,0,0,0
240604,1,1,1989,29,29,29,29,29,29,29,29,29,29
240605,1,1,1989,0,0,0,0,0,0,0,0,0,0
240605,2,1,1989,0,0,0,0,0,0,0,21,4,0
240605,3,1,1989,0,22,0,0,0,0,0,0,0,0
240606,1,1,1989,0,0,0,0,0,0,0,0,0,0
240606,2,1,1989,0,0,0,0,0,0,0,0,0,0
240607,1,1,1989,26,26,26,26,26,26,26,26,26,26
240607,2,1,1989,0,0,0,0,0,0,0,0,0,0
240608,1,1,1989,0,0,0,0,0,0,0,0,0,0
240608,2,1,1989,0,0,0,0,0,0,0,0,0,0
240609,1,1,1989,5,5,5,5,5,5,5,5,5,5
240610,1,1,1989,0,0,0,0,0,0,0,0,0,0
240610,2,1,1989,0,0,0,0,0,0,0,0,0,0
240611,1,1,1989,21,21,21,21,21,21,21,21,21,21
240611,2,1,1989,0,7,0,0,0,0,0,0,0,0
240612,1,1,1989,0,0,0,0,0,0,0,0,0,0
240612,2,1,1989,0,0,0,0,0,0,0,0,0,0
240613,1,1,1989,0,2,0,0,0,0,0,0,0,5
240613,2,1,1989,0,0,0,0,0,0,0,0,0,0
240614,1,1,1989,0,0,0,0,0,0,0,0,0,0
240614,2,1,1989,0,0,0,0,0,0,0,0,0,0
240615,0,1,1989,0,0,0,0,0,0,0,0,0,0
240615,1,1,1989,0,0,0,0,0,0,0,0,0,0
240616,1,1,1989,2,2,2,2,2,2,2,2,2,2
240617,0,1,1989,0,0,0,0,0,0,0,0,0,0
240617,1,1,1989,16,0,0,10,0,0,0,0,14,0
240618,1,1,1989,16,16,16,16,16,16,16,16,16,16
240619,1,1,1989,0,0,0,0,0,0,0,0,0,0
240619,2,1,1989,34,34,34,34,34,34,34,34,34,34
240620,1,1,1989,32,32,32,32,32,32,32,32,32,32
240621,1,1,1989,0,0,0,0,0,0,0,0,0,0
240621,2,1,1989,0,0,0,0,0,0,0,0,0,13
240622,1,1,1989,0,0,0,0,0,0,0,0,0,0
240622,2,1,1989,0,0,0,0,0,0,0,0,0,0
240623,1,1,1989,22,22,22,22,22,22,22,22,22,22
240624,1,1,1989,15,15,15,15,15,15,15,15,15,15
240624,2,1,1989,11,11,11,11,11,11,11,11,11,11
240626,0,1,1989,0,0,0,0,0,0,12,0,0,0
240626,1,1,1989,0,0,0,0,0,0,0,0,0,0
240626,2,1,1989,0,0,0,6,0,0,0,0,0,0
240627,1,1,1989,0,0,0,0,0,0,0,0,0,0
240627,2,1,1989,0,0,0,0,0,0,0,0,0,0
240628,0,1,1989,11,11,11,11,11,11,11,11,11,11
240628,1,1,1989,15,0,0,0,0,0,0,0,13,0
240629,1,1,1989,0,0,0,0,0,0,0,0,0,0
240629,2,1,1989,0,0,0,0,0,0,0,0,0,0
240630,1,1,1989,0,0,0,0,0,0,0,0,0,0
240630,2,1,1989,0,0,0,0,0,0,0,0,0,0
240631,1,1,1989,0,0,0,0,0,0,0,0,0,0
240631,2,1,1989,0,0,0,0,0,0,0,0,0,0
240632,0,1,1989,16,16,16,16,16,16,16,16,16,16
240632,1,1,1989,0,0,0,0,0,0,0,0,0,0
240632,2,1,1989,0,0,0,0,0,0,0,0,0,0
240633,1,1,1989,0,0,0,0,0,0,0,0,0,0
240633,2,1,1989,0,0,0,0,0,0,0,0,0,0
240634,1,1,1989,0,0,0,0,0,0,0,0,0,0
240634,2,1,1989,0,0,0,6,0,0,0,0,12,0
240635,1,1,1989,0,0,0,0,0,0,0,0,0,0
240636,1,1,1989,0,0,0,0,0,2,0,0,0,0
240636,2,1,1989,0,0,0,0,0,0,0,0,0,0
240637,1,1,1989,20,0,0,0,0,0,0,0,0,0
240637,2,1,1989,0,0,0,3,0,0,0,0,0,0
240637,3,1,1989,0,0,0,0,0,0,0,0,0,0
240638,1,1,1989,26,26,26,26,26,26,26,26,26,26
240638,2,1,1989,0,0,0,0,0,0,0,0,0,0
240639,1,1,1989,10,0,0,0,0,0,0,0,0,0
240639,2,1,1989,2,2,2,2,2,2,2,2,2,2
240641,1,1,1989,16,0,11,21,0,0,0,17,0,0
240642,1,1,1989,14,14,14,14,14,14,14,14,14,14
240643,1,1,1989,25,25,25,25,25,25,25,25,25,25
240644,1,1,1989,33,33,33,33,33,33,33,33,33,33
240645,1,1,1989,15,15,15,15,15,15,15,15,15,15
240646,1,1,1989,0,0,0,0,0,0,0,0,0,0
240646,2,1,1989,0,0,0,0,0,0,0,0,0,0
240647,1,1,1989,0,0,0,0,0,0,0,0,0,0
240648,1,1,1989,0,0,0,0,0,0,0,0,0,0
240648,2,1,1989,0,0,0,0,0,0,0,0,0,0
240649,0,1,1989,31,31,31,31,31,31,31,31,31,31
240649,1,1,1989,0,0,0,0,0,0,0,18,0,0
240650,1,1,1989,0,0,0,0,0,0,0,0,0,0
240650,2,1,1989,0,0,0,0,0,0,0,0,0,0
240651,1,1,1989,0,0,0,0,0,0,0,0,0,0
240652,1,1,1989,10,10,10,10,10,10,10,10,10,10
240653,1,1,1989,0,0,0,0,0,0,0,0,0,0
240653,2,1,1989,0,0,0,0,0,0,0,0,0,0
240654,1,1,1989,0,0,0,0,0,0,0,0,0,0
240654,2,1,1989,0,0,0,0,0,0,0,0,0,0
240654,3,1,1989,0,0,0,0,0,0,0,0,0,0
240655,1,1,1989,0,0,0,0,0,0,10,0,0,0
240655,2,1,1989,0,0,0,0,0,0,0,0,0,0
240656,1,1,1989,0,0,0,0,0,0,0,0,0,0
240656,2,1,1989,0,0,0,0,0,0,0,0,0,0
240657,1,1,1989,0,0,0,0,0,0,0,0,0,0
240658,1,1,1989,0,0,0,0,0,8,0,0,17,0
240658,2,1,1989,0,0,0,0,0,0,0,0,0,0
240658,3,1,1989,0,0,0,0,0,0,0,0,0,0
240659,0,1,1989,0,0,0,0,0,0,0,0,0,0
240659,1,1,1989,0,15,0,0,0,0,0,0,0,0
240660,1,1,1989,6,0,28,0,4,21,12,0,7,19
240661,0,1,1989,20,20,20,20,20,20,20,20,20,20
240661,1,1,1989,0,0,0,0,0,0,0,10,0,0
240661,2,1,1989,0,0,0,10,0,0,0,0,0,0
240662,1,1,1989,9,9,9,9,9,9,9,9,9,9
240663,1,1,1989,0,18,0,0,0,0,0,0,11,0
240663,2,1,1989,0,0,0,0,0,0,13,0,0,0
240663,3,1,1989,19,17,12,0,0,0,0,19,0,0
240664,1,1,1989,0,0,0,0,0,0,0,0,0,0
240664,2,1,1989,0,0,0,0,0,0,0,0,27,0
240666,1,1,1989,0,0,0,0,0,0,0,0,0,7
240666,2,1,1989,0,0,0,0,0,0,0,0,0,0
240666,3,1,1989,0,0,0,0,0,0,0,0,0,0
240667,0,1,1989,32,32,32,32,32,32,32,32,32,32
240667,1,1,1989,0,0,0,0,0,0,0,0,12,0
240668,0,1,1989,0,0,0,0,0,0,0,0,0,0
240668,1,1,1989,13,0,0,12,0,0,0,22,0,2
240669,0,1,1989,36,36,36,36,36,36,36,36,36,36
240669,1,1,1989,0,13,0,0,26,0,0,0,0,10
240670,1,1,1989,12,12,12,12,12,12,12,12,12,12
240672,0,1,1989,0,0,0,0,0,0,0,0,0,0
240672,1,1,1989,0,0,0,0,0,0,12,0,0,0
240673,1,1,1989,0,0,0,0,0,0,0,0,0,0
240673,2,1,1989,0,0,0,0,0,0,0,0,0,0
240674,0,1,1989,0,0,0,0,0,0,0,0,0,0
240674,0,2,1989,0,0,23,0,0,0,9,18,17,7
240674,1,1,1989,14,10,0,0,0,9,0,5,0,0
240675,1,1,1989,0,0,0,0,0,0,0,0,0,0
240675,2,1,1989,0,0,0,0,0,0,0,0,0,0
240676,1,1,1989,0,0,0,0,0,0,0,0,0,0
240676,2,1,1989,0,0,0,0,0,0,0,0,0,0
240677,1,1,1989,18,18,18,18,18,18,18,18,18,18
240677,2,1,1989,0,0,0,0,0,0,0,0,10,0
240679,1,1,1989,0,0,0,0,0,0,0,0,0,0
240679,2,1,1989,0,0,0,0,0,0,0,0,0,0
240683,0,1,1989,43,43,43,43,43,43,43,43,43,43
240683,1,1,1989,0,0,0,0,0,0,0,0,0,0
240684,1,1,1989,0,0,0,0,0,0,0,0,0,0
240684,2,1,1989,0,0,0,0,0,0,0,0,0,0
250001,1,1,1989,15,15,15,15,15,15,15,15,15,15
250002,0,1,1989,0,0,0,0,0,0,0,0,0,0
250002,1,1,1989,0,0,0,0,0,0,0,0,0,0
250003,1,1,1989,0,0,0,0,0,0,0,0,0,0
250004,1,1,1989,0,0,0,0,0,0,0,0,0,0
250004,2,1,1989,0,0,0,0,0,0,0,0,0,0
250005,1,1,1989,13,13,13,13,13,13,13,13,13,13
250006,0,1,1989,3,3,3,3,3,3,3,3,3,3
250006,1,1,1989,0,0,0,0,0,0,0,0,0,0
250007,1,1,1989,20,20,20,20,20,20,20,20,20,20
250008,0,1,1989,0,0,0,0,0,0,0,0,0,0
250008,1,1,1989,20,0,0,0,0,0,0,0,0,0
250009,1,1,1989,9,9,9,9,9,9,9,9,9,9
250010,1,1,1989,11,11,11,11,11,11,11,11,11,11
250010,2,1,1989,0,0,0,0,0,0,0,0,0,0
250011,1,1,1989,0,0,0,0,0,0,0,0,0,0
250011,2,1,1989,0,0,0,0,0,0,0,0,0,0
250012,0,1,1989,18,18,18,18,18,18,18,18,18,18
250012,1,1,1989,0,0,0,16,0,0,0,16,0,0
250012,2,1,1989,0,12,0,0,0,0,0,0,0,0
250013,1,1,1989,23,23,23,23,23,23,23,23,23,23
250014,1,1,1989,26,20,9,19,32,19,20,0,27,15
250014,2,1,1989,3,3,3,3,3,3,3,3,3,3
250014,3,1,1989,0,0,0,0,0,9,11,0,18,0
250015,1,1,1989,21,21,21,21,21,21,21,21,21,21
250016,1,1,1989,0,0,0,0,0,0,0,0,0,0
250017,1,1,1989,16,16,16,16,16,16,16,16,16,16
250017,2,1,1989,0,0,0,0,0,0,0,0,0,0
250018,1,1,1989,28,0,0,0,27,0,6,20,16,23
250019,1,1,1989,0,24,0,0,20,0,0,0,5,0
250020,1,1,1989,12,0,0,8,0,0,17,7,0,23
250021,0,1,1989,0,0,0,0,0,0,0,0,0,0
250022,0,1,1989,0,0,0,9,0,0,0,0,0,0
250022,1,1,1989,0,0,0,0,0,0,17,26,0,0
250023,0,1,1989,0,0,0,0,0,0,0,0,0,0
250023,1,1,1989,0,0,0,0,0,0,0,0,0,0
250024,1,1,1989,33,33,33,33,33,33,33,33,33,33
250024,2,1,1989,0,0,0,0,0,9,0,0,0,0
250025,0,1,1989,0,0,0,0,0,0,0,0,0,0
250025,1,1,1989,0,0,0,0,0,0,0,0,0,0
250026,1,1,1989,1,1,1,1,1,1,1,1,1,1
250026,2,1,1989,0,0,0,0,0,0,0,0,0,0