ST_CASE,VEH_NO,PER_NO,YEAR,P1,P2,P3,P4,P5,P6,P7,P8,P9,P10
250027,1,1,1989,10,10,10,10,10,10,10,10,10,10
250028,1,1,1989,0,0,0,0,0,0,0,0,0,0
250029,1,1,1989,20,20,20,20,20,20,20,20,20,20
250029,2,1,1989,0,19,0,0,0,0,0,0,0,0
250030,0,1,1989,0,0,0,0,0,0,0,0,0,0
250030,1,1,1989,0,19,0,17,9,22,0,9,33,12
250031,1,1,1989,9,23,15,28,0,0,6,0,16,8
250032,1,1,1989,0,0,0,0,0,0,0,0,0,0
250033,0,1,1989,0,0,0,0,0,0,0,0,0,0
250033,0,2,1989,0,6,7,0,23,0,11,6,5,37
250033,1,1,1989,0,0,0,0,0,14,0,0,14,0
250034,1,1,1989,5,0,0,0,0,7,2,22,18,14
250034,2,1,1989,31,20,0,0,0,0,0,0,8,0
250034,3,1,1989,0,0,0,0,0,0,0,0,0,0
250035,1,1,1989,27,17,13,10,19,7,17,0,19,18
250035,2,1,1989,1,1,1,1,1,1,1,1,1,1
250035,3,1,1989,0,0,0,0,10,5,0,11,0,10
250036,0,1,1989,30,30,30,30,30,30,30,30,30,30
250036,0,2,1989,20,20,20,20,20,20,20,20,20,20
250036,1,1,1989,0,0,9,0,21,0,0,20,0,0
250037,1,1,1989,0,0,0,0,0,0,0,0,0,0
250037,2,1,1989,39,39,39,39,39,39,39,39,39,39
250038,0,1,1989,0,0,0,0,0,0,0,0,0,0
250039,1,2,1989,0,0,0,0,18,12,0,0,0,0
250040,1,1,1989,0,0,13,0,0,0,26,15,0,11
250041,0,1,1989,0,0,0,0,0,0,0,0,0,0
250041,0,2,1989,0,0,0,0,0,0,0,0,0,0
250041,0,3,1989,0,0,0,0,0,0,0,0,0,0
250041,1,1,1989,0,0,2,0,0,0,0,0,0,0
250042,1,1,1989,0,0,0,0,0,0,0,0,0,0
250043,1,1,1989,0,0,0,0,0,0,0,0,0,0
250043,2,1,1989,25,20,0,0,6,8,5,0,0,19
250044,1,1,1989,12,8,26,26,15,0,17,10,16,0
250044,2,1,1989,0,0,0,0,0,0,0,0,0,0
250045,1,1,1989,0,0,0,0,0,0,0,0,0,0
250046,0,1,1989,0,0,0,0,0,0,0,0,0,0
250046,1,1,1989,0,0,0,0,0,0,0,8,0,0
250047,1,1,1989,6,6,6,6,6,6,6,6,6,6
250047,2,1,1989,3,17,24,0,20,13,0,0,3,0
250048,1,1,1989,0,17,10,21,15,10,24,16,29,11
250049,1,1,1989,21,5,14,23,18,6,12,13,20,24
250050,1,1,1989,0,0,0,0,0,0,0,0,0,0
250051,0,1,1989,0,0,0,0,0,0,0,0,0,0
250051,1,1,1989,0,0,0,0,0,0,0,0,0,0
250052,0,1,1989,0,0,0,0,0,0,0,0,0,0
250052,1,1,1989,23,0,0,0,0,0,0,0,0,0
250053,0,1,1989,0,0,0,0,0,0,0,0,0,0
250053,1,1,1989,0,0,0,0,0,0,0,0,0,0
250054,0,1,1989,0,0,0,0,0,0,0,0,0,0
250054,1,1,1989,21,11,4,21,10,30,9,13,14,14
250055,1,1,1989,21,21,21,21,21,21,21,21,21,21
250056,1,1,1989,11,11,11,11,11,11,11,11,11,11
250057,0,1,1989,1,1,1,1,1,1,1,1,1,1
250057,1,1,1989,0,0,0,0,0,0,0,0,0,0
250058,1,1,1989,0,0,0,0,0,0,0,0,0,0
250059,1,1,1989,19,19,19,19,19,19,19,19,19,19
250060,1,1,1989,27,27,27,27,27,27,27,27,27,27
250061,1,1,1989,15,15,15,15,15,15,15,15,15,15
250062,1,1,1989,0,0,0,0,0,0,0,0,0,0
250063,1,1,1989,26,26,26,26,26,26,26,26,26,26
250064,1,1,1989,9,23,21,27,15,17,0,26,19,28
250064,2,1,1989,0,0,0,0,0,0,0,0,0,0
250065,0,1,1989,0,26,3,0,0,14,0,0,14,14
250065,1,1,1989,0,0,0,0,0,0,0,7,0,0
250066,0,1,1989,0,0,0,0,0,0,0,0,0,0
250066,1,1,1989,0,0,0,0,16,0,0,17,0,0
250067,1,1,1989,21,19,15,29,11,3,21,9,4,18
250067,2,1,1989,0,0,0,0,8,0,22,0,0,0
250068,1,1,1989,19,19,19,19,19,19,19,19,19,19
250069,0,1,1989,0,0,0,0,0,0,0,0,0,0
250069,1,1,1989,0,0,0,0,0,0,0,0,0,0
250070,0,1,1989,23,23,23,23,23,23,23,23,23,23
250070,1,1,1989,0,0,0,0,0,0,0,0,0,0
250071,0,1,1989,0,0,0,0,0,0,0,0,0,0
250071,1,1,1989,0,0,0,0,0,0,0,19,0,0
250072,0,1,1989,6,6,6,6,6,6,6,6,6,6
250072,1,1,1989,0,0,0,0,0,0,0,0,0,0
250073,1,1,1989,0,0,0,0,0,0,0,0,0,0
250074,1,1,1989,0,0,0,0,0,0,0,0,0,8
250074,2,1,1989,0,0,0,0,0,0,0,0,0,0
250075,1,1,1989,26,26,26,26,26,26,26,26,26,26
250076,1,1,1989,0,0,0,0,0,0,0,0,0,0
250076,2,1,1989,0,0,0,0,0,0,0,0,0,0
250077,1,1,1989,25,25,25,25,25,25,25,25,25,25
250078,1,1,1989,1,1,1,1,1,1,1,1,1,1
250080,1,1,1989,10,10,10,10,10,10,10,10,10,10
250081,1,1,1989,25,29,26,32,0,10,26,12,14,23
250082,0,1,1989,0,0,0,0,0,0,0,0,0,0
250082,1,1,1989,0,0,0,0,0,0,0,15,0,0
250083,1,1,1989,0,0,0,0,0,0,0,0,0,0
250084,1,1,1989,0,7,0,0,15,18,0,36,0,0
250085,1,1,1989,39,39,39,39,39,39,39,39,39,39
250086,1,1,1989,0,0,0,0,0,0,0,0,17,0
250087,0,1,1989,35,35,35,35,35,35,35,35,35,35
250087,1,1,1989,0,0,0,0,0,0,0,0,0,0
250088,1,1,1989,33,33,33,33,33,33,33,33,33,33
250089,0,1,1989,0,11,0,0,0,0,0,0,0,12
250089,1,1,1989,0,0,0,0,0,0,0,0,0,0
250090,1,1,1989,0,0,0,0,0,0,0,0,0,0
250091,1,1,1989,23,23,23,23,23,23,23,23,23,23
250092,1,1,1989,0,0,0,0,0,0,0,0,0,0
250092,2,1,1989,0,0,0,0,0,0,0,0,0,0
250093,1,1,1989,18,18,18,18,18,18,18,18,18,18
250094,1,1,1989,23,23,23,23,23,23,23,23,23,23
250095,1,1,1989,21,7,22,17,13,11,0,13,14,19
250095,2,1,1989,0,0,0,0,0,0,0,0,0,0
250095,3,1,1989,13,0,0,0,0,0,0,0,24,0
250097,1,1,1989,14,17,9,7,17,9,23,7,12,17
250098,1,1,1989,10,8,10,22,20,25,4,6,23,9
250100,1,1,1989,14,14,14,14,14,14,14,14,14,14
250100,2,1,1989,0,0,0,0,0,0,0,0,0,0
250101,0,1,1989,0,0,0,27,0,0,0,14,0,0
250101,1,1,1989,0,0,0,0,0,0,0,0,0,0
250102,1,1,1989,17,10,16,10,0,15,8,10,23,9
250103,1,1,1989,22,22,22,22,22,22,22,22,22,22
250104,1,1,1989,0,0,0,8,0,38,0,0,0,6
250105,0,1,1989,0,0,0,0,0,0,0,0,0,0
250105,1,1,1989,0,0,0,0,0,0,3,0,0,5
250106,1,1,1989,9,9,9,9,9,9,9,9,9,9
250106,2,1,1989,0,0,0,24,0,0,0,0,0,0
250107,0,1,1989,23,23,23,23,23,23,23,23,23,23
250107,1,1,1989,0,0,0,0,17,0,18,0,0,0
250107,2,1,1989,13,15,38,0,13,31,0,0,14,0
250108,1,1,1989,9,9,9,9,9,9,9,9,9,9
250109,1,1,1989,0,0,0,0,0,0,0,0,0,0
250109,2,1,1989,0,0,0,0,0,0,0,0,0,0
250110,1,1,1989,0,0,0,0,0,0,0,0,0,0
250110,2,1,1989,0,0,0,0,0,0,0,0,0,0
250111,1,1,1989,30,30,30,30,30,30,30,30,30,30
250112,0,1,1989,15,15,15,15,15,15,15,15,15,15
250112,0,2,1989,18,29,0,4,15,11,30,13,16,17
250112,0,3,1989,0,0,15,21,12,16,0,21,14,17
250112,0,4,1989,7,0,13,21,5,26,15,0,24,15
250112,1,1,1989,9,10,10,15,16,11,18,5,15,9
250113,1,1,1989,0,0,0,0,0,0,0,0,0,0
250114,1,1,1989,2,2,2,2,2,2,2,2,2,2
250116,1,1,1989,20,20,20,20,20,20,20,20,20,20
250117,0,1,1989,0,0,0,0,0,0,0,0,0,0
250117,1,1,1989,0,0,0,0,0,0,0,0,0,0
250118,1,1,1989,20,20,20,20,20,20,20,20,20,20
250119,1,1,1989,25,25,25,25,25,25,25,25,25,25
250120,1,1,1989,6,19,26,10,3,11,0,15,0,0
250120,2,1,1989,0,0,0,0,0,0,0,0,0,0
250121,1,1,1989,0,8,0,0,0,0,0,0,16,0
250122,1,1,1989,22,22,22,22,22,22,22,22,22,22
250122,2,1,1989,0,0,0,0,0,0,0,0,0,0
250123,1,1,1989,19,18,13,18,14,6,19,28,15,12
250124,1,1,1989,10,10,10,10,10,10,10,10,10,10
250125,1,1,1989,0,0,0,0,0,0,0,0,0,0
250125,2,1,1989,5,0,0,0,0,0,0,0,0,0
250126,1,1,1989,12,12,12,12,12,12,12,12,12,12
250127,1,1,1989,0,0,0,0,19,0,0,0,0,0
250127,2,1,1989,0,0,0,0,0,0,0,0,0,0
250127,3,1,1989,0,0,0,0,0,0,0,0,17,0
250128,0,1,1989,0,0,0,0,0,0,0,0,0,0
250128,1,1,1989,0,0,0,0,0,0,0,0,0,0
250129,1,1,1989,23,13,16,11,22,19,0,15,12,6
250130,1,1,1989,0,0,0,0,0,0,0,0,0,0
250130,2,1,1989,0,0,0,0,0,0,0,0,0,15
250131,1,1,1989,0,0,0,0,0,0,0,0,0,0
250132,1,1,1989,13,13,13,13,13,13,13,13,13,13
250133,1,1,1989,26,26,26,26,26,26,26,26,26,26
250134,1,1,1989,25,25,25,25,25,25,25,25,25,25
250135,1,1,1989,14,14,14,14,14,14,14,14,14,14
250136,1,1,1989,13,13,13,13,13,13,13,13,13,13
250136,2,1,1989,18,0,0,0,16,0,0,29,13,21
250137,1,1,1989,12,12,12,12,12,12,12,12,12,12
250138,1,1,1989,0,0,0,0,0,0,0,0,0,0
250138,2,1,1989,0,10,0,0,9,0,0,0,0,0
250139,0,1,1989,0,0,0,0,0,0,0,0,0,0
250139,1,1,1989,0,0,0,0,0,0,0,0,0,0
250140,0,1,1989,1,1,1,1,1,1,1,1,1,1
250140,1,1,1989,0,9,0,14,5,18,0,0,17,0
250141,1,1,1989,0,0,0,10,0,0,0,0,0,0
250141,2,1,1989,0,0,0,12,0,0,0,0,0,0
250141,3,1,1989,0,0,0,0,0,0,0,0,0,0
250142,1,1,1989,13,13,13,13,13,13,13,13,13,13
250143,1,1,1989,0,0,0,0,0,0,0,0,0,0
250144,0,1,1989,9,9,9,9,9,9,9,9,9,9
250144,1,1,1989,0,0,0,0,0,0,0,0,0,0
250146,0,1,1989,0,0,0,0,0,0,0,0,0,0
250146,1,1,1989,0,6,17,0,0,0,0,0,0,0
250147,1,1,1989,0,0,0,0,0,0,0,0,0,0
250147,2,1,1989,0,0,0,0,0,0,0,0,0,0
250147,3,1,1989,0,0,0,0,0,0,0,0,0,21
250148,1,1,1989,20,20,20,20,20,20,20,20,20,20
250149,1,1,1989,17,10,23,0,3,13,13,14,6,3
250149,2,1,1989,0,0,0,0,0,0,0,0,0,0
250150,1,1,1989,0,0,0,0,0,0,0,0,0,0
250150,2,1,1989,0,0,0,0,0,0,0,0,0,0
250151,1,1,1989,5,0,0,0,0,0,0,0,0,10
250151,2,1,1989,0,0,0,0,0,0,0,0,0,0
250152,1,1,1989,0,0,0,0,0,0,0,0,0,0
250152,2,1,1989,13,0,0,15,29,0,0,0,9,0
250153,1,1,1989,16,16,16,16,16,16,16,16,16,16
250153,2,1,1989,12,12,12,12,12,12,12,12,12,12
250154,1,1,1989,0,0,0,0,0,0,0,0,0,0
250155,0,1,1989,19,19,19,19,19,19,19,19,19,19
250155,1,1,1989,5,0,0,9,0,0,0,0,15,17
250156,1,1,1989,0,0,6,22,14,0,0,8,0,0
250156,2,1,1989,20,20,20,20,20,20,20,20,20,20
250156,3,1,1989,16,5,0,0,0,14,13,16,11,22
250157,1,1,1989,13,13,13,13,13,13,13,13,13,13
250158,1,1,1989,0,0,0,0,0,0,0,0,0,0
250158,2,1,1989,0,0,0,0,0,0,0,0,0,0
250158,3,1,1989,0,0,0,0,0,0,0,0,0,0
250159,1,1,1989,0,0,0,0,0,0,0,0,0,0
250160,1,1,1989,17,0,0,2,0,0,0,0,0,0
250160,2,1,1989,0,0,0,0,0,0,0,0,0,0
250160,3,1,1989,0,0,0,0,0,0,16,0,11,5
250161,1,1,1989,0,0,0,0,0,0,0,0,0,0
250161,2,1,1989,0,0,0,12,0,0,0,0,0,0
250162,1,1,1989,0,0,0,0,0,0,0,0,0,0
250162,2,1,1989,5,5,5,5,5,5,5,5,5,5
250163,1,1,1989,0,0,0,0,0,0,0,0,0,0
250164,1,1,1989,8,26,13,13,28,16,11,22,19,19
250164,2,1,1989,0,0,0,0,0,0,0,0,0,0
250165,0,1,1989,0,0,0,0,0,0,0,0,0,0
250165,1,1,1989,0,0,0,0,0,0,0,0,0,0
250166,1,1,1989,18,0,18,20,19,14,33,13,12,26
250167,1,1,1989,0,0,0,0,0,0,0,0,0,0
250167,2,1,1989,0,0,0,0,0,0,0,0,0,0
250168,1,1,1989,3,7,11,27,26,19,33,19,5,8
250168,2,1,1989,5,15,0,0,0,0,0,0,0,0
250169,1,1,1989,26,26,26,26,26,26,26,26,26,26
250170,1,1,1989,24,24,24,24,24,24,24,24,24,24
250171,1,1,1989,19,0,19,0,17,13,21,0,0,10
250172,1,1,1989,27,27,27,27,27,27,27,27,27,27
250173,0,1,1989,0,0,0,0,0,0,0,0,0,0
250173,1,1,1989,0,20,21,0,0,25,14,0,0,0
250174,1,1,1989,0,0,0,0,0,0,0,0,0,0
250175,0,1,1989,0,0,0,0,0,0,0,0,0,0
250175,0,2,1989,0,0,0,0,0,0,0,0,0,0
250175,1,1,1989,0,0,0,0,0,0,0,0,0,0
250176,0,1,1989,10,10,10,10,10,10,10,10,10,10
250176,1,1,1989,20,0,0,5,14,0,0,6,14,0
250177,1,1,1989,0,0,0,0,0,0,0,0,0,0
250177,2,1,1989,0,0,0,0,0,0,0,0,0,0
250178,1,1,1989,0,0,0,0,0,0,0,0,0,0
250179,1,1,1989,0,0,0,0,0,0,0,19,0,0
250179,2,1,1989,0,0,0,0,0,0,0,0,0,0
250180,1,1,1989,20,0,21,21,0,0,0,0,0,0
250180,2,1,1989,0,0,0,0,0,0,0,17,0,0
250181,1,1,1989,0,0,0,0,0,0,0,0,0,0
250181,2,1,1989,0,0,0,0,0,0,0,0,0,0
250182,1,1,1989,14,14,14,14,14,14,14,14,14,14
250182,2,1,1989,0,0,10,11,0,0,0,0,0,0
250183,1,1,1989,0,0,0,0,0,0,0,0,0,0
250184,0,1,1989,0,0,0,0,0,0,0,0,0,0
250184,1,1,1989,0,0,0,0,0,0,0,0,0,0
250185,0,1,1989,0,0,0,0,0,0,0,0,0,0
250185,1,1,1989,0,0,0,0,0,0,0,0,0,0
250186,0,1,1989,0,0,0,0,0,0,0,0,0,0
250186,1,1,1989,0,0,16,0,0,0,5,6,0,0
250187,0,1,1989,0,0,0,0,0,0,0,0,0,0
250187,1,1,1989,0,4,10,28,5,13,0,0,0,6
250188,0,1,1989,0,0,0,0,0,21,0,0,0,0
250188,1,1,1989,0,0,0,0,0,0,0,0,0,0
250189,0,1,1989,0,0,0,0,0,0,0,0,0,0
250189,1,1,1989,0,0,0,0,0,0,0,0,0,0
250190,1,1,1989,0,0,0,0,0,0,0,0,0,0
250191,1,1,1989,28,28,28,28,28,28,28,28,28,28
250192,1,1,1989,23,23,23,23,23,23,23,23,23,23
250192,2,1,1989,0,18,14,0,0,0,0,20,0,0
250193,1,1,1989,0,0,0,0,0,0,0,0,0,0
250195,1,1,1989,21,21,21,21,21,21,21,21,21,21
250195,2,1,1989,20,0,7,0,0,0,8,0,0,0
250196,0,1,1989,35,35,35,35,35,35,35,35,35,35
250196,1,1,1989,0,27,0,0,0,28,0,0,0,0
250197,1,1,1989,1,1,1,1,1,1,1,1,1,1
250198,1,1,1989,0,0,0,0,0,0,0,0,0,0
250198,2,1,1989,18,6,7,16,14,14,21,18,39,12
250199,1,1,1989,0,0,0,0,0,0,0,0,0,0
250199,2,1,1989,0,0,0,0,0,0,0,0,0,0
250200,1,1,1989,0,0,0,0,0,0,0,0,0,0
250200,2,1,1989,0,0,0,0,0,0,0,0,0,0
250200,3,1,1989,0,0,0,12,0,0,0,0,0,0
250201,1,1,1989,14,0,0,0,0,0,0,0,11,0
250201,2,1,1989,0,0,15,0,5,8,0,0,0,6
250202,1,1,1989,0,0,0,0,0,0,0,0,0,0
250202,2,1,1989,0,0,0,0,0,0,0,0,0,0
250203,1,1,1989,0,0,13,0,0,0,0,5,0,0
250203,2,1,1989,0,0,20,0,0,0,0,0,0,0
250203,3,1,1989,16,0,39,0,21,0,8,3,13,0
250204,1,1,1989,19,26,16,29,5,16,19,22,25,25
250204,2,1,1989,0,0,0,0,0,0,0,0,0,0
250205,1,1,1989,0,0,0,0,0,0,0,0,0,0
250205,2,1,1989,9,0,0,0,0,0,0,0,0,0
250206,1,1,1989,0,0,0,0,0,0,0,0,0,0
250206,2,1,1989,0,0,0,0,0,0,0,0,0,0
250207,1,1,1989,0,0,0,14,0,2,6,0,0,0
250207,2,1,1989,0,0,0,0,0,0,0,0,0,0
250207,3,1,1989,0,0,0,0,0,0,0,0,11,12
250208,1,1,1989,13,0,0,13,15,0,0,0,0,0
250209,1,1,1989,0,0,0,0,0,0,0,0,0,0
250209,2,1,1989,0,0,3,0,21,0,0,0,0,27
250210,0,1,1989,0,0,0,0,0,0,0,0,0,0
250210,1,1,1989,0,0,0,0,0,0,0,0,0,0
250211,1,1,1989,0,0,0,0,0,0,0,0,0,0
250212,0,1,1989,0,0,0,0,0,0,0,0,0,0
250212,1,1,1989,12,6,31,31,15,12,0,13,10,23
250213,1,1,1989,10,10,10,10,10,10,10,10,10,10
250214,1,1,1989,19,19,19,19,19,19,19,19,19,19
250214,2,1,1989,0,6,18,6,0,0,16,0,0,0
250215,1,1,1989,13,13,13,13,13,13,13,13,13,13
250216,0,1,1989,0,0,0,0,0,0,0,0,0,0
250216,1,1,1989,0,0,0,0,0,0,0,0,0,0
250217,1,1,1989,0,0,0,0,0,0,0,0,0,0
250217,2,1,1989,10,0,0,0,13,0,0,0,0,0
250218,0,1,1989,0,0,0,0,0,0,0,0,0,0
250218,1,1,1989,0,0,15,0,0,0,0,0,0,25
250219,1,1,1989,0,0,0,0,0,0,0,0,0,0
250220,1,1,1989,0,0,0,0,0,0,0,0,0,0
250221,1,1,1989,0,0,0,0,0,0,11,0,0,0
250221,2,1,1989,11,11,11,11,11,11,11,11,11,11
250222,1,1,1989,20,20,20,20,20,20,20,20,20,20
250223,1,1,1989,0,0,0,0,0,0,0,0,0,20
250223,2,1,1989,5,0,0,0,0,0,0,0,0,0
250224,1,1,1989,0,0,0,0,9,0,0,0,0,0
250225,1,1,1989,22,14,7,0,0,0,7,0,0,19
250226,1,1,1989,7,12,0,14,3,17,5,7,0,11
250226,2,1,1989,0,0,20,13,0,16,11,0,14,0
250226,3,1,1989,0,0,0,0,0,0,0,0,0,0
250226,4,1,1989,0,0,0,19,0,0,0,0,0,0
250226,5,1,1989,0,0,0,5,0,13,18,0,0,16
250227,1,1,1989,0,0,0,0,0,0,0,0,0,0
250227,2,1,1989,0,0,0,0,0,0,0,0,0,0
250227,3,1,1989,0,0,0,0,0,0,0,0,0,0
250228,1,1,1989,0,0,0,0,0,0,0,0,0,0
250228,2,1,1989,0,0,0,0,0,0,0,0,0,0
250228,3,1,1989,0,0,0,0,0,0,0,0,0,0
250229,1,1,1989,0,16,0,0,0,13,0,7,0,0
250229,2,1,1989,17,17,17,17,17,17,17,17,17,17
250232,1,1,1989,24,24,24,24,24,24,24,24,24,24
250233,1,1,1989,0,0,0,0,0,0,0,0,0,0
250233,2,1,1989,1,1,1,1,1,1,1,1,1,1
250234,0,1,1989,9,9,9,9,9,9,9,9,9,9
250234,1,1,1989,0,22,7,0,0,0,0,0,0,0
250235,1,1,1989,16,23,17,16,10,14,14,16,35,14
250236,1,1,1989,0,0,0,0,0,0,0,0,0,0
250236,2,1,1989,0,0,0,0,0,0,0,0,0,0
250237,1,1,1989,0,0,0,0,0,0,0,0,0,0
250238,1,1,1989,0,0,20,11,13,25,13,0,6,0
250238,2,1,1989,6,0,0,0,0,0,0,0,25,0
250239,1,1,1989,0,0,0,0,5,0,0,0,0,0
250239,2,1,1989,0,0,0,0,23,0,0,0,22,0
250240,1,1,1989,0,0,0,0,0,0,0,0,0,0
250240,2,1,1989,0,0,19,24,0,0,0,20,0,13
250240,3,1,1989,13,0,0,0,0,0,0,0,0,0
250241,1,1,1989,21,21,21,21,21,21,21,21,21,21
250241,2,1,1989,0,0,0,8,0,0,0,0,17,15
250242,1,1,1989,0,0,0,0,0,0,0,0,0,0
250243,1,1,1989,10,17,0,29,15,0,17,17,20,0
250243,2,1,1989,0,0,0,0,0,0,0,0,0,0
250244,1,1,1989,0,0,0,0,0,0,0,0,0,0
250245,1,1,1989,8,0,19,9,17,0,11,4,0,0
250245,2,1,1989,8,9,11,19,0,0,0,0,0,0
250246,1,1,1989,19,19,19,19,19,19,19,19,19,19
250247,1,1,1989,16,16,16,16,16,16,16,16,16,16
250248,1,1,1989,0,0,0,0,0,0,0,0,0,0
250248,2,1,1989,0,0,0,0,0,0,0,0,0,13
250249,1,1,1989,0,0,0,0,0,0,0,0,0,0
250249,2,1,1989,0,0,0,0,0,0,0,0,0,0
250250,1,1,1989,9,9,9,9,9,9,9,9,9,9
250251,1,1,1989,0,0,0,0,0,0,0,0,0,0
250251,2,1,1989,0,0,0,0,0,0,0,0,0,0
250252,1,1,1989,6,6,6,6,6,6,6,6,6,6
250254,1,1,1989,0,0,0,0,0,0,0,0,0,0
250254,2,1,1989,15,15,15,15,15,15,15,15,15,15
250256,1,1,1989,19,19,19,19,19,19,19,19,19,19
250258,0,1,1989,0,0,0,0,0,0,0,0,0,0
250258,1,1,1989,38,16,16,28,25,17,6,27,15,25
250259,0,1,1989,0,0,0,0,0,0,0,0,0,0
250259,1,1,1989,0,0,0,0,0,0,0,0,0,0
250260,1,1,1989,0,0,0,0,0,0,0,0,0,0
250261,1,1,1989,15,15,15,15,15,15,15,15,15,15
250262,1,1,1989,2,2,2,2,2,2,2,2,2,2
250263,0,1,1989,0,0,0,0,0,0,0,0,0,0
250263,1,1,1989,0,0,0,13,0,0,0,18,0,28
250264,1,1,1989,0,0,0,0,0,0,0,14,0,0
250265,1,1,1989,3,3,3,3,3,3,3,3,3,3
250266,0,1,1989,0,0,0,0,0,0,0,0,0,0
250266,1,1,1989,0,0,0,0,0,0,0,0,0,0
250267,1,1,1989,0,0,0,0,0,0,0,0,0,0
250267,2,1,1989,0,0,0,0,0,0,0,0,0,0
250268,1,1,1989,0,0,0,0,0,0,0,0,0,0
250269,0,1,1989,0,0,0,0,0,0,0,0,0,0
250269,0,2,1989,0,0,0,0,0,0,0,0,0,0
250269,1,1,1989,0,0,0,0,4,0,0,0,0,0
250270,1,1,1989,0,0,0,0,0,0,0,0,0,0
250271,1,1,1989,25,25,25,25,25,25,25,25,25,25
250272,1,1,1989,0,0,0,0,0,0,0,0,0,0
250273,1,1,1989,8,14,2,8,2,7,20,14,12,15
250273,2,1,1989,29,29,29,29,29,29,29,29,29,29
250274,1,1,1989,0,0,0,0,0,0,0,0,0,0
250274,2,1,1989,0,0,0,0,0,0,0,0,0,8
250275,0,1,1989,0,0,0,0,0,0,0,0,0,0
250275,1,1,1989,0,0,0,4,0,0,0,0,0,0
250276,1,1,1989,0,0,0,0,0,0,0,0,0,0
250276,2,1,1989,0,0,0,0,0,0,0,0,0,0
250277,1,1,1989,0,0,0,0,0,0,0,0,0,0
250277,2,1,1989,0,0,0,0,0,0,0,0,0,0
250278,1,1,1989,21,21,21,21,21,21,21,21,21,21
250279,0,1,1989,22,0,0,22,24,0,25,31,0,0
250279,1,1,1989,11,11,12,34,15,9,11,24,0,3
250280,1,1,1989,27,27,27,27,27,27,27,27,27,27
250280,2,1,1989,0,0,0,0,0,0,6,0,0,0
250281,0,1,1989,0,0,0,0,0,0,0,0,0,0
250281,1,1,1989,0,0,0,0,0,0,0,10,0,0
250282,1,1,1989,19,0,0,0,0,0,0,20,0,28
250282,2,1,1989,0,0,0,0,0,0,0,0,0,0
250283,1,1,1989,0,0,0,0,0,0,0,0,0,0
250283,2,1,1989,0,0,0,0,0,0,0,0,0,0
250284,1,1,1989,0,0,0,0,0,0,0,0,0,0
250285,0,1,1989,16,16,16,16,16,16,16,16,16,16
250285,1,1,1989,14,0,0,0,0,0,13,0,0,0
250286,1,1,1989,0,0,0,0,0,0,0,0,0,0
250286,2,1,1989,0,0,0,0,0,21,4,0,0,0
250287,1,1,1989,0,0,0,0,0,0,0,0,0,0
250287,2,1,1989,0,0,0,0,0,0,0,0,0,0
250287,3,1,1989,0,0,0,18,0,0,0,0,0,0
250288,1,1,1989,8,8,8,8,8,8,8,8,8,8
250289,1,1,1989,0,0,0,0,0,0,0,0,0,0
250290,1,1,1989,14,14,14,14,14,14,14,14,14,14
250291,1,1,1989,2,2,2,2,2,2,2,2,2,2
250292,1,1,1989,0,0,0,0,0,0,0,0,0,0
250293,1,1,1989,4,3,10,16,15,20,0,11,9,14
250295,1,1,1989,0,0,0,0,0,0,0,0,0,0
250296,1,1,1989,0,0,0,7,0,0,0,0,0,0
250296,2,1,1989,0,0,0,0,0,0,0,0,0,0
250297,1,1,1989,0,0,5,0,0,0,0,0,0,0
250297,2,1,1989,3,3,3,3,3,3,3,3,3,3
250298,1,1,1989,0,0,0,0,0,0,0,0,0,0
250300,1,1,1989,0,8,18,0,0,10,0,0,0,7
250300,2,1,1989,0,0,0,0,0,0,0,0,0,0
250301,1,1,1989,0,0,0,0,0,0,0,0,0,0
250301,2,1,1989,0,0,0,0,0,0,0,0,0,0
250302,1,1,1989,21,0,12,0,0,8,15,20,0,8
250303,1,1,1989,0,0,0,0,0,0,0,0,0,0
250304,0,1,1989,21,21,21,21,21,21,21,21,21,21
250304,1,1,1989,16,5,0,0,3,0,0,14,0,0
250305,0,1,1989,0,0,0,0,0,0,0,0,0,0
250305,1,1,1989,0,0,0,0,0,0,0,0,0,0
250306,1,1,1989,0,0,9,0,0,0,19,0,0,0
250307,1,1,1989,6,6,6,6,6,6,6,6,6,6
250307,2,1,1989,19,19,19,19,19,19,19,19,19,19
250308,1,1,1989,16,0,6,0,0,13,0,0,7,0
250308,2,1,1989,0,0,0,0,0,0,0,0,0,0
250309,0,1,1989,26,26,26,26,26,26,26,26,26,26
250309,1,1,1989,0,26,0,0,0,0,0,0,0,0
250310,1,1,1989,9,19,24,13,22,4,20,10,14,24
250311,1,1,1989,0,0,0,0,0,0,0,0,0,0
250311,2,1,1989,23,29,7,11,17,27,13,10,7,27
250313,1,1,1989,21,10,24,7,32,9,0,0,22,16
250313,2,1,1989,38,10,22,22,9,25,5,11,12,5
250314,1,1,1989,0,0,0,15,0,0,37,0,0,0
250315,1,1,1989,0,0,0,0,0,0,0,0,0,0
250316,0,1,1989,1,1,1,1,1,1,1,1,1,1
250316,1,1,1989,0,0,0,5,0,0,0,0,0,0