ST_CASE,VEH_NO,PER_NO,YEAR,P1,P2,P3,P4,P5,P6,P7,P8,P9,P10
250594,0,1,1989,0,0,0,0,0,0,0,0,0,0
250594,1,1,1989,0,0,0,0,0,0,0,0,0,0
250595,0,1,1989,0,0,0,12,0,0,0,11,6,6
250595,1,1,1989,0,0,0,0,0,0,0,0,0,0
250596,1,1,1989,13,12,11,0,20,0,22,8,21,21
250596,2,1,1989,0,0,0,0,0,0,0,0,0,0
250597,0,1,1989,12,12,12,12,12,12,12,12,12,12
250597,1,1,1989,0,0,0,0,0,0,0,9,0,0
250598,1,1,1989,15,0,0,0,0,0,0,0,0,0
250598,2,1,1989,0,0,0,0,0,0,0,0,0,0
250598,3,1,1989,0,0,0,0,0,0,0,0,0,0
250599,1,1,1989,14,14,14,14,14,14,14,14,14,14
250600,0,1,1989,0,0,0,0,0,0,0,0,0,0
250600,1,1,1989,0,0,23,0,0,24,18,12,14,0
250601,0,1,1989,0,0,0,0,0,0,0,0,0,0
250601,1,1,1989,0,0,0,0,0,0,0,0,0,0
250602,1,1,1989,0,0,0,0,0,0,0,0,0,0
250602,2,1,1989,0,0,0,0,0,0,0,15,0,0
250603,1,1,1989,0,26,0,0,6,0,0,9,25,0
250604,1,1,1989,13,16,20,14,30,13,18,0,4,0
250605,1,1,1989,0,0,0,0,0,0,0,0,0,0
250606,1,1,1989,16,16,16,16,16,16,16,16,16,16
250607,1,1,1989,15,13,25,14,25,25,12,19,23,14
250608,0,1,1989,0,0,0,0,0,0,0,0,0,20
250608,1,1,1989,17,8,13,19,28,0,14,8,0,16
250609,1,1,1989,0,0,0,0,0,0,0,0,0,0
250610,1,1,1989,4,4,4,4,4,4,4,4,4,4
250611,1,1,1989,29,22,40,21,19,26,19,19,0,0
250612,1,1,1989,0,0,0,0,0,0,0,0,0,0
250612,2,1,1989,0,0,0,0,0,0,0,0,0,0
250613,1,1,1989,3,3,3,3,3,3,3,3,3,3
250614,1,1,1989,0,0,0,0,0,0,0,0,0,0
250614,2,1,1989,0,0,0,5,0,32,7,0,15,0
250615,1,1,1989,17,17,17,17,17,17,17,17,17,17
250616,1,1,1989,13,13,13,22,6,21,27,0,12,0
250616,2,1,1989,13,13,13,13,13,13,13,13,13,13
250617,1,1,1989,14,14,14,14,14,14,14,14,14,14
250618,0,1,1989,0,0,0,0,0,0,0,0,0,0
250618,1,1,1989,0,0,0,0,0,0,0,0,0,0
250619,0,1,1989,0,0,0,0,0,0,0,0,0,0
250619,1,1,1989,0,0,18,0,0,0,0,0,0,0
250620,1,1,1989,0,31,0,0,0,0,0,0,0,0
250621,1,1,1989,14,18,24,0,19,16,0,22,17,13
250622,0,1,1989,35,35,35,35,35,35,35,35,35,35
250622,1,1,1989,0,0,0,0,0,0,0,0,0,0
250623,1,1,1989,16,16,16,16,16,16,16,16,16,16
250623,2,1,1989,0,0,0,0,0,0,0,0,0,0
250624,1,1,1989,17,31,22,5,24,13,18,17,29,12
250625,0,1,1989,1,1,1,1,1,1,1,1,1,1
250625,1,1,1989,0,0,0,0,0,0,0,0,0,0
250626,1,1,1989,21,21,21,21,21,21,21,21,21,21
250627,1,1,1989,16,16,16,16,16,16,16,16,16,16
250628,1,1,1989,0,0,0,0,0,0,0,0,0,12
250628,2,1,1989,0,0,0,0,0,0,0,0,0,0
250630,1,1,1989,22,22,22,22,22,22,22,22,22,22
250631,0,1,1989,0,0,0,0,0,0,0,0,0,0
250631,0,2,1989,0,0,0,0,0,0,25,19,5,25
250631,1,1,1989,0,0,0,0,0,0,0,0,0,0
250632,1,1,1989,0,0,0,0,0,0,0,0,0,0
250632,2,1,1989,0,13,16,10,0,6,0,0,16,0
250633,0,1,1989,0,0,0,0,0,0,0,0,0,0
250633,1,1,1989,12,14,24,22,18,3,23,0,14,8
250634,1,1,1989,0,0,0,0,0,0,0,0,0,0
250634,2,1,1989,21,21,21,21,21,21,21,21,21,21
250635,0,1,1989,0,44,0,0,0,6,0,0,20,15
250635,1,1,1989,0,0,0,0,0,0,0,0,0,0
250636,1,1,1989,0,0,0,0,0,0,0,0,0,0
250638,1,1,1989,15,8,14,11,5,17,13,29,17,20
250639,0,1,1989,0,0,0,0,0,0,0,0,0,0
250639,1,1,1989,0,0,0,0,0,0,0,0,0,0
250640,0,1,1989,12,12,12,12,12,12,12,12,12,12
250640,1,1,1989,0,0,0,0,12,0,0,0,0,0
250641,1,1,1989,0,0,0,0,0,0,0,0,0,0
250642,1,1,1989,0,0,0,0,0,0,0,0,0,0
250643,1,1,1989,26,26,26,26,26,26,26,26,26,26
250644,0,1,1989,0,0,0,0,0,0,0,0,0,0
250644,1,1,1989,0,0,0,19,0,0,0,15,8,0
250645,1,1,1989,0,0,0,0,0,0,0,0,0,0
250645,2,1,1989,0,0,0,0,0,0,0,0,0,0
250647,1,1,1989,0,0,0,0,0,0,0,0,0,0
250647,2,1,1989,0,0,0,0,0,0,0,0,0,0
250648,1,1,1989,0,0,0,0,0,0,0,0,0,0
250649,0,1,1989,0,0,0,0,0,0,0,0,0,0
250649,1,1,1989,0,0,0,0,0,0,0,0,0,0
250650,0,1,1989,0,0,0,0,0,0,0,0,0,0
250650,1,1,1989,15,21,17,32,7,20,17,10,18,18
250651,1,1,1989,22,16,10,7,11,20,19,20,34,20
250651,2,1,1989,0,0,0,0,0,0,0,0,0,0
250652,1,1,1989,41,10,19,28,14,19,16,15,0,19
250653,0,1,1989,0,0,0,0,0,0,0,0,0,0
250653,1,1,1989,0,0,0,0,0,0,0,0,0,0
250654,0,1,1989,1,1,1,1,1,1,1,1,1,1
250654,1,1,1989,0,6,0,11,0,0,0,0,0,0
250654,2,1,1989,0,0,0,0,0,0,0,0,0,0
250655,1,1,1989,16,16,16,16,16,16,16,16,16,16
250656,1,1,1989,15,8,20,18,27,20,12,14,15,17
250657,1,1,1989,2,2,2,2,2,2,2,2,2,2
250657,2,1,1989,18,21,9,8,8,17,22,8,7,15
250658,1,1,1989,0,0,24,22,14,0,17,28,8,9
250659,1,1,1989,8,0,16,0,0,0,0,12,0,40
260001,1,1,1989,0,9,18,0,0,0,0,0,0,0
260002,0,1,1989,0,0,0,0,0,0,0,0,16,0
260002,1,1,1989,0,0,0,0,0,0,0,0,0,0
260003,1,1,1989,19,19,19,19,19,19,19,19,19,19
260004,1,1,1989,18,18,18,18,18,18,18,18,18,18
260005,1,1,1989,4,4,4,4,4,4,4,4,4,4
260006,1,1,1989,0,0,0,0,0,0,0,0,0,0
260006,2,1,1989,0,0,0,0,0,0,0,0,0,0
260006,3,1,1989,0,0,0,0,0,0,0,0,0,0
260007,1,1,1989,0,0,0,0,21,0,0,0,0,10
260008,1,1,1989,0,0,0,0,0,0,0,0,0,0
260008,2,1,1989,0,0,0,0,0,0,0,0,0,0
260009,1,1,1989,0,0,0,0,0,0,0,0,0,0
260009,2,1,1989,0,0,0,0,0,0,0,0,0,0
260010,1,1,1989,28,28,28,28,28,28,28,28,28,28
260010,2,1,1989,0,0,0,0,0,0,0,0,0,0
260011,1,1,1989,18,18,18,18,18,18,18,18,18,18
260011,2,1,1989,0,0,0,0,0,0,0,0,0,0
260012,1,1,1989,0,0,0,0,0,0,0,0,0,0
260012,2,1,1989,0,0,0,0,0,0,0,0,0,0
260013,1,1,1989,12,12,12,12,12,12,12,12,12,12
260014,1,1,1989,0,0,0,0,0,0,0,0,0,0
260014,2,1,1989,0,0,0,0,0,0,0,0,0,0
260015,0,1,1989,0,0,0,0,0,0,0,0,0,0
260015,1,1,1989,12,12,12,12,12,12,12,12,12,12
260016,0,1,1989,25,25,25,25,25,25,25,25,25,25
260016,1,1,1989,0,0,0,0,0,0,0,0,0,0
260017,1,1,1989,0,0,0,0,0,0,0,0,0,0
260017,2,1,1989,0,0,0,0,0,0,0,0,0,0
260018,1,1,1989,0,0,0,0,0,0,0,0,0,0
260019,1,1,1989,20,20,20,20,20,20,20,20,20,20
260020,1,1,1989,0,0,0,0,0,0,0,0,0,0
260020,2,1,1989,0,0,0,0,0,0,0,0,0,0
260020,3,1,1989,0,0,0,0,0,0,0,0,0,0
260020,4,1,1989,0,0,0,0,0,0,0,0,0,0
260021,1,1,1989,0,0,0,0,0,0,0,0,0,0
260021,2,1,1989,0,0,0,14,0,0,0,0,0,0
260022,0,1,1989,0,0,0,0,0,0,0,0,0,0
260022,1,1,1989,0,0,0,0,0,0,0,0,0,0
260023,1,1,1989,25,25,25,25,25,25,25,25,25,25
260024,1,1,1989,0,17,22,16,27,21,0,0,0,12
260024,2,1,1989,0,17,0,0,0,0,18,0,0,0
260025,1,1,1989,0,0,0,0,0,0,0,0,0,0
260026,1,1,1989,0,7,0,16,0,22,24,30,0,20
260027,1,1,1989,0,0,0,0,0,0,0,0,0,0
260027,2,1,1989,0,0,0,0,0,0,0,0,0,0
260028,1,1,1989,0,0,0,0,0,0,0,0,0,0
260029,1,1,1989,11,11,11,11,11,11,11,11,11,11
260029,2,1,1989,18,18,18,18,18,18,18,18,18,18
260030,1,1,1989,8,8,8,8,8,8,8,8,8,8
260030,2,1,1989,9,9,9,9,9,9,9,9,9,9
260031,1,1,1989,17,17,17,17,17,17,17,17,17,17
260031,2,1,1989,19,19,19,19,19,19,19,19,19,19
260032,1,1,1989,4,4,4,4,4,4,4,4,4,4
260032,2,1,1989,25,25,25,25,25,25,25,25,25,25
260033,1,1,1989,5,5,5,5,5,5,5,5,5,5
260033,2,1,1989,15,15,15,15,15,15,15,15,15,15
260034,0,1,1989,0,0,0,0,0,0,0,0,0,0
260034,1,1,1989,0,0,0,0,0,0,0,0,0,0
260035,1,1,1989,0,16,0,0,0,0,0,0,0,0
260035,2,1,1989,0,0,0,0,0,0,0,0,0,0
260036,1,1,1989,0,0,14,0,0,0,0,19,0,0
260036,2,1,1989,0,0,0,0,0,0,0,0,0,0
260036,3,1,1989,0,0,0,0,0,0,0,0,0,0
260036,4,1,1989,0,0,0,0,0,0,0,0,0,0
260036,5,1,1989,0,0,0,0,0,0,0,0,0,0
260037,1,1,1989,0,0,0,0,0,0,0,0,0,0
260037,2,1,1989,0,0,0,0,0,0,0,0,0,0
260038,1,1,1989,0,0,0,0,0,0,0,0,0,0
260038,2,1,1989,0,0,0,0,0,0,0,0,0,0
260039,1,1,1989,0,0,0,0,0,0,0,0,0,0
260039,2,1,1989,0,0,0,0,0,0,0,0,0,0
260041,1,1,1989,0,0,0,0,0,0,0,0,0,0
260042,1,1,1989,0,0,0,0,0,0,0,0,0,0
260043,1,1,1989,10,0,0,0,12,15,0,16,0,12
260043,2,1,1989,0,0,0,0,0,0,0,0,0,0
260044,1,1,1989,0,0,0,0,0,0,0,0,0,0
260045,1,1,1989,0,0,0,9,0,0,0,0,0,0
260046,1,1,1989,36,36,36,36,36,36,36,36,36,36
260047,1,1,1989,24,24,24,24,24,24,24,24,24,24
260048,1,1,1989,0,0,0,0,0,0,0,0,0,0
260048,2,1,1989,0,0,0,0,0,0,0,0,0,0
260049,1,1,1989,28,28,28,28,28,28,28,28,28,28
260050,1,1,1989,0,0,0,0,0,0,0,0,0,0
260050,2,1,1989,0,0,0,0,0,0,0,0,0,0
260051,0,1,1989,0,0,0,0,0,0,0,0,0,0
260051,1,1,1989,0,0,0,0,0,0,0,0,0,0
260051,2,1,1989,0,0,0,0,0,0,0,0,0,9
260052,1,1,1989,0,0,0,0,0,0,0,0,0,0
260052,2,1,1989,0,13,19,15,14,29,7,0,20,8
260053,1,1,1989,17,17,17,17,17,17,17,17,17,17
260054,1,1,1989,23,23,23,23,23,23,23,23,23,23
260055,1,1,1989,14,14,14,14,14,14,14,14,14,14
260056,1,1,1989,17,17,17,17,17,17,17,17,17,17
260057,1,1,1989,0,0,0,0,0,0,0,0,0,0
260058,1,1,1989,27,27,27,27,27,27,27,27,27,27
260059,1,1,1989,36,36,36,36,36,36,36,36,36,36
260059,2,1,1989,0,0,0,0,0,0,0,0,0,0
260060,1,1,1989,24,24,24,24,24,24,24,24,24,24
260060,2,1,1989,10,10,10,10,10,10,10,10,10,10
260061,1,1,1989,0,0,0,0,0,0,0,0,0,0
260062,1,1,1989,0,0,0,0,0,0,0,0,0,0
260063,1,1,1989,0,0,0,0,0,0,0,0,0,0
260063,2,1,1989,0,0,0,0,0,0,0,0,0,0
260064,1,1,1989,0,0,0,0,0,0,0,0,0,0
260065,0,1,1989,0,0,0,0,0,0,0,0,0,0
260065,1,1,1989,0,0,0,0,0,0,0,0,0,0
260066,1,1,1989,13,19,19,30,9,16,25,28,14,19
260067,1,1,1989,0,0,0,14,0,0,0,0,0,0
260067,2,1,1989,0,0,0,0,0,0,0,0,0,0
260068,1,1,1989,0,0,0,0,0,0,0,0,0,0
260068,2,1,1989,0,0,0,0,0,0,0,0,0,0
260068,3,1,1989,0,0,0,0,0,0,0,0,0,0
260068,4,1,1989,0,0,0,0,0,0,0,0,0,0
260069,1,1,1989,0,12,20,14,0,0,0,0,0,0
260069,2,1,1989,0,0,0,0,0,0,0,0,0,0
260070,1,1,1989,0,0,0,0,0,0,0,0,0,0
260070,2,1,1989,0,0,0,0,0,0,0,0,0,0
260071,1,1,1989,23,23,23,23,23,23,23,23,23,23
260072,1,1,1989,12,12,12,12,12,12,12,12,12,12
260073,1,1,1989,0,0,0,0,0,0,16,0,0,0
260073,2,1,1989,0,0,0,0,0,0,0,0,0,0
260074,1,1,1989,0,0,0,0,0,0,0,0,0,0
260074,2,1,1989,0,0,0,0,0,0,0,0,0,0
260074,3,1,1989,0,0,0,0,0,0,0,0,0,0
260075,1,1,1989,2,2,2,2,2,2,2,2,2,2
260076,1,1,1989,0,0,0,0,0,0,0,0,0,0
260077,1,1,1989,0,0,0,0,0,0,0,0,0,0
260077,2,1,1989,19,19,19,19,19,19,19,19,19,19
260078,1,1,1989,6,6,6,6,6,6,6,6,6,6
260079,1,1,1989,24,24,24,24,24,24,24,24,24,24
260080,1,1,1989,0,0,0,0,0,0,0,0,0,0
260080,2,1,1989,0,0,0,0,0,0,0,0,0,0
260081,1,1,1989,16,16,13,21,18,25,10,12,0,16
260081,2,1,1989,0,0,0,0,0,0,0,0,0,10
260082,0,1,1989,32,0,0,0,5,0,0,0,23,0
260082,1,1,1989,0,0,0,0,0,0,0,0,0,0
260083,1,1,1989,23,23,23,23,23,23,23,23,23,23
260084,1,1,1989,0,0,0,16,0,0,0,20,0,0
260085,1,1,1989,13,36,23,0,39,30,0,0,23,0
260086,1,1,1989,15,15,15,15,15,15,15,15,15,15
260086,2,1,1989,19,19,19,19,19,19,19,19,19,19
260087,1,1,1989,0,0,0,0,0,0,0,0,0,0
260087,2,1,1989,0,0,0,0,0,0,0,0,0,0
260088,0,1,1989,0,0,0,0,0,0,0,0,0,0
260088,1,1,1989,0,0,0,0,0,0,0,0,0,0
260089,1,1,1989,0,0,0,0,0,0,0,0,15,0
260090,1,1,1989,0,0,6,13,0,0,0,18,0,0
260090,2,1,1989,0,0,0,0,0,0,0,0,0,0
260091,1,1,1989,31,31,31,31,31,31,31,31,31,31
260092,1,1,1989,0,0,0,0,0,0,0,0,0,0
260092,2,1,1989,0,0,0,0,0,0,0,0,0,0
260093,0,1,1989,0,0,0,0,0,0,0,0,0,0
260093,1,1,1989,0,0,0,0,0,0,0,0,0,0
260093,2,1,1989,0,0,0,0,0,20,0,18,0,0
260094,1,1,1989,0,0,0,0,0,0,0,0,0,0
260094,2,1,1989,0,0,0,0,0,0,0,0,0,0
260095,1,1,1989,0,0,0,0,0,0,0,0,0,0
260095,2,1,1989,0,0,0,0,0,0,0,0,0,0
260095,3,1,1989,1,1,1,1,1,1,1,1,1,1
260095,4,1,1989,0,0,0,0,0,0,0,0,0,0
260095,5,1,1989,0,0,0,0,0,0,0,0,0,0
260096,1,1,1989,0,0,0,0,0,0,0,0,0,0
260096,2,1,1989,0,0,0,0,0,0,0,0,0,0
260097,1,1,1989,15,15,15,15,15,15,15,15,15,15
260098,1,1,1989,23,14,20,18,21,16,16,33,27,16
260099,1,1,1989,0,17,9,19,10,9,7,4,17,18
260100,1,1,1989,0,0,0,0,0,0,0,0,0,0
260101,1,1,1989,0,0,0,0,0,0,0,0,0,0
260102,1,1,1989,9,9,9,9,9,9,9,9,9,9
260103,1,1,1989,12,12,12,12,12,12,12,12,12,12
260104,1,1,1989,0,0,0,0,0,0,0,0,0,0
260105,1,1,1989,24,24,24,24,24,24,24,24,24,24
260106,1,1,1989,17,17,17,17,17,17,17,17,17,17
260107,1,1,1989,0,0,0,0,0,0,0,0,0,0
260107,2,1,1989,0,0,0,0,0,0,0,0,0,0
260108,0,1,1989,21,21,21,21,21,21,21,21,21,21
260108,1,1,1989,23,7,8,35,7,0,19,0,0,0
260109,1,1,1989,12,34,0,0,0,0,0,0,0,0
260110,0,1,1989,0,0,0,0,0,0,0,0,0,0
260110,1,1,1989,13,13,13,13,13,13,13,13,13,13
260111,1,1,1989,20,20,20,20,20,20,20,20,20,20
260112,1,1,1989,20,21,22,10,19,18,13,0,12,25
260113,1,1,1989,19,19,19,19,19,19,19,19,19,19
260114,1,1,1989,0,0,0,8,0,0,0,0,0,0
260114,2,1,1989,0,0,0,0,0,0,0,0,0,0
260115,1,1,1989,5,5,5,5,5,5,5,5,5,5
260116,1,1,1989,0,0,0,0,0,0,0,0,0,0
260117,0,1,1989,9,9,9,9,9,9,9,9,9,9
260117,1,1,1989,0,0,0,0,0,0,0,0,0,0
260117,2,1,1989,0,0,0,0,0,0,0,0,0,0
260118,0,1,1989,0,0,0,0,0,0,0,0,0,0
260118,1,1,1989,0,0,0,0,0,0,0,0,0,0
260119,1,1,1989,0,0,0,0,0,0,0,0,0,0
260119,2,1,1989,4,4,4,4,4,4,4,4,4,4
260120,0,1,1989,0,0,0,0,0,0,0,0,0,0
260120,1,1,1989,0,0,0,0,0,0,0,0,0,0
260121,1,1,1989,0,0,0,0,0,0,0,0,0,0
260121,2,1,1989,0,0,0,0,0,21,0,0,0,0
260122,1,1,1989,0,0,0,0,0,0,0,0,0,0
260123,1,1,1989,0,0,0,0,0,0,0,0,0,0
260123,2,1,1989,0,0,0,0,0,0,0,0,0,0
260124,1,1,1989,0,0,0,0,0,0,0,0,0,0
260125,1,1,1989,0,28,13,35,0,0,0,0,17,0
260126,1,1,1989,20,6,13,13,21,6,3,6,24,12
260127,1,1,1989,4,4,4,4,4,4,4,4,4,4
260128,1,1,1989,0,0,0,0,0,0,0,0,0,0
260128,2,1,1989,0,0,0,0,0,0,0,0,0,0
260129,1,1,1989,0,0,0,0,0,0,0,0,0,0
260130,1,1,1989,0,0,0,0,0,0,0,0,0,0
260130,2,1,1989,0,0,0,0,0,0,0,0,0,0
260131,1,1,1989,9,9,9,9,9,9,9,9,9,9
260132,1,1,1989,25,25,25,25,25,25,25,25,25,25
260133,1,1,1989,38,38,38,38,38,38,38,38,38,38
260134,1,1,1989,21,21,21,21,21,21,21,21,21,21
260135,1,1,1989,7,7,7,7,7,7,7,7,7,7
260136,1,1,1989,14,14,14,14,14,14,14,14,14,14
260137,1,1,1989,0,0,0,0,0,0,0,0,0,0
260137,2,1,1989,0,0,0,0,0,0,0,0,0,0
260138,1,1,1989,15,15,15,15,15,15,15,15,15,15
260138,2,1,1989,0,0,0,0,0,0,0,0,0,0
260139,1,1,1989,0,0,0,0,0,0,0,0,0,0
260139,2,1,1989,0,0,0,0,0,0,0,0,0,0
260140,1,1,1989,0,0,0,0,0,0,0,0,0,0
260140,2,1,1989,19,19,19,19,19,19,19,19,19,19
260141,1,1,1989,2,2,2,2,2,2,2,2,2,2
260142,1,1,1989,17,0,0,0,0,0,0,0,0,0
260143,1,1,1989,0,0,0,0,0,11,0,10,0,0
260144,1,1,1989,0,0,16,0,0,0,36,0,0,0
260144,2,1,1989,12,0,0,0,8,0,0,0,14,0
260146,1,1,1989,21,21,21,21,21,21,21,21,21,21
260147,0,1,1989,0,0,0,30,0,0,0,0,0,0
260147,1,1,1989,0,0,0,0,0,0,0,0,0,0
260148,1,1,1989,18,18,18,18,18,18,18,18,18,18
260148,2,1,1989,0,0,0,0,0,0,0,0,0,0
260149,0,1,1989,0,0,0,0,0,0,0,0,0,0
260149,1,1,1989,0,0,0,0,0,0,0,0,0,0
260150,1,1,1989,0,0,0,0,0,0,0,0,0,0
260151,0,1,1989,10,31,0,0,27,0,0,0,0,38
260151,0,2,1989,0,0,17,0,0,0,0,0,23,0
260151,1,1,1989,8,8,8,8,8,8,8,8,8,8
260152,1,1,1989,0,0,0,0,0,0,0,0,0,0
260152,2,1,1989,0,0,0,0,0,0,0,0,0,0
260153,1,1,1989,0,0,0,0,0,0,0,0,0,0
260154,1,1,1989,0,0,0,0,0,0,0,0,0,0
260154,2,1,1989,0,0,0,0,0,0,0,0,0,0
260155,1,1,1989,30,35,16,13,35,0,14,16,19,29
260155,2,1,1989,0,11,0,0,0,0,0,0,0,0
260156,1,1,1989,0,0,0,0,0,0,0,0,0,0
260157,1,1,1989,19,19,19,19,19,19,19,19,19,19
260157,2,1,1989,0,0,0,0,0,14,0,0,0,0
260158,1,1,1989,0,0,0,0,0,0,0,0,0,0
260158,2,1,1989,0,0,0,0,0,0,0,0,0,0
260159,1,1,1989,25,0,15,0,6,0,25,0,0,17
260160,0,1,1989,19,19,19,19,19,19,19,19,19,19
260160,1,1,1989,0,0,0,0,0,0,0,0,0,21
260160,2,1,1989,0,0,0,12,0,0,0,0,0,0
260160,3,1,1989,0,0,20,0,0,0,0,0,0,0
260161,1,1,1989,7,7,7,7,7,7,7,7,7,7
260162,0,1,1989,9,9,9,9,9,9,9,9,9,9
260162,1,1,1989,0,0,0,0,0,0,0,0,0,0
260162,2,1,1989,0,0,0,0,0,0,0,0,0,0
260163,1,1,1989,0,0,0,0,0,0,0,0,0,0
260164,1,1,1989,0,0,0,0,0,0,0,0,0,0
260164,2,1,1989,0,0,0,0,0,0,0,0,0,0
260165,1,1,1989,0,0,0,0,0,0,0,0,0,0
260165,2,1,1989,0,0,0,0,0,0,0,0,0,0
260166,1,1,1989,12,12,12,12,12,12,12,12,12,12
260166,2,1,1989,7,7,7,7,7,7,7,7,7,7
260167,1,1,1989,0,0,0,0,0,0,0,0,0,0
260168,1,1,1989,23,0,0,0,0,0,0,0,0,0
260168,2,1,1989,0,0,0,0,0,0,0,0,0,0
260169,1,1,1989,0,19,23,0,0,0,0,0,0,0
260169,2,1,1989,0,0,0,0,0,0,0,0,0,0
260170,1,1,1989,0,0,0,0,0,0,0,0,0,0
260170,2,1,1989,0,0,0,0,0,0,0,0,0,0
260171,1,1,1989,24,0,0,34,18,0,9,27,24,11
260172,1,1,1989,30,30,30,30,30,30,30,30,30,30
260172,2,1,1989,9,9,9,9,9,9,9,9,9,9
260173,1,1,1989,0,0,0,0,0,0,0,0,0,0
260173,2,1,1989,0,0,0,0,0,0,0,0,0,0
260174,1,1,1989,19,19,19,19,19,19,19,19,19,19
260174,2,1,1989,0,0,0,0,0,0,0,0,0,0
260175,1,1,1989,0,0,0,0,0,0,0,0,0,0
260175,2,1,1989,23,23,23,23,23,23,23,23,23,23
260176,1,1,1989,5,0,0,0,0,0,0,0,0,0
260176,2,1,1989,0,0,0,0,0,0,0,0,0,0
260176,3,1,1989,0,0,0,0,0,0,0,0,0,0
260176,4,1,1989,0,0,0,0,0,0,0,0,0,0
260177,1,1,1989,0,0,0,0,0,0,0,0,0,0
260177,2,1,1989,0,0,0,0,0,0,0,0,0,0
260178,1,1,1989,0,0,0,0,0,0,0,0,0,0
260178,2,1,1989,0,0,0,0,14,0,0,0,0,0
260179,1,1,1989,0,0,0,0,0,23,0,0,0,0
260179,2,1,1989,0,0,0,0,0,0,0,0,0,0
260180,1,1,1989,0,0,0,0,0,0,0,0,0,0
260181,0,1,1989,41,41,41,41,41,41,41,41,41,41
260181,1,1,1989,0,0,0,0,0,0,0,0,0,0
260182,1,1,1989,0,0,0,0,0,22,0,0,0,22
260183,1,1,1989,0,0,0,0,0,0,0,0,0,0
260183,2,1,1989,0,0,0,0,0,0,0,0,0,0
260184,1,1,1989,17,11,17,39,0,12,11,21,22,8
260185,1,1,1989,0,0,0,0,0,0,0,0,0,0
260185,2,1,1989,0,0,0,0,0,0,0,0,0,0
260186,0,1,1989,0,0,0,7,47,31,0,31,0,0
260186,1,1,1989,0,0,0,0,0,0,0,0,0,0
260187,1,1,1989,0,0,0,0,0,0,0,23,0,0
260188,1,1,1989,0,0,0,0,0,0,0,0,0,0
260189,1,1,1989,0,0,0,0,0,0,0,0,0,0
260189,2,1,1989,0,0,0,0,0,10,0,0,0,0
260190,1,1,1989,0,0,0,0,0,0,0,0,0,0
260190,2,1,1989,0,0,0,0,0,0,0,0,0,0
260191,1,1,1989,20,20,20,20,20,20,20,20,20,20
260192,1,1,1989,8,8,8,8,8,8,8,8,8,8
260193,1,1,1989,25,25,25,25,25,25,25,25,25,25
260194,1,1,1989,0,0,0,0,0,0,0,0,0,0
260194,2,1,1989,3,3,3,3,3,3,3,3,3,3
260195,1,1,1989,7,24,22,14,30,27,13,0,10,12
260196,1,1,1989,13,0,10,11,8,0,12,0,6,37
260196,2,1,1989,0,0,0,0,0,0,0,0,0,25
260197,0,1,1989,16,16,33,22,22,22,25,38,16,32
260197,1,1,1989,0,0,0,0,0,0,0,0,0,0
260198,1,1,1989,0,0,0,0,0,0,0,0,0,0
260199,1,1,1989,0,0,0,0,0,0,0,0,0,0
260199,2,1,1989,0,0,0,0,0,0,0,0,0,0
260200,1,1,1989,32,32,32,32,32,32,32,32,32,32
260201,1,1,1989,14,14,14,14,14,14,14,14,14,14
260202,1,1,1989,25,25,25,25,25,25,25,25,25,25
260202,2,1,1989,0,0,0,0,0,0,0,0,0,0
260203,1,1,1989,16,16,16,16,16,16,16,16,16,16
260204,1,1,1989,17,17,17,17,17,17,17,17,17,17
260204,2,1,1989,0,0,0,0,0,0,0,0,0,0
260204,3,1,1989,0,0,0,0,0,0,0,0,0,0
260205,1,1,1989,0,0,0,0,0,0,0,0,0,0
260205,2,1,1989,0,0,0,0,0,0,0,0,0,0
260206,0,1,1989,0,0,0,0,0,0,0,0,0,0
260206,1,1,1989,0,0,0,0,0,0,0,0,0,0
260207,1,1,1989,20,20,20,20,20,20,20,20,20,20
260208,1,1,1989,0,8,0,0,14,0,0,0,0,0
260209,0,1,1989,0,0,0,0,0,0,0,0,0,0
260209,1,1,1989,0,0,0,0,0,0,0,0,0,0
260210,1,1,1989,15,15,15,15,15,15,15,15,15,15
260210,2,1,1989,0,0,0,0,0,0,0,0,0,0
260211,1,1,1989,10,10,10,10,10,10,10,10,10,10
260212,1,1,1989,2,2,2,2,2,2,2,2,2,2
260213,1,1,1989,0,0,0,0,0,0,0,0,0,0
260213,2,1,1989,0,0,0,0,0,0,4,0,0,0
260213,3,1,1989,0,0,0,0,0,0,0,0,0,0
260214,0,1,1989,0,0,0,0,0,0,0,0,0,0
260214,1,1,1989,0,0,0,0,0,0,0,0,0,0
260215,1,1,1989,0,0,0,0,0,0,0,0,0,0
260215,2,1,1989,0,0,0,0,0,0,0,0,0,0
260216,1,1,1989,12,2,13,10,19,16,11,8,12,17
260217,1,1,1989,6,6,6,6,6,6,6,6,6,6
260218,1,1,1989,0,0,0,0,0,0,0,0,0,0
260218,2,1,1989,0,0,0,0,0,0,0,0,0,0
260219,1,1,1989,0,0,6,0,0,0,0,0,0,0
260219,2,1,1989,0,0,0,0,0,0,0,0,0,0
260220,1,1,1989,0,0,0,0,0,0,0,0,16,0
260220,2,1,1989,0,0,0,0,0,0,0,0,0,0
260221,1,1,1989,10,0,23,18,0,8,13,0,0,0