ST_CASE,VEH_NO,PER_NO,YEAR,P1,P2,P3,P4,P5,P6,P7,P8,P9,P10
260498,1,1,1989,0,0,0,0,0,0,0,0,0,0
260499,1,1,1989,0,0,0,0,0,0,0,0,0,0
260499,2,1,1989,0,0,0,0,0,0,0,0,0,0
260500,1,1,1989,0,0,0,0,0,0,0,0,0,0
260500,2,1,1989,0,0,0,0,0,0,0,0,0,0
260501,1,1,1989,4,4,4,4,4,4,4,4,4,4
260502,1,1,1989,0,0,0,0,0,0,0,0,0,0
260502,2,1,1989,0,0,0,0,0,0,0,0,0,0
260503,0,1,1989,0,0,0,0,0,0,0,0,0,0
260503,1,1,1989,0,0,0,0,0,0,0,0,0,0
260505,1,1,1989,0,0,0,0,0,0,0,0,0,0
260505,2,1,1989,0,0,0,0,0,0,0,0,0,0
260506,1,1,1989,0,0,0,0,0,0,0,0,0,0
260506,2,1,1989,0,0,0,0,0,0,0,0,0,0
260507,1,1,1989,0,0,0,0,0,0,0,0,0,0
260507,2,1,1989,0,0,0,0,0,0,0,0,0,0
260509,0,1,1989,43,12,31,16,16,19,13,31,0,21
260509,1,1,1989,7,0,0,23,21,16,0,12,0,18
260512,1,1,1989,2,2,2,2,2,2,2,2,2,2
260512,2,1,1989,0,0,0,0,0,0,9,0,0,18
260513,0,1,1989,25,5,29,16,28,23,35,8,23,9
260513,1,1,1989,14,22,8,19,19,18,23,16,26,17
260514,1,1,1989,0,0,0,0,0,0,0,0,0,0
260515,0,1,1989,12,0,0,0,0,0,24,0,0,0
260515,0,2,1989,0,11,17,14,6,19,9,14,10,0
260515,1,1,1989,0,0,0,0,0,0,0,0,0,0
260516,1,1,1989,0,0,0,0,0,0,0,0,0,0
260516,2,1,1989,0,0,0,0,0,0,0,0,0,0
260517,1,1,1989,0,0,0,0,0,0,0,0,0,0
260517,2,1,1989,0,0,0,0,0,0,0,0,0,0
260518,1,1,1989,0,0,0,0,0,0,0,0,0,0
260518,2,1,1989,0,0,0,0,0,0,0,0,0,0
260519,1,1,1989,0,0,0,0,0,0,0,0,0,0
260519,2,1,1989,0,0,0,0,0,0,0,0,0,0
260520,1,1,1989,0,0,0,0,0,0,0,0,0,0
260520,2,1,1989,13,0,0,13,0,0,0,0,0,0
260521,1,1,1989,0,0,0,0,0,0,0,16,0,0
260521,2,1,1989,0,0,0,0,0,0,0,0,0,0
260522,1,1,1989,12,12,12,12,12,12,12,12,12,12
260523,1,1,1989,15,15,15,15,15,15,15,15,15,15
260524,1,1,1989,0,0,0,0,0,0,0,0,0,0
260525,1,1,1989,12,15,4,26,17,6,2,15,12,18
260525,2,1,1989,0,0,0,0,0,0,0,0,0,0
260526,1,1,1989,21,21,21,21,21,21,21,21,21,21
260527,1,1,1989,0,0,0,0,0,0,0,0,0,23
260527,2,1,1989,0,0,0,0,0,0,0,0,0,0
260528,1,1,1989,0,0,0,0,0,0,0,0,0,0
260528,2,1,1989,0,0,0,0,0,0,0,0,0,0
260529,1,1,1989,34,13,18,24,15,26,19,10,9,22
260530,1,1,1989,0,0,0,0,0,0,0,0,0,0
260531,1,1,1989,0,0,0,14,0,0,0,0,0,0
260531,2,1,1989,0,0,0,0,0,0,0,0,0,0
260532,1,1,1989,30,30,30,30,30,30,30,30,30,30
260534,1,1,1989,21,21,21,21,21,21,21,21,21,21
260535,1,1,1989,0,0,0,0,0,0,0,0,0,0
260535,2,1,1989,0,0,0,0,0,0,0,0,0,0
260536,1,1,1989,20,20,20,20,20,20,20,20,20,20
260536,2,1,1989,0,0,0,0,0,0,0,0,0,0
260537,0,1,1989,18,18,18,18,18,18,18,18,18,18
260537,1,1,1989,0,0,0,4,5,0,0,16,0,0
260538,0,1,1989,0,0,0,0,0,0,0,0,0,0
260538,1,1,1989,0,0,0,0,0,0,0,0,0,0
260539,1,1,1989,0,0,0,0,0,0,0,0,0,0
260539,2,1,1989,0,0,0,0,0,0,0,0,0,0
260540,1,1,1989,18,18,17,17,15,12,13,12,8,15
260541,0,1,1989,20,20,20,20,20,20,20,20,20,20
260541,1,1,1989,12,12,12,12,12,12,12,12,12,12
260542,1,1,1989,0,0,0,0,0,0,0,0,0,0
260542,2,1,1989,0,0,0,0,0,0,0,0,0,0
260543,1,1,1989,6,6,6,6,6,6,6,6,6,6
260543,2,1,1989,0,30,0,19,0,0,0,5,0,0
260543,3,1,1989,0,0,0,0,0,0,0,0,0,0
260544,1,1,1989,0,0,0,0,0,0,0,0,0,0
260544,2,1,1989,0,0,0,0,0,0,0,0,0,0
260545,1,1,1989,0,0,0,7,0,0,0,0,0,0
260545,2,1,1989,0,0,0,0,0,0,0,0,0,0
260546,1,1,1989,0,0,0,0,0,0,0,0,0,0
260546,2,1,1989,0,0,0,0,0,0,0,0,0,0
260547,1,1,1989,28,28,28,28,28,28,28,28,28,28
260547,2,1,1989,0,0,0,0,0,0,0,0,0,0
260548,1,1,1989,6,5,12,0,29,0,15,20,9,19
260548,2,1,1989,0,0,0,0,0,0,0,0,0,0
260549,1,1,1989,17,34,11,12,21,19,9,22,0,11
260550,1,1,1989,25,25,25,25,25,25,25,25,25,25
260551,1,1,1989,0,0,0,0,16,8,0,0,0,0
260552,1,1,1989,0,0,0,0,0,0,0,0,0,0
260552,2,1,1989,0,0,0,0,0,0,0,0,23,0
260553,1,1,1989,0,0,0,0,0,0,0,0,0,0
260554,1,1,1989,0,0,0,0,0,0,0,0,0,0
260554,2,1,1989,0,0,0,0,0,0,0,0,0,0
260555,1,1,1989,20,20,20,20,20,20,20,20,20,20
260555,2,1,1989,16,13,20,9,14,0,11,7,30,29
260556,1,1,1989,0,0,0,0,0,0,0,0,0,0
260556,2,1,1989,0,0,0,0,0,0,0,0,0,0
260557,1,1,1989,0,0,0,0,0,0,0,0,0,0
260557,2,1,1989,0,0,0,0,0,0,0,0,0,0
260557,3,1,1989,0,0,0,0,0,0,0,0,0,0
260558,1,1,1989,17,17,17,17,17,17,17,17,17,17
260558,2,1,1989,0,0,0,0,0,0,0,0,0,0
260558,3,1,1989,0,0,0,0,0,0,0,0,0,0
260558,4,1,1989,0,0,0,0,0,0,0,0,0,0
260559,1,1,1989,21,21,21,21,21,21,21,21,21,21
260560,1,1,1989,0,10,0,0,0,0,0,0,0,0
260560,2,1,1989,0,0,0,0,0,0,0,0,0,0
260560,3,1,1989,0,0,0,0,0,0,0,0,0,0
260561,1,1,1989,16,16,16,16,16,16,16,16,16,16
260562,1,1,1989,0,0,0,0,0,0,0,0,0,0
260562,2,1,1989,0,0,0,0,0,0,0,0,0,0
260563,1,1,1989,0,0,0,0,0,0,0,0,0,0
260563,2,1,1989,0,0,0,0,0,0,0,0,0,0
260564,1,1,1989,0,0,0,0,0,0,0,0,0,0
260564,2,1,1989,0,0,0,0,0,0,0,0,0,0
260565,1,1,1989,0,0,0,0,0,0,0,0,0,0
260565,2,1,1989,0,0,0,0,0,0,0,0,0,0
260566,1,1,1989,0,0,0,0,0,0,0,0,0,0
260567,1,1,1989,1,1,1,1,1,1,1,1,1,1
260568,1,1,1989,3,3,3,3,3,3,3,3,3,3
260568,2,1,1989,0,18,0,0,0,0,0,0,0,0
260569,1,1,1989,0,0,0,0,0,0,0,0,0,0
260569,2,1,1989,0,0,0,0,0,0,0,0,0,0
260570,1,1,1989,0,0,0,0,0,0,0,0,0,0
260571,1,1,1989,12,12,12,12,12,12,12,12,12,12
260571,2,1,1989,0,0,0,0,0,0,0,0,21,0
260572,1,1,1989,8,8,8,8,8,8,8,8,8,8
260573,1,1,1989,25,25,25,25,25,25,25,25,25,25
260574,1,1,1989,0,0,0,0,0,0,0,0,0,0
260574,2,1,1989,0,0,0,0,0,0,0,0,0,0
260575,0,1,1989,0,0,0,19,0,0,16,0,0,0
260575,1,1,1989,23,23,23,23,23,23,23,23,23,23
260576,1,1,1989,0,0,0,0,0,0,0,0,0,0
260576,2,1,1989,8,0,0,0,0,0,9,0,22,0
260576,3,1,1989,0,0,0,0,0,0,0,0,20,0
260577,1,1,1989,17,17,17,17,17,17,17,17,17,17
260578,0,1,1989,0,0,0,0,0,0,0,0,0,0
260578,1,1,1989,0,0,0,0,0,0,0,0,0,0
260579,0,1,1989,0,0,0,0,0,0,0,0,0,0
260579,0,2,1989,0,0,0,0,0,0,0,0,0,0
260579,1,1,1989,0,0,0,0,0,0,0,0,0,0
260580,1,1,1989,2,13,3,6,3,9,10,4,4,24
260580,2,1,1989,0,0,0,0,0,0,0,0,0,0
260581,0,1,1989,1,1,1,1,1,1,1,1,1,1
260581,1,1,1989,0,0,0,0,0,0,0,0,0,0
260582,1,1,1989,9,14,18,15,2,16,6,27,0,0
260582,2,1,1989,0,0,0,0,0,0,0,0,0,0
260583,1,1,1989,0,9,0,0,0,8,0,19,0,0
260584,1,1,1989,0,0,0,0,0,0,0,0,0,0
260584,2,1,1989,0,0,0,0,0,0,0,0,0,0
260585,1,1,1989,0,0,0,0,0,0,0,0,0,0
260585,2,1,1989,0,0,0,0,0,0,0,0,0,0
260586,1,1,1989,14,14,14,14,14,14,14,14,14,14
260587,1,1,1989,0,0,0,0,0,0,0,0,0,0
260587,2,1,1989,0,0,0,0,0,0,0,0,0,0
260588,1,1,1989,0,0,0,0,0,0,0,0,0,0
260588,2,1,1989,0,0,0,0,0,0,0,0,0,0
260589,1,1,1989,23,23,23,23,23,23,23,23,23,23
260590,0,1,1989,0,0,0,14,0,0,9,0,12,0
260590,1,1,1989,0,0,0,0,0,0,0,5,16,0
260591,0,1,1989,0,0,0,0,0,0,0,0,0,0
260591,1,1,1989,0,0,0,0,0,0,0,0,0,0
260592,1,1,1989,0,0,0,0,0,0,0,0,0,0
260592,2,1,1989,0,0,0,0,0,0,0,0,0,0
260592,3,1,1989,0,0,0,0,0,0,0,0,0,0
260593,1,1,1989,0,0,0,0,0,0,0,0,0,0
260593,2,1,1989,0,0,0,0,0,0,0,0,0,7
260593,3,1,1989,0,0,0,0,0,0,0,0,0,0
260594,1,1,1989,26,26,26,26,26,26,26,26,26,26
260595,1,1,1989,15,15,15,15,15,15,15,15,15,15
260596,1,1,1989,0,0,0,0,0,0,0,0,0,0
260596,2,1,1989,0,0,0,0,0,0,0,0,0,0
260597,1,1,1989,23,23,23,23,23,23,23,23,23,23
260598,1,1,1989,6,6,6,6,6,6,6,6,6,6
260599,1,1,1989,0,0,0,0,0,0,0,0,0,0
260599,2,1,1989,0,0,0,0,0,0,0,0,0,0
260600,1,1,1989,15,15,15,15,15,15,15,15,15,15
260600,2,1,1989,0,0,0,0,0,14,0,0,0,0
260601,1,1,1989,0,0,0,0,0,0,0,0,0,0
260601,2,1,1989,0,0,0,0,0,0,0,0,0,0
260602,1,1,1989,0,10,0,0,0,0,0,0,0,0
260603,1,1,1989,8,8,8,8,8,8,8,8,8,8
260604,1,1,1989,11,11,11,11,11,11,11,11,11,11
260604,2,1,1989,9,9,9,9,9,9,9,9,9,9
260605,1,1,1989,9,28,11,18,18,13,11,6,27,0
260606,1,1,1989,0,0,0,0,0,0,0,0,24,0
260606,2,1,1989,0,0,0,0,0,0,0,0,0,0
260607,1,1,1989,0,0,0,0,0,0,0,0,0,0
260607,2,1,1989,0,0,0,0,0,0,0,0,0,0
260608,1,1,1989,11,11,11,11,11,11,11,11,11,11
260609,0,1,1989,0,0,0,0,0,0,0,0,0,0
260609,1,1,1989,0,0,0,0,0,0,0,0,0,0
260610,1,1,1989,18,27,9,25,19,29,6,22,18,18
260611,0,1,1989,0,0,0,0,0,0,0,0,0,0
260611,1,1,1989,0,0,11,0,28,0,0,0,0,17
260612,1,1,1989,11,11,11,11,11,11,11,11,11,11
260612,2,1,1989,0,0,0,0,0,0,0,0,0,0
260613,1,1,1989,12,12,12,12,12,12,12,12,12,12
260613,2,1,1989,25,11,13,0,0,0,0,16,0,16
260614,1,1,1989,0,0,0,0,0,0,0,0,0,0
260614,2,1,1989,0,0,0,0,0,0,0,0,0,0
260615,1,1,1989,13,13,13,13,13,13,13,13,13,13
260616,1,1,1989,0,0,0,0,0,0,0,0,0,0
260616,2,1,1989,0,0,0,0,0,0,0,0,0,0
260617,1,1,1989,13,13,13,13,13,13,13,13,13,13
260618,1,1,1989,6,11,3,11,13,27,2,8,5,30
260618,2,1,1989,0,0,5,10,0,14,0,0,0,0
260619,0,1,1989,0,0,0,0,0,0,0,0,0,0
260619,1,1,1989,0,0,0,0,0,0,0,0,0,0
260620,1,1,1989,35,35,35,35,35,35,35,35,35,35
260621,1,1,1989,16,16,16,16,16,16,16,16,16,16
260621,2,1,1989,0,0,0,0,0,0,0,0,0,0
260622,1,1,1989,2,2,2,2,2,2,2,2,2,2
260622,2,1,1989,0,0,0,0,0,0,0,0,0,0
260623,1,1,1989,14,9,0,0,32,0,0,0,0,0
260623,2,1,1989,0,0,0,0,0,0,0,0,0,0
260624,1,1,1989,0,28,0,0,0,0,0,0,0,0
260624,2,1,1989,0,0,0,0,0,0,0,0,0,0
260625,0,1,1989,0,0,0,0,0,0,0,0,0,0
260625,1,1,1989,0,0,0,0,0,0,0,0,0,0
260626,0,1,1989,0,0,0,0,15,0,0,0,0,0
260626,1,1,1989,0,0,0,0,0,0,0,0,0,0
260627,1,1,1989,0,0,0,0,0,0,0,12,11,0
260627,2,1,1989,0,0,0,0,0,0,0,0,0,0
260628,1,1,1989,0,0,0,0,0,0,0,0,0,0
260628,2,1,1989,0,0,0,0,0,0,0,0,0,0
260629,0,1,1989,22,0,0,0,26,0,0,0,0,19
260629,1,1,1989,0,0,0,0,0,0,0,0,0,0
260630,1,1,1989,0,0,0,0,0,0,0,0,0,0
260630,2,1,1989,0,0,0,0,0,0,0,0,0,0
260631,1,1,1989,12,12,12,12,12,12,12,12,12,12
260632,1,1,1989,0,0,0,0,0,0,0,0,0,0
260632,2,1,1989,0,0,0,0,0,0,0,0,0,0
260633,1,1,1989,0,0,0,0,0,0,0,0,0,0
260634,1,1,1989,16,16,16,16,16,16,16,16,16,16
260635,0,1,1989,18,18,18,18,18,18,18,18,18,18
260635,1,1,1989,20,20,20,20,20,20,20,20,20,20
260636,1,1,1989,0,0,0,0,0,0,0,0,0,0
260637,1,1,1989,0,0,0,0,0,0,0,0,0,0
260638,1,1,1989,0,0,0,0,0,0,0,0,0,0
260638,2,1,1989,0,0,0,0,0,0,0,0,0,0
260639,0,1,1989,0,18,27,27,16,21,10,13,0,33
260639,1,1,1989,30,11,27,14,7,11,5,32,12,10
260640,0,1,1989,0,0,0,24,0,0,0,0,21,0
260640,1,1,1989,0,0,0,0,0,0,0,0,0,0
260641,1,1,1989,23,23,23,23,23,23,23,23,23,23
260641,2,1,1989,0,0,0,0,0,0,0,0,0,0
260642,0,1,1989,14,14,14,14,14,14,14,14,14,14
260642,1,1,1989,0,0,0,0,0,0,0,0,0,0
260643,1,1,1989,12,12,12,12,12,12,12,12,12,12
260643,2,1,1989,19,19,19,19,19,19,19,19,19,19
260644,0,1,1989,15,12,14,21,17,14,24,28,12,18
260644,0,2,1989,18,18,17,14,17,6,24,4,9,37
260644,1,1,1989,13,13,13,13,13,13,13,13,13,13
260645,1,1,1989,18,0,14,9,0,0,12,0,5,16
260646,1,1,1989,6,6,6,6,6,6,6,6,6,6
260647,1,1,1989,0,0,0,0,0,0,0,0,0,0
260647,2,1,1989,0,0,0,0,13,0,0,12,0,21
260648,1,1,1989,28,28,28,28,28,28,28,28,28,28
260648,2,1,1989,0,0,0,0,0,0,0,0,0,0
260649,0,1,1989,28,28,28,28,28,28,28,28,28,28
260649,1,1,1989,11,11,11,11,11,11,11,11,11,11
260650,1,1,1989,0,0,0,0,0,0,0,0,0,0
260652,1,1,1989,0,0,0,0,0,0,0,0,0,0
260653,0,1,1989,0,0,0,0,0,0,0,0,0,0
260653,1,1,1989,0,0,0,0,0,0,0,0,0,0
260654,0,1,1989,19,0,24,14,21,0,8,5,0,0
260654,1,1,1989,0,9,18,0,0,0,0,7,0,0
260655,0,1,1989,0,0,0,0,0,0,0,0,0,0
260655,1,1,1989,0,0,0,0,0,0,0,0,0,0
260656,1,1,1989,5,5,5,5,5,5,5,5,5,5
260657,1,2,1989,0,0,13,0,26,13,13,26,25,0
260658,1,1,1989,23,23,23,23,23,23,23,23,23,23
260659,1,1,1989,8,8,8,8,8,8,8,8,8,8
260659,2,1,1989,9,9,9,9,9,9,9,9,9,9
260660,0,1,1989,0,0,0,0,0,0,0,0,0,0
260660,1,1,1989,0,0,0,0,0,0,0,0,0,0
260661,1,1,1989,0,0,0,0,0,0,0,0,0,18
260661,2,1,1989,20,20,20,20,20,20,20,20,20,20
260662,1,1,1989,16,16,16,16,16,16,16,16,16,16
260663,1,1,1989,9,9,9,9,9,9,9,9,9,9
260664,0,1,1989,13,13,13,13,13,13,13,13,13,13
260664,1,1,1989,2,2,2,2,2,2,2,2,2,2
260665,1,1,1989,0,0,0,0,0,0,0,0,0,0
260665,2,1,1989,0,0,0,0,0,0,0,0,0,0
260666,1,1,1989,39,39,39,39,39,39,39,39,39,39
260667,1,1,1989,0,0,0,0,0,0,0,0,0,0
260667,2,1,1989,0,0,0,0,0,0,0,0,0,0
260668,1,1,1989,18,18,18,18,18,18,18,18,18,18
260668,2,1,1989,0,0,0,0,0,0,0,0,0,0
260668,3,1,1989,0,9,0,0,0,0,0,0,0,0
260668,4,1,1989,0,0,0,0,0,0,0,0,0,0
260669,1,1,1989,0,0,0,0,0,0,0,0,0,0
260669,2,1,1989,0,0,0,0,0,0,0,0,0,0
260670,0,1,1989,0,0,0,0,0,0,0,0,0,0
260670,0,2,1989,0,0,0,0,0,0,0,0,0,0
260670,1,1,1989,0,0,0,0,0,0,0,0,0,0
260671,1,1,1989,29,12,17,18,7,13,18,25,0,0
260671,2,1,1989,0,0,0,0,0,0,0,0,0,0
260672,1,1,1989,10,10,10,10,10,10,10,10,10,10
260673,0,1,1989,0,0,0,0,0,0,0,0,0,0
260673,1,1,1989,0,0,0,0,0,0,0,0,0,0
260674,1,1,1989,15,0,0,0,0,0,0,0,0,0
260675,1,1,1989,0,0,0,0,0,0,0,0,0,0
260675,2,1,1989,0,0,0,0,0,0,0,0,0,0
260676,1,1,1989,0,0,0,0,0,0,0,0,0,0
260676,2,1,1989,0,0,0,0,0,0,0,0,0,0
260677,1,1,1989,1,1,1,1,1,1,1,1,1,1
260678,1,1,1989,0,0,0,0,0,0,0,0,0,0
260679,1,1,1989,17,17,17,17,17,17,17,17,17,17
260679,2,1,1989,0,0,0,0,0,0,0,0,0,0
260680,1,1,1989,0,0,0,0,3,0,0,0,0,0
260681,1,1,1989,12,26,21,5,13,0,11,13,19,17
260681,2,1,1989,10,9,15,28,22,3,12,18,26,18
260681,3,1,1989,23,27,17,22,21,15,20,15,0,16
260682,1,1,1989,0,0,0,0,0,0,0,0,0,0
260682,2,1,1989,0,0,0,0,0,0,0,0,0,0
260682,3,1,1989,0,0,0,0,0,0,0,0,0,0
260683,1,1,1989,12,12,12,12,12,12,12,12,12,12
260684,1,1,1989,0,0,0,0,0,0,0,0,0,0
260685,0,1,1989,0,0,0,0,0,0,0,0,0,0
260685,1,1,1989,13,13,13,13,13,13,13,13,13,13
260686,1,1,1989,0,0,0,0,0,0,0,0,0,0
260686,2,1,1989,0,0,0,0,0,0,0,0,0,0
260686,3,1,1989,0,0,0,0,0,0,0,0,0,0
260687,1,1,1989,0,0,0,0,0,0,0,0,0,0
260687,2,1,1989,0,0,0,0,0,0,0,0,0,0
260687,3,1,1989,0,16,24,16,27,29,2,13,13,28
260687,4,1,1989,16,9,16,10,17,6,0,19,0,0
260688,0,1,1989,15,0,0,0,0,0,26,40,12,21
260688,0,2,1989,0,0,0,19,4,0,8,9,3,8
260688,1,1,1989,0,0,0,0,0,0,0,0,0,0
260688,2,1,1989,0,0,0,0,0,0,0,0,0,0
260689,1,1,1989,34,34,34,34,34,34,34,34,34,34
260690,1,1,1989,16,16,16,16,16,16,16,16,16,16
260691,1,1,1989,14,32,0,3,22,21,20,20,19,17
260692,1,1,1989,21,21,21,21,21,21,21,21,21,21
260693,1,1,1989,0,0,0,0,0,0,0,0,0,0
260694,1,1,1989,0,0,0,0,0,0,0,0,0,0
260694,2,1,1989,0,0,0,0,0,0,0,0,0,0
260695,1,1,1989,0,0,0,0,0,0,0,0,0,0
260695,2,1,1989,0,0,0,0,0,0,0,0,0,0
260696,1,1,1989,0,0,0,0,0,0,0,0,0,0
260697,1,1,1989,0,0,0,0,0,0,0,0,0,0
260698,1,1,1989,0,0,0,0,0,0,0,0,0,0
260698,2,1,1989,0,0,0,0,0,0,0,0,0,0
260699,1,1,1989,9,9,9,9,9,9,9,9,9,9
260699,2,1,1989,0,0,0,0,0,0,0,0,0,0
260700,1,1,1989,0,0,0,0,0,0,0,0,0,0
260700,2,1,1989,0,0,0,0,0,0,0,0,0,0
260701,0,1,1989,0,0,6,0,10,14,29,15,0,23
260701,1,1,1989,0,0,0,0,0,0,0,0,0,0
260702,1,1,1989,0,0,0,0,0,0,0,0,0,25
260703,1,1,1989,0,0,0,0,0,0,0,0,0,0
260704,1,1,1989,26,26,26,26,26,26,26,26,26,26
260704,2,1,1989,0,0,6,0,0,0,0,0,0,0
260705,1,1,1989,0,0,0,0,0,0,0,0,0,0
260706,1,1,1989,23,10,0,14,11,7,0,9,10,12
260706,2,1,1989,0,0,0,0,0,0,0,0,0,0
260707,0,1,1989,0,0,0,0,29,0,0,0,0,0
260707,1,1,1989,0,0,0,0,0,0,0,14,0,0
260708,1,1,1989,0,0,0,0,0,0,0,0,0,0
260708,2,1,1989,0,0,0,0,0,0,0,0,0,0
260709,1,1,1989,0,0,0,0,0,0,0,0,0,0
260709,2,1,1989,0,0,0,0,0,0,0,0,0,0
260710,1,1,1989,24,12,18,10,7,5,8,9,12,16
260710,2,1,1989,1,1,1,1,1,1,1,1,1,1
260711,1,1,1989,0,0,0,0,0,0,0,0,0,0
260711,2,1,1989,0,0,0,0,0,0,0,0,0,0
260712,1,1,1989,7,7,7,7,7,7,7,7,7,7
260712,2,1,1989,0,0,0,0,0,0,0,0,0,0
260713,1,1,1989,0,0,0,0,0,0,0,0,0,0
260713,2,1,1989,0,0,0,0,0,0,0,0,0,0
260714,1,1,1989,19,19,19,19,19,19,19,19,19,19
260714,2,1,1989,0,0,0,0,0,0,0,22,0,0
260715,0,1,1989,0,0,0,0,0,0,0,0,0,0
260715,1,1,1989,6,6,6,6,6,6,6,6,6,6
260716,1,1,1989,25,25,25,25,25,25,25,25,25,25
260717,1,1,1989,22,22,22,22,22,22,22,22,22,22
260718,1,1,1989,0,0,0,0,0,0,0,0,0,0
260718,2,1,1989,0,0,0,0,0,0,0,0,0,0
260719,0,1,1989,13,13,13,13,13,13,13,13,13,13
260719,1,1,1989,5,5,5,5,5,5,5,5,5,5
260720,1,1,1989,8,8,8,8,8,8,8,8,8,8
260720,2,1,1989,0,0,0,0,0,0,0,0,0,0
260721,1,1,1989,22,22,22,22,22,22,22,22,22,22
260722,0,1,1989,0,0,0,0,0,0,0,0,0,0
260722,1,1,1989,0,0,0,0,0,0,0,0,0,0
260723,1,1,1989,0,0,0,0,0,0,0,0,0,0
260723,2,1,1989,0,0,0,0,0,0,0,0,0,0
260724,0,1,1989,7,7,7,7,7,7,7,7,7,7
260724,1,1,1989,7,7,7,7,7,7,7,7,7,7
260725,0,1,1989,21,21,21,21,21,21,21,21,21,21
260725,1,1,1989,10,10,10,10,10,10,10,10,10,10
260726,1,1,1989,0,0,0,0,0,0,0,0,14,0
260726,2,1,1989,0,0,0,0,0,0,0,0,0,0
260726,3,1,1989,0,0,0,0,0,0,0,0,0,0
260727,1,1,1989,0,0,0,0,0,0,0,0,0,0
260727,2,1,1989,0,0,0,0,0,0,0,0,0,0
260728,1,1,1989,7,6,18,25,5,8,3,9,10,4
260729,1,1,1989,1,1,1,1,1,1,1,1,1,1
260729,2,1,1989,0,0,0,0,0,0,0,0,0,0
260729,3,1,1989,0,0,0,0,7,3,0,0,0,4
260730,1,1,1989,0,0,0,0,0,0,0,0,0,0
260730,2,1,1989,0,0,0,0,0,0,0,0,0,0
260731,1,1,1989,0,0,0,0,0,0,0,0,0,0
260731,2,1,1989,0,0,0,0,0,0,0,0,0,0
260732,1,1,1989,0,0,0,0,0,0,0,0,0,0
260732,2,1,1989,0,0,0,0,0,0,0,0,0,0
260733,1,1,1989,10,10,10,10,10,10,10,10,10,10
260733,2,1,1989,18,9,13,5,21,10,4,31,7,0
260734,1,1,1989,0,0,0,0,0,0,0,0,0,0
260734,2,1,1989,3,3,3,3,3,3,3,3,3,3
260735,1,1,1989,0,0,0,0,0,0,0,0,0,0
260736,1,1,1989,0,0,0,0,0,0,0,0,0,0
260736,2,1,1989,0,0,0,0,0,0,0,0,0,0
260737,1,1,1989,0,0,0,0,0,0,0,0,0,0
260737,2,1,1989,0,0,0,0,0,0,0,0,0,0
260738,0,1,1989,39,0,0,0,0,0,0,0,0,0
260738,1,1,1989,0,0,0,0,0,0,0,0,0,0
260739,1,1,1989,0,0,0,0,0,17,0,22,0,0
260740,1,1,1989,0,0,0,0,0,0,0,0,0,0
260740,2,1,1989,0,0,0,0,0,0,0,0,0,0
260741,1,1,1989,0,0,0,0,0,0,0,0,0,0
260741,2,1,1989,0,0,0,0,0,0,0,0,0,0
260741,3,1,1989,0,0,0,0,2,0,0,0,0,0
260741,4,1,1989,0,0,0,0,0,0,0,0,0,0
260742,1,1,1989,0,0,0,0,0,0,0,0,0,0
260742,2,1,1989,7,7,7,7,7,7,7,7,7,7
260743,1,1,1989,24,24,24,24,24,24,24,24,24,24
260744,1,1,1989,21,21,21,21,21,21,21,21,21,21
260745,1,1,1989,13,14,6,22,14,16,15,17,15,13
260746,0,1,1989,31,29,20,27,0,36,9,26,11,18
260746,1,1,1989,4,4,4,4,4,4,4,4,4,4
260747,1,1,1989,20,20,20,20,20,20,20,20,20,20
260747,2,1,1989,0,0,0,0,0,0,0,0,0,0
260747,3,1,1989,0,0,0,0,0,0,0,0,0,0
260748,1,1,1989,0,0,0,0,0,0,0,0,0,0
260749,1,1,1989,0,0,0,0,0,0,0,0,0,0
260749,2,1,1989,0,0,0,0,0,0,0,0,0,0
260750,1,1,1989,9,12,13,7,14,18,21,8,27,21
260750,2,1,1989,12,0,0,0,0,0,12,29,18,0
260751,1,1,1989,25,25,25,25,25,25,25,25,25,25
260752,1,1,1989,0,0,0,0,0,0,0,0,0,0
260752,2,1,1989,0,0,0,0,0,0,0,0,0,0
260753,1,1,1989,0,0,2,16,0,0,18,0,0,0
260753,2,1,1989,0,0,0,0,0,0,0,0,0,0
260754,1,1,1989,29,29,29,29,29,29,29,29,29,29
260755,1,1,1989,23,23,23,23,23,23,23,23,23,23
260756,1,1,1989,14,14,14,14,14,14,14,14,14,14
260756,2,1,1989,0,0,0,0,0,0,0,0,0,0
260757,1,1,1989,34,0,8,0,0,0,4,17,0,0
260757,2,1,1989,28,33,0,0,0,0,0,0,0,0
260757,3,1,1989,0,0,0,0,0,0,0,0,0,0
260758,1,1,1989,20,20,20,20,20,20,20,20,20,20
260759,1,1,1989,15,15,15,15,15,15,15,15,15,15
260760,0,1,1989,0,0,0,0,0,0,0,0,0,0
260760,1,1,1989,0,0,0,0,0,0,0,0,0,0
260761,1,1,1989,13,13,13,13,13,13,13,13,13,13
260762,1,1,1989,29,29,29,29,29,29,29,29,29,29
260763,1,1,1989,0,0,0,0,9,0,0,0,0,0
260763,2,1,1989,0,0,0,0,0,0,0,0,0,0
260763,3,1,1989,0,0,0,0,0,0,0,0,0,0
260764,1,1,1989,0,0,0,0,0,0,0,0,0,0
260764,2,1,1989,0,0,0,0,0,0,0,0,0,0