ST_CASE,VEH_NO,PER_NO,YEAR,P1,P2,P3,P4,P5,P6,P7,P8,P9,P10
260765,1,1,1989,18,18,18,18,18,18,18,18,18,18
260766,1,1,1989,0,0,0,0,0,0,0,0,0,0
260766,2,1,1989,0,0,20,5,0,0,8,0,0,0
260767,1,1,1989,0,0,0,0,0,0,0,0,0,0
260767,2,1,1989,0,0,0,0,0,0,0,0,0,0
260768,1,1,1989,9,9,9,9,9,9,9,9,9,9
260768,2,1,1989,0,0,0,0,0,0,0,0,0,0
260769,1,1,1989,0,0,0,0,0,0,25,0,0,0
260770,0,1,1989,19,19,19,19,19,19,19,19,19,19
260770,1,1,1989,16,16,16,16,16,16,16,16,16,16
260771,0,1,1989,0,0,0,0,0,0,0,0,0,0
260771,1,1,1989,0,0,0,0,0,0,0,0,0,0
260772,1,1,1989,0,0,0,0,0,0,0,0,0,0
260772,2,1,1989,0,0,0,0,0,0,0,0,0,0
260773,1,1,1989,0,0,0,0,0,0,0,0,0,0
260773,2,1,1989,0,0,0,0,0,0,0,0,0,0
260774,1,1,1989,7,7,7,7,7,7,7,7,7,7
260774,2,1,1989,0,0,0,0,0,0,0,0,0,0
260775,1,1,1989,0,0,0,0,0,0,0,0,0,0
260775,2,1,1989,0,0,0,0,0,0,0,0,0,0
260775,3,1,1989,0,0,0,0,0,0,0,0,0,0
260775,4,1,1989,0,0,0,0,0,0,0,13,0,0
260776,1,1,1989,0,0,0,0,0,0,0,0,0,0
260776,2,1,1989,0,0,0,0,0,0,0,0,0,0
260777,1,1,1989,0,0,0,0,0,0,0,0,0,0
260777,2,1,1989,0,0,0,0,0,0,0,0,0,0
260778,1,1,1989,0,0,0,0,0,0,0,0,0,0
260778,2,1,1989,0,0,0,0,0,0,0,0,0,0
260778,3,1,1989,0,0,0,0,0,0,0,0,0,0
260778,4,1,1989,0,0,0,0,0,0,0,0,0,0
260779,1,1,1989,0,0,0,0,0,0,0,0,0,0
260779,2,1,1989,0,0,0,0,0,0,0,0,0,0
260780,1,1,1989,15,13,17,25,39,30,20,39,12,25
260780,2,1,1989,0,0,0,0,26,0,0,0,0,0
260781,1,1,1989,0,0,0,0,0,0,0,0,0,0
260782,1,1,1989,0,0,0,0,0,0,0,0,0,0
260782,2,1,1989,0,0,0,0,0,0,0,0,0,0
260783,1,1,1989,27,27,27,27,27,27,27,27,27,27
260783,2,1,1989,0,0,0,0,0,0,0,0,0,0
260784,1,1,1989,15,15,15,15,15,15,15,15,15,15
260784,2,1,1989,0,0,0,10,0,0,8,0,0,0
260785,1,1,1989,2,2,2,2,2,2,2,2,2,2
260786,1,1,1989,0,0,0,0,0,0,0,0,0,0
260786,2,1,1989,0,0,0,0,0,0,0,0,0,0
260787,1,1,1989,0,0,0,0,0,0,0,0,0,0
260787,2,1,1989,0,0,0,0,0,0,0,0,0,0
260788,1,1,1989,0,0,0,0,0,0,0,0,0,0
260789,1,1,1989,0,0,0,0,0,0,0,13,0,0
260789,2,1,1989,0,0,0,0,0,0,0,0,0,0
260790,1,1,1989,34,32,14,26,10,32,24,0,30,11
260790,2,1,1989,7,21,12,17,25,17,21,34,10,16
260791,1,1,1989,14,14,14,14,14,14,14,14,14,14
260792,1,1,1989,15,15,15,15,15,15,15,15,15,15
260793,1,1,1989,21,21,21,21,21,21,21,21,21,21
260795,1,1,1989,15,13,4,9,10,12,7,8,18,26
260796,1,1,1989,24,24,24,24,24,24,24,24,24,24
260796,2,1,1989,0,0,0,0,0,0,0,0,0,0
260797,1,1,1989,7,7,7,7,7,7,7,7,7,7
260798,1,1,1989,0,0,0,0,0,0,0,0,0,0
260799,2,1,1989,0,0,0,0,17,0,13,0,26,0
260800,0,1,1989,0,0,0,0,0,0,0,0,0,0
260800,1,1,1989,0,0,0,0,0,0,0,0,0,0
260801,1,1,1989,27,27,27,27,27,27,27,27,27,27
260802,1,1,1989,0,0,0,15,0,0,3,0,0,0
260802,2,1,1989,0,0,0,0,0,0,0,0,0,0
260802,3,1,1989,0,0,0,0,0,0,0,0,0,0
260803,1,1,1989,0,21,25,0,9,20,54,18,9,18
260804,0,1,1989,24,24,24,24,24,24,24,24,24,24
260804,1,1,1989,0,0,0,0,0,0,0,0,0,0
260804,2,1,1989,3,3,3,3,3,3,3,3,3,3
260805,1,1,1989,19,19,19,19,19,19,19,19,19,19
260806,1,1,1989,14,14,14,14,14,14,14,14,14,14
260806,2,1,1989,0,0,0,0,0,0,0,0,0,0
260807,1,1,1989,0,0,0,0,0,0,0,0,0,0
260807,2,1,1989,0,0,0,0,0,0,0,0,0,0
260808,1,1,1989,3,3,3,3,3,3,3,3,3,3
260809,1,1,1989,20,20,20,20,20,20,20,20,20,20
260810,1,1,1989,0,0,0,0,0,0,0,0,0,0
260810,2,1,1989,0,0,0,0,0,0,0,0,0,0
260811,1,1,1989,6,6,6,6,6,6,6,6,6,6
260812,1,1,1989,5,13,19,9,10,7,20,7,7,30
260813,1,1,1989,0,0,0,0,0,0,0,0,0,0
260814,1,1,1989,0,14,8,4,14,0,20,14,0,0
260815,1,1,1989,18,13,15,7,6,25,7,27,11,14
260815,2,1,1989,19,12,6,14,29,16,5,29,20,22
260816,1,1,1989,0,0,0,0,0,0,0,0,0,0
260816,2,1,1989,0,0,0,0,0,0,0,0,0,0
260817,0,1,1989,0,0,0,0,0,0,0,0,0,0
260817,1,1,1989,0,0,0,0,0,0,0,0,0,0
260818,1,1,1989,0,0,0,11,0,0,0,0,0,0
260818,2,1,1989,0,0,0,0,0,13,0,0,8,0
260818,3,1,1989,0,0,0,0,0,0,0,0,0,0
260819,1,1,1989,31,31,31,31,31,31,31,31,31,31
260819,2,1,1989,0,0,0,0,0,0,0,0,0,8
260820,1,1,1989,0,0,18,23,0,17,21,0,20,15
260820,2,1,1989,0,0,0,0,0,0,0,0,0,0
260821,1,1,1989,0,0,0,0,0,14,0,20,0,0
260821,2,1,1989,0,0,0,0,0,0,0,0,0,0
260822,1,1,1989,18,18,18,18,18,18,18,18,18,18
260823,1,1,1989,0,0,0,0,0,22,0,0,0,0
260823,2,1,1989,0,0,0,0,0,0,0,0,0,0
260824,1,1,1989,0,0,0,0,0,0,0,0,0,0
260824,2,1,1989,0,0,0,0,0,0,0,0,0,0
260825,1,1,1989,0,0,0,0,0,0,0,0,0,0
260825,2,1,1989,17,17,17,17,17,17,17,17,17,17
260826,1,1,1989,0,0,0,0,0,0,0,0,0,0
260826,2,1,1989,0,0,0,0,0,0,0,0,0,0
260827,1,1,1989,17,17,17,17,17,17,17,17,17,17
260827,2,1,1989,0,0,0,0,0,0,0,0,0,0
260827,3,1,1989,0,0,0,0,0,0,0,0,0,0
260827,4,1,1989,0,0,0,0,0,0,0,0,0,0
260828,1,1,1989,0,0,0,0,0,0,0,0,0,0
260828,2,1,1989,0,0,0,0,0,0,0,0,0,0
260828,3,1,1989,0,0,0,0,0,0,0,0,0,0
260829,1,1,1989,0,0,0,0,0,0,0,0,25,0
260829,2,1,1989,0,0,13,0,0,0,0,0,0,0
260830,1,1,1989,28,28,28,28,28,28,28,28,28,28
260831,0,1,1989,0,0,0,0,0,0,0,0,0,0
260831,1,1,1989,0,0,0,0,0,0,0,0,0,0
260832,1,1,1989,0,0,0,0,0,0,0,0,0,0
260832,2,1,1989,0,0,0,0,0,0,0,0,0,0
260832,3,1,1989,0,0,0,0,0,0,0,0,0,0
260832,4,1,1989,0,0,0,0,0,0,0,0,0,0
260833,1,1,1989,0,0,0,0,0,0,0,0,0,0
260833,2,1,1989,0,0,0,0,0,0,0,0,0,0
260834,1,1,1989,2,2,2,2,2,2,2,2,2,2
260835,1,1,1989,0,0,0,0,0,0,0,0,0,0
260835,2,1,1989,0,0,5,0,0,0,0,0,0,0
260836,1,1,1989,17,17,17,17,17,17,17,17,17,17
260836,2,1,1989,0,0,0,0,0,0,0,0,0,0
260836,3,1,1989,0,0,0,0,0,0,0,0,10,0
260837,0,1,1989,0,0,0,0,0,0,0,0,0,0
260837,1,1,1989,23,23,23,23,23,23,23,23,23,23
260838,1,1,1989,22,22,22,22,22,22,22,22,22,22
260839,1,1,1989,0,0,0,0,0,0,0,0,0,0
260839,3,1,1989,0,0,0,0,0,0,0,0,0,0
260840,1,1,1989,13,13,13,13,13,13,13,13,13,13
260841,1,1,1989,21,21,21,21,21,21,21,21,21,21
260841,2,1,1989,0,0,0,6,0,0,0,0,0,0
260841,3,1,1989,0,0,0,0,0,0,0,7,0,0
260841,4,1,1989,0,0,0,0,0,0,14,0,0,0
260842,1,1,1989,0,0,27,0,17,0,0,0,0,0
260842,2,1,1989,0,0,0,0,0,0,0,0,0,0
260843,1,1,1989,0,0,0,0,0,0,0,0,0,0
260843,2,1,1989,0,0,0,23,0,0,0,0,0,0
260843,3,1,1989,0,0,0,0,0,0,0,0,0,0
260844,1,1,1989,6,6,6,6,6,6,6,6,6,6
260844,2,1,1989,0,0,0,0,0,0,0,0,0,0
260845,1,1,1989,8,0,16,0,0,0,0,0,40,0
260845,2,1,1989,0,0,0,0,0,0,0,0,0,0
260846,1,1,1989,0,0,0,0,0,0,0,0,0,0
260846,2,1,1989,0,0,0,0,0,0,0,0,0,0
260847,1,1,1989,0,0,0,0,0,0,0,0,0,0
260847,2,1,1989,0,0,0,0,0,0,0,0,0,0
260848,1,1,1989,0,0,0,0,0,0,0,0,0,0
260848,2,1,1989,0,0,0,0,0,0,0,0,0,0
260849,1,1,1989,0,0,0,0,0,0,0,22,0,0
260849,2,1,1989,0,0,0,0,0,0,0,0,0,0
260850,1,1,1989,0,0,0,0,0,0,0,0,0,0
260850,2,1,1989,0,0,0,0,0,0,0,0,0,0
260851,1,1,1989,2,2,2,2,2,2,2,2,2,2
260852,0,1,1989,23,0,0,0,0,0,0,0,0,0
260852,1,1,1989,0,0,0,0,0,0,0,0,0,0
260853,1,1,1989,0,0,0,0,0,0,0,0,0,0
260853,2,1,1989,0,0,0,0,0,0,0,0,0,0
260854,0,1,1989,19,19,19,19,19,19,19,19,19,19
260854,0,2,1989,0,0,15,17,8,19,7,0,6,0
260854,1,1,1989,2,2,2,2,2,2,2,2,2,2
260855,0,1,1989,0,0,0,0,0,0,0,0,0,0
260855,1,1,1989,0,0,0,0,0,0,0,0,0,0
260856,1,1,1989,13,13,13,13,13,13,13,13,13,13
260857,1,1,1989,0,0,0,0,0,0,0,0,0,0
260857,2,1,1989,0,0,0,0,0,0,0,0,0,0
260858,1,1,1989,0,0,0,0,0,0,0,0,0,0
260858,2,1,1989,0,0,0,20,0,14,0,0,0,4
260859,1,1,1989,7,7,7,7,7,7,7,7,7,7
260859,2,1,1989,0,0,0,0,0,0,0,0,0,0
260860,0,1,1989,0,0,0,0,0,0,0,0,0,16
260860,1,1,1989,0,0,0,0,0,0,0,0,0,0
260861,1,1,1989,12,37,31,0,15,16,0,12,0,0
260861,2,1,1989,0,0,0,0,0,0,0,0,0,0
260862,0,1,1989,23,43,0,31,0,54,10,15,17,0
260862,1,1,1989,0,0,0,0,0,0,0,0,0,0
260863,0,1,1989,15,15,15,15,15,15,15,15,15,15
260863,1,1,1989,0,0,12,0,11,0,0,42,11,0
260864,1,1,1989,3,3,3,3,3,3,3,3,3,3
260865,1,1,1989,0,17,19,26,20,18,21,21,32,14
260866,1,1,1989,0,0,0,0,0,0,0,0,0,0
260867,0,1,1989,0,0,0,0,0,0,0,0,0,0
260867,1,1,1989,23,0,0,15,0,34,0,21,15,22
260868,1,1,1989,0,0,0,0,0,0,0,0,0,0
260868,2,1,1989,0,0,0,0,0,0,0,0,0,0
260869,1,1,1989,20,20,20,20,20,20,20,20,20,20
260870,1,1,1989,0,0,0,0,0,0,0,0,0,0
260870,2,1,1989,0,0,0,0,0,0,9,0,0,0
260871,1,1,1989,14,14,14,14,14,14,14,14,14,14
260871,2,1,1989,12,12,12,12,12,12,12,12,12,12
260872,1,1,1989,5,5,5,5,5,5,5,5,5,5
260872,2,1,1989,0,0,0,0,0,0,0,0,0,0
260873,1,1,1989,0,0,0,0,0,0,0,0,0,0
260873,2,1,1989,0,0,0,0,0,0,0,0,0,0
260874,1,1,1989,13,0,0,0,0,0,0,0,0,0
260874,2,1,1989,0,0,0,0,0,0,0,0,0,0
260875,1,1,1989,21,9,0,31,14,2,22,12,8,14
260876,1,1,1989,0,18,0,0,15,0,12,0,0,0
260877,1,1,1989,5,5,5,5,5,5,5,5,5,5
260877,2,1,1989,0,0,0,0,0,0,0,0,0,0
260878,1,1,1989,0,0,0,0,0,0,0,0,0,0
260879,1,1,1989,17,17,17,17,17,17,17,17,17,17
260880,1,1,1989,21,21,21,21,21,21,21,21,21,21
260881,1,1,1989,22,22,22,22,22,22,22,22,22,22
260882,1,1,1989,0,0,0,0,0,0,0,0,0,0
260882,2,1,1989,0,0,0,0,0,0,0,0,0,0
260883,1,1,1989,0,0,0,0,0,0,0,0,0,0
260884,1,1,1989,0,0,0,0,0,0,0,0,16,0
260884,2,1,1989,0,0,0,0,0,0,0,0,0,0
260885,1,1,1989,0,0,0,0,0,0,0,0,0,0
260885,2,1,1989,0,0,0,0,0,0,0,0,0,0
260886,0,1,1989,0,0,0,0,0,0,0,0,0,0
260886,1,1,1989,0,0,0,0,0,0,0,0,0,0
260887,1,1,1989,0,13,0,0,0,0,0,0,0,0
260888,1,1,1989,0,0,0,0,0,0,0,0,0,0
260889,1,1,1989,0,0,0,0,0,0,0,0,0,0
260889,2,1,1989,0,0,0,0,0,0,0,0,0,0
260889,3,1,1989,0,0,0,0,0,0,0,0,0,0
260890,1,1,1989,4,4,4,4,4,4,4,4,4,4
260890,2,1,1989,0,0,0,0,0,0,0,0,0,0
260891,0,1,1989,28,25,10,0,21,9,20,26,15,28
260891,1,1,1989,0,0,0,0,0,0,0,0,0,0
260892,1,1,1989,0,0,0,0,0,0,0,0,0,0
260892,2,1,1989,0,0,0,0,0,0,0,0,0,0
260894,1,1,1989,12,12,12,12,12,12,12,12,12,12
260895,0,1,1989,0,0,0,0,0,0,0,0,0,0
260895,0,2,1989,0,0,0,0,0,0,0,0,0,0
260895,1,1,1989,0,0,0,0,0,0,0,0,0,0
260896,0,1,1989,0,51,2,15,0,0,0,0,0,0
260896,1,1,1989,0,0,0,0,0,0,0,0,0,0
260896,2,1,1989,0,0,0,0,0,0,0,0,18,0
260898,1,1,1989,3,3,3,3,3,3,3,3,3,3
260899,1,1,1989,0,0,0,0,0,0,0,0,0,0
260899,2,1,1989,0,0,0,0,0,0,0,0,0,0
260900,1,1,1989,25,0,14,20,0,0,0,0,17,0
260901,1,1,1989,10,15,22,23,0,16,0,11,10,11
260902,1,1,1989,0,0,0,0,0,0,0,0,0,0
260903,1,1,1989,28,28,28,28,28,28,28,28,28,28
260904,1,1,1989,0,0,0,0,0,0,0,0,0,0
260904,2,1,1989,0,0,0,0,0,0,0,0,0,0
260905,1,1,1989,18,18,18,18,18,18,18,18,18,18
260906,1,1,1989,15,15,15,15,15,15,15,15,15,15
260906,2,1,1989,0,0,0,0,0,0,0,0,0,0
260907,1,1,1989,14,0,0,0,0,0,0,0,0,0
260907,2,1,1989,0,0,0,0,0,0,0,0,0,0
260908,1,1,1989,25,20,22,21,15,19,30,25,0,11
260909,1,1,1989,22,22,22,22,22,22,22,22,22,22
260910,0,1,1989,0,0,0,0,0,0,0,0,0,0
260910,1,1,1989,0,0,0,0,0,0,0,0,0,0
260911,1,1,1989,0,0,0,0,0,0,0,0,0,0
260912,1,1,1989,0,0,0,0,0,0,0,0,0,0
260912,2,1,1989,0,0,0,0,0,0,0,0,0,0
260912,3,1,1989,0,0,0,0,0,0,0,0,0,0
260912,4,1,1989,0,0,0,0,0,0,0,0,0,0
260913,1,1,1989,23,23,23,23,23,23,23,23,23,23
260914,1,1,1989,0,0,0,0,0,0,0,0,0,0
260914,2,1,1989,0,0,0,0,0,0,0,0,0,0
260915,1,1,1989,0,0,0,0,0,0,0,0,0,0
260915,2,1,1989,0,0,0,0,0,0,0,0,0,0
260915,3,1,1989,0,0,0,0,6,0,0,0,0,0
260916,1,1,1989,0,0,0,0,0,0,0,0,0,0
260916,2,1,1989,10,0,0,0,0,0,0,0,0,0
260917,1,1,1989,0,0,0,0,0,0,0,0,0,0
260917,2,1,1989,22,0,24,0,14,7,0,14,11,0
260919,1,1,1989,5,5,5,5,5,5,5,5,5,5
260919,2,1,1989,0,0,0,0,0,0,0,19,0,32
260920,1,1,1989,0,0,0,0,0,0,0,0,0,0
260920,2,1,1989,0,0,0,0,0,0,0,0,0,0
260920,3,1,1989,0,0,0,0,0,0,0,0,0,0
260921,1,1,1989,28,0,0,0,0,0,0,0,0,0
260922,1,1,1989,0,0,0,0,0,0,0,0,0,0
260922,2,1,1989,0,0,0,0,0,0,0,0,0,0
260923,1,1,1989,0,0,0,0,0,0,0,0,0,0
260923,2,1,1989,0,0,0,0,0,0,0,0,0,0
260924,1,1,1989,2,2,2,2,2,2,2,2,2,2
260924,2,1,1989,0,0,0,0,0,0,0,0,0,0
260926,1,1,1989,0,0,0,0,0,0,0,0,0,0
260926,2,1,1989,0,0,0,0,0,0,0,0,0,0
260927,1,1,1989,0,19,0,0,0,0,0,0,0,0
260928,1,1,1989,11,11,11,11,11,11,11,11,11,11
260929,1,1,1989,18,18,18,18,18,18,18,18,18,18
260930,1,1,1989,26,26,26,26,26,26,26,26,26,26
260932,1,1,1989,7,0,0,0,0,0,0,0,0,0
260932,2,1,1989,0,0,0,0,0,0,0,0,11,0
260933,1,1,1989,22,22,22,22,22,22,22,22,22,22
260933,2,1,1989,0,0,0,0,0,0,0,0,0,0
260934,1,1,1989,0,0,0,0,0,0,0,0,0,0
260935,1,1,1989,25,25,25,25,25,25,25,25,25,25
260936,1,1,1989,0,0,0,0,0,0,0,0,0,0
260937,0,1,1989,10,10,10,10,10,10,10,10,10,10
260937,1,1,1989,4,4,4,4,4,4,4,4,4,4
260938,1,1,1989,8,0,28,0,0,18,0,0,0,0
260938,2,1,1989,0,0,0,20,0,8,0,0,0,0
260939,1,1,1989,18,18,18,18,18,18,18,18,18,18
260939,2,1,1989,0,0,0,0,0,0,0,0,0,0
260940,1,1,1989,0,0,0,0,0,0,0,0,0,0
260940,2,1,1989,0,0,0,0,0,0,0,0,0,0
260940,3,1,1989,0,0,0,0,0,0,0,0,0,0
260941,1,1,1989,0,0,0,0,0,0,0,0,0,0
260941,2,1,1989,0,0,0,0,0,0,0,0,0,0
260942,1,1,1989,0,0,0,0,0,0,0,0,0,0
260943,1,1,1989,19,19,19,19,19,19,19,19,19,19
260943,2,1,1989,0,0,0,0,0,0,0,0,0,0
260944,1,1,1989,0,0,0,0,0,0,0,0,0,0
260944,2,1,1989,0,0,0,0,0,0,0,0,0,0
260945,1,1,1989,0,0,0,0,0,6,0,0,0,0
260946,1,1,1989,35,8,17,20,18,15,11,24,25,13
260947,1,1,1989,17,17,17,17,17,17,17,17,17,17
260948,1,1,1989,0,0,0,0,0,0,0,0,0,0
260948,2,1,1989,0,0,0,0,0,0,0,0,0,0
260949,1,1,1989,24,24,24,24,24,24,24,24,24,24
260949,2,1,1989,0,0,19,0,0,0,0,0,0,0
260950,1,1,1989,12,12,12,12,12,12,12,12,12,12
260951,1,1,1989,29,29,29,29,29,29,29,29,29,29
260951,2,1,1989,25,0,17,17,8,16,7,3,17,14
260952,1,1,1989,0,0,0,0,0,0,0,0,0,0
260952,2,1,1989,0,0,0,0,0,0,0,18,0,0
260953,1,1,1989,0,0,0,0,0,0,0,0,0,0
260953,2,1,1989,0,0,0,0,0,0,0,0,0,0
260954,1,1,1989,0,0,0,0,0,0,0,0,0,0
260955,1,1,1989,34,15,16,20,9,20,21,7,27,18
260956,0,1,1989,0,0,0,0,0,0,0,0,0,0
260956,1,1,1989,0,0,0,0,0,0,0,0,0,6
260957,0,1,1989,11,31,26,0,12,17,13,20,23,30
260957,1,1,1989,0,0,0,0,0,0,0,0,0,0
260958,1,1,1989,21,0,22,17,5,15,21,12,7,11
260959,1,1,1989,2,2,2,2,2,2,2,2,2,2
260960,1,1,1989,28,28,28,28,28,28,28,28,28,28
260961,1,1,1989,20,20,20,20,20,20,20,20,20,20
260962,1,1,1989,21,21,21,21,21,21,21,21,21,21
260963,1,1,1989,0,0,0,0,0,0,0,0,0,0
260964,1,1,1989,0,0,0,0,0,0,0,0,0,0
260965,0,1,1989,38,38,38,38,38,38,38,38,38,38
260965,1,1,1989,0,0,0,0,0,0,0,0,0,0
260966,1,1,1989,0,0,0,0,0,0,0,0,0,0
260967,1,1,1989,29,29,29,29,29,29,29,29,29,29
260968,1,1,1989,0,0,5,0,0,0,0,0,0,10
260968,2,1,1989,0,0,0,0,0,0,0,0,0,0
260969,0,1,1989,0,0,0,0,0,0,0,0,0,0
260969,1,1,1989,24,14,0,0,0,0,0,0,11,0
260970,1,1,1989,0,0,0,0,0,0,0,0,0,0
260971,0,1,1989,0,0,0,0,0,0,0,0,0,0
260971,0,2,1989,0,0,0,0,0,0,0,0,0,0
260971,1,1,1989,0,0,0,30,0,28,6,26,0,0
260972,0,1,1989,0,0,0,0,0,0,0,0,0,0
260972,1,1,1989,0,0,0,0,0,0,0,0,0,0
260973,1,1,1989,0,0,0,0,0,0,0,0,0,0
260974,1,1,1989,0,0,0,0,0,0,0,0,0,0
260974,2,1,1989,0,0,0,0,0,0,0,0,0,0
260975,0,1,1989,0,0,0,0,0,0,0,0,0,0
260975,1,1,1989,0,0,0,0,0,0,0,0,0,0
260976,1,1,1989,22,23,19,17,21,12,7,10,25,23
260977,1,1,1989,0,0,0,0,0,0,0,0,0,0
260978,1,1,1989,0,0,0,0,0,14,0,0,0,0
260978,2,1,1989,0,0,0,0,0,0,0,0,0,0
260979,1,1,1989,21,21,21,21,21,21,21,21,21,21
260980,1,1,1989,11,11,11,11,11,11,11,11,11,11
260981,1,1,1989,0,0,0,8,0,0,0,0,0,0
260981,2,1,1989,0,0,0,0,0,0,0,0,0,0
260982,1,1,1989,21,14,18,41,22,25,11,0,20,27
260982,2,1,1989,21,21,21,21,21,21,21,21,21,21
260983,0,1,1989,0,0,0,17,0,0,0,0,0,0
260983,1,1,1989,0,0,0,0,0,0,0,0,0,0
260984,1,1,1989,13,9,21,25,13,16,15,11,16,15
260984,2,1,1989,0,8,28,0,0,0,0,0,0,0
260985,1,1,1989,0,0,0,0,0,0,14,0,12,0
260985,2,1,1989,0,0,0,0,0,0,0,0,7,0
260986,0,1,1989,15,15,15,15,15,15,15,15,15,15
260986,1,1,1989,19,22,13,30,11,0,0,14,0,15
260987,1,1,1989,0,0,0,0,0,0,0,0,0,0
260988,1,1,1989,0,0,0,0,0,0,0,0,0,0
260988,2,1,1989,17,0,20,10,13,3,0,0,18,10
260989,1,1,1989,17,17,17,17,17,17,17,17,17,17
260990,1,1,1989,24,25,20,15,14,9,16,19,9,13
260990,2,1,1989,0,0,0,0,0,0,0,0,0,0
260991,1,1,1989,20,20,20,20,20,20,20,20,20,20
260992,1,1,1989,0,0,0,0,17,0,0,0,0,0
260993,0,1,1989,0,0,0,0,0,0,0,0,0,0
260993,1,1,1989,0,0,0,0,0,0,0,0,0,0
260994,1,1,1989,25,25,25,25,25,25,25,25,25,25
260995,1,1,1989,15,15,15,15,15,15,15,15,15,15
260996,1,1,1989,0,0,0,0,0,0,0,0,0,0
260996,2,1,1989,0,0,0,0,0,0,0,0,0,0
260997,1,1,1989,0,0,0,0,0,0,0,0,0,0
260997,2,1,1989,0,0,0,0,0,0,0,0,0,0
260998,0,1,1989,0,0,0,0,0,0,0,0,0,0
260998,0,2,1989,0,8,0,0,0,0,0,0,0,0
260998,1,1,1989,0,0,0,0,0,0,0,0,0,0
260999,1,1,1989,0,0,0,0,27,9,0,0,0,0
260999,2,1,1989,0,0,0,0,0,0,0,0,0,0
261000,0,1,1989,11,11,11,11,11,11,11,11,11,11
261000,1,1,1989,0,0,0,0,0,0,0,0,0,0
261001,1,1,1989,0,0,0,0,0,0,0,0,0,0
261001,2,1,1989,0,0,0,11,0,0,0,0,0,0
261002,1,1,1989,11,11,11,11,11,11,11,11,11,11
261002,2,1,1989,0,0,0,0,0,0,0,0,0,0
261003,1,1,1989,3,3,3,3,3,3,3,3,3,3
261004,1,1,1989,0,0,0,0,0,0,0,0,0,0
261004,2,1,1989,0,0,0,0,0,0,0,0,0,0
261005,1,1,1989,0,0,0,0,0,0,0,0,0,0
261006,1,1,1989,0,0,0,0,0,0,0,0,0,0
261006,2,1,1989,0,0,0,0,0,0,0,0,0,0
261007,1,1,1989,0,0,0,0,0,0,0,0,0,0
261007,2,1,1989,0,0,0,0,0,0,0,0,0,0
261008,1,1,1989,14,13,28,27,14,8,22,0,27,17
261008,2,1,1989,0,0,0,0,0,0,0,0,13,0
261009,1,1,1989,0,0,0,0,0,0,0,0,0,0
261010,0,1,1989,0,0,0,0,0,0,0,0,0,0
261010,1,1,1989,0,0,0,0,0,0,0,0,0,0
261011,1,1,1989,0,0,0,0,0,0,0,0,0,0
261011,2,1,1989,0,0,0,0,0,0,0,0,0,0
261012,0,1,1989,0,0,0,0,0,0,0,0,0,0
261012,1,1,1989,0,0,0,0,0,0,0,0,0,0
261013,1,1,1989,13,13,13,13,13,13,13,13,13,13
261014,1,1,1989,20,20,20,20,20,20,20,20,20,20
261015,1,1,1989,14,14,14,14,14,14,14,14,14,14
261016,1,1,1989,18,18,18,18,18,18,18,18,18,18
261017,1,1,1989,0,0,0,0,0,0,0,0,0,5
261017,2,1,1989,19,0,0,0,0,0,0,0,0,0
261018,1,1,1989,0,0,0,0,0,0,0,0,0,0
261018,2,1,1989,0,0,0,0,0,0,0,0,0,0
261019,1,1,1989,24,24,24,24,24,24,24,24,24,24
261020,1,1,1989,0,0,0,0,0,0,0,0,0,0
261020,2,1,1989,0,0,0,0,0,0,0,0,0,0
261021,1,1,1989,0,18,0,0,0,0,40,0,18,0
261022,1,1,1989,14,14,14,14,14,14,14,14,14,14
261023,1,1,1989,0,0,0,0,0,0,0,0,0,0
261023,2,1,1989,0,0,0,0,0,0,0,0,0,35
261024,1,1,1989,0,0,0,0,18,0,0,0,11,0
261025,1,1,1989,0,0,0,0,0,0,0,0,0,0
261025,2,1,1989,0,0,0,0,0,0,0,0,0,0
261026,1,1,1989,0,0,6,0,0,0,0,0,0,0
261027,0,1,1989,2,2,2,2,2,2,2,2,2,2
261027,1,1,1989,9,0,0,0,0,0,0,0,0,0
261028,1,1,1989,0,0,0,0,0,0,0,0,0,0
261028,2,1,1989,0,0,0,0,0,0,0,0,0,0
261029,1,1,1989,27,27,27,27,27,27,27,27,27,27
261030,0,1,1989,0,0,0,0,0,0,0,0,0,0
261030,1,1,1989,0,0,0,0,0,0,0,0,0,0
261031,0,1,1989,0,0,0,0,0,0,0,0,0,0
261031,0,2,1989,0,0,0,0,0,0,0,0,0,0
261031,1,1,1989,0,0,0,0,0,0,0,0,0,0
261032,0,1,1989,0,0,0,0,0,0,0,0,0,0
261032,0,2,1989,12,0,0,0,0,0,17,0,0,0
261032,1,1,1989,7,7,7,7,7,7,7,7,7,7
261033,1,1,1989,6,6,6,6,6,6,6,6,6,6
261034,1,1,1989,0,10,0,0,0,0,0,0,0,0
261035,1,1,1989,0,0,0,0,0,0,0,0,0,0
261036,1,1,1989,5,5,5,5,5,5,5,5,5,5
261037,1,1,1989,23,23,23,23,23,23,23,23,23,23
261038,1,1,1989,24,24,24,24,24,24,24,24,24,24
261039,1,1,1989,14,14,14,14,14,14,14,14,14,14
261039,2,1,1989,13,14,19,26,4,11,9,0,0,0
261040,1,1,1989,32,7,17,4,5,24,14,0,17,13
261040,2,1,1989,0,0,0,0,0,10,0,0,0,0
261041,0,1,1989,18,18,18,18,18,18,18,18,18,18
261041,1,1,1989,4,4,4,4,4,4,4,4,4,4