ST_CASE,VEH_NO,PER_NO,YEAR,P1,P2,P3,P4,P5,P6,P7,P8,P9,P10
261042,1,1,1989,0,0,0,0,0,0,0,0,0,0
261042,2,1,1989,0,0,0,0,0,0,0,0,0,0
261043,1,1,1989,0,0,0,0,0,0,0,0,0,0
261043,2,1,1989,12,0,0,0,0,0,0,0,0,0
261044,1,1,1989,5,5,5,5,5,5,5,5,5,5
261044,2,1,1989,0,0,0,0,0,0,0,0,0,0
261045,0,1,1989,0,0,0,0,0,0,0,0,0,0
261045,1,1,1989,0,0,0,0,0,0,0,0,0,0
261046,1,1,1989,22,22,22,22,22,22,22,22,22,22
261046,2,1,1989,0,0,15,0,16,0,0,0,18,0
261047,1,1,1989,0,0,0,0,0,0,0,0,0,0
261047,2,1,1989,0,0,0,0,0,0,0,0,0,0
261048,1,1,1989,26,26,26,26,26,26,26,26,26,26
261049,1,1,1989,20,20,20,20,20,20,20,20,20,20
261050,1,1,1989,0,0,0,0,0,0,0,0,0,0
261051,1,1,1989,0,0,0,0,0,0,0,0,0,0
261052,1,1,1989,15,15,15,15,15,15,15,15,15,15
261053,1,1,1989,0,0,0,0,0,0,0,0,0,0
261054,1,1,1989,0,0,0,0,0,0,0,0,0,0
261054,2,1,1989,0,0,0,0,0,0,0,0,0,0
261055,1,1,1989,0,0,0,0,0,0,0,0,0,0
261056,1,1,1989,15,15,15,15,15,15,15,15,15,15
261056,2,1,1989,0,0,0,0,0,0,0,0,0,0
261057,1,1,1989,22,22,22,22,22,22,22,22,22,22
261058,1,1,1989,0,0,0,0,0,0,0,0,0,0
261058,2,1,1989,0,0,0,0,0,0,0,0,0,0
261059,1,1,1989,0,0,0,0,0,0,0,0,0,0
261060,0,1,1989,0,0,0,0,0,0,0,0,0,0
261060,1,1,1989,0,0,0,0,0,0,0,0,0,0
261061,1,1,1989,0,0,0,0,0,0,0,0,0,0
261061,2,1,1989,0,0,0,0,0,0,0,0,0,0
261062,1,1,1989,6,6,6,6,6,6,6,6,6,6
261063,1,1,1989,0,0,0,0,0,0,0,0,0,0
261063,2,1,1989,19,0,0,0,0,0,0,0,0,0
261064,1,1,1989,0,0,0,0,0,0,0,0,0,0
261064,2,1,1989,0,0,0,0,0,0,0,0,0,0
261065,1,1,1989,0,0,0,0,0,0,0,0,0,0
261066,1,1,1989,0,0,0,0,0,0,0,0,0,0
261066,2,1,1989,0,0,0,0,0,0,0,0,0,0
261067,0,1,1989,14,14,14,14,14,14,14,14,14,14
261067,1,1,1989,0,0,0,0,0,0,0,0,0,0
261068,1,1,1989,0,0,0,0,0,0,0,0,0,0
261068,2,1,1989,0,0,0,0,0,0,0,0,0,0
261069,1,1,1989,0,0,0,0,0,0,0,0,0,0
261069,2,1,1989,0,0,0,0,0,0,0,0,0,0
261070,1,1,1989,15,6,0,23,0,12,22,10,0,18
261070,2,1,1989,6,6,6,6,6,6,6,6,6,6
261071,1,1,1989,10,10,10,10,10,10,10,10,10,10
261071,2,1,1989,24,20,0,21,9,0,0,4,0,0
261072,1,1,1989,0,0,0,0,0,0,0,0,0,0
261073,1,1,1989,0,0,0,0,0,0,0,0,0,0
261073,2,1,1989,0,0,0,0,0,0,0,0,0,0
261074,1,1,1989,0,0,0,0,0,0,0,0,0,0
261074,2,1,1989,0,0,0,0,0,0,0,0,0,0
261075,1,1,1989,0,0,0,0,0,0,0,0,0,0
261076,1,1,1989,17,17,17,17,17,17,17,17,17,17
261076,2,1,1989,0,0,0,0,0,0,0,0,0,0
261077,1,1,1989,13,13,13,13,13,13,13,13,13,13
261078,1,1,1989,1,1,1,1,1,1,1,1,1,1
261079,1,1,1989,0,0,0,0,0,0,0,0,0,0
261080,1,1,1989,0,0,0,0,0,0,0,0,0,0
261080,2,1,1989,0,0,0,0,0,0,0,0,0,0
261081,1,1,1989,3,14,26,13,14,0,19,36,17,14
261082,0,1,1989,0,0,0,0,11,0,0,0,0,0
261082,0,2,1989,0,0,0,11,0,0,0,0,0,0
261082,1,1,1989,0,0,0,0,0,0,0,0,0,0
261083,1,1,1989,0,0,0,18,0,0,0,0,0,0
261083,2,1,1989,0,0,0,0,0,0,0,0,0,0
261084,1,1,1989,17,17,17,17,17,17,17,17,17,17
261085,1,1,1989,0,0,0,0,0,0,0,0,0,0
261086,1,1,1989,0,0,0,0,0,0,0,0,0,0
261086,2,1,1989,0,0,0,0,0,0,0,0,0,0
261087,1,1,1989,28,28,28,28,28,28,28,28,28,28
261087,2,1,1989,0,0,0,0,0,0,0,0,0,0
261088,0,1,1989,0,0,0,0,0,0,0,0,0,0
261088,1,1,1989,0,0,0,0,0,0,0,0,0,0
261089,1,1,1989,0,0,0,0,0,0,0,0,0,0
261089,2,1,1989,0,25,0,21,21,0,0,8,0,0
261090,1,1,1989,16,0,0,0,0,0,0,0,0,0
261090,2,1,1989,0,0,0,0,0,0,0,0,0,0
261091,1,1,1989,27,27,27,27,27,27,27,27,27,27
261091,2,1,1989,0,0,0,0,0,0,0,0,0,0
261092,1,1,1989,0,0,0,0,0,0,0,0,0,0
261092,2,1,1989,0,0,0,0,0,0,0,0,0,0
261092,3,1,1989,0,0,0,0,0,0,0,0,0,0
261093,1,1,1989,31,31,31,31,31,31,31,31,31,31
261093,2,1,1989,0,0,0,0,0,0,0,0,0,0
261094,1,1,1989,22,22,22,22,22,22,22,22,22,22
261094,2,1,1989,0,0,0,0,0,0,0,0,0,0
261095,1,1,1989,0,0,0,0,0,0,0,0,0,0
261095,2,1,1989,0,0,0,0,0,0,0,0,0,0
261095,3,1,1989,0,0,0,0,0,0,0,0,0,0
261095,4,1,1989,0,0,0,0,0,0,0,0,0,0
261096,1,1,1989,0,0,0,0,0,0,0,0,0,0
261097,1,1,1989,28,28,28,28,28,28,28,28,28,28
261098,1,1,1989,0,0,0,0,17,0,0,0,0,0
261099,1,1,1989,0,0,0,0,0,0,0,0,0,0
261099,2,1,1989,0,0,0,0,0,0,0,0,33,0
261100,1,1,1989,28,28,28,28,28,28,28,28,28,28
261100,2,1,1989,0,0,9,0,0,0,0,0,0,0
261101,1,1,1989,0,0,0,0,0,0,0,0,0,0
261101,2,1,1989,0,0,0,0,0,0,0,0,0,0
261102,1,1,1989,0,0,0,0,0,0,0,0,0,0
261102,2,1,1989,0,0,0,0,0,0,0,0,0,0
261103,0,1,1989,0,0,0,0,0,0,0,0,0,0
261103,1,1,1989,0,0,13,10,0,0,0,0,0,0
261104,1,1,1989,28,28,28,28,28,28,28,28,28,28
261105,1,1,1989,8,8,8,8,8,8,8,8,8,8
261105,2,1,1989,2,2,2,2,2,2,2,2,2,2
261106,0,1,1989,20,17,33,11,48,21,29,21,19,11
261106,1,1,1989,8,8,8,8,8,8,8,8,8,8
261107,0,1,1989,0,0,0,0,0,0,0,0,0,0
261107,1,1,1989,0,0,0,0,0,0,0,0,0,0
261108,0,1,1989,19,19,19,19,19,19,19,19,19,19
261108,1,1,1989,0,0,0,0,0,15,0,0,14,0
261109,1,1,1989,22,22,22,22,22,22,22,22,22,22
261110,1,1,1989,8,8,8,8,8,8,8,8,8,8
261111,1,1,1989,20,20,22,22,28,15,31,9,10,24
261111,2,1,1989,22,14,0,28,9,29,6,14,16,17
261112,1,1,1989,20,20,20,20,20,20,20,20,20,20
261113,1,1,1989,0,11,0,0,0,0,0,0,0,0
261113,2,1,1989,0,0,0,0,0,0,0,0,0,0
261113,3,1,1989,0,0,0,0,0,0,0,0,0,0
261114,1,1,1989,16,16,16,16,16,16,16,16,16,16
261115,1,1,1989,25,25,25,25,25,25,25,25,25,25
261115,2,1,1989,0,0,0,0,0,0,0,0,0,0
261116,1,1,1989,0,0,0,0,0,0,0,0,0,0
261117,1,1,1989,0,0,0,0,0,0,0,0,0,0
261117,2,1,1989,0,0,0,0,0,0,0,0,0,0
261118,1,1,1989,0,0,0,0,0,0,0,0,0,0
261119,1,1,1989,0,0,0,0,0,10,0,0,0,0
261119,2,1,1989,0,0,0,0,0,0,0,0,0,0
261120,1,1,1989,0,0,0,0,0,0,0,0,0,0
261120,2,1,1989,0,0,0,0,0,0,0,0,0,0
261121,1,1,1989,4,4,4,4,4,4,4,4,4,4
261121,2,1,1989,18,2,17,5,2,6,20,0,17,0
261122,1,1,1989,0,0,0,0,0,0,0,0,0,0
261122,2,1,1989,0,0,0,0,0,0,0,0,0,0
261122,3,1,1989,0,0,0,0,0,0,0,0,0,0
261123,0,1,1989,21,21,21,21,21,21,21,21,21,21
261123,1,1,1989,14,14,14,14,14,14,14,14,14,14
261124,1,1,1989,0,0,0,0,0,0,0,0,0,0
261124,2,1,1989,0,0,0,0,0,0,0,0,0,0
261125,1,1,1989,0,0,0,0,0,0,0,0,0,0
261126,1,1,1989,29,29,29,29,29,29,29,29,29,29
261127,1,1,1989,0,0,0,0,0,0,0,0,0,0
261127,2,1,1989,0,0,0,0,0,0,0,0,0,0
261128,1,1,1989,24,24,24,24,24,24,24,24,24,24
261129,0,1,1989,35,35,35,35,35,35,35,35,35,35
261129,1,1,1989,13,10,9,0,0,9,0,10,0,0
261130,1,1,1989,0,0,0,0,0,0,0,0,0,0
261130,2,1,1989,0,0,0,0,0,8,24,0,0,0
261131,1,1,1989,0,14,26,26,19,29,17,22,17,12
261132,1,1,1989,19,19,19,19,19,19,19,19,19,19
261132,2,1,1989,0,0,0,0,0,0,0,7,0,0
261133,0,1,1989,25,25,25,25,25,25,25,25,25,25
261133,1,1,1989,0,0,0,0,0,0,0,0,0,0
261134,1,1,1989,16,16,16,16,16,16,16,16,16,16
261134,2,1,1989,0,0,0,0,0,0,0,0,0,0
261135,0,1,1989,0,0,0,0,0,0,0,0,0,0
261135,1,1,1989,8,16,0,9,10,11,8,12,14,11
261136,1,1,1989,12,12,12,12,12,12,12,12,12,12
261136,2,1,1989,0,0,0,0,0,0,0,0,0,0
261137,1,1,1989,5,5,5,5,5,5,5,5,5,5
261137,2,1,1989,0,0,0,0,0,0,0,0,0,0
261137,3,1,1989,0,0,0,0,0,0,0,0,0,0
261138,1,1,1989,0,0,0,0,0,0,0,0,0,0
261138,2,1,1989,0,0,0,0,0,0,0,0,0,0
261139,1,1,1989,28,16,18,23,23,5,6,15,20,22
261140,0,1,1989,15,0,0,0,0,9,0,0,3,0
261140,0,2,1989,0,0,0,0,0,0,0,0,0,0
261140,1,1,1989,0,0,0,0,0,0,0,0,0,0
261141,1,1,1989,11,11,11,11,11,11,11,11,11,11
261141,2,1,1989,0,0,0,0,0,0,0,0,0,0
261142,1,1,1989,0,0,0,0,0,0,0,0,0,0
261142,2,1,1989,0,0,0,0,0,0,0,0,0,0
261143,1,1,1989,0,0,0,0,0,0,0,0,0,0
261143,2,1,1989,0,0,0,0,0,0,0,0,0,0
261144,0,1,1989,21,0,15,35,34,17,13,54,10,35
261144,1,1,1989,0,0,0,0,0,0,0,0,0,0
261145,1,1,1989,0,0,0,0,0,0,0,0,0,0
261145,2,1,1989,8,0,0,0,0,18,0,0,0,0
261146,1,1,1989,16,22,15,23,16,24,15,15,27,0
261147,0,1,1989,18,0,12,0,15,0,0,0,0,16
261147,1,1,1989,2,2,2,2,2,2,2,2,2,2
261148,0,1,1989,5,27,10,33,19,12,10,19,34,0
261148,1,1,1989,0,0,0,0,6,0,0,0,10,0
261149,1,1,1989,9,9,9,9,9,9,9,9,9,9
261149,2,1,1989,0,0,0,0,0,0,0,0,0,0
261149,3,1,1989,0,0,0,0,0,0,0,0,0,0
261150,0,1,1989,0,0,26,0,0,0,0,0,0,0
261150,1,1,1989,14,0,10,22,18,14,17,21,24,0
261151,0,1,1989,7,7,7,7,7,7,7,7,7,7
261151,1,1,1989,0,0,0,0,0,0,0,0,0,0
261152,1,1,1989,0,0,0,0,0,0,0,0,0,0
261152,2,1,1989,0,0,0,0,0,0,0,0,0,0
261153,1,1,1989,9,17,11,11,30,0,14,35,18,14
261153,2,1,1989,0,0,0,0,0,0,0,0,0,0
261154,1,1,1989,10,10,10,10,10,10,10,10,10,10
261155,1,1,1989,0,0,0,0,0,0,0,0,0,0
261155,2,1,1989,0,0,0,0,0,0,0,0,0,0
261156,1,1,1989,0,0,0,0,0,0,0,0,0,0
261156,2,1,1989,0,0,0,0,0,0,0,0,0,0
261157,1,1,1989,0,0,0,0,0,0,0,0,0,0
261157,2,1,1989,0,0,0,0,0,0,0,0,0,0
261158,1,1,1989,10,10,10,10,10,10,10,10,10,10
261158,2,1,1989,0,0,0,0,0,0,0,0,0,0
261158,3,1,1989,0,0,0,0,0,0,0,0,0,0
261159,1,1,1989,0,0,0,0,0,0,0,0,0,0
261159,2,1,1989,0,0,0,0,0,0,0,0,0,0
261159,3,1,1989,0,0,0,0,0,0,0,0,0,0
261160,1,1,1989,20,14,13,30,0,28,23,16,27,13
261161,1,1,1989,0,0,0,0,0,0,0,0,0,0
261162,1,1,1989,13,8,16,20,3,9,20,15,11,16
261162,2,1,1989,0,0,0,0,0,0,0,0,0,0
261163,1,1,1989,13,13,13,13,13,13,13,13,13,13
261163,2,1,1989,0,0,0,0,0,0,0,0,0,0
261164,1,1,1989,22,22,22,22,22,22,22,22,22,22
261164,2,1,1989,0,0,0,0,0,0,0,0,0,0
261165,0,1,1989,0,0,0,0,0,0,0,0,0,0
261165,1,1,1989,0,0,0,0,0,0,0,0,0,0
261166,0,1,1989,0,0,0,0,0,0,0,0,0,0
261166,1,1,1989,0,0,0,0,0,0,0,0,21,0
261167,0,1,1989,0,0,0,0,0,0,0,0,0,0
261167,1,1,1989,0,0,0,0,0,0,0,0,0,0
261168,1,1,1989,19,19,19,19,19,19,19,19,19,19
261169,1,1,1989,11,19,0,13,0,0,0,0,0,0
261169,2,1,1989,0,0,0,0,0,0,0,0,0,0
261170,1,1,1989,0,0,0,0,0,0,0,0,0,0
261170,2,1,1989,0,0,0,0,0,0,0,0,0,0
261171,1,1,1989,14,14,14,14,14,14,14,14,14,14
261172,0,1,1989,13,0,9,28,0,28,13,32,22,0
261172,1,1,1989,0,0,0,0,0,0,0,0,0,0
261173,1,1,1989,0,0,0,0,0,0,0,0,0,0
261173,2,1,1989,22,0,0,0,0,0,0,0,0,0
261174,0,1,1989,27,27,27,27,27,27,27,27,27,27
261174,1,1,1989,40,0,25,0,0,0,0,21,12,24
261175,1,1,1989,0,0,0,0,0,0,0,0,0,0
261175,2,1,1989,15,22,17,22,33,23,0,34,0,15
261176,1,1,1989,14,14,14,14,14,14,14,14,14,14
261176,2,1,1989,0,0,0,0,0,0,0,0,0,0
261177,1,1,1989,14,14,14,14,14,14,14,14,14,14
261178,1,1,1989,20,20,20,20,20,20,20,20,20,20
261179,1,1,1989,4,4,4,4,4,4,4,4,4,4
261180,1,1,1989,15,0,0,16,11,14,12,17,13,19
261180,2,1,1989,0,0,0,0,0,0,0,0,0,0
261181,1,1,1989,20,20,20,20,20,20,20,20,20,20
261182,1,1,1989,20,20,20,20,20,20,20,20,20,20
261182,2,1,1989,0,0,0,0,0,0,0,0,0,0
261183,1,1,1989,0,0,0,0,0,0,0,0,0,0
261183,2,1,1989,0,0,0,0,0,0,0,0,0,0
261184,0,1,1989,0,0,0,0,0,0,31,0,14,0
261184,1,1,1989,0,0,0,0,0,0,0,0,0,0
261185,1,1,1989,9,9,9,9,9,9,9,9,9,9
261185,2,1,1989,24,24,24,24,24,24,24,24,24,24
261186,1,1,1989,0,0,0,0,0,0,0,0,0,0
261186,2,1,1989,0,0,0,0,0,0,0,0,0,0
261187,1,1,1989,0,0,0,0,0,0,0,0,0,0
261187,2,1,1989,0,0,0,0,0,0,0,0,0,0
261188,1,1,1989,0,0,0,0,0,0,0,0,0,0
261188,2,1,1989,6,6,6,6,6,6,6,6,6,6
261189,1,1,1989,13,0,0,0,20,24,0,14,15,27
261190,1,1,1989,13,13,13,13,13,13,13,13,13,13
261191,1,1,1989,0,0,0,0,0,0,0,0,0,0
261192,1,1,1989,16,16,16,16,16,16,16,16,16,16
261193,1,1,1989,15,15,15,15,15,15,15,15,15,15
261193,2,1,1989,0,0,0,0,0,0,0,0,0,0
261194,1,1,1989,0,0,0,0,0,0,18,0,20,9
261194,2,1,1989,0,0,0,0,0,0,0,0,0,0
261195,1,1,1989,0,0,0,0,0,0,0,0,0,0
261195,2,1,1989,0,0,0,0,0,0,0,0,0,0
261196,1,1,1989,18,18,18,18,18,18,18,18,18,18
261196,2,1,1989,0,0,0,0,0,0,0,0,0,0
261197,1,1,1989,0,0,0,0,0,0,0,0,0,0
261197,2,1,1989,0,0,0,0,0,0,0,0,0,0
261198,1,1,1989,16,16,16,16,16,16,16,16,16,16
261198,2,1,1989,0,0,0,0,0,0,0,0,0,0
261199,1,1,1989,0,0,0,0,0,0,0,0,0,0
261199,2,1,1989,0,0,0,0,0,0,0,0,0,0
261200,0,1,1989,0,0,0,0,0,0,0,0,0,0
261200,1,1,1989,0,0,0,0,0,0,0,0,0,0
261201,1,1,1989,0,0,0,0,0,0,0,0,0,0
261201,2,1,1989,0,0,0,0,0,0,0,0,0,0
261202,1,1,1989,0,0,21,0,26,12,0,24,0,0
261203,1,1,1989,0,0,0,0,0,0,0,0,0,0
261203,2,1,1989,0,0,0,0,0,0,10,0,0,0
261204,1,1,1989,3,3,3,3,3,3,3,3,3,3
261204,2,1,1989,0,0,0,0,0,0,0,0,0,0
261205,1,1,1989,0,0,0,0,0,0,0,0,0,0
261205,2,1,1989,0,0,0,0,0,0,0,0,0,0
261206,1,1,1989,0,0,26,0,0,0,0,6,0,0
261206,2,1,1989,0,0,0,0,0,0,0,0,0,0
261207,1,1,1989,0,0,0,0,0,0,0,0,0,0
261207,2,1,1989,0,0,0,0,0,0,0,0,0,0
261207,3,1,1989,0,0,0,0,0,0,0,0,0,0
261208,1,1,1989,11,11,11,11,11,11,11,11,11,11
261209,1,1,1989,0,0,0,0,0,0,0,0,0,0
261209,2,1,1989,0,0,0,0,0,0,0,0,0,0
261210,0,1,1989,0,11,0,0,0,0,22,0,0,0
261210,1,1,1989,0,0,0,0,0,0,0,0,0,0
261211,1,1,1989,16,16,16,16,16,16,16,16,16,16
261212,0,1,1989,0,0,0,0,0,0,0,0,0,0
261213,1,1,1989,0,0,0,0,0,0,0,0,0,0
261213,2,1,1989,0,0,0,0,0,0,0,18,0,0
261214,1,1,1989,0,0,0,0,0,0,0,0,0,0
261214,2,1,1989,0,0,0,0,0,0,0,0,0,0
261215,1,1,1989,0,0,0,0,0,0,0,0,0,0
261215,2,1,1989,0,0,0,0,0,0,0,0,0,0
261216,1,1,1989,9,9,9,9,9,9,9,9,9,9
261216,2,1,1989,21,13,16,14,15,18,17,0,8,12
261217,1,1,1989,23,23,23,23,23,23,23,23,23,23
261218,0,1,1989,0,0,0,0,0,0,0,0,0,0
261218,1,1,1989,14,28,0,17,0,4,0,0,0,0
261219,1,1,1989,17,17,17,17,17,17,17,17,17,17
261220,1,1,1989,17,0,0,0,0,0,0,0,0,0
261220,2,1,1989,0,0,0,0,0,0,0,0,0,0
261221,1,1,1989,0,0,0,0,0,0,0,0,0,0
261221,2,1,1989,0,0,0,0,0,0,0,0,0,0
261222,1,1,1989,17,17,17,17,17,17,17,17,17,17
261222,2,1,1989,0,0,0,0,0,0,0,0,0,0
261223,1,1,1989,11,0,5,6,16,17,4,22,15,25
261223,2,1,1989,0,0,0,0,0,0,0,0,0,0
261224,1,1,1989,10,10,10,10,10,10,10,10,10,10
261225,1,1,1989,0,0,0,0,0,0,0,0,0,0
261225,2,1,1989,0,0,0,0,0,0,0,0,0,0
261226,1,1,1989,22,22,22,22,22,22,22,22,22,22
261227,1,1,1989,13,13,13,13,13,13,13,13,13,13
261227,2,1,1989,0,0,0,0,0,0,0,0,0,0
261227,3,1,1989,0,0,0,0,0,0,0,0,0,0
261228,1,1,1989,0,0,0,0,0,0,0,0,0,0
261228,2,1,1989,0,0,0,0,0,0,0,0,0,0
261229,1,1,1989,0,0,5,0,11,10,5,16,15,29
261229,2,1,1989,0,0,0,0,0,0,0,0,0,0
261229,3,1,1989,0,0,0,0,0,0,0,0,0,0
261230,1,1,1989,15,15,15,15,15,15,15,15,15,15
261230,2,1,1989,0,0,0,0,0,0,0,0,0,0
261231,1,1,1989,25,25,25,25,25,25,25,25,25,25
261232,1,1,1989,21,19,5,11,4,21,29,30,8,17
261233,1,1,1989,21,21,21,21,21,21,21,21,21,21
261234,1,1,1989,17,17,17,17,17,17,17,17,17,17
261235,1,1,1989,0,0,0,0,0,0,0,0,0,0
261236,1,1,1989,0,0,0,17,0,0,0,0,0,0
261236,2,1,1989,0,0,0,0,0,0,0,0,7,0
261237,0,1,1989,0,0,0,0,0,0,0,0,0,0
261237,1,1,1989,0,0,0,0,0,0,0,0,0,5
261238,1,1,1989,22,22,22,22,22,22,22,22,22,22
261238,3,1,1989,0,0,0,0,0,0,0,0,0,0
261239,1,1,1989,0,0,0,0,0,0,0,0,0,0
261240,1,1,1989,0,0,0,0,0,0,0,0,0,0
261240,2,1,1989,0,0,0,0,0,0,0,0,0,0
261241,1,1,1989,0,0,0,0,0,0,0,0,0,17
261242,1,1,1989,0,0,0,0,0,0,0,0,0,0
261243,1,1,1989,0,0,0,0,0,0,0,0,0,0
261243,2,1,1989,0,0,0,0,0,0,0,0,5,0
261244,1,1,1989,0,0,0,0,0,0,0,0,0,0
261244,2,1,1989,0,0,0,0,0,0,0,0,0,0
261245,0,1,1989,0,0,0,0,0,0,0,0,0,0
261245,1,1,1989,0,0,0,0,0,0,18,0,0,0
261246,1,1,1989,0,0,0,0,0,0,0,0,0,6
261246,2,1,1989,0,0,0,0,0,0,0,0,0,0
261247,1,1,1989,22,22,22,22,22,22,22,22,22,22
261248,1,1,1989,49,20,13,26,7,25,43,28,24,25
261249,1,1,1989,3,16,12,17,6,16,4,0,17,0
261250,0,1,1989,16,16,16,16,16,16,16,16,16,16
261250,1,1,1989,0,0,0,0,0,0,0,0,0,0
261251,1,1,1989,0,0,0,0,0,0,0,0,0,0
261251,2,1,1989,0,0,0,0,0,0,0,0,0,0
261252,1,1,1989,23,23,23,23,23,23,23,23,23,23
261253,0,1,1989,25,25,25,25,25,25,25,25,25,25
261253,1,1,1989,0,0,0,0,0,18,0,0,0,0
261254,1,1,1989,19,19,19,19,19,19,19,19,19,19
261254,2,1,1989,0,0,0,0,0,0,0,0,0,0
261255,1,1,1989,0,0,0,0,0,14,0,0,0,0
261255,2,1,1989,0,0,0,0,0,0,0,0,0,0
261256,1,1,1989,25,16,13,35,16,6,13,35,17,8
261257,1,1,1989,0,0,0,0,0,0,0,0,0,0
261257,2,1,1989,0,0,0,0,0,0,0,0,0,0
261258,1,1,1989,0,0,0,0,0,0,0,0,0,0
261258,2,1,1989,16,16,16,16,16,16,16,16,16,16
261259,1,1,1989,0,0,0,0,0,0,0,0,0,0
261260,1,1,1989,4,4,4,4,4,4,4,4,4,4
261261,0,1,1989,0,0,0,0,12,0,0,0,0,0
261261,1,1,1989,0,0,0,0,0,0,0,0,0,0
261262,1,1,1989,24,24,24,24,24,24,24,24,24,24
261262,2,1,1989,0,29,0,0,0,0,0,0,0,0
261263,1,1,1989,0,0,0,0,0,0,0,0,0,0
261263,2,1,1989,0,0,0,0,0,0,0,0,0,0
261264,1,1,1989,7,37,13,3,26,16,21,7,0,19
261265,1,1,1989,21,21,21,21,21,21,21,21,21,21
261266,1,1,1989,0,0,0,0,0,0,0,0,0,0
261266,2,1,1989,0,0,0,0,0,0,0,0,0,0
261267,1,1,1989,9,0,0,0,0,0,0,0,0,10
261268,0,1,1989,35,35,35,35,35,35,35,35,35,35
261268,1,1,1989,0,0,0,0,0,0,0,0,0,0
261269,1,1,1989,22,22,22,22,22,22,22,22,22,22
261270,1,1,1989,7,7,7,7,7,7,7,7,7,7
261271,1,1,1989,0,0,0,0,0,0,0,0,0,0
261271,2,1,1989,0,0,0,0,0,0,0,0,0,0
261272,1,1,1989,0,0,0,0,0,0,0,0,0,0
261272,2,1,1989,0,0,0,0,0,0,0,0,0,0
261273,1,1,1989,0,0,20,8,0,19,0,0,0,0
261273,2,1,1989,0,0,0,0,0,0,0,0,0,0
261274,0,1,1989,0,0,20,0,0,0,0,17,0,0
261274,1,1,1989,0,0,0,0,0,0,0,0,0,0
261274,2,1,1989,0,0,0,0,17,0,0,0,14,9
261274,3,1,1989,0,0,0,0,0,0,0,0,0,0
261275,1,1,1989,0,0,0,0,0,0,0,0,0,0
261275,2,1,1989,0,0,0,0,0,0,0,0,0,0
261276,1,1,1989,0,0,0,0,0,0,0,0,0,0
261276,2,1,1989,0,0,0,0,0,0,0,0,0,0
261277,0,1,1989,0,0,22,0,0,0,0,18,21,0
261277,1,1,1989,0,0,0,0,0,0,0,0,0,0
261278,1,1,1989,0,0,0,0,0,9,0,0,0,15
261278,2,1,1989,0,0,0,0,0,0,0,0,0,0
261279,0,1,1989,0,0,0,0,0,0,0,0,0,0
261279,1,1,1989,0,0,0,0,0,0,0,0,0,0
261279,2,1,1989,0,0,0,0,0,0,0,0,0,0
261280,1,1,1989,0,0,0,0,0,0,0,0,0,0
261280,2,1,1989,13,15,10,13,14,9,15,25,0,15
261280,3,1,1989,0,0,0,0,0,0,0,16,0,0
261281,1,1,1989,13,17,0,11,7,0,3,0,16,17
261281,2,1,1989,0,0,0,0,0,0,0,0,0,0
261282,1,1,1989,0,0,0,0,0,0,0,0,0,0
261282,2,1,1989,0,0,0,0,0,0,0,0,0,0
261282,3,1,1989,0,0,0,0,0,0,0,0,0,0
261283,1,1,1989,0,0,0,0,0,0,0,0,0,0
261283,2,1,1989,0,0,0,0,0,0,0,0,0,0
261284,1,1,1989,33,22,32,32,24,23,16,24,31,17
261285,1,1,1989,0,15,0,0,0,0,0,0,21,0
261286,1,1,1989,12,31,5,21,17,26,31,31,10,19
261287,1,1,1989,0,0,0,0,0,0,0,0,0,0
261287,2,1,1989,0,0,0,0,0,0,0,0,0,0
261288,1,1,1989,5,5,5,5,5,5,5,5,5,5
261289,1,1,1989,9,16,15,17,10,14,6,16,17,7
261289,2,1,1989,0,0,0,0,0,0,0,0,0,0
261289,3,1,1989,0,0,0,0,0,0,0,0,0,0
261289,4,1,1989,0,0,0,0,0,0,0,0,0,0
261290,1,1,1989,0,0,0,0,0,0,0,0,0,0
261290,2,1,1989,0,0,0,0,0,0,0,0,0,0
261291,1,1,1989,0,0,0,0,0,0,0,0,0,0
261291,2,1,1989,0,0,0,0,0,0,0,0,0,0
261292,0,1,1989,15,16,23,18,23,9,21,27,17,15
261292,1,1,1989,12,12,12,12,12,12,12,12,12,12
261293,1,1,1989,17,17,17,17,17,17,17,17,17,17
261294,1,1,1989,18,18,18,18,18,18,18,18,18,18
261294,2,1,1989,16,9,13,19,16,24,17,21,8,22
261294,3,1,1989,21,13,27,24,13,5,14,22,26,28
261295,1,1,1989,17,22,11,26,15,18,15,24,22,8
261295,2,1,1989,0,0,13,0,0,0,0,0,0,0
261296,1,1,1989,0,0,0,0,0,0,0,0,0,0
261296,2,1,1989,0,0,0,0,0,0,0,0,0,0
261298,0,1,1989,0,9,0,0,20,0,0,0,0,14
261298,1,1,1989,0,0,0,0,0,0,0,0,0,0
261299,1,1,1989,26,26,26,26,26,26,26,26,26,26
261299,2,1,1989,0,0,0,0,0,0,0,0,0,0
261300,1,1,1989,0,0,0,0,0,0,0,0,0,0
261300,2,1,1989,0,0,0,0,0,0,0,0,0,0
261300,3,1,1989,0,0,0,0,0,0,0,0,0,0
261301,0,1,1989,16,16,16,16,16,16,16,16,16,16
261301,1,1,1989,0,0,0,0,0,0,0,0,0,0
261302,1,1,1989,0,0,0,0,0,0,0,0,0,0