ST_CASE,VEH_NO,PER_NO,YEAR,P1,P2,P3,P4,P5,P6,P7,P8,P9,P10
270078,1,1,1989,0,0,0,0,0,0,0,0,0,0
270079,1,1,1989,13,36,28,19,13,23,26,26,16,17
270079,2,1,1989,0,0,0,0,0,0,0,0,0,0
270080,1,1,1989,0,0,0,0,0,0,0,0,0,0
270080,2,1,1989,0,0,0,0,0,0,0,0,0,0
270081,0,1,1989,0,0,0,0,0,0,0,0,0,31
270081,1,1,1989,0,0,10,0,15,0,0,13,0,0
270082,1,1,1989,27,27,27,27,27,27,27,27,27,27
270083,1,1,1989,0,0,0,0,0,0,0,0,0,0
270083,2,1,1989,0,0,0,0,0,0,0,0,0,0
270083,3,1,1989,0,0,0,0,0,0,0,0,0,0
270084,1,1,1989,0,0,0,0,0,0,0,0,0,0
270085,1,1,1989,11,11,11,11,11,11,11,11,11,11
270086,0,1,1989,0,0,0,0,0,0,0,0,0,0
270086,1,1,1989,0,0,0,0,0,0,0,0,0,0
270087,1,1,1989,0,0,0,0,0,0,0,0,0,0
270087,2,1,1989,34,34,34,34,34,34,34,34,34,34
270088,1,1,1989,10,10,10,10,10,10,10,10,10,10
270088,2,1,1989,0,0,0,0,0,0,0,0,0,0
270089,1,1,1989,0,0,0,0,0,0,0,0,0,0
270090,1,1,1989,19,19,19,19,19,19,19,19,19,19
270091,1,1,1989,0,0,0,0,0,0,0,0,0,0
270092,1,1,1989,0,0,0,0,0,0,0,0,0,0
270092,2,1,1989,0,0,0,0,0,0,0,0,0,0
270093,1,1,1989,0,0,0,0,0,0,0,0,0,0
270093,2,1,1989,0,0,0,0,0,0,0,0,0,0
270094,0,1,1989,0,0,0,0,0,0,0,0,0,0
270094,1,1,1989,0,0,0,0,0,0,0,0,0,0
270095,0,1,1989,0,0,0,0,0,0,0,0,0,0
270095,1,1,1989,0,0,0,0,0,0,0,0,0,0
270096,1,1,1989,0,0,0,0,0,0,0,0,0,0
270096,2,1,1989,0,0,0,0,0,0,0,0,0,0
270097,1,1,1989,0,0,0,0,0,0,0,0,0,0
270097,2,1,1989,0,0,0,0,0,0,0,0,0,0
270098,1,1,1989,18,18,18,18,18,18,18,18,18,18
270099,1,1,1989,4,4,4,4,4,4,4,4,4,4
270099,2,1,1989,10,10,10,10,10,10,10,10,10,10
270100,1,1,1989,0,0,0,0,0,0,0,0,0,0
270100,2,1,1989,0,0,0,0,0,0,0,0,0,0
270101,1,1,1989,10,10,10,10,10,10,10,10,10,10
270102,1,1,1989,0,0,0,0,0,0,0,0,0,0
270102,2,1,1989,0,0,0,0,0,0,0,0,0,0
270103,1,1,1989,24,24,24,24,24,24,24,24,24,24
270103,2,1,1989,0,0,0,0,0,0,0,0,0,0
270104,1,1,1989,0,0,0,0,0,0,0,0,0,0
270104,2,1,1989,18,4,27,9,0,6,5,8,9,14
270105,1,1,1989,15,15,15,15,15,15,15,15,15,15
270106,1,1,1989,0,0,0,0,0,0,0,0,0,0
270106,2,1,1989,0,0,0,0,0,0,0,0,0,0
270107,1,1,1989,0,0,0,2,21,0,0,0,0,0
270107,2,1,1989,0,0,0,0,0,0,0,0,0,0
270108,1,1,1989,18,18,18,18,18,18,18,18,18,18
270109,1,1,1989,0,0,0,0,0,0,0,0,0,0
270109,2,1,1989,0,0,0,0,0,0,0,0,0,0
270110,1,1,1989,18,18,18,18,18,18,18,18,18,18
270111,1,1,1989,8,8,8,8,8,8,8,8,8,8
270111,2,1,1989,17,18,13,9,14,0,20,15,14,8
270112,1,1,1989,0,0,0,0,0,0,0,0,0,0
270112,2,1,1989,21,21,21,21,21,21,21,21,21,21
270113,1,1,1989,17,17,17,17,17,17,17,17,17,17
270114,1,1,1989,10,10,10,10,10,10,10,10,10,10
270114,2,1,1989,0,0,0,0,0,0,0,0,0,0
270115,1,1,1989,21,21,21,21,21,21,21,21,21,21
270115,2,1,1989,0,0,0,0,6,0,0,15,0,0
270116,1,1,1989,0,0,0,0,0,0,0,0,0,0
270116,2,1,1989,0,0,0,0,0,0,0,0,0,0
270117,1,1,1989,21,21,21,21,21,21,21,21,21,21
270118,1,1,1989,0,0,0,0,0,0,0,0,0,0
270119,1,1,1989,0,0,0,0,0,0,0,0,0,0
270119,2,1,1989,0,0,0,0,0,0,0,0,0,0
270120,0,1,1989,19,11,0,3,13,0,18,0,27,33
270120,1,1,1989,0,0,0,18,0,8,0,0,0,9
270121,1,1,1989,0,0,0,0,0,0,0,0,0,0
270121,2,1,1989,0,0,0,0,0,0,0,0,0,0
270122,1,1,1989,17,17,17,17,17,17,17,17,17,17
270122,2,1,1989,0,0,0,0,0,0,0,0,0,0
270123,1,1,1989,2,2,2,2,2,2,2,2,2,2
270123,2,1,1989,12,12,12,12,12,12,12,12,12,12
270124,1,1,1989,17,17,17,17,17,17,17,17,17,17
270125,1,1,1989,13,13,13,13,13,13,13,13,13,13
270126,1,1,1989,13,13,13,13,13,13,13,13,13,13
270127,1,1,1989,6,6,6,6,6,6,6,6,6,6
270128,1,1,1989,10,10,10,10,10,10,10,10,10,10
270129,1,1,1989,0,0,0,0,0,0,0,0,0,0
270129,2,1,1989,0,0,0,0,0,0,0,0,0,0
270130,1,1,1989,0,0,0,0,0,0,0,0,0,0
270130,2,1,1989,18,18,18,18,18,18,18,18,18,18
270131,1,1,1989,0,0,0,0,0,0,0,0,0,0
270131,2,1,1989,0,0,0,0,0,0,0,0,0,0
270132,1,1,1989,0,0,0,0,0,0,0,0,0,0
270132,2,1,1989,0,0,0,0,0,0,0,0,0,0
270133,0,1,1989,0,0,0,0,0,0,0,0,0,0
270133,1,1,1989,0,0,0,0,0,0,0,0,0,0
270134,1,1,1989,17,17,17,17,17,17,17,17,17,17
270134,2,1,1989,0,0,0,0,0,0,0,0,0,0
270135,1,1,1989,23,23,23,23,23,23,23,23,23,23
270136,0,1,1989,0,0,0,0,0,0,0,0,0,0
270136,1,1,1989,0,0,0,0,0,0,0,0,0,0
270137,1,1,1989,0,15,12,31,0,0,16,19,0,31
270138,1,1,1989,26,26,26,26,26,26,26,26,26,26
270139,1,1,1989,0,0,0,0,0,0,0,0,0,0
270140,1,1,1989,0,0,0,0,0,0,0,0,0,0
270141,1,1,1989,0,0,0,0,0,0,0,0,0,0
270141,2,1,1989,0,0,0,0,0,0,0,0,0,0
270142,1,1,1989,0,0,0,0,0,0,0,0,0,0
270142,2,1,1989,0,0,0,0,0,0,0,0,0,0
270143,1,1,1989,18,18,18,18,18,18,18,18,18,18
270144,0,1,1989,28,0,4,27,38,37,0,45,17,7
270144,1,1,1989,0,0,14,0,24,0,0,0,0,0
270145,1,1,1989,16,16,16,16,16,16,16,16,16,16
270146,1,1,1989,12,12,12,12,12,12,12,12,12,12
270147,1,1,1989,25,25,25,25,25,25,25,25,25,25
270148,1,1,1989,11,11,11,11,11,11,11,11,11,11
270149,1,1,1989,5,5,5,5,5,5,5,5,5,5
270149,2,1,1989,0,0,0,0,0,0,0,0,0,0
270150,1,1,1989,0,0,0,0,0,0,0,0,0,0
270150,2,1,1989,0,0,0,0,0,0,0,0,0,0
270151,1,2,1989,0,0,0,8,14,6,17,0,0,14
270152,0,1,1989,20,20,20,20,20,20,20,20,20,20
270152,1,1,1989,0,17,10,8,0,0,0,12,18,0
270153,1,1,1989,0,0,0,0,0,0,0,0,0,0
270153,2,1,1989,0,0,0,0,0,0,0,0,0,0
270154,1,1,1989,0,0,0,0,0,0,0,0,0,0
270154,2,1,1989,0,0,0,0,0,0,0,0,0,0
270155,1,1,1989,12,12,12,12,12,12,12,12,12,12
270156,1,1,1989,0,0,0,0,0,0,0,0,0,0
270157,1,1,1989,18,18,18,18,18,18,18,18,18,18
270158,1,1,1989,0,0,0,0,0,0,0,0,0,0
270159,1,1,1989,0,0,0,0,0,0,0,0,0,0
270159,2,1,1989,0,0,0,0,0,0,0,0,0,0
270160,1,1,1989,0,0,0,0,0,0,0,0,0,0
270160,2,1,1989,0,0,0,0,0,0,0,0,0,0
270161,1,1,1989,0,0,0,0,0,0,0,0,0,0
270162,1,1,1989,0,0,0,0,0,0,0,0,0,0
270162,2,1,1989,0,0,0,26,0,0,0,0,0,0
270164,1,1,1989,0,0,0,0,0,0,0,0,0,0
270164,2,1,1989,0,0,0,0,0,0,0,0,0,0
270165,1,1,1989,8,8,8,8,8,8,8,8,8,8
270166,1,1,1989,22,22,22,22,22,22,22,22,22,22
270166,2,1,1989,0,0,0,0,0,0,0,0,0,0
270167,1,1,1989,0,0,0,0,0,0,0,0,0,0
270167,2,1,1989,0,0,0,0,0,0,0,0,0,0
270168,1,1,1989,0,0,0,0,0,0,0,0,0,0
270168,2,1,1989,0,0,0,0,0,0,0,0,0,0
270169,1,1,1989,27,27,27,27,27,27,27,27,27,27
270170,1,1,1989,16,16,16,16,16,16,16,16,16,16
270171,1,1,1989,0,0,0,0,0,0,0,0,0,0
270171,2,1,1989,0,0,0,0,0,0,0,0,0,0
270172,1,1,1989,38,38,38,38,38,38,38,38,38,38
270173,0,1,1989,0,0,0,0,0,0,0,0,0,0
270173,1,1,1989,0,0,0,0,0,0,0,0,0,0
270174,1,1,1989,4,4,4,4,4,4,4,4,4,4
270174,2,1,1989,0,0,0,0,0,0,0,0,0,0
270175,1,1,1989,10,10,10,10,10,10,10,10,10,10
270176,1,1,1989,4,4,4,4,4,4,4,4,4,4
270176,2,1,1989,0,0,0,0,0,0,0,0,0,0
270177,1,1,1989,0,0,0,0,0,0,0,0,0,0
270178,0,1,1989,0,0,0,0,0,0,0,0,0,0
270178,1,1,1989,0,0,0,0,0,0,0,0,0,0
270179,1,1,1989,0,0,0,0,0,0,0,0,0,0
270179,2,1,1989,0,0,0,0,0,0,0,0,0,0
270180,1,1,1989,0,0,0,0,0,0,0,0,0,0
270181,1,1,1989,2,2,2,2,2,2,2,2,2,2
270182,1,1,1989,20,20,20,20,20,20,20,20,20,20
270182,2,1,1989,0,0,0,0,0,0,0,0,0,0
270183,1,1,1989,0,0,7,0,0,0,0,0,0,5
270183,2,1,1989,0,0,0,0,0,0,0,0,0,0
270184,1,1,1989,0,0,0,0,0,0,0,0,0,0
270185,1,1,1989,0,0,0,0,0,0,0,0,0,0
270185,2,1,1989,0,0,0,0,0,0,0,0,0,0
270186,1,1,1989,17,17,17,17,17,17,17,17,17,17
270187,0,1,1989,0,0,0,0,0,0,0,0,0,0
270187,1,1,1989,15,15,15,15,15,15,15,15,15,15
270188,1,1,1989,10,10,10,10,10,10,10,10,10,10
270189,1,1,1989,12,12,12,12,12,12,12,12,12,12
270190,1,1,1989,0,0,0,0,0,0,0,0,0,0
270192,1,1,1989,12,12,12,12,12,12,12,12,12,12
270192,2,1,1989,15,15,15,15,15,15,15,15,15,15
270193,0,1,1989,6,6,6,6,6,6,6,6,6,6
270193,0,2,1989,17,17,17,17,17,17,17,17,17,17
270193,1,1,1989,0,0,0,0,0,0,0,0,0,0
270194,1,1,1989,18,18,18,18,18,18,18,18,18,18
270195,1,1,1989,0,0,0,0,0,0,0,0,0,0
270196,1,1,1989,0,0,0,0,0,0,0,0,0,0
270196,2,1,1989,0,0,0,0,0,0,0,0,0,0
270197,1,1,1989,0,0,0,0,0,0,0,0,0,0
270197,2,1,1989,11,11,11,11,11,11,11,11,11,11
270198,1,1,1989,0,0,0,0,0,0,0,0,0,0
270198,2,1,1989,0,0,0,0,0,0,0,0,0,0
270199,1,1,1989,0,0,0,0,0,0,0,0,0,0
270199,2,1,1989,0,0,0,0,0,0,0,0,0,0
270200,1,1,1989,0,0,0,0,0,0,0,0,0,0
270200,2,1,1989,0,0,0,0,0,0,0,0,0,0
270201,1,1,1989,0,0,0,0,0,0,0,0,0,0
270202,1,1,1989,14,14,14,14,14,14,14,14,14,14
270203,1,1,1989,22,32,22,0,0,0,0,23,0,0
270205,0,1,1989,0,0,0,0,0,0,0,0,0,0
270206,0,1,1989,0,13,0,0,0,0,0,0,0,0
270206,1,1,1989,0,0,0,0,0,0,0,0,0,0
270207,1,1,1989,0,0,0,0,0,0,0,0,0,0
270207,2,1,1989,0,0,0,0,0,0,0,0,0,0
270207,3,1,1989,0,0,0,0,0,0,0,0,0,0
270208,1,1,1989,14,14,14,14,14,14,14,14,14,14
270209,0,1,1989,0,0,0,0,0,0,0,0,0,0
270209,1,1,1989,0,0,0,0,0,5,0,0,0,0
270210,1,1,1989,0,0,0,0,0,18,0,0,0,0
270210,2,1,1989,0,0,0,0,0,0,0,0,0,0
270211,0,1,1989,0,0,0,0,0,0,0,0,0,0
270211,1,1,1989,0,0,0,0,0,0,0,0,0,0
270212,1,1,1989,0,0,0,0,0,0,0,0,0,0
270212,2,1,1989,17,17,17,17,17,17,17,17,17,17
270213,1,1,1989,20,20,20,20,20,20,20,20,20,20
270214,1,1,1989,0,5,0,21,16,0,0,0,4,9
270215,1,1,1989,18,18,18,18,18,18,18,18,18,18
270215,2,1,1989,0,0,0,0,0,0,0,0,0,0
270216,1,1,1989,0,24,25,0,0,0,0,0,0,0
270216,2,1,1989,17,17,17,17,17,17,17,17,17,17
270217,1,1,1989,0,0,0,0,0,0,0,0,0,0
270218,1,1,1989,27,27,27,27,27,27,27,27,27,27
270219,1,1,1989,9,9,9,9,9,9,9,9,9,9
270220,1,1,1989,0,0,0,0,0,0,0,0,0,0
270221,1,1,1989,0,0,0,0,0,0,0,0,0,0
270221,2,1,1989,0,0,0,0,0,0,0,0,0,0
270222,0,1,1989,0,0,0,0,0,0,0,0,0,0
270222,1,1,1989,0,0,0,0,0,0,0,0,0,0
270223,1,1,1989,21,21,21,21,21,21,21,21,21,21
270224,1,1,1989,14,14,14,14,14,14,14,14,14,14
270225,1,1,1989,20,20,20,20,20,20,20,20,20,20
270226,1,1,1989,26,26,26,26,26,26,26,26,26,26
270227,1,1,1989,16,16,16,16,16,16,16,16,16,16
270227,2,1,1989,5,5,5,5,5,5,5,5,5,5
270228,1,1,1989,0,0,0,0,0,0,0,0,0,0
270229,1,1,1989,0,0,0,0,0,0,0,0,0,0
270230,1,1,1989,11,11,11,11,11,11,11,11,11,11
270231,1,1,1989,0,0,0,0,0,0,0,0,0,0
270232,1,1,1989,17,15,16,17,12,10,7,21,19,8
270232,2,1,1989,0,0,0,0,0,0,0,0,0,0
270233,1,1,1989,17,17,17,17,17,17,17,17,17,17
270234,1,1,1989,0,0,0,0,0,0,0,0,0,0
270234,2,1,1989,0,0,0,0,0,0,0,0,0,0
270235,1,1,1989,0,0,0,0,0,0,0,0,0,0
270235,2,1,1989,0,0,0,0,0,0,0,0,0,0
270236,1,1,1989,0,0,0,0,0,0,0,0,0,0
270236,2,1,1989,0,0,0,0,0,0,0,0,0,0
270236,3,1,1989,0,0,0,0,0,0,0,0,0,0
270236,4,1,1989,0,0,0,0,0,0,0,0,0,0
270237,0,1,1989,0,0,0,0,0,0,0,0,0,0
270238,1,1,1989,0,0,0,0,0,0,0,0,0,0
270238,2,1,1989,0,0,0,0,0,0,0,0,0,0
270239,1,1,1989,0,0,0,9,0,0,7,0,0,0
270240,1,1,1989,0,0,0,0,0,0,0,0,0,0
270240,2,1,1989,0,0,0,0,0,0,0,0,0,0
270241,0,1,1989,0,0,0,0,0,0,0,0,0,0
270241,1,1,1989,0,0,0,0,0,0,0,0,0,0
270242,1,1,1989,20,24,0,20,16,13,0,20,0,9
270243,0,1,1989,0,0,0,0,0,0,0,0,0,0
270243,1,1,1989,0,0,0,0,0,0,0,0,0,0
270244,1,1,1989,20,20,20,20,20,20,20,20,20,20
270244,2,1,1989,0,0,0,0,0,0,0,0,0,0
270245,1,1,1989,0,0,0,0,0,16,0,0,0,0
270246,1,1,1989,0,0,0,0,0,0,0,0,20,0
270247,1,1,1989,24,17,6,11,5,0,0,1,11,18
270248,0,1,1989,0,0,0,0,0,0,0,0,0,0
270248,1,1,1989,6,6,6,6,6,6,6,6,6,6
270249,1,1,1989,27,27,27,27,27,27,27,27,27,27
270250,1,1,1989,0,0,0,0,0,0,0,0,0,0
270250,2,1,1989,14,14,14,14,14,14,14,14,14,14
270251,1,1,1989,0,0,0,0,0,0,0,0,0,0
270251,2,1,1989,0,0,0,0,0,0,0,0,0,0
270252,1,1,1989,0,0,0,0,0,0,0,0,0,0
270252,2,1,1989,0,0,0,0,0,0,0,0,0,0
270253,0,1,1989,0,0,0,0,0,0,0,0,0,0
270253,1,1,1989,20,20,20,20,20,20,20,20,20,20
270255,1,1,1989,0,0,0,0,0,0,0,0,0,0
270256,1,1,1989,0,0,0,0,0,0,0,0,0,0
270256,2,1,1989,0,0,0,0,0,0,0,0,0,0
270257,1,1,1989,9,0,0,0,0,0,14,0,13,0
270257,2,1,1989,0,0,0,0,0,0,0,0,0,0
270258,1,1,1989,18,18,18,18,18,18,18,18,18,18
270259,1,1,1989,0,0,0,0,0,0,0,0,0,0
270259,2,1,1989,11,12,10,11,5,5,25,16,0,0
270261,1,1,1989,0,0,0,0,0,0,0,0,0,0
270261,2,1,1989,0,0,0,0,0,0,0,0,0,0
270262,1,1,1989,0,0,0,0,0,0,0,0,0,0
270263,0,1,1989,0,0,0,0,0,0,0,0,0,0
270263,1,1,1989,0,0,0,0,0,0,0,0,0,0
270264,1,1,1989,19,19,19,19,19,19,19,19,19,19
270265,1,1,1989,13,13,13,13,13,13,13,13,13,13
270266,1,1,1989,8,8,8,8,8,8,8,8,8,8
270266,2,1,1989,5,0,11,25,8,15,0,20,0,8
270267,1,1,1989,0,0,0,0,0,0,0,0,0,0
270268,1,1,1989,0,0,0,0,0,0,0,0,0,0
270268,2,1,1989,0,0,0,0,0,0,0,0,0,0
270268,3,1,1989,0,0,0,0,0,0,0,0,0,0
270270,1,1,1989,28,28,28,28,28,28,28,28,28,28
270271,1,1,1989,17,17,17,17,17,17,17,17,17,17
270272,1,1,1989,15,15,15,15,15,15,15,15,15,15
270273,1,1,1989,28,28,28,28,28,28,28,28,28,28
270274,1,1,1989,0,0,0,0,0,0,0,0,0,0
270275,1,1,1989,24,24,24,24,24,24,24,24,24,24
270275,2,1,1989,0,0,0,0,0,0,0,0,0,0
270276,1,1,1989,7,7,7,7,7,7,7,7,7,7
270276,2,1,1989,0,0,0,0,0,0,0,0,0,0
270276,3,1,1989,0,0,0,0,0,0,0,0,0,0
270277,1,1,1989,0,0,0,0,0,0,0,0,0,0
270277,2,1,1989,0,0,0,0,0,0,0,0,0,0
270277,3,1,1989,0,0,0,0,0,0,0,0,0,0
270278,1,1,1989,14,14,14,14,14,14,14,14,14,14
270279,1,1,1989,21,21,21,21,21,21,21,21,21,21
270279,2,1,1989,25,25,25,25,25,25,25,25,25,25
270280,1,1,1989,0,0,0,0,0,0,0,0,0,0
270281,0,1,1989,0,0,0,0,0,0,0,0,0,0
270281,1,1,1989,0,0,0,0,0,0,0,0,0,0
270282,1,1,1989,19,19,19,19,19,19,19,19,19,19
270283,0,1,1989,0,0,0,0,0,0,0,0,0,0
270283,1,1,1989,0,0,0,0,0,0,0,0,0,0
270284,1,1,1989,0,0,0,0,0,0,0,0,0,0
270285,1,1,1989,0,0,0,0,0,0,0,0,0,0
270286,1,1,1989,0,0,0,0,0,0,0,0,0,0
270286,2,1,1989,0,0,0,0,0,0,0,0,0,0
270287,1,1,1989,27,27,27,27,27,27,27,27,27,27
270288,1,1,1989,14,14,14,14,14,14,14,14,14,14
270289,1,1,1989,0,0,0,0,0,0,0,0,0,0
270289,2,1,1989,0,0,0,0,0,0,0,0,0,0
270290,1,1,1989,25,22,5,5,3,23,19,14,13,3
270290,2,1,1989,0,0,0,0,0,0,0,0,0,0
270291,1,1,1989,0,0,0,0,0,0,0,0,0,0
270291,2,1,1989,0,0,0,0,0,0,0,0,0,0
270292,1,1,1989,16,16,16,16,16,16,16,16,16,16
270293,1,1,1989,0,0,0,0,0,0,27,0,0,0
270294,1,1,1989,3,3,3,3,3,3,3,3,3,3
270295,1,1,1989,18,18,18,18,18,18,18,18,18,18
270296,1,1,1989,0,0,0,0,0,0,0,0,0,0
270296,2,1,1989,0,0,0,0,0,0,0,0,0,0
270297,1,1,1989,0,0,0,0,0,0,0,0,0,0
270298,0,1,1989,0,0,0,0,0,0,0,0,0,0
270298,1,1,1989,0,0,0,0,0,0,0,0,0,0
270299,1,1,1989,10,10,10,10,10,10,10,10,10,10
270300,1,1,1989,0,0,0,0,0,0,0,0,0,0
270301,1,1,1989,30,30,30,30,30,30,30,30,30,30
270302,1,1,1989,0,0,0,0,0,0,0,0,0,0
270302,2,1,1989,0,0,0,0,0,0,0,0,0,0
270303,0,1,1989,9,9,9,9,9,9,9,9,9,9
270303,1,1,1989,6,6,6,6,6,6,6,6,6,6
270304,1,1,1989,0,0,0,0,0,0,0,0,0,0
270305,1,1,1989,0,0,0,0,0,0,0,0,0,0
270306,1,1,1989,7,7,7,7,7,7,7,7,7,7
270307,1,1,1989,15,15,15,15,15,15,15,15,15,15
270308,1,1,1989,17,0,13,10,15,30,0,0,0,18
270308,2,1,1989,0,0,0,0,0,0,0,0,0,0
270309,1,1,1989,0,0,0,0,0,0,0,0,0,0
270309,2,1,1989,0,0,0,0,0,0,0,0,0,0
270310,1,1,1989,6,6,6,6,6,6,6,6,6,6
270310,2,1,1989,4,4,4,4,4,4,4,4,4,4
270310,3,1,1989,0,0,0,0,0,0,0,0,0,0
270311,1,1,1989,0,0,0,0,0,0,0,0,0,0
270311,2,1,1989,21,18,19,13,17,11,35,11,15,23
270312,1,1,1989,18,18,18,18,18,18,18,18,18,18
270313,1,1,1989,14,14,14,14,14,14,14,14,14,14
270313,2,1,1989,0,0,0,0,0,0,0,0,0,0
270314,1,1,1989,0,0,0,0,0,0,0,0,0,0
270314,2,1,1989,4,0,3,4,4,0,24,12,7,0
270315,1,1,1989,11,11,11,11,11,11,11,11,11,11
270316,1,1,1989,11,11,11,11,11,11,11,11,11,11
270316,2,1,1989,0,0,0,0,0,0,0,0,0,0
270317,1,1,1989,0,0,0,0,0,0,0,0,0,0
270317,2,1,1989,0,0,0,0,0,0,0,0,0,0
270318,1,1,1989,21,0,0,0,0,0,15,0,0,0
270319,1,1,1989,0,0,0,0,0,0,0,0,0,0
270319,2,1,1989,0,0,0,0,0,0,0,0,0,0
270320,1,1,1989,0,0,0,0,0,0,0,0,0,0
270320,2,1,1989,0,0,0,0,0,0,0,0,0,0
270321,1,1,1989,0,0,0,0,0,0,0,0,0,0
270322,0,1,1989,0,0,0,0,0,0,0,0,0,0
270322,1,1,1989,0,0,0,0,0,0,0,0,0,0
270323,1,1,1989,0,0,0,0,0,13,0,0,0,0
270323,2,1,1989,0,0,0,0,0,0,0,0,0,0
270324,1,1,1989,0,0,13,0,0,11,0,12,0,20
270325,1,1,1989,13,13,13,13,13,13,13,13,13,13
270325,2,1,1989,0,0,0,0,0,0,0,0,0,0
270326,1,1,1989,0,0,0,0,0,0,0,0,16,0
270327,1,1,1989,0,0,0,0,0,0,18,24,0,0
270327,2,1,1989,0,0,20,0,8,0,0,0,0,0
270328,1,1,1989,0,0,0,0,0,0,0,0,0,0
270328,2,1,1989,0,0,0,0,0,0,0,0,0,0
270329,1,1,1989,0,0,0,0,0,0,0,0,0,0
270329,2,1,1989,0,0,0,0,0,0,0,0,0,0
270330,1,1,1989,21,21,21,21,21,21,21,21,21,21
270331,1,1,1989,0,0,0,0,0,0,0,0,0,0
270331,2,1,1989,9,9,9,9,9,9,9,9,9,9
270332,1,1,1989,0,0,0,0,0,0,31,0,0,0
270333,1,1,1989,19,19,19,19,19,19,19,19,19,19
270334,1,1,1989,11,0,0,0,0,0,0,0,0,0
270334,2,1,1989,0,0,0,0,0,0,0,0,0,0
270335,1,1,1989,0,0,0,0,0,0,0,0,0,15
270335,2,1,1989,0,0,0,0,0,0,0,0,0,0
270336,1,1,1989,9,9,9,9,9,9,9,9,9,9
270336,2,1,1989,0,0,0,0,0,0,0,0,0,0
270337,1,1,1989,17,17,17,17,17,17,17,17,17,17
270338,1,1,1989,0,0,0,0,0,0,0,0,0,0
270338,2,1,1989,0,0,0,0,0,0,0,0,0,0
270339,1,1,1989,0,0,0,0,0,0,0,0,0,0
270340,1,1,1989,28,19,13,16,11,11,23,21,11,9
270341,1,1,1989,18,18,18,18,18,18,18,18,18,18
270342,1,1,1989,0,0,0,0,0,0,0,0,0,0
270342,2,1,1989,0,0,0,0,0,0,0,0,0,0
270343,1,1,1989,7,17,14,0,0,12,11,11,5,13
270343,2,1,1989,7,7,7,7,7,7,7,7,7,7
270344,0,1,1989,0,0,0,0,0,0,0,0,0,0
270344,1,1,1989,14,14,14,14,14,14,14,14,14,14
270345,1,1,1989,22,22,22,22,22,22,22,22,22,22
270346,1,1,1989,19,19,19,19,19,19,19,19,19,19
270347,1,1,1989,0,0,0,0,0,0,0,0,0,0
270347,2,1,1989,0,0,0,0,0,0,0,0,0,0
270348,1,1,1989,0,0,0,0,0,0,0,0,0,0
270349,1,1,1989,12,11,3,5,28,0,11,3,23,6
270349,2,1,1989,0,0,0,0,0,0,0,0,0,0
270350,1,1,1989,0,0,0,0,0,0,0,0,0,0
270350,2,1,1989,0,0,0,0,0,0,0,0,0,0
270350,3,1,1989,0,0,0,0,0,0,18,0,20,0
270351,1,1,1989,20,20,20,20,20,20,20,20,20,20
270352,1,1,1989,14,14,14,14,14,14,14,14,14,14
270353,1,1,1989,0,0,0,0,0,0,0,0,0,0
270353,2,1,1989,0,0,0,0,0,0,0,0,0,0
270354,1,1,1989,29,6,15,15,6,0,19,9,15,19
270356,1,1,1989,0,0,0,0,0,0,0,0,0,0
270356,2,1,1989,0,0,0,0,0,0,0,0,0,0
270357,1,1,1989,0,0,0,0,0,0,0,0,0,0
270357,2,1,1989,0,0,0,0,0,0,0,0,0,0
270358,1,1,1989,0,0,0,0,0,0,0,0,0,0
270358,2,1,1989,21,21,21,21,21,21,21,21,21,21
270359,1,1,1989,0,0,0,0,0,0,0,0,0,0
270359,2,1,1989,0,0,0,0,0,0,0,0,0,0
270360,0,1,1989,27,27,27,27,27,27,27,27,27,27
270360,1,1,1989,0,0,0,0,0,0,0,0,0,0
270361,1,1,1989,0,0,0,0,0,0,0,0,0,0
270361,2,1,1989,0,0,0,0,0,0,0,0,0,0
270362,1,1,1989,0,0,0,0,0,0,0,0,0,0
270363,1,1,1989,1,1,1,1,1,1,1,1,1,1
270363,2,1,1989,0,0,0,0,0,0,0,0,0,0
270364,1,1,1989,0,0,0,0,0,0,0,0,0,0
270365,1,1,1989,0,0,0,0,0,0,0,0,0,0
270365,2,1,1989,0,0,0,0,0,0,0,0,0,0
270366,1,1,1989,0,0,0,0,0,0,0,0,0,0
270366,2,1,1989,23,23,23,23,23,23,23,23,23,23
270367,1,1,1989,0,0,0,0,0,0,0,0,0,0
270367,2,1,1989,0,0,0,0,0,0,0,0,0,0
270368,1,1,1989,0,0,0,0,0,0,0,0,0,0
270369,1,1,1989,6,26,31,34,20,17,14,24,32,30
270370,1,1,1989,11,11,11,11,11,11,11,11,11,11
270371,1,1,1989,0,9,0,0,0,6,0,0,0,12
270371,2,1,1989,0,0,0,0,0,0,0,0,0,0
270372,1,1,1989,0,0,0,0,0,0,0,0,0,0
270372,2,1,1989,27,27,27,27,27,27,27,27,27,27
270373,1,1,1989,15,17,17,13,12,25,16,19,27,20
270374,1,1,1989,0,0,0,0,0,0,0,0,0,0
270375,0,1,1989,18,18,18,18,18,18,18,18,18,18
270375,1,1,1989,0,0,0,0,0,0,0,0,0,0
270376,0,1,1989,0,0,0,0,0,0,0,0,0,0