ST_CASE,VEH_NO,PER_NO,YEAR,P1,P2,P3,P4,P5,P6,P7,P8,P9,P10
280113,1,1,1989,0,0,12,0,0,0,0,13,6,0
280114,1,1,1989,0,0,0,0,0,0,0,0,0,0
280114,2,1,1989,33,0,0,0,0,12,0,0,0,0
280115,1,1,1989,21,21,21,21,21,21,21,21,21,21
280116,1,1,1989,0,12,6,0,15,21,0,0,0,0
280116,2,1,1989,20,20,20,20,20,20,20,20,20,20
280116,3,1,1989,0,3,0,0,0,0,0,0,0,0
280117,1,1,1989,6,0,0,0,7,0,0,0,0,0
280118,0,1,1989,0,0,0,0,0,0,8,0,0,0
280118,1,1,1989,0,0,0,0,0,0,0,0,0,0
280119,1,1,1989,13,13,13,13,13,13,13,13,13,13
280120,1,1,1989,0,0,0,0,0,0,0,0,0,0
280120,2,1,1989,0,0,0,0,0,0,0,0,0,0
280121,1,1,1989,0,0,0,0,0,0,0,0,0,0
280121,2,1,1989,0,0,0,0,0,4,0,0,0,0
280123,1,1,1989,0,0,0,0,0,0,0,0,0,0
280123,2,1,1989,0,0,0,0,0,8,0,9,0,0
280124,1,1,1989,0,0,0,0,0,0,0,0,0,0
280124,2,1,1989,0,0,0,0,0,0,0,0,0,0
280125,1,1,1989,13,13,13,13,13,13,13,13,13,13
280126,1,1,1989,0,0,0,0,0,0,0,0,0,0
280126,2,1,1989,0,0,0,0,0,0,0,0,0,0
280127,1,1,1989,12,0,0,0,0,0,0,0,0,0
280128,1,1,1989,0,0,0,0,0,0,0,0,0,0
280128,2,1,1989,0,0,0,5,0,0,0,0,0,0
280129,1,1,1989,0,10,0,16,11,16,0,28,0,0
280130,1,1,1989,0,0,0,0,0,0,21,0,15,0
280131,1,1,1989,0,0,0,0,0,0,0,0,0,0
280131,2,1,1989,12,0,0,0,0,0,0,16,0,0
280132,1,1,1989,0,0,0,0,0,0,29,0,14,0
280133,1,1,1989,0,0,0,0,0,0,0,0,0,0
280134,1,1,1989,36,0,0,0,18,0,0,0,31,0
280134,2,1,1989,0,0,0,0,0,0,0,0,0,0
280135,1,1,1989,19,25,31,19,21,0,0,20,18,19
280136,1,1,1989,0,0,0,0,0,0,0,0,0,0
280136,2,1,1989,0,0,0,0,0,0,0,0,0,0
280137,1,1,1989,12,12,12,12,12,12,12,12,12,12
280138,1,1,1989,0,0,0,0,0,0,0,0,0,0
280139,1,1,1989,0,0,0,0,0,0,0,0,0,0
280139,2,1,1989,0,0,0,0,0,0,0,0,0,0
280140,1,1,1989,0,0,0,0,0,0,0,21,0,0
280141,1,1,1989,0,0,0,0,0,21,0,0,0,0
280142,0,1,1989,0,0,0,0,0,0,0,0,0,0
280142,1,1,1989,0,0,0,0,0,0,0,0,0,0
280143,1,1,1989,0,0,16,0,0,0,0,0,0,0
280144,1,1,1989,0,0,0,0,0,0,14,0,0,0
280144,2,1,1989,0,0,0,0,0,0,0,0,0,0
280145,1,1,1989,0,0,0,0,0,0,0,0,0,0
280145,2,1,1989,0,0,0,0,0,0,0,0,0,0
280146,1,1,1989,0,0,0,0,0,0,0,0,21,0
280146,2,1,1989,0,0,0,0,0,0,0,0,0,0
280147,1,1,1989,0,0,9,0,16,0,12,5,19,0
280148,1,1,1989,26,0,0,21,0,0,17,25,23,24
280149,0,1,1989,21,34,0,0,8,25,20,0,0,16
280149,1,1,1989,0,0,0,0,0,0,0,0,0,0
280150,1,1,1989,0,0,0,0,0,0,0,0,0,0
280150,2,1,1989,0,0,0,0,0,0,0,0,0,0
280151,1,1,1989,0,0,0,0,0,26,0,28,12,0
280152,1,1,1989,15,15,15,15,15,15,15,15,15,15
280153,1,1,1989,0,0,10,0,32,0,22,10,0,0
280153,2,1,1989,21,21,21,21,21,21,21,21,21,21
280154,1,1,1989,0,0,0,0,0,0,0,0,0,0
280154,2,1,1989,0,0,0,0,0,0,0,0,0,0
280155,1,1,1989,0,0,0,0,10,9,7,0,0,32
280155,2,1,1989,0,0,0,0,0,0,0,0,0,0
280156,1,1,1989,0,0,0,0,0,0,0,0,0,0
280156,2,1,1989,0,0,0,0,0,0,0,0,0,0
280157,1,1,1989,0,0,0,0,0,0,0,0,0,0
280157,2,1,1989,0,0,0,0,0,0,0,0,0,3
280158,1,1,1989,0,0,0,0,0,0,11,0,0,0
280159,1,1,1989,0,0,0,0,0,0,0,0,0,0
280159,2,1,1989,0,0,0,0,0,0,0,0,0,0
280160,1,1,1989,32,0,13,9,21,25,24,8,13,20
280160,2,1,1989,0,0,0,0,23,0,0,0,0,21
280161,1,1,1989,0,0,0,0,0,0,0,0,0,0
280161,2,1,1989,0,0,0,0,0,0,0,0,0,0
280162,1,1,1989,12,32,0,0,0,0,0,23,0,7
280163,0,1,1989,0,0,0,0,0,0,0,0,0,0
280163,1,1,1989,0,0,0,0,24,0,0,0,0,0
280164,1,1,1989,0,0,0,13,0,0,0,0,0,0
280164,2,1,1989,0,0,0,0,0,0,0,17,0,0
280165,1,1,1989,0,0,0,0,0,0,0,0,0,0
280165,2,1,1989,0,0,0,0,0,0,0,0,0,0
280166,1,1,1989,0,0,0,0,0,0,0,0,0,0
280166,2,1,1989,0,6,0,0,0,0,0,0,0,0
280167,1,1,1989,15,15,15,15,15,15,15,15,15,15
280168,1,1,1989,0,0,0,0,0,0,0,0,0,0
280169,1,1,1989,0,0,0,0,0,7,0,18,0,0
280170,1,1,1989,0,5,0,31,0,0,0,0,0,0
280170,2,1,1989,0,0,0,0,0,0,0,0,0,0
280171,1,1,1989,0,9,0,0,22,21,0,0,9,0
280172,1,1,1989,0,0,0,0,0,0,0,0,0,0
280172,2,1,1989,0,0,0,0,0,0,0,0,0,0
280173,0,1,1989,0,0,0,0,0,0,0,0,0,24
280173,1,1,1989,0,0,0,0,0,0,0,0,0,0
280174,1,1,1989,0,0,0,0,8,0,0,0,0,0
280175,1,1,1989,0,0,0,0,0,8,0,4,0,0
280176,1,1,1989,0,19,15,0,31,28,0,30,22,30
280177,1,1,1989,0,0,0,0,0,0,0,0,0,0
280177,2,1,1989,20,0,0,0,0,0,0,0,0,0
280178,1,1,1989,0,0,0,0,0,0,0,0,0,0
280179,1,1,1989,14,18,29,0,9,11,16,0,11,20
280180,1,1,1989,17,17,17,17,17,17,17,17,17,17
280181,1,1,1989,0,0,0,14,0,0,0,0,0,0
280181,2,1,1989,19,19,19,19,19,19,19,19,19,19
280182,1,1,1989,0,0,0,0,0,0,0,0,0,0
280182,2,1,1989,20,20,20,20,20,20,20,20,20,20
280183,1,1,1989,28,28,28,28,28,28,28,28,28,28
280183,2,1,1989,0,0,0,0,0,0,0,0,0,0
280183,3,1,1989,0,0,0,0,0,0,0,0,0,0
280183,4,1,1989,0,0,0,0,0,0,0,0,0,12
280184,1,1,1989,0,0,0,0,0,0,0,0,0,0
280184,2,1,1989,9,9,9,9,9,9,9,9,9,9
280185,1,1,1989,21,21,21,21,21,21,21,21,21,21
280185,2,1,1989,0,0,0,0,0,0,0,0,0,11
280186,1,1,1989,0,0,0,13,23,21,17,0,0,0
280187,1,1,1989,17,22,0,0,0,0,0,14,0,0
280187,2,1,1989,13,13,13,13,13,13,13,13,13,13
280188,1,1,1989,0,0,0,0,0,0,0,0,0,0
280188,2,1,1989,0,0,0,12,0,0,0,0,0,0
280189,0,1,1989,23,0,0,0,0,0,0,16,0,0
280189,1,1,1989,0,9,0,0,0,0,0,0,0,0
280190,1,1,1989,8,16,13,21,44,35,17,22,13,21
280191,1,1,1989,15,0,0,0,0,0,0,0,0,7
280192,1,1,1989,34,22,0,0,11,0,0,0,24,0
280193,1,1,1989,0,0,0,0,0,0,0,0,0,0
280194,1,1,1989,11,8,0,0,0,0,0,0,0,0
280195,1,1,1989,0,0,0,0,0,0,0,0,0,0
280195,2,1,1989,0,0,11,0,0,0,0,0,0,19
280196,1,1,1989,29,32,0,21,35,19,17,20,21,22
280197,1,1,1989,0,0,0,0,0,9,0,0,0,0
280198,1,1,1989,10,10,10,10,10,10,10,10,10,10
280199,1,1,1989,17,22,0,9,23,12,29,19,3,19
280200,0,1,1989,0,0,0,0,0,0,0,0,0,0
280200,1,1,1989,0,0,0,0,0,0,0,0,0,0
280201,1,1,1989,0,0,0,0,0,0,0,0,0,0
280202,0,1,1989,0,0,0,0,0,0,0,0,0,0
280202,1,1,1989,0,0,0,0,0,0,0,0,0,0
280203,1,1,1989,0,35,0,26,30,29,0,32,0,0
280204,1,1,1989,13,16,0,9,0,0,0,0,0,0
280205,1,1,1989,0,0,0,0,0,0,0,0,0,0
280205,2,1,1989,0,0,0,0,0,0,0,0,0,0
280206,1,1,1989,0,0,0,0,0,0,0,0,0,0
280206,2,1,1989,0,0,0,0,0,0,0,0,0,0
280207,1,1,1989,0,0,0,0,0,0,0,0,0,0
280207,2,1,1989,0,0,0,0,0,0,0,0,0,0
280208,1,1,1989,0,0,0,0,0,0,0,0,0,0
280208,2,1,1989,0,8,0,0,0,0,0,0,0,0
280209,1,1,1989,0,0,0,0,0,0,0,0,0,0
280209,2,1,1989,0,0,0,0,0,0,0,0,0,0
280210,1,1,1989,0,0,0,0,18,0,0,17,0,19
280211,1,1,1989,0,0,0,0,0,0,0,0,0,0
280212,1,1,1989,30,29,28,7,11,0,30,10,26,10
280213,1,1,1989,0,0,0,0,0,0,0,16,0,0
280213,2,1,1989,0,0,12,0,0,0,0,0,0,0
280214,1,1,1989,14,8,12,0,0,9,31,27,10,23
280215,1,1,1989,0,0,19,0,0,48,0,0,0,0
280216,1,1,1989,30,30,30,30,30,30,30,30,30,30
280216,2,1,1989,0,0,0,0,0,0,0,0,0,0
280217,1,1,1989,0,0,22,0,0,0,0,0,0,0
280217,2,1,1989,0,0,0,0,0,0,0,0,0,0
280217,3,1,1989,0,0,0,0,0,0,0,0,0,0
280218,1,1,1989,0,0,0,0,0,0,0,0,0,0
280219,1,1,1989,11,11,11,11,11,11,11,11,11,11
280220,1,1,1989,0,0,0,0,0,0,0,0,0,0
280221,1,1,1989,0,0,0,0,0,0,0,0,0,0
280221,2,1,1989,0,0,0,0,0,0,0,0,0,0
280222,1,1,1989,17,17,17,17,17,17,17,17,17,17
280223,1,1,1989,12,12,12,12,12,12,12,12,12,12
280224,1,1,1989,0,0,10,0,0,0,0,0,0,0
280224,2,1,1989,0,0,0,0,0,0,0,0,0,0
280224,3,1,1989,0,0,0,0,0,0,0,0,0,0
280225,0,1,1989,0,0,0,0,0,0,0,0,0,0
280225,1,1,1989,0,0,13,0,0,0,0,26,0,0
280226,1,1,1989,17,0,0,0,20,24,16,31,22,0
280227,0,1,1989,0,0,0,0,0,0,0,0,0,0
280227,1,1,1989,0,0,0,0,0,0,0,0,0,0
280228,1,1,1989,6,14,14,0,15,7,20,24,14,0
280228,2,1,1989,0,0,0,0,0,17,0,12,0,0
280229,1,1,1989,23,15,0,0,10,0,25,0,28,42
280230,1,1,1989,15,19,0,0,0,20,21,0,21,0
280231,1,1,1989,0,0,0,0,0,0,16,0,0,0
280232,1,1,1989,0,0,0,0,0,0,0,0,0,0
280232,2,1,1989,0,0,0,0,0,0,0,0,0,0
280233,1,1,1989,0,0,0,0,0,0,0,0,0,0
280234,1,1,1989,0,0,2,0,0,0,0,0,0,0
280234,2,1,1989,0,0,0,0,0,0,0,0,0,0
280235,1,1,1989,12,12,12,12,12,12,12,12,12,12
280235,2,1,1989,0,0,0,0,0,0,0,0,0,0
280235,3,1,1989,0,0,0,0,0,0,0,0,0,0
280236,0,1,1989,0,0,0,0,0,22,0,0,21,0
280236,1,1,1989,0,0,0,0,0,0,0,0,0,0
280237,1,1,1989,0,24,0,0,0,0,0,0,0,13
280238,1,1,1989,0,0,0,0,0,0,0,0,0,0
280238,2,1,1989,0,0,0,0,0,0,0,0,14,0
280239,1,1,1989,0,15,0,0,0,0,0,0,0,19
280240,1,1,1989,0,0,0,0,0,0,0,0,0,0
280240,2,1,1989,0,0,0,0,0,0,0,0,0,0
280240,3,1,1989,0,0,0,0,0,0,0,0,0,0
280241,1,1,1989,0,0,4,0,0,9,0,0,0,0
280242,1,1,1989,21,12,25,12,8,6,14,13,27,13
280242,2,1,1989,0,0,0,6,0,0,0,0,3,5
280243,1,1,1989,16,11,18,12,11,16,12,25,23,29
280244,1,1,1989,18,18,18,18,18,18,18,18,18,18
280244,2,1,1989,0,0,0,0,0,0,0,22,21,19
280245,1,1,1989,0,0,23,40,0,39,13,0,17,40
280247,1,1,1989,22,22,22,22,22,22,22,22,22,22
280248,1,1,1989,12,12,12,12,12,12,12,12,12,12
280249,1,1,1989,0,0,0,0,0,0,12,0,0,14
280250,1,1,1989,0,0,0,0,0,0,0,0,0,0
280250,2,1,1989,0,0,0,0,0,0,0,0,0,0
280251,1,1,1989,35,0,0,0,16,13,30,36,0,16
280252,1,1,1989,22,22,22,22,22,22,22,22,22,22
280253,1,1,1989,5,5,5,5,5,5,5,5,5,5
280253,2,1,1989,0,0,0,15,12,23,0,0,31,0
280254,1,1,1989,36,0,0,0,0,0,0,0,27,0
280255,1,1,1989,0,0,0,0,0,0,0,0,0,0
280256,1,1,1989,4,4,4,4,4,4,4,4,4,4
280256,2,1,1989,0,0,0,0,0,0,0,0,0,0
280257,1,1,1989,0,0,0,0,0,12,0,0,0,0
280257,2,1,1989,0,0,0,0,0,0,0,0,0,0
280258,1,1,1989,0,0,0,0,0,0,0,0,0,0
280258,2,1,1989,0,0,0,0,0,0,0,0,0,0
280259,1,1,1989,0,0,0,0,0,0,0,0,0,0
280259,2,1,1989,0,0,0,0,0,34,0,0,0,0
280260,1,1,1989,10,10,10,10,10,10,10,10,10,10
280261,1,1,1989,0,0,0,0,0,0,12,0,0,0
280261,2,1,1989,0,10,0,0,0,0,0,0,0,0
280262,0,1,1989,0,0,0,0,17,0,0,20,0,0
280262,1,1,1989,7,0,0,0,0,0,0,0,0,0
280263,0,1,1989,0,0,0,0,0,0,0,0,0,0
280263,1,1,1989,0,0,0,0,0,0,0,0,0,0
280264,1,1,1989,0,0,0,0,0,17,0,0,0,0
280264,2,1,1989,0,0,0,0,0,0,0,30,7,0
280266,0,1,1989,0,0,5,0,0,0,32,23,18,0
280266,1,1,1989,0,0,0,0,0,11,0,0,0,0
280267,1,1,1989,0,16,0,30,0,0,0,0,3,28
280267,2,1,1989,0,0,0,0,0,0,0,0,0,0
280268,1,1,1989,0,0,0,14,0,0,0,0,0,0
280269,1,1,1989,0,0,0,0,0,0,0,19,0,0
280270,1,1,1989,0,0,0,0,0,0,0,11,0,0
280271,1,1,1989,0,0,0,0,0,17,0,0,0,0
280272,1,1,1989,21,21,21,21,21,21,21,21,21,21
280273,1,1,1989,23,0,0,0,0,0,0,0,0,0
280273,2,1,1989,0,0,0,0,0,0,0,0,0,0
280274,1,1,1989,0,7,23,0,5,0,0,0,0,0
280275,1,1,1989,0,0,0,10,0,11,0,0,0,0
280276,1,1,1989,14,14,14,14,14,14,14,14,14,14
280277,1,1,1989,0,0,0,0,0,0,0,0,0,0
280277,2,1,1989,0,0,0,0,0,0,0,0,0,0
280278,1,1,1989,0,0,0,0,0,0,0,0,0,0
280278,2,1,1989,0,0,0,0,0,0,0,0,0,16
280279,1,1,1989,0,0,0,0,0,0,0,0,0,0
280279,2,1,1989,0,22,0,0,0,12,0,4,0,0
280280,1,1,1989,0,0,0,0,0,24,0,0,25,21
280281,1,1,1989,0,0,0,0,0,0,0,0,0,37
280281,2,1,1989,0,0,0,0,0,0,0,0,0,0
280282,1,1,1989,0,0,18,0,15,0,0,22,0,17
280282,2,1,1989,5,0,17,0,7,0,0,0,0,0
280284,1,1,1989,0,0,12,0,0,0,0,0,0,0
280285,0,1,1989,37,0,0,0,0,0,0,0,0,34
280285,1,1,1989,0,0,0,0,0,0,0,0,0,0
280287,1,1,1989,20,0,0,0,0,0,0,0,0,0
280288,1,1,1989,0,0,0,0,0,0,0,0,0,0
280289,1,1,1989,0,0,0,0,0,0,0,0,0,24
280289,2,1,1989,0,0,0,0,0,0,0,0,0,0
280290,1,1,1989,0,0,9,19,18,0,0,0,0,26
280291,0,1,1989,0,0,0,0,18,4,23,0,18,0
280291,1,1,1989,16,0,0,0,0,0,10,0,0,0
280292,1,1,1989,0,0,0,0,0,0,0,0,0,0
280292,2,1,1989,0,0,0,0,0,0,0,0,0,0
280293,1,1,1989,0,0,0,0,0,0,0,0,0,0
280293,2,1,1989,0,0,0,0,0,0,0,0,0,0
280294,1,1,1989,0,26,23,0,0,20,8,0,0,0
280294,2,1,1989,0,0,0,0,0,0,0,0,0,0
280295,1,1,1989,0,0,0,0,0,0,0,0,0,0
280296,1,1,1989,15,15,15,15,15,15,15,15,15,15
280296,2,1,1989,0,0,0,0,20,0,0,0,0,0
280297,0,1,1989,0,0,0,0,0,0,0,0,0,19
280297,1,1,1989,0,0,0,0,0,13,0,0,0,0
280298,0,1,1989,0,0,0,22,0,11,8,0,18,0
280298,1,1,1989,0,0,0,0,0,0,0,0,0,0
280299,1,1,1989,29,12,22,20,0,26,21,14,15,0
280300,1,1,1989,9,0,0,0,0,0,0,0,0,0
280300,2,1,1989,15,0,0,0,6,17,16,0,0,0
280301,1,1,1989,0,0,0,0,0,0,0,0,0,0
280301,2,1,1989,0,0,0,13,0,16,7,0,0,0
280302,1,1,1989,0,0,0,0,0,0,0,0,0,0
280302,2,1,1989,0,0,0,0,0,0,0,0,0,0
280303,1,1,1989,12,0,0,0,0,0,0,0,0,0
280304,1,1,1989,0,0,0,0,11,7,0,0,0,14
280305,1,1,1989,9,0,0,30,0,0,11,20,0,8
280306,1,1,1989,0,19,0,0,21,0,0,0,0,14
280307,1,1,1989,11,0,0,0,0,14,0,15,0,16
280308,1,1,1989,0,0,0,0,0,0,0,0,0,0
280308,2,1,1989,0,0,0,0,0,0,0,0,0,0
280309,1,1,1989,0,0,0,0,0,0,0,0,0,0
280309,2,1,1989,0,0,0,0,0,0,0,0,0,0
280310,1,1,1989,0,0,0,0,0,0,0,0,0,0
280310,2,1,1989,0,23,0,0,0,0,0,0,0,0
280311,1,1,1989,0,0,0,0,0,0,0,0,0,0
280311,2,1,1989,0,0,0,0,0,0,2,0,0,0
280312,1,1,1989,0,0,20,25,0,10,0,0,4,0
280313,1,1,1989,0,9,21,0,0,10,0,0,17,14
280313,2,1,1989,0,0,0,0,0,0,0,0,0,0
280314,1,1,1989,30,30,30,30,30,30,30,30,30,30
280315,0,1,1989,0,0,0,0,0,0,0,0,0,0
280315,1,1,1989,0,0,0,0,0,0,0,0,0,8
280316,1,1,1989,0,8,0,0,0,0,22,0,0,0
280317,1,1,1989,23,23,23,23,23,23,23,23,23,23
280318,0,1,1989,0,0,0,0,0,0,0,0,0,0
280318,1,1,1989,0,0,0,0,0,0,0,0,0,0
280319,1,1,1989,0,0,0,0,0,0,0,0,0,0
280319,2,1,1989,0,0,0,0,0,0,0,0,0,0
280320,0,1,1989,0,0,18,0,0,17,27,20,0,0
280320,1,1,1989,0,0,0,0,0,0,0,0,0,0
280322,1,1,1989,0,0,0,0,0,0,0,0,0,0
280323,0,1,1989,0,0,0,0,0,0,0,23,39,8
280323,1,1,1989,22,0,0,0,0,0,0,0,0,0
280324,0,1,1989,0,0,0,0,17,0,0,0,0,0
280324,1,1,1989,0,0,0,0,0,0,0,0,0,0
280325,1,1,1989,0,0,0,0,0,17,0,0,0,0
280325,2,1,1989,0,0,0,0,0,0,0,0,0,0
280326,1,1,1989,0,0,0,0,0,0,0,0,0,0
280327,1,1,1989,0,22,0,0,0,0,0,0,0,0
280328,1,1,1989,0,0,0,0,0,17,13,0,10,0
280329,1,1,1989,0,0,10,0,9,0,0,0,0,0
280330,1,1,1989,0,0,0,0,0,0,0,0,0,0
280331,1,1,1989,0,0,0,0,0,0,0,0,0,0
280331,2,1,1989,0,0,0,0,0,0,0,0,0,0
280332,1,1,1989,0,10,0,23,0,0,0,0,31,0
280333,1,1,1989,0,0,15,0,25,0,0,13,0,0
280333,2,1,1989,0,0,0,0,0,6,0,0,0,0
280334,1,1,1989,0,0,10,0,0,0,0,9,3,0
280335,1,1,1989,8,8,8,8,8,8,8,8,8,8
280336,1,1,1989,23,20,22,17,18,35,6,30,33,13
280337,1,1,1989,28,0,0,0,0,0,0,0,0,0
280338,0,1,1989,0,0,0,0,0,24,0,0,0,0
280338,1,1,1989,0,0,0,0,0,0,0,11,0,0
280339,1,1,1989,21,0,0,25,0,37,0,0,0,14
280340,1,1,1989,32,0,0,0,0,0,0,7,0,0
280340,2,1,1989,0,0,0,0,0,0,0,0,0,0
280341,1,1,1989,0,0,0,0,0,0,0,0,0,0
280342,1,1,1989,13,0,0,23,0,13,0,0,0,0
280343,0,1,1989,0,0,0,0,0,0,0,0,0,0
280343,1,1,1989,0,0,0,0,0,0,0,19,0,0
280344,1,1,1989,0,0,0,0,0,0,0,8,0,0
280344,2,1,1989,0,39,0,12,0,0,24,0,0,29
280345,0,1,1989,0,23,0,0,0,0,0,39,20,0
280345,1,1,1989,0,0,0,0,0,0,0,0,0,0
280346,1,1,1989,0,0,0,0,0,0,0,0,0,0
280346,2,1,1989,0,0,0,0,0,0,0,0,0,0
280347,0,1,1989,26,0,0,0,0,13,0,0,16,0
280347,1,1,1989,26,0,0,0,27,0,8,0,0,0
280348,1,1,1989,0,0,0,0,0,0,0,21,7,3
280349,1,1,1989,14,0,0,17,21,20,0,41,0,34
280350,1,1,1989,0,0,0,0,0,0,11,0,0,0
280351,1,1,1989,0,0,0,0,0,0,0,0,0,0
280351,2,1,1989,0,0,0,0,0,0,0,0,0,0
280352,1,1,1989,0,0,0,0,0,0,0,0,0,0
280352,2,1,1989,0,0,0,0,0,0,0,0,0,0
280353,0,1,1989,23,11,0,0,14,37,20,23,0,21
280353,1,1,1989,0,0,0,0,0,0,0,0,0,0
280354,1,1,1989,0,0,0,0,0,0,0,0,0,0
280354,2,1,1989,0,0,0,0,0,0,0,0,0,0
280355,1,1,1989,19,4,9,0,0,0,0,0,0,0
280355,2,1,1989,0,0,0,0,0,0,0,0,0,0
280356,1,1,1989,0,0,0,0,0,0,0,0,0,0
280356,2,1,1989,0,0,0,0,0,0,0,0,0,0
280356,3,1,1989,20,0,0,0,0,0,0,0,0,0
280357,1,1,1989,0,0,0,0,0,0,0,0,0,0
280358,1,1,1989,0,7,0,0,0,0,0,0,0,0
280359,1,1,1989,0,0,0,0,0,0,0,0,0,0
280360,1,1,1989,0,0,0,0,0,0,0,0,0,0
280360,2,1,1989,0,0,0,0,0,0,0,0,0,0
280361,1,1,1989,0,0,0,0,0,0,0,0,0,0
280361,2,1,1989,0,0,0,0,0,0,0,0,0,0
280362,1,1,1989,5,19,0,18,0,0,12,0,0,0
280363,1,1,1989,0,0,0,0,0,0,0,0,0,0
280364,1,1,1989,0,0,0,0,0,0,0,0,0,0
280365,1,1,1989,0,0,21,0,13,10,0,20,13,0
280366,1,1,1989,0,0,0,0,0,0,0,0,0,0
280366,2,1,1989,32,32,32,32,32,32,32,32,32,32
280367,1,1,1989,0,0,0,0,0,0,0,0,0,0
280367,2,1,1989,0,0,0,0,13,0,0,0,0,0
280368,1,1,1989,32,18,12,13,24,15,0,13,29,36
280369,1,1,1989,33,0,6,20,20,0,19,0,17,0
280370,1,1,1989,20,20,20,20,20,20,20,20,20,20
280371,1,1,1989,0,0,0,0,0,0,0,0,0,0
280371,2,1,1989,0,0,0,0,0,0,0,0,0,0
280372,1,1,1989,0,0,0,0,0,0,0,0,0,0
280373,1,1,1989,0,0,0,0,0,0,0,0,0,0
280373,2,1,1989,0,0,14,0,0,0,0,11,0,0
280374,1,1,1989,8,8,8,8,8,8,8,8,8,8
280375,1,1,1989,0,0,0,0,0,0,0,13,0,0
280376,1,1,1989,0,0,0,0,0,0,0,0,23,0
280376,2,1,1989,0,0,0,0,0,0,0,0,0,0
280377,1,1,1989,0,0,0,0,0,0,0,0,0,0
280377,2,1,1989,0,0,0,0,0,5,14,0,0,0
280380,0,1,1989,0,0,0,0,0,0,0,0,0,0
280380,1,1,1989,0,0,0,0,14,0,0,0,0,0
280381,0,1,1989,0,0,0,32,0,0,5,18,31,25
280381,1,1,1989,0,0,0,0,0,0,0,0,0,0
280382,1,1,1989,0,0,0,21,6,19,0,0,9,0
280384,1,1,1989,16,16,16,16,16,16,16,16,16,16
280385,0,1,1989,0,0,0,0,0,0,0,0,0,0
280385,1,1,1989,0,0,0,0,0,0,0,0,0,0
280386,1,1,1989,36,36,36,36,36,36,36,36,36,36
280387,1,1,1989,0,0,0,0,0,0,0,0,12,0
280388,1,1,1989,0,0,0,6,0,0,0,0,0,0
280389,1,1,1989,15,0,0,0,0,0,0,22,0,0
280389,2,1,1989,0,0,0,0,0,0,0,0,0,0
280390,1,1,1989,0,0,0,0,0,0,0,0,0,0
280390,2,1,1989,0,0,0,0,0,0,0,0,0,0
280390,3,1,1989,0,16,0,0,0,0,0,0,0,0
280391,1,1,1989,0,0,0,0,0,0,0,0,0,0
280391,2,1,1989,0,0,0,0,0,0,0,0,0,0
280392,1,1,1989,0,0,0,0,0,4,0,0,0,0
280393,1,1,1989,0,0,0,0,0,1,0,0,0,0
280393,2,1,1989,0,0,0,0,0,0,0,0,0,0
280394,1,1,1989,0,0,0,0,6,15,0,0,0,12
280395,1,1,1989,0,0,0,0,0,0,0,0,31,0
280396,1,1,1989,0,11,12,19,0,0,0,0,8,0
280397,1,1,1989,3,3,3,3,3,3,3,3,3,3
280397,2,1,1989,0,0,0,0,0,0,0,0,0,0
280398,1,1,1989,0,0,0,0,0,0,0,0,0,0
280398,2,1,1989,0,0,0,0,0,0,0,0,0,0
280399,1,1,1989,0,0,0,0,0,0,0,0,0,0
280399,2,1,1989,30,30,30,30,30,30,30,30,30,30
280400,1,1,1989,0,34,0,29,19,0,0,0,0,0
280401,1,1,1989,0,0,0,27,0,0,0,8,0,21
280402,1,1,1989,0,0,0,0,0,0,0,0,0,0
280402,2,1,1989,0,13,0,0,0,0,0,0,0,0
280403,1,1,1989,0,0,0,0,0,0,0,0,0,0
280403,2,1,1989,0,0,0,0,0,0,0,0,0,0
280404,1,1,1989,4,4,4,4,4,4,4,4,4,4
280404,2,1,1989,14,0,16,0,0,0,0,0,0,0
280405,1,1,1989,18,18,18,18,18,18,18,18,18,18
280406,0,1,1989,0,26,0,0,0,0,0,0,0,0
280406,1,1,1989,0,0,0,0,0,0,0,0,0,0
280407,1,1,1989,0,0,0,0,0,0,0,0,0,0
280407,2,1,1989,0,0,0,0,0,0,0,0,0,0
280408,0,1,1989,0,0,0,0,0,6,0,0,0,0
280408,1,1,1989,0,0,0,0,0,0,0,0,0,0
280409,1,1,1989,11,24,9,17,13,0,14,32,0,11
280410,1,1,1989,14,26,0,10,29,12,25,0,0,19
280411,1,1,1989,0,0,0,0,0,0,0,0,0,0
280411,2,1,1989,0,12,0,10,0,0,0,0,6,0
280412,0,1,1989,0,0,0,0,0,0,32,17,0,0
280412,1,1,1989,0,0,0,0,0,0,0,0,0,0
280413,1,1,1989,19,19,17,14,11,19,9,9,23,17
280414,1,1,1989,0,0,0,0,0,0,0,0,0,0
280414,2,1,1989,0,0,0,0,0,0,0,0,0,0
280415,0,1,1989,17,0,22,0,0,0,0,0,0,0
280415,1,1,1989,0,0,0,0,0,0,0,0,0,0
280416,1,1,1989,0,0,0,0,0,0,0,6,15,0
280417,1,1,1989,0,0,0,0,0,0,0,0,0,0
280418,0,1,1989,0,0,22,0,0,0,0,0,0,0
280418,1,1,1989,0,0,13,13,16,0,0,3,9,0
280419,0,1,1989,0,0,0,0,0,0,0,0,0,0
280419,1,1,1989,0,0,0,0,0,0,0,0,0,0
280420,1,1,1989,0,0,0,0,0,0,0,24,0,0
280420,2,1,1989,0,0,0,0,0,0,0,20,0,0
280421,0,1,1989,0,0,13,0,0,0,11,19,0,0
280421,1,1,1989,0,0,0,18,0,0,0,0,0,0
280422,0,1,1989,0,0,0,0,0,0,0,0,0,0
280422,1,1,1989,0,28,0,0,0,0,0,0,0,0
280423,1,1,1989,23,23,23,23,23,23,23,23,23,23
280424,0,1,1989,0,0,0,14,34,25,0,0,14,15
280424,1,1,1989,0,0,0,0,0,0,0,0,0,0