ST_CASE,VEH_NO,PER_NO,YEAR,P1,P2,P3,P4,P5,P6,P7,P8,P9,P10
280425,1,1,1989,23,23,23,23,23,23,23,23,23,23
280426,1,1,1989,26,26,26,26,26,26,26,26,26,26
280427,1,1,1989,11,11,11,11,11,11,11,11,11,11
280427,2,1,1989,0,0,0,0,0,0,0,0,0,0
280428,1,1,1989,0,0,0,19,7,0,14,0,13,21
280429,1,1,1989,0,0,0,0,0,0,0,0,0,0
280429,2,1,1989,0,0,0,0,0,0,0,0,0,0
280429,3,1,1989,0,0,0,0,0,0,0,0,0,0
280430,0,1,1989,0,0,0,0,0,0,0,0,0,0
280430,1,1,1989,0,0,0,0,0,0,0,0,0,0
280431,1,1,1989,0,0,0,0,21,13,0,0,0,33
280431,2,1,1989,0,0,0,0,0,0,0,0,0,0
280431,3,1,1989,0,0,0,0,0,0,0,0,0,0
280432,1,1,1989,0,20,0,12,0,0,12,0,0,14
280433,1,1,1989,0,0,0,0,0,0,0,0,0,0
280434,1,1,1989,28,18,4,12,16,11,51,32,22,24
280435,1,1,1989,0,12,0,0,0,0,0,0,0,0
280435,2,1,1989,0,0,0,0,0,0,0,0,0,0
280436,1,1,1989,0,13,0,0,0,0,0,0,0,0
280437,1,1,1989,0,0,0,4,0,0,16,15,0,0
280438,1,1,1989,28,0,15,0,0,0,0,35,0,19
280439,0,1,1989,0,0,0,0,0,0,0,0,0,0
280439,1,1,1989,0,0,0,0,0,0,0,0,0,0
280440,1,1,1989,20,20,20,20,20,20,20,20,20,20
280440,2,1,1989,0,0,0,0,0,0,0,0,0,0
280441,1,1,1989,17,11,17,15,18,0,22,0,35,21
280442,1,1,1989,0,0,0,0,0,0,0,19,11,0
280443,1,1,1989,2,2,2,2,2,2,2,2,2,2
280443,2,1,1989,16,16,16,16,16,16,16,16,16,16
280444,1,1,1989,0,0,0,0,0,0,0,12,0,0
280444,2,1,1989,0,0,0,0,0,0,0,0,0,0
280445,1,1,1989,0,0,0,0,0,0,0,0,11,0
280446,0,1,1989,0,0,0,0,0,0,0,0,16,41
280446,1,1,1989,0,0,0,0,0,0,0,0,0,0
280447,1,1,1989,0,0,0,0,0,0,0,0,0,0
280447,2,1,1989,0,0,0,0,0,0,0,0,0,0
280447,3,1,1989,0,0,0,0,0,0,0,0,0,0
280447,4,1,1989,0,0,0,0,0,0,14,0,0,0
280448,0,1,1989,0,0,28,32,0,0,0,29,0,0
280448,1,1,1989,9,19,0,0,9,11,13,12,20,26
280449,1,1,1989,0,0,0,0,0,0,0,0,0,0
280449,2,1,1989,0,0,0,0,0,0,0,0,8,0
280449,3,1,1989,0,0,0,0,0,0,0,0,0,0
280450,1,1,1989,0,0,0,0,0,0,13,0,0,0
280451,1,1,1989,33,0,0,0,0,0,0,19,0,10
280452,1,1,1989,0,0,37,0,0,17,8,0,0,0
280452,2,1,1989,0,14,0,0,0,8,0,0,0,0
280453,1,1,1989,0,0,0,0,0,0,0,8,0,0
280454,1,1,1989,0,0,0,0,0,0,0,0,0,0
280454,2,1,1989,0,0,0,0,0,0,0,0,0,0
280454,3,1,1989,25,0,0,0,0,0,0,0,8,0
280455,1,1,1989,0,0,0,0,0,0,0,0,0,0
280455,2,1,1989,0,0,0,0,0,0,0,0,0,0
280457,1,1,1989,0,0,0,0,0,0,0,0,0,0
280457,2,1,1989,0,0,0,0,0,0,0,0,0,0
280458,1,1,1989,17,0,19,16,0,0,0,19,0,5
280459,1,1,1989,9,9,9,9,9,9,9,9,9,9
280459,2,1,1989,0,0,0,0,0,0,0,0,27,0
280460,1,1,1989,0,0,0,0,0,0,0,0,0,0
280461,1,1,1989,0,0,0,0,8,0,0,0,0,0
280462,1,1,1989,19,19,19,19,19,19,19,19,19,19
280463,1,1,1989,0,0,0,0,0,0,0,22,0,0
280463,2,1,1989,0,19,0,0,0,0,0,0,0,0
280464,1,1,1989,0,0,0,0,0,0,0,0,0,0
280465,1,1,1989,0,0,0,0,0,0,0,0,0,0
280466,1,1,1989,0,0,0,17,0,0,0,0,0,0
280466,2,1,1989,0,0,0,0,0,0,0,0,0,0
280467,1,1,1989,0,0,0,0,0,0,0,0,0,0
280467,2,1,1989,6,6,6,6,6,6,6,6,6,6
280468,0,1,1989,0,0,0,0,0,0,0,0,0,0
280468,1,1,1989,0,0,0,0,0,0,0,7,0,7
280469,1,1,1989,0,0,0,7,0,0,0,0,0,0
280469,2,1,1989,0,0,0,0,0,0,0,0,0,0
280470,1,1,1989,0,0,0,0,0,0,0,0,0,0
280471,1,1,1989,20,25,0,16,26,15,15,19,18,0
280472,1,1,1989,0,0,0,0,0,13,0,0,0,0
280473,1,1,1989,0,0,0,0,33,0,0,0,0,0
280474,1,1,1989,24,11,0,3,21,15,18,15,27,44
280475,1,1,1989,0,17,0,28,22,27,21,0,23,13
280476,1,1,1989,0,14,0,33,10,0,0,32,0,0
280477,1,1,1989,2,21,18,16,25,12,7,24,13,14
280478,1,1,1989,0,0,0,0,0,0,0,0,0,0
280479,1,1,1989,0,0,0,0,0,0,0,0,0,0
280479,2,1,1989,21,0,0,0,0,0,0,0,0,0
280480,1,1,1989,0,0,0,0,0,0,0,0,0,0
280480,2,1,1989,0,0,0,0,0,10,0,0,0,0
280481,1,1,1989,0,0,0,0,0,0,0,0,0,0
280481,2,1,1989,0,0,0,4,0,0,0,0,0,0
280482,1,1,1989,0,0,0,20,0,0,0,0,0,0
280483,1,1,1989,1,1,1,1,1,1,1,1,1,1
280483,2,1,1989,0,0,15,0,0,13,0,30,0,0
280484,1,1,1989,17,0,0,0,0,0,9,25,0,0
280484,2,1,1989,0,0,0,0,0,0,0,0,0,0
280485,1,1,1989,0,0,0,0,0,0,0,0,0,0
280485,2,1,1989,0,31,0,0,0,0,10,0,0,0
280486,1,1,1989,0,0,0,0,0,0,0,0,0,0
280486,2,1,1989,0,0,0,0,0,0,0,0,0,0
280486,3,1,1989,0,0,0,0,0,0,0,0,0,0
280487,1,1,1989,0,0,14,0,0,0,0,11,0,14
280488,0,1,1989,0,25,2,0,20,0,0,22,0,0
280488,1,1,1989,0,0,0,0,0,0,0,0,0,0
280489,1,1,1989,17,15,0,30,8,0,20,17,0,26
280490,1,1,1989,0,0,0,0,0,0,0,0,0,0
280491,0,1,1989,0,0,0,0,0,0,0,0,0,0
280491,1,1,1989,0,0,0,0,0,0,0,0,0,0
280492,1,1,1989,0,0,0,0,13,0,0,0,0,0
280493,1,1,1989,0,0,0,0,0,0,0,0,0,0
280494,1,1,1989,12,0,0,10,18,15,18,24,18,12
280495,1,1,1989,21,0,28,11,0,20,0,25,0,0
280496,1,1,1989,16,16,16,16,16,16,16,16,16,16
280497,1,1,1989,0,20,0,0,0,19,22,20,0,0
280497,2,1,1989,0,0,0,0,0,0,0,0,0,6
280498,1,1,1989,0,0,0,0,0,0,0,0,0,0
280498,2,1,1989,0,0,0,0,0,0,0,0,10,0
280499,0,1,1989,12,0,0,18,40,0,25,11,27,11
280499,1,1,1989,0,0,0,0,0,0,0,0,0,0
280500,1,1,1989,0,0,0,0,0,31,0,5,0,0
280500,2,1,1989,0,0,0,12,0,0,0,0,0,0
280500,3,1,1989,0,0,0,0,0,0,0,0,0,0
280501,1,1,1989,0,0,0,0,0,0,0,0,0,0
280502,0,1,1989,18,0,0,0,0,24,32,29,19,7
280502,1,1,1989,0,0,0,0,0,0,0,0,0,0
280503,1,1,1989,30,0,0,0,0,0,15,0,0,9
280503,2,1,1989,0,0,0,0,0,0,0,0,0,0
280504,0,1,1989,0,0,0,0,0,0,0,0,0,15
280504,1,1,1989,0,0,0,0,0,0,0,0,0,0
280505,0,1,1989,0,0,0,0,0,0,0,0,0,0
280505,1,1,1989,0,0,0,0,0,0,0,0,0,0
280506,1,1,1989,0,0,0,0,0,0,0,0,0,0
280507,1,1,1989,0,0,0,0,0,0,0,0,0,0
280507,2,1,1989,0,0,0,0,0,0,0,0,0,0
280507,3,1,1989,0,0,0,0,0,0,0,0,0,0
280508,1,1,1989,0,0,0,0,0,0,0,0,0,0
280508,2,1,1989,0,0,0,0,0,0,0,0,0,0
280509,0,1,1989,0,0,0,0,0,0,0,0,0,0
280509,1,1,1989,13,0,0,0,0,0,0,0,0,0
280510,1,1,1989,0,0,0,0,0,0,0,25,0,0
280511,1,1,1989,0,0,0,0,0,0,0,0,0,0
280511,2,1,1989,0,0,0,0,0,0,0,0,0,0
280512,1,1,1989,0,0,0,0,0,0,0,8,0,0
280512,2,1,1989,0,21,12,0,0,0,0,0,0,0
280513,0,1,1989,0,0,0,0,0,0,0,0,0,0
280513,1,1,1989,0,0,0,0,0,0,0,0,14,0
280514,1,1,1989,14,0,0,0,0,0,0,0,0,0
280514,2,1,1989,12,0,24,31,0,13,0,0,11,0
280515,1,1,1989,0,0,0,0,0,0,0,0,0,0
280515,2,1,1989,0,0,0,0,0,0,0,0,0,0
280516,0,1,1989,0,0,0,25,0,14,0,30,0,0
280516,1,1,1989,0,0,7,0,0,0,0,0,19,0
280517,1,1,1989,0,0,0,0,0,0,0,0,0,10
280518,1,1,1989,0,0,0,0,0,0,0,0,0,0
280518,2,1,1989,0,0,0,0,0,16,0,0,0,0
280519,1,1,1989,0,0,0,0,0,0,0,0,0,0
280519,2,1,1989,0,0,0,0,0,0,0,0,0,0
280520,1,1,1989,0,30,17,0,0,0,0,0,0,2
280520,2,1,1989,0,0,0,0,0,0,0,0,0,0
280521,1,1,1989,0,0,0,0,0,0,0,0,0,0
280522,1,1,1989,0,0,0,0,0,0,0,0,0,0
280522,2,1,1989,0,0,0,0,0,0,0,0,0,0
280523,1,1,1989,0,0,0,0,0,0,0,0,0,0
280524,1,1,1989,0,0,0,0,0,0,0,0,0,0
280524,2,1,1989,0,0,0,0,0,0,0,0,0,0
280525,1,1,1989,0,0,0,0,0,0,0,0,0,0
280525,2,1,1989,14,14,14,14,14,14,14,14,14,14
280526,1,1,1989,23,23,23,23,23,23,23,23,23,23
280527,0,1,1989,0,0,0,0,0,0,0,0,0,0
280527,0,2,1989,0,0,0,0,0,0,0,0,0,0
280527,1,1,1989,0,0,0,20,0,0,0,0,0,0
280528,1,1,1989,0,0,0,0,13,0,0,0,0,0
280529,1,1,1989,0,0,6,0,0,21,23,0,0,26
280530,1,1,1989,0,0,0,0,0,0,0,0,0,0
280531,1,1,1989,0,0,0,0,0,0,0,0,0,0
280531,2,1,1989,0,0,0,0,0,0,0,0,0,0
280532,1,1,1989,0,0,0,0,0,0,0,0,0,0
280533,1,1,1989,0,0,0,0,0,0,0,0,0,0
280533,2,1,1989,0,0,0,0,0,0,0,0,0,0
280534,1,1,1989,0,0,0,0,0,0,0,0,0,0
280535,1,1,1989,14,14,14,14,14,14,14,14,14,14
280535,2,1,1989,0,0,0,0,0,0,0,0,0,0
280536,1,1,1989,22,22,22,22,22,22,22,22,22,22
280537,1,1,1989,0,0,0,0,0,0,0,0,0,0
280537,2,1,1989,0,0,0,0,0,0,0,0,17,11
280538,1,1,1989,9,9,9,9,9,9,9,9,9,9
280539,1,1,1989,0,0,0,0,0,0,0,0,0,0
280539,2,1,1989,0,0,0,0,0,0,18,0,0,0
280540,1,1,1989,0,0,0,0,0,0,0,0,0,0
280541,1,1,1989,0,0,0,0,0,0,0,0,0,0
280542,1,1,1989,0,0,0,0,0,0,0,0,0,0
280542,2,1,1989,0,0,0,0,0,0,0,0,0,0
280543,1,1,1989,0,0,0,0,0,0,0,0,0,0
280543,2,1,1989,22,0,0,0,0,0,22,0,0,0
280544,1,1,1989,0,0,16,0,0,0,0,0,0,0
280545,1,1,1989,0,0,12,0,0,0,0,0,11,0
280546,1,1,1989,0,0,0,0,0,0,0,0,0,0
280547,1,1,1989,24,24,24,24,24,24,24,24,24,24
280548,1,1,1989,9,11,0,0,20,0,25,0,0,0
280549,1,1,1989,0,10,0,0,0,0,0,0,13,0
280549,2,1,1989,0,0,0,0,0,0,0,0,0,0
280550,1,1,1989,20,20,20,20,20,20,20,20,20,20
280551,0,1,1989,0,0,0,0,0,0,39,19,0,15
280551,1,1,1989,0,0,0,0,0,0,0,0,0,0
280552,1,1,1989,8,8,8,8,8,8,8,8,8,8
280553,1,1,1989,0,0,0,0,0,0,0,0,0,0
280553,2,1,1989,0,0,0,0,0,0,0,0,0,0
280554,0,1,1989,0,0,0,0,0,0,0,0,0,0
280554,1,1,1989,0,0,0,0,0,0,0,0,0,0
280556,1,1,1989,0,0,0,0,0,0,0,0,0,17
280557,1,1,1989,0,0,0,0,0,0,0,0,0,0
280557,2,1,1989,0,0,0,0,0,0,0,0,0,0
280558,1,1,1989,0,0,0,0,0,0,0,0,0,0
280558,2,1,1989,40,40,40,40,40,40,40,40,40,40
280559,1,1,1989,0,0,0,0,0,18,0,0,0,0
280560,1,1,1989,0,0,0,0,0,0,0,0,0,0
280561,1,1,1989,0,0,16,0,0,0,0,0,0,0
280562,1,1,1989,0,12,0,0,0,29,27,0,0,0
280563,1,1,1989,0,0,26,12,26,36,14,15,0,0
280564,0,1,1989,0,0,0,0,0,0,0,0,0,0
280564,0,2,1989,0,0,0,27,0,0,0,0,0,0
280564,1,1,1989,29,0,0,0,0,0,0,0,0,0
280565,1,1,1989,0,0,17,24,0,22,0,0,0,0
280566,1,1,1989,0,0,0,0,0,0,0,0,0,0
280567,1,1,1989,15,0,0,0,0,0,0,0,32,14
280569,1,1,1989,21,21,21,21,21,21,21,21,21,21
280570,1,1,1989,0,0,0,0,0,0,0,0,0,0
280571,1,1,1989,0,32,26,25,0,9,0,6,0,21
280572,1,1,1989,9,9,9,9,9,9,9,9,9,9
280572,2,1,1989,0,0,0,0,0,0,0,0,0,0
280572,3,1,1989,0,0,0,0,0,0,0,0,0,0
280573,0,1,1989,0,0,0,0,0,0,0,0,0,0
280573,1,1,1989,0,0,0,0,0,0,0,0,0,0
280574,1,1,1989,0,0,0,0,0,0,0,0,0,0
280574,2,1,1989,36,36,36,36,36,36,36,36,36,36
280575,1,1,1989,23,0,9,0,0,27,6,23,9,0
280576,1,1,1989,0,0,0,18,0,0,0,0,0,0
280577,0,1,1989,23,0,0,0,32,0,0,0,0,0
280577,1,1,1989,0,0,0,0,0,0,0,0,0,0
280578,0,1,1989,0,0,0,0,0,0,0,0,0,0
280578,1,1,1989,0,0,0,0,0,0,0,0,0,0
280579,1,1,1989,29,15,19,0,0,9,18,21,32,15
280580,1,1,1989,17,20,19,19,0,21,29,17,11,0
280581,1,1,1989,0,0,0,0,0,0,0,0,0,0
280581,2,1,1989,0,0,0,0,0,17,0,0,0,0
280582,1,1,1989,0,0,0,0,0,0,0,0,0,0
280582,2,1,1989,0,0,0,0,0,0,43,0,0,11
280583,1,1,1989,0,0,0,0,0,0,0,0,0,0
280584,1,1,1989,8,30,22,23,32,16,11,18,18,18
280585,1,1,1989,0,0,0,0,0,10,0,0,19,0
280586,1,1,1989,18,18,18,18,18,18,18,18,18,18
280587,1,1,1989,12,0,0,0,0,0,0,0,0,0
280587,2,1,1989,20,0,0,0,0,0,0,0,0,22
280588,1,1,1989,0,0,4,0,0,0,0,24,0,0
280588,2,1,1989,0,20,9,0,29,0,18,0,16,0
280589,1,1,1989,23,0,0,26,0,0,11,0,0,0
280590,1,1,1989,0,16,6,0,21,0,0,9,12,0
280590,2,1,1989,0,0,0,0,8,0,0,0,0,0
280590,3,1,1989,0,0,0,0,0,0,0,0,0,0
280590,4,1,1989,0,0,0,0,0,0,0,0,0,0
280591,1,1,1989,28,28,28,28,28,28,28,28,28,28
280592,1,1,1989,0,0,0,0,0,0,0,0,0,0
280593,1,1,1989,0,0,0,0,0,0,0,0,0,0
280594,1,1,1989,28,0,24,16,12,0,0,21,22,13
280595,1,1,1989,16,21,23,34,8,19,18,14,24,23
280596,1,1,1989,0,0,0,0,0,0,0,9,0,0
280596,2,1,1989,0,0,0,0,0,0,0,0,0,0
280597,1,1,1989,27,27,27,27,27,27,27,27,27,27
280598,1,1,1989,36,0,0,0,24,0,0,0,0,0
280599,1,1,1989,0,0,0,31,19,0,7,0,10,0
280600,1,1,1989,0,0,0,0,0,0,0,0,0,0
280601,1,1,1989,0,0,0,0,0,0,7,0,0,0
280602,1,1,1989,10,12,0,0,0,22,0,14,7,29
280603,0,1,1989,0,17,0,0,0,48,0,0,9,0
280603,1,1,1989,0,0,0,0,0,0,0,0,0,0
280604,0,1,1989,0,0,0,18,14,0,4,0,0,0
280604,1,1,1989,0,0,0,0,0,0,0,0,0,0
280605,1,1,1989,0,32,0,0,0,0,0,0,18,22
280606,1,1,1989,23,0,0,21,0,0,0,0,0,12
280606,2,1,1989,0,0,0,0,0,0,5,0,10,0
280607,1,1,1989,9,0,0,25,18,0,0,0,17,0
280608,1,1,1989,0,0,0,0,0,0,0,0,0,0
280608,2,1,1989,0,0,0,0,0,0,0,0,0,0
280609,1,1,1989,0,0,5,0,0,23,0,25,20,22
280610,1,1,1989,21,14,0,12,16,23,18,36,29,0
280611,1,1,1989,22,22,22,22,22,22,22,22,22,22
280612,1,1,1989,0,0,7,0,0,0,23,0,0,0
280613,1,1,1989,14,0,24,0,37,33,0,29,15,18
280614,0,1,1989,0,20,5,0,0,0,0,0,0,0
280614,1,1,1989,0,16,0,0,0,0,19,0,0,0
280615,1,1,1989,0,0,0,0,0,0,0,0,18,0
280615,2,1,1989,0,0,0,0,0,0,0,0,0,0
280616,1,1,1989,0,0,0,0,0,0,0,0,0,0
280616,2,1,1989,0,0,0,0,0,0,0,0,0,0
280616,3,1,1989,0,0,0,0,0,0,0,0,0,0
280617,1,1,1989,0,0,0,0,0,0,0,0,0,0
280617,2,1,1989,0,0,0,0,0,0,0,0,0,0
280619,1,1,1989,4,4,4,4,4,4,4,4,4,4
280619,2,1,1989,0,0,0,0,0,0,0,0,15,0
280620,1,1,1989,1,1,1,1,1,1,1,1,1,1
280620,2,1,1989,0,0,0,0,0,0,0,0,0,0
280621,1,1,1989,0,0,19,12,0,0,30,20,0,19
280622,0,1,1989,0,0,0,0,0,0,13,20,0,0
280622,1,1,1989,0,0,0,0,0,0,0,20,0,19
280623,0,1,1989,0,0,0,0,0,0,0,0,0,0
280623,1,1,1989,0,0,0,0,0,0,0,0,0,0
280624,1,1,1989,0,0,0,0,0,0,0,15,0,0
280625,1,1,1989,10,13,0,0,0,0,0,30,6,12
280626,1,1,1989,0,0,0,0,0,0,0,0,0,0
280626,2,1,1989,0,0,0,0,0,0,0,0,0,0
280627,1,1,1989,0,0,11,5,0,0,0,0,23,0
280628,0,1,1989,24,26,16,16,27,0,0,0,18,0
280628,1,1,1989,0,0,0,0,0,0,0,0,0,0
280629,1,1,1989,0,0,0,0,0,0,0,0,0,0
280630,1,1,1989,5,0,0,0,0,0,0,18,0,0
280630,2,1,1989,0,0,0,0,0,0,0,0,0,0
280633,1,1,1989,8,0,0,0,0,36,0,10,0,0
280634,1,1,1989,0,0,0,0,0,0,0,0,0,0
280635,1,1,1989,0,0,0,0,0,0,0,0,0,0
280636,1,1,1989,0,0,0,0,0,0,0,0,12,0
280636,2,1,1989,0,0,0,0,0,0,18,0,0,0
280636,3,1,1989,0,0,0,0,0,0,0,0,0,0
290001,1,1,1989,0,0,28,14,0,15,14,0,9,0
290001,2,1,1989,5,0,26,0,0,0,0,0,0,0
290001,3,1,1989,0,0,24,0,0,0,26,0,0,0
290002,1,1,1989,0,7,0,0,0,0,0,0,0,0
290002,2,1,1989,0,0,0,0,0,14,0,0,0,14
290003,1,1,1989,0,0,0,0,0,0,0,0,0,0
290004,1,1,1989,0,0,0,0,0,0,0,0,0,0
290005,0,1,1989,0,0,0,0,0,0,0,0,0,0
290005,1,1,1989,0,0,0,0,0,0,0,0,0,11
290006,0,1,1989,4,4,4,4,4,4,4,4,4,4
290006,1,1,1989,0,0,0,0,0,9,0,0,0,0
290007,1,1,1989,0,0,0,0,0,0,0,0,0,0
290007,2,1,1989,0,0,0,0,0,0,0,0,0,0
290008,1,1,1989,0,0,0,0,0,0,0,0,0,0
290008,2,1,1989,0,0,0,0,0,0,0,0,0,0
290009,1,1,1989,27,27,27,27,27,27,27,27,27,27
290010,1,1,1989,0,12,0,0,0,0,0,0,0,0
290010,2,1,1989,15,15,15,15,15,15,15,15,15,15
290011,1,1,1989,0,0,0,0,0,0,0,0,0,0
290011,2,1,1989,0,0,0,0,0,0,0,0,0,0
290012,1,1,1989,0,0,0,0,0,0,0,0,0,0
290012,2,1,1989,0,0,0,0,0,0,0,0,0,0
290013,1,1,1989,0,0,0,0,0,0,0,0,0,0
290013,2,1,1989,11,11,11,11,11,11,11,11,11,11
290014,1,1,1989,0,0,0,0,0,0,0,0,0,0
290014,2,1,1989,0,0,0,0,0,0,0,0,0,0
290014,3,1,1989,0,0,0,0,0,0,0,0,0,0
290015,1,1,1989,28,28,28,28,28,28,28,28,28,28
290015,2,1,1989,0,0,0,0,0,0,0,0,0,0
290016,1,1,1989,33,33,33,33,33,33,33,33,33,33
290017,1,1,1989,0,0,0,0,0,0,0,0,0,0
290017,2,1,1989,0,0,0,0,0,0,0,0,0,0
290018,1,1,1989,10,4,23,10,5,9,13,10,8,10
290019,1,1,1989,15,23,0,6,18,11,25,17,12,9
290020,1,1,1989,10,11,18,16,16,22,14,7,18,27
290021,1,1,1989,25,25,25,25,25,25,25,25,25,25
290021,2,1,1989,0,0,0,0,0,0,0,0,0,0
290022,1,1,1989,7,0,0,0,0,0,0,4,0,0
290022,2,1,1989,0,0,0,0,0,0,0,0,0,0
290023,1,1,1989,17,36,32,14,16,38,7,16,20,19
290024,1,1,1989,22,22,22,22,22,22,22,22,22,22
290025,1,1,1989,0,0,0,0,0,0,0,0,0,0
290026,0,1,1989,23,23,23,23,23,23,23,23,23,23
290026,1,1,1989,0,0,0,0,0,0,0,0,0,0
290027,1,1,1989,0,0,0,0,0,0,0,0,0,0
290027,2,1,1989,0,0,0,0,0,0,0,0,0,0
290028,1,1,1989,0,0,0,0,0,0,0,0,0,0
290028,2,1,1989,0,0,0,0,0,0,0,0,0,0
290029,1,1,1989,0,0,0,0,0,0,0,0,0,0
290029,2,1,1989,0,0,0,0,0,0,10,0,0,0
290030,1,1,1989,17,17,17,17,17,17,17,17,17,17
290031,1,1,1989,0,0,0,0,0,0,0,0,0,0
290031,2,1,1989,0,0,0,0,18,0,26,0,0,0
290032,1,1,1989,21,21,21,21,21,21,21,21,21,21
290033,1,1,1989,8,8,8,8,8,8,8,8,8,8
290033,2,1,1989,2,0,0,0,2,0,0,0,19,9
290034,1,1,1989,7,10,0,0,0,19,0,0,0,0
290035,1,1,1989,0,0,0,0,0,6,0,0,0,0
290036,1,1,1989,25,23,7,20,9,11,20,18,6,20
290037,1,1,1989,0,0,0,0,0,0,0,0,0,0
290037,2,1,1989,0,0,0,0,0,0,0,0,0,0
290038,1,1,1989,22,22,22,22,22,22,22,22,22,22
290039,1,1,1989,26,26,26,26,26,26,26,26,26,26
290040,1,1,1989,0,0,0,0,0,0,0,0,0,0
290040,2,1,1989,0,0,0,0,0,0,0,0,0,0
290041,1,1,1989,0,0,0,0,0,0,0,0,0,0
290041,2,1,1989,0,0,0,0,0,0,0,0,0,0
290042,1,1,1989,23,23,23,23,23,23,23,23,23,23
290042,2,1,1989,0,0,0,0,0,0,0,0,0,0
290043,1,1,1989,22,8,9,22,16,16,23,0,6,16
290044,1,1,1989,29,29,29,29,29,29,29,29,29,29
290044,2,1,1989,0,0,0,0,0,0,0,0,0,0
290045,1,1,1989,0,23,0,5,14,0,0,0,0,5
290045,2,1,1989,0,0,0,0,0,0,0,0,0,0
290046,1,1,1989,28,28,28,28,28,28,28,28,28,28
290047,1,1,1989,7,7,7,7,7,7,7,7,7,7
290048,1,1,1989,20,20,20,20,20,20,20,20,20,20
290049,1,1,1989,0,0,0,0,0,0,0,0,0,0
290049,2,1,1989,17,12,18,11,13,25,15,11,23,14
290050,1,1,1989,26,15,17,10,7,16,20,32,6,20
290050,2,1,1989,0,0,0,0,0,0,0,0,0,0
290051,1,1,1989,0,0,0,0,0,0,0,0,0,0
290052,1,1,1989,0,0,0,0,0,0,0,0,0,0
290053,1,1,1989,37,37,37,37,37,37,37,37,37,37
290054,1,1,1989,0,0,0,0,0,0,0,0,0,0
290055,0,1,1989,0,0,0,0,0,0,0,0,0,0
290055,1,1,1989,0,0,0,0,0,0,0,0,0,0
290056,1,1,1989,0,0,0,0,0,0,0,0,0,0
290056,2,1,1989,0,0,0,0,5,0,0,0,0,0
290057,1,1,1989,0,0,0,0,0,0,0,0,0,0
290058,0,1,1989,0,0,0,0,0,0,0,0,0,0
290058,1,1,1989,0,0,0,0,0,0,0,0,0,0
290059,1,1,1989,0,0,0,0,0,0,0,0,0,0
290059,2,1,1989,0,0,4,0,0,0,0,0,0,0
290060,1,1,1989,0,0,0,0,0,0,0,0,0,0
290060,2,1,1989,0,0,0,0,0,0,0,0,0,0
290061,1,1,1989,21,21,21,21,21,21,21,21,21,21
290062,1,1,1989,0,0,21,0,0,0,0,0,0,0
290063,1,1,1989,5,5,5,5,5,5,5,5,5,5
290064,1,1,1989,0,0,0,23,0,21,0,20,0,0
290065,1,1,1989,18,6,10,6,14,15,7,8,8,13
290065,2,1,1989,0,0,0,0,0,0,0,0,0,0
290066,1,1,1989,0,12,0,26,0,0,0,0,0,0
290066,2,1,1989,0,0,0,0,0,0,0,16,0,0
290067,1,1,1989,0,0,0,0,0,0,0,0,0,0
290067,2,1,1989,0,0,0,0,0,0,0,0,0,0
290068,1,1,1989,23,23,23,23,23,23,23,23,23,23
290068,2,1,1989,0,0,0,0,0,0,0,0,0,0
290068,3,1,1989,0,0,0,0,0,0,0,0,8,0
290068,4,1,1989,0,0,0,0,0,0,0,0,0,0
290069,1,1,1989,0,8,7,0,0,0,0,12,5,13
290069,2,1,1989,9,9,9,9,9,9,9,9,9,9
290070,1,1,1989,15,15,15,15,15,15,15,15,15,15
290071,0,1,1989,5,5,5,5,5,5,5,5,5,5
290071,1,1,1989,0,0,0,22,0,0,0,0,0,0
290072,1,1,1989,0,0,0,0,0,0,0,0,0,0
290073,1,1,1989,0,0,0,0,0,0,0,0,0,0
290073,2,1,1989,0,0,0,0,0,0,0,0,0,0
290074,1,1,1989,17,17,17,17,17,17,17,17,17,17
290074,2,1,1989,0,0,0,14,15,14,0,0,0,0
290075,1,1,1989,23,23,23,23,23,23,23,23,23,23
290076,1,1,1989,0,0,0,0,0,0,0,0,0,0
290077,1,1,1989,14,8,12,0,0,18,13,10,27,15
290078,0,1,1989,33,33,33,33,33,33,33,33,33,33
290078,1,1,1989,18,18,18,18,18,18,18,18,18,18
290079,1,1,1989,16,20,14,0,13,16,20,21,6,30
290080,1,1,1989,4,4,4,4,4,4,4,4,4,4
290081,1,1,1989,15,15,15,15,15,15,15,15,15,15
290082,1,1,1989,33,33,33,33,33,33,33,33,33,33
290083,1,1,1989,11,11,11,11,11,11,11,11,11,11
290084,1,1,1989,0,0,0,0,0,0,0,0,0,0
290085,0,1,1989,11,11,11,11,11,11,11,11,11,11
290085,1,1,1989,11,0,0,0,0,0,0,0,0,13
290085,2,1,1989,0,0,0,0,0,0,0,0,0,0
290086,1,1,1989,0,0,0,0,0,0,0,0,0,0
290086,2,1,1989,0,0,0,0,0,0,0,0,0,0
290086,3,1,1989,0,0,0,0,0,0,0,0,0,0
290087,0,1,1989,0,0,0,0,0,0,0,0,0,0
290087,1,1,1989,0,0,0,0,0,0,0,0,0,0
290087,2,1,1989,0,0,0,0,0,0,0,0,0,0
290088,1,1,1989,0,0,0,0,0,0,0,0,0,0
290088,2,1,1989,0,0,3,0,0,0,0,0,0,0
290089,1,1,1989,17,17,17,17,17,17,17,17,17,17
290089,2,1,1989,0,0,0,0,0,0,0,0,0,0
290090,1,1,1989,0,0,0,0,0,0,0,0,0,0
290091,1,1,1989,23,23,23,23,23,23,23,23,23,23
290092,1,1,1989,30,30,30,30,30,30,30,30,30,30