ST_CASE,VEH_NO,PER_NO,YEAR,P1,P2,P3,P4,P5,P6,P7,P8,P9,P10
290092,2,1,1989,0,0,0,0,0,0,0,0,0,0
290093,1,1,1989,15,24,16,13,14,27,21,29,10,27
290094,1,1,1989,0,0,0,0,0,0,0,0,0,0
290094,2,1,1989,22,22,22,22,22,22,22,22,22,22
290095,1,1,1989,0,0,0,0,0,0,0,0,0,0
290095,2,1,1989,0,0,0,20,0,0,0,0,18,6
290096,0,1,1989,5,5,5,5,5,5,5,5,5,5
290096,1,1,1989,0,0,0,0,0,0,0,0,13,0
290097,1,1,1989,17,6,0,0,0,0,0,0,0,0
290098,1,1,1989,0,0,0,0,0,0,0,0,0,0
290099,1,1,1989,0,0,0,0,0,0,30,0,0,0
290099,2,1,1989,0,0,0,0,0,0,0,0,0,0
290100,1,1,1989,0,0,0,0,0,0,0,0,0,0
290100,2,1,1989,2,8,22,17,17,11,26,16,13,10
290101,1,1,1989,36,19,29,26,11,26,19,31,25,16
290101,2,1,1989,0,0,0,0,0,0,0,0,0,0
290102,1,1,1989,0,0,0,0,0,0,17,0,0,0
290102,2,1,1989,0,0,0,0,0,0,0,0,0,0
290103,1,1,1989,0,0,7,0,4,0,0,0,0,0
290104,1,1,1989,0,0,0,0,0,0,0,0,0,0
290104,2,1,1989,0,0,0,0,0,0,0,0,0,0
290105,1,1,1989,3,0,5,13,14,7,27,26,18,14
290105,2,1,1989,0,0,0,0,0,0,0,0,0,0
290106,1,1,1989,0,0,0,0,0,0,0,0,0,0
290106,2,1,1989,11,11,7,9,15,4,0,4,15,5
290107,1,1,1989,0,11,25,0,0,22,24,0,39,0
290108,1,1,1989,0,0,0,0,0,0,0,0,0,0
290109,1,1,1989,13,0,2,20,0,0,0,15,13,8
290110,0,1,1989,0,0,0,0,0,0,0,0,0,0
290110,1,1,1989,0,0,0,0,0,0,0,0,0,0
290111,1,1,1989,0,0,0,0,0,0,0,0,5,0
290111,2,1,1989,0,0,0,0,0,0,0,0,0,0
290112,1,1,1989,0,0,0,0,0,0,0,0,0,0
290112,2,1,1989,0,0,0,0,0,0,0,0,0,0
290112,3,1,1989,0,0,0,0,0,0,0,0,0,0
290113,1,1,1989,0,0,0,0,0,0,0,0,0,0
290114,0,1,1989,26,25,23,13,8,3,19,23,19,0
290114,1,1,1989,0,12,0,0,6,0,22,17,17,10
290115,1,1,1989,1,1,1,1,1,1,1,1,1,1
290115,2,1,1989,0,0,0,0,0,0,0,0,0,0
290115,3,1,1989,0,16,0,0,0,16,0,0,0,0
290115,4,1,1989,0,0,0,0,0,0,0,0,0,0
290116,1,1,1989,21,0,9,3,32,0,6,0,7,14
290116,2,1,1989,0,0,0,0,0,0,0,0,0,0
290117,0,1,1989,2,2,2,2,2,2,2,2,2,2
290117,1,1,1989,0,0,23,8,0,2,12,16,6,0
290118,1,1,1989,18,18,18,18,18,18,18,18,18,18
290119,1,1,1989,11,11,11,11,11,11,11,11,11,11
290120,1,1,1989,13,11,21,0,0,6,0,0,0,18
290121,1,1,1989,0,0,0,0,0,0,0,0,0,0
290122,1,1,1989,14,0,19,10,0,16,16,21,12,13
290123,1,1,1989,0,0,0,0,0,0,0,0,0,0
290124,1,1,1989,27,27,27,27,27,27,27,27,27,27
290125,1,1,1989,0,0,0,0,0,0,0,0,0,0
290126,1,1,1989,0,0,0,0,0,0,0,0,0,16
290127,1,1,1989,0,0,0,0,0,0,0,0,0,0
290128,1,1,1989,8,8,3,5,19,10,24,18,24,12
290129,1,1,1989,13,13,13,13,13,13,13,13,13,13
290130,1,1,1989,8,0,12,6,0,14,18,16,22,0
290130,2,1,1989,0,0,10,5,0,17,0,0,0,5
290131,1,1,1989,0,0,0,0,0,0,0,0,0,0
290132,1,1,1989,10,10,10,10,10,10,10,10,10,10
290133,1,1,1989,0,0,0,0,0,0,0,0,0,0
290134,0,1,1989,0,0,0,0,0,0,0,0,0,0
290134,1,1,1989,0,0,9,5,0,0,10,22,0,0
290135,1,1,1989,24,24,24,24,24,24,24,24,24,24
290136,1,1,1989,0,0,0,0,0,0,0,0,0,0
290136,2,1,1989,0,0,0,0,0,0,0,0,0,0
290137,1,1,1989,0,0,0,0,0,0,0,0,0,0
290138,1,1,1989,20,20,20,20,20,20,20,20,20,20
290139,1,1,1989,22,22,22,22,22,22,22,22,22,22
290139,2,1,1989,12,0,0,0,0,18,7,0,0,13
290140,1,1,1989,0,0,0,0,0,0,0,0,0,0
290140,2,1,1989,0,0,0,0,0,0,0,0,0,0
290140,3,1,1989,0,0,8,0,0,0,0,0,0,0
290140,4,1,1989,0,0,0,0,0,0,0,0,0,0
290141,1,1,1989,0,0,0,0,0,0,0,0,0,0
290142,1,1,1989,0,0,0,0,0,0,0,0,0,0
290143,1,1,1989,0,0,0,0,0,0,0,0,0,0
290144,1,1,1989,21,12,22,0,31,0,31,27,24,34
290145,1,1,1989,0,0,0,0,0,0,0,0,0,0
290145,2,1,1989,0,0,0,0,0,0,0,0,0,0
290146,1,1,1989,0,0,0,0,0,0,0,0,0,0
290147,0,1,1989,9,9,9,9,9,9,9,9,9,9
290147,1,1,1989,0,0,0,0,0,0,0,0,0,0
290148,1,1,1989,0,0,0,0,0,0,0,0,0,0
290148,2,1,1989,0,0,0,0,0,0,0,0,0,0
290148,3,1,1989,9,0,0,0,0,0,17,0,0,3
290149,1,1,1989,0,19,0,0,0,0,6,0,0,0
290150,1,1,1989,20,20,20,20,20,20,20,20,20,20
290151,1,1,1989,21,12,18,0,8,6,8,13,21,5
290152,0,1,1989,5,5,5,5,5,5,5,5,5,5
290152,1,1,1989,0,0,0,0,17,0,0,0,0,0
290153,1,1,1989,16,16,16,16,16,16,16,16,16,16
290154,0,1,1989,0,0,0,0,0,0,0,0,0,0
290154,1,1,1989,0,0,0,0,0,0,0,0,0,0
290155,1,1,1989,10,0,0,0,10,0,0,14,4,7
290155,2,1,1989,16,0,24,22,19,0,2,17,8,17
290157,1,1,1989,0,0,0,0,0,0,0,0,0,0
290157,2,1,1989,0,0,0,0,0,0,0,0,8,0
290158,1,1,1989,0,0,0,0,0,0,0,0,0,0
290158,2,1,1989,0,0,0,0,0,0,0,0,0,0
290159,1,1,1989,8,19,28,23,13,17,0,26,22,14
290160,1,1,1989,10,0,0,0,0,0,0,0,0,0
290160,2,1,1989,0,0,0,0,0,0,20,0,0,0
290161,1,1,1989,15,15,15,15,15,15,15,15,15,15
290162,1,1,1989,19,19,19,19,19,19,19,19,19,19
290163,1,1,1989,0,0,0,0,0,0,0,0,0,0
290164,1,1,1989,0,0,0,0,0,0,0,0,0,0
290164,2,1,1989,0,0,0,0,0,0,0,13,0,0
290165,1,1,1989,15,15,15,15,15,15,15,15,15,15
290166,1,1,1989,0,0,0,0,0,0,0,0,0,0
290166,2,1,1989,0,0,0,0,0,0,0,0,0,0
290167,1,1,1989,0,0,0,0,0,0,0,0,0,0
290168,1,1,1989,0,0,0,0,0,0,0,0,0,0
290168,2,1,1989,0,0,0,0,0,0,0,0,0,0
290169,1,1,1989,0,0,0,0,0,0,0,0,0,0
290169,2,1,1989,0,0,0,0,0,0,0,0,0,0
290170,1,1,1989,21,10,36,34,22,25,28,0,15,17
290171,1,1,1989,12,12,19,8,15,24,10,13,10,19
290172,1,1,1989,0,13,0,0,0,0,0,37,0,0
290172,2,1,1989,12,0,0,0,4,0,21,14,0,17
290173,1,1,1989,0,0,0,0,0,0,0,0,0,0
290173,2,1,1989,0,0,0,0,0,0,0,0,0,0
290174,1,1,1989,28,28,28,28,28,28,28,28,28,28
290175,0,1,1989,0,19,30,0,0,14,0,19,26,20
290175,1,1,1989,0,0,0,0,0,0,0,0,0,0
290176,1,1,1989,10,10,10,10,10,10,10,10,10,10
290177,1,1,1989,0,8,0,0,0,0,0,0,0,0
290178,1,1,1989,3,3,3,3,3,3,3,3,3,3
290178,2,1,1989,0,0,10,0,0,0,0,0,0,4
290179,1,1,1989,22,22,22,22,22,22,22,22,22,22
290180,1,1,1989,22,22,22,22,22,22,22,22,22,22
290181,1,1,1989,26,9,24,9,14,12,34,10,27,24
290181,2,1,1989,0,0,0,0,0,0,0,0,0,0
290182,1,1,1989,20,20,20,20,20,20,20,20,20,20
290183,1,1,1989,0,0,0,0,0,0,0,0,0,0
290183,2,1,1989,0,0,0,0,0,0,0,0,0,0
290184,1,1,1989,0,0,0,0,0,0,0,0,0,0
290184,2,1,1989,0,0,0,0,0,0,0,0,0,0
290185,1,1,1989,8,8,8,8,8,8,8,8,8,8
290186,1,1,1989,8,9,18,10,21,7,0,20,38,28
290186,2,1,1989,0,0,0,0,0,0,0,0,0,0
290187,1,1,1989,0,0,0,0,0,0,0,0,0,0
290187,2,1,1989,0,0,0,0,0,0,0,0,0,0
290188,1,1,1989,29,29,29,29,29,29,29,29,29,29
290189,1,1,1989,11,11,11,11,11,11,11,11,11,11
290190,1,1,1989,9,9,9,9,9,9,9,9,9,9
290191,1,1,1989,0,0,0,0,0,0,0,0,0,0
290191,2,1,1989,0,0,0,0,0,0,0,0,0,0
290192,1,1,1989,0,0,0,0,0,0,0,0,0,0
290192,2,1,1989,0,0,0,0,0,0,0,0,0,0
290193,1,1,1989,29,0,0,0,0,0,0,0,0,0
290194,1,1,1989,0,0,0,0,0,0,0,0,0,0
290195,1,1,1989,0,0,0,11,0,0,0,0,14,22
290195,2,1,1989,0,0,0,0,0,0,0,0,0,0
290196,1,1,1989,0,0,0,0,0,0,0,0,0,0
290197,1,1,1989,13,13,13,13,13,13,13,13,13,13
290198,1,1,1989,0,0,0,0,0,0,0,0,0,0
290199,1,1,1989,0,0,0,0,0,0,0,0,0,0
290200,1,1,1989,0,0,0,0,0,0,0,0,0,0
290201,1,1,1989,21,21,21,21,21,21,21,21,21,21
290202,1,1,1989,0,0,0,0,0,0,0,0,0,0
290203,1,1,1989,0,0,0,0,0,0,0,0,0,0
290204,0,1,1989,40,40,40,40,40,40,40,40,40,40
290204,1,1,1989,0,0,0,0,0,0,0,0,0,0
290205,0,1,1989,0,0,0,0,0,0,0,0,0,0
290205,1,1,1989,21,21,21,21,21,21,21,21,21,21
290206,1,1,1989,0,0,0,0,8,0,0,0,0,0
290206,2,1,1989,0,0,0,0,0,0,0,0,0,0
290207,1,1,1989,0,0,0,0,0,0,0,0,0,0
290207,2,1,1989,20,0,0,0,0,25,27,0,17,16
290208,1,1,1989,10,10,10,10,10,10,10,10,10,10
290209,1,1,1989,10,10,10,10,10,10,10,10,10,10
290209,2,1,1989,0,0,0,0,0,0,0,0,0,0
290210,1,1,1989,19,19,19,19,19,19,19,19,19,19
290211,1,1,1989,0,0,0,0,0,0,0,0,0,0
290212,0,1,1989,27,0,34,0,34,0,0,0,0,0
290212,1,1,1989,0,0,0,0,0,0,0,0,0,0
290213,1,1,1989,20,0,14,0,0,0,0,0,0,0
290213,2,1,1989,0,0,0,0,8,0,0,0,0,0
290214,1,1,1989,0,0,0,0,0,0,0,0,0,0
290214,2,1,1989,13,13,13,13,13,13,13,13,13,13
290214,3,1,1989,9,0,21,25,11,0,7,0,5,0
290215,1,1,1989,0,0,0,0,0,12,0,0,0,0
290215,2,1,1989,5,5,5,5,5,5,5,5,5,5
290216,0,1,1989,0,0,0,0,0,0,0,0,0,0
290216,1,1,1989,0,0,0,0,0,0,0,0,0,0
290217,1,1,1989,0,0,0,0,0,0,0,6,0,0
290217,2,1,1989,0,0,0,0,0,0,0,0,0,0
290218,1,1,1989,12,15,0,23,5,22,0,17,34,20
290219,1,1,1989,16,16,16,16,16,16,16,16,16,16
290220,1,1,1989,0,13,0,13,0,12,11,18,0,31
290221,1,1,1989,27,21,14,23,12,27,17,35,18,10
290221,2,1,1989,22,22,22,22,22,22,22,22,22,22
290222,1,1,1989,0,0,0,0,0,0,0,0,0,0
290222,2,1,1989,0,0,0,0,0,0,0,0,0,10
290223,1,1,1989,0,0,0,0,0,0,0,0,0,0
290223,2,1,1989,0,0,0,0,0,0,0,0,0,0
290223,3,1,1989,0,0,0,0,0,0,0,0,0,0
290223,4,1,1989,0,0,0,0,0,0,0,0,0,0
290224,1,1,1989,0,0,0,0,0,0,0,0,0,0
290224,2,1,1989,15,11,12,22,20,17,15,4,7,13
290225,1,1,1989,25,25,25,25,25,25,25,25,25,25
290226,1,1,1989,16,16,16,16,16,16,16,16,16,16
290227,1,1,1989,19,21,11,7,2,7,21,7,14,11
290228,1,1,1989,0,0,0,0,0,0,0,0,9,0
290228,2,1,1989,0,0,0,0,0,0,0,0,0,0
290229,1,1,1989,19,15,15,17,23,19,6,14,14,19
290230,0,1,1989,0,0,0,0,0,0,0,0,0,0
290230,1,1,1989,0,0,0,0,0,0,0,0,0,0
290231,0,1,1989,0,0,26,0,0,0,0,0,0,15
290231,1,1,1989,0,0,0,0,0,0,0,0,0,0
290232,1,1,1989,19,19,19,19,19,19,19,19,19,19
290233,1,1,1989,0,0,0,0,0,0,0,0,0,0
290233,2,1,1989,0,5,20,0,6,7,12,0,0,0
290234,1,1,1989,21,21,21,21,21,21,21,21,21,21
290235,1,1,1989,24,24,24,24,24,24,24,24,24,24
290236,1,1,1989,0,0,0,0,0,0,0,0,0,0
290236,2,1,1989,29,20,19,22,13,12,9,8,0,9
290237,1,1,1989,26,24,21,17,21,14,0,24,23,26
290238,1,1,1989,20,20,20,20,20,20,20,20,20,20
290239,1,1,1989,19,9,18,0,10,14,13,11,24,6
290240,1,1,1989,13,19,0,4,22,20,21,23,10,12
290240,2,1,1989,8,12,0,20,0,0,0,7,22,0
290241,1,1,1989,13,10,11,11,18,40,12,10,28,4
290241,2,1,1989,0,0,0,0,0,0,0,0,0,0
290242,1,1,1989,8,0,0,0,0,0,0,0,0,0
290242,2,1,1989,16,9,20,14,28,11,14,11,5,31
290243,1,1,1989,7,7,7,7,7,7,7,7,7,7
290243,2,1,1989,0,0,0,0,8,0,0,0,0,0
290244,0,1,1989,5,5,5,5,5,5,5,5,5,5
290244,0,3,1989,0,0,0,0,0,0,0,0,0,0
290244,1,1,1989,0,0,0,0,0,0,0,0,0,0
290245,1,1,1989,0,0,24,0,0,0,18,0,0,0
290245,2,1,1989,0,0,0,0,0,0,0,0,0,0
290246,1,1,1989,0,0,0,0,0,0,0,25,0,0
290247,0,1,1989,4,0,0,21,28,29,15,0,14,0
290247,1,1,1989,0,0,0,0,0,0,0,0,0,0
290248,1,1,1989,0,0,0,0,0,0,0,0,0,0
290249,1,1,1989,18,18,18,18,18,18,18,18,18,18
290250,0,1,1989,0,0,0,0,0,0,0,0,0,0
290250,1,1,1989,0,0,0,0,0,0,0,0,0,0
290251,1,1,1989,14,14,14,14,14,14,14,14,14,14
290251,2,1,1989,0,0,0,0,0,0,0,0,0,0
290252,1,1,1989,10,13,11,20,17,0,11,12,8,15
290252,2,1,1989,0,0,0,0,0,0,0,0,0,0
290253,1,1,1989,0,0,0,0,0,0,0,0,0,0
290253,2,1,1989,0,0,0,0,0,0,0,0,0,0
290254,1,1,1989,36,0,28,8,24,12,9,0,22,17
290254,2,1,1989,34,34,34,34,34,34,34,34,34,34
290255,1,1,1989,20,17,23,20,12,5,23,11,12,11
290256,1,1,1989,0,0,0,0,0,0,0,0,0,0
290256,2,1,1989,0,0,0,0,0,0,0,0,0,0
290257,0,1,1989,0,0,0,0,0,0,0,0,0,0
290257,1,1,1989,0,0,0,0,0,0,0,0,0,0
290258,1,1,1989,0,7,0,0,15,0,23,0,20,0
290258,2,1,1989,0,0,0,0,0,0,0,0,0,0
290259,1,1,1989,10,10,10,10,10,10,10,10,10,10
290260,1,1,1989,15,15,15,15,15,15,15,15,15,15
290261,1,1,1989,0,0,0,0,0,0,0,0,0,0
290262,1,1,1989,32,22,15,4,26,12,23,13,26,6
290263,1,1,1989,0,0,0,0,0,0,0,0,0,0
290263,2,1,1989,0,0,0,0,0,0,0,0,14,0
290264,1,1,1989,0,0,0,0,0,0,12,0,0,0
290264,2,1,1989,0,0,0,0,0,0,0,0,0,0
290265,1,1,1989,0,0,0,0,0,0,0,0,0,0
290266,1,1,1989,25,25,25,25,25,25,25,25,25,25
290267,1,1,1989,0,0,0,0,0,0,0,0,0,0
290267,2,1,1989,0,0,0,0,0,0,0,0,0,0
290268,1,1,1989,0,0,0,0,0,0,0,0,0,0
290268,2,1,1989,0,0,0,0,0,0,0,0,0,0
290269,0,1,1989,0,0,0,0,0,0,0,0,0,0
290269,1,1,1989,0,0,0,0,0,0,0,0,0,0
290270,1,1,1989,23,20,22,15,18,10,15,17,18,22
290271,1,1,1989,0,0,0,0,0,0,0,0,0,0
290272,1,1,1989,18,7,18,5,6,14,23,21,0,23
290272,2,1,1989,0,0,0,0,0,0,0,0,0,0
290273,0,1,1989,0,0,0,0,0,0,0,0,0,0
290273,1,1,1989,0,0,0,0,0,0,0,0,0,0
290274,1,1,1989,3,3,3,3,3,3,3,3,3,3
290275,1,1,1989,14,15,0,0,0,0,0,0,0,0
290275,2,1,1989,0,26,0,35,14,19,0,19,27,49
290275,3,1,1989,15,18,0,0,0,0,9,0,0,0
290276,1,1,1989,18,18,18,18,18,18,18,18,18,18
290276,2,1,1989,3,3,3,3,3,3,3,3,3,3
290277,1,1,1989,12,10,0,12,19,9,12,9,5,11
290278,1,1,1989,0,0,0,0,0,0,0,0,0,0
290278,2,1,1989,4,9,0,0,0,0,0,18,0,0
290279,1,1,1989,21,21,21,21,21,21,21,21,21,21
290279,2,1,1989,0,0,0,0,0,0,0,22,0,0
290280,1,1,1989,16,16,16,16,16,16,16,16,16,16
290281,1,1,1989,15,25,0,21,0,8,11,10,0,0
290281,2,1,1989,12,17,10,9,7,11,11,4,7,19
290282,1,1,1989,0,15,8,6,23,32,0,19,0,0
290283,1,1,1989,0,0,0,0,0,0,0,0,0,0
290283,2,1,1989,0,0,0,0,0,0,0,0,4,0
290284,1,1,1989,0,0,0,0,0,0,0,0,0,0
290284,2,1,1989,0,0,0,0,0,0,0,0,0,0
290285,1,1,1989,0,0,0,0,14,0,0,0,0,0
290285,2,1,1989,0,0,0,0,0,0,0,0,0,7
290286,1,1,1989,0,0,0,0,0,0,0,0,0,0
290286,2,1,1989,0,0,0,0,0,0,0,0,0,0
290287,1,1,1989,0,0,0,0,0,9,0,0,0,0
290288,1,1,1989,0,0,0,0,0,0,0,0,0,0
290289,1,1,1989,24,24,24,24,24,24,24,24,24,24
290290,1,1,1989,6,6,6,6,6,6,6,6,6,6
290291,1,1,1989,7,15,10,4,18,13,14,12,10,16
290292,1,1,1989,0,0,0,0,0,0,0,0,0,0
290292,2,1,1989,0,0,0,0,0,0,0,0,0,0
290293,1,1,1989,0,0,17,0,0,0,0,0,0,0
290293,2,1,1989,0,0,0,0,0,0,0,0,0,0
290294,0,1,1989,0,0,0,0,0,0,0,0,0,0
290294,1,1,1989,0,0,0,0,0,0,0,0,0,0
290295,1,1,1989,14,0,0,0,0,0,0,0,0,0
290295,2,1,1989,0,0,0,0,0,0,0,0,0,0
290296,1,1,1989,0,0,0,0,0,0,0,0,0,0
290297,1,1,1989,0,0,0,0,0,0,0,0,0,0
290297,2,1,1989,26,26,26,26,26,26,26,26,26,26
290297,3,1,1989,0,0,0,0,0,0,0,0,0,0
290298,1,1,1989,19,31,14,17,30,16,22,21,20,22
290299,1,1,1989,20,15,36,10,20,8,0,0,21,7
290300,1,1,1989,21,22,29,5,15,16,15,32,25,14
290301,1,1,1989,0,0,0,0,0,0,0,0,9,0
290301,2,1,1989,0,0,0,0,0,0,0,0,0,0
290302,1,1,1989,0,0,0,0,0,0,0,0,0,0
290303,1,1,1989,0,0,0,0,0,0,0,0,0,0
290304,1,1,1989,8,9,6,15,8,0,8,16,7,26
290304,2,1,1989,0,0,0,0,0,0,0,0,0,0
290305,1,1,1989,0,0,0,0,0,0,0,0,0,0
290306,1,1,1989,0,6,10,0,24,0,0,0,0,25
290307,1,1,1989,0,0,0,0,0,0,0,0,17,0
290307,2,1,1989,16,31,0,13,0,19,24,17,16,13
290308,1,1,1989,6,8,0,16,0,0,0,12,10,0
290309,1,1,1989,13,0,0,0,0,0,24,0,0,0
290310,1,1,1989,7,0,0,0,0,0,0,4,22,9
290311,1,1,1989,14,14,14,14,14,14,14,14,14,14
290312,1,1,1989,12,12,12,12,12,12,12,12,12,12
290313,1,1,1989,22,22,22,22,22,22,22,22,22,22
290314,1,1,1989,0,0,0,0,0,0,0,0,0,0
290314,2,1,1989,0,0,4,0,0,0,0,0,0,0
290314,3,1,1989,0,0,0,16,0,0,0,0,0,0
290314,4,1,1989,0,0,0,0,0,0,0,0,0,0
290315,1,1,1989,2,2,2,2,2,2,2,2,2,2
290316,1,1,1989,0,0,0,0,0,0,0,0,0,0
290316,2,1,1989,18,0,0,0,0,0,18,0,12,0
290317,1,1,1989,0,0,9,0,0,0,0,0,0,0
290317,2,1,1989,9,9,9,9,9,9,9,9,9,9
290318,0,1,1989,0,0,0,0,0,0,0,0,0,0
290318,1,1,1989,0,0,0,0,0,0,0,0,0,0
290319,1,1,1989,0,0,0,0,0,0,0,0,0,0
290319,2,1,1989,0,0,0,0,0,0,0,0,0,0
290320,1,1,1989,0,0,0,0,0,0,0,0,0,0
290321,0,1,1989,0,0,0,0,0,0,0,0,0,0
290321,1,1,1989,0,0,0,11,25,0,0,0,6,17
290322,1,1,1989,0,0,0,0,0,0,0,0,0,0
290323,1,1,1989,16,0,0,0,0,0,0,0,0,0
290324,0,1,1989,3,3,3,3,3,3,3,3,3,3
290324,1,1,1989,0,0,0,0,0,0,0,0,0,0
290325,1,1,1989,14,14,14,14,14,14,14,14,14,14
290326,1,1,1989,0,0,13,0,0,0,0,0,0,0
290327,1,1,1989,8,8,8,8,8,8,8,8,8,8
290328,1,1,1989,17,17,17,17,17,17,17,17,17,17
290329,0,1,1989,0,0,5,0,0,0,0,0,0,0
290329,1,1,1989,0,0,0,0,0,0,0,13,0,0
290330,1,1,1989,0,0,0,0,0,0,0,0,0,0
290330,2,1,1989,4,0,0,0,20,0,0,12,0,0
290331,1,1,1989,0,0,0,0,0,0,0,0,0,0
290332,1,1,1989,0,0,0,0,0,0,0,0,0,0
290332,2,1,1989,0,0,0,0,0,0,0,0,0,9
290333,1,1,1989,0,15,6,15,11,15,7,13,7,5
290333,2,1,1989,20,0,0,0,0,0,0,0,0,0
290334,1,1,1989,17,17,17,17,17,17,17,17,17,17
290335,1,1,1989,23,23,23,23,23,23,23,23,23,23
290336,1,1,1989,0,0,0,0,0,0,0,0,0,0
290337,1,1,1989,19,19,19,19,19,19,19,19,19,19
290338,0,1,1989,0,0,0,0,0,0,0,0,0,0
290338,1,1,1989,0,9,0,0,0,0,0,0,0,0
290339,1,1,1989,32,32,32,32,32,32,32,32,32,32
290339,2,1,1989,13,0,7,0,0,3,0,0,0,0
290340,1,1,1989,22,22,22,22,22,22,22,22,22,22
290341,1,1,1989,0,0,0,0,0,0,0,0,0,0
290341,2,1,1989,0,0,0,0,0,0,0,0,0,0
290341,3,1,1989,0,0,0,0,0,0,0,0,0,0
290342,1,1,1989,27,27,27,27,27,27,27,27,27,27
290342,2,1,1989,0,0,0,0,22,0,0,0,33,15
290342,3,1,1989,0,0,12,0,0,0,0,0,0,14
290342,4,1,1989,0,0,0,0,0,0,0,0,0,0
290343,1,1,1989,24,18,15,16,0,16,14,24,21,12
290344,1,1,1989,0,0,0,0,0,0,0,0,0,0
290344,2,1,1989,0,0,0,0,0,0,0,0,0,0
290345,1,1,1989,0,0,0,0,0,0,0,0,0,0
290345,2,1,1989,0,0,0,0,0,0,0,0,0,6
290346,0,1,1989,33,33,33,33,33,33,33,33,33,33
290346,1,1,1989,0,0,0,0,0,0,0,0,0,0
290347,1,1,1989,0,0,0,0,0,0,0,0,0,0
290347,2,1,1989,0,0,0,0,0,0,0,0,0,0
290348,1,1,1989,0,0,18,0,0,21,9,0,0,9
290349,1,1,1989,0,0,0,0,0,0,0,0,0,0
290349,2,1,1989,0,0,0,0,0,0,0,0,0,0
290350,1,1,1989,7,0,0,0,0,0,4,0,0,0
290350,2,1,1989,0,0,0,0,0,0,0,0,0,0
290351,1,1,1989,24,24,24,24,24,24,24,24,24,24
290352,1,1,1989,5,0,7,16,4,20,10,11,6,14
290352,2,1,1989,0,0,0,0,0,0,0,0,0,0
290353,1,1,1989,0,0,0,26,0,0,0,0,14,23
290354,0,1,1989,40,40,40,40,40,40,40,40,40,40
290354,1,1,1989,0,0,0,0,0,0,0,0,0,0
290355,1,1,1989,21,21,21,21,21,21,21,21,21,21
290356,1,1,1989,6,6,6,6,6,6,6,6,6,6
290356,2,1,1989,0,0,0,24,0,0,0,0,0,0
290357,1,1,1989,0,0,0,0,0,0,0,0,0,0
290357,2,1,1989,0,0,0,0,0,0,0,0,0,0
290358,1,1,1989,17,17,17,17,17,17,17,17,17,17
290359,1,1,1989,0,0,0,0,0,0,0,0,0,0
290359,2,1,1989,0,0,0,0,0,0,0,0,0,0
290359,3,1,1989,0,0,0,0,0,0,0,0,0,0
290360,1,1,1989,0,0,0,0,0,0,0,0,0,0
290360,2,1,1989,0,0,0,0,0,0,0,0,0,0
290361,1,1,1989,0,0,0,0,0,0,0,0,0,0
290361,2,1,1989,0,0,0,0,0,0,0,0,0,0
290362,1,1,1989,0,0,0,0,0,0,0,0,0,0
290362,2,1,1989,0,0,0,0,0,0,0,0,0,0
290363,1,1,1989,21,21,21,21,21,21,21,21,21,21
290363,2,1,1989,0,0,0,0,0,0,0,0,0,0
290364,1,1,1989,10,10,10,10,10,10,10,10,10,10
290365,1,1,1989,0,0,0,0,0,0,0,0,0,0
290365,2,1,1989,0,0,0,0,0,0,0,0,0,0
290366,1,1,1989,0,0,0,0,0,0,0,0,0,0
290367,1,1,1989,16,16,16,16,16,16,16,16,16,16
290368,1,1,1989,0,0,0,0,0,0,0,0,0,0
290368,2,1,1989,5,5,5,5,5,5,5,5,5,5
290369,1,1,1989,26,15,17,21,10,17,48,30,20,19
290370,1,1,1989,0,0,0,0,0,0,0,0,0,0
290370,2,1,1989,0,0,0,0,0,0,0,0,0,0
290371,1,1,1989,20,21,32,47,16,15,8,24,34,12
290372,1,1,1989,13,13,13,13,13,13,13,13,13,13
290373,1,1,1989,7,7,7,7,7,7,7,7,7,7
290374,1,1,1989,0,0,0,0,0,0,0,0,0,0
290375,1,1,1989,0,0,15,15,11,20,0,0,0,13
290376,0,1,1989,0,0,0,0,0,0,0,0,0,0
290376,1,1,1989,0,0,0,0,0,0,0,0,0,0
290377,1,1,1989,0,0,0,0,0,0,0,0,0,0
290378,1,1,1989,0,0,0,16,0,0,0,0,0,0
290378,2,1,1989,0,0,0,0,0,0,0,0,0,0
290379,1,1,1989,0,28,0,10,0,0,12,0,0,0
290380,1,1,1989,30,30,30,30,30,30,30,30,30,30
290380,2,1,1989,18,0,0,28,17,0,0,0,0,0
290381,1,1,1989,0,0,16,0,0,0,0,0,0,0
290382,1,1,1989,0,0,0,0,0,0,0,0,0,0
290382,2,1,1989,15,10,6,10,16,16,13,4,7,7
290383,1,1,1989,0,0,0,0,0,0,0,0,0,0
290384,1,1,1989,11,16,5,0,40,22,17,8,0,13
290385,1,1,1989,20,20,20,20,20,20,20,20,20,20
290386,1,1,1989,0,0,0,0,0,0,0,0,0,0
290387,1,1,1989,17,17,17,17,17,17,17,17,17,17
290387,2,1,1989,0,0,0,0,0,0,0,0,0,0
290387,3,1,1989,0,0,0,0,0,0,0,0,0,0
290388,1,1,1989,0,0,0,0,0,0,0,0,0,0