ST_CASE,VEH_NO,PER_NO,YEAR,P1,P2,P3,P4,P5,P6,P7,P8,P9,P10
290389,1,1,1989,18,18,18,18,18,18,18,18,18,18
290389,2,1,1989,15,15,15,15,15,15,15,15,15,15
290390,1,1,1989,16,14,7,18,25,26,15,22,11,8
290391,1,1,1989,23,12,19,17,22,25,14,29,5,12
290392,0,1,1989,20,20,20,20,20,20,20,20,20,20
290392,1,1,1989,5,14,19,18,10,16,11,9,16,15
290393,1,1,1989,0,0,0,0,0,0,0,0,0,0
290393,2,1,1989,0,0,0,0,0,0,0,0,0,0
290394,1,1,1989,0,0,0,0,0,0,0,15,0,12
290394,2,1,1989,0,0,0,0,0,0,0,0,0,0
290395,1,1,1989,0,11,5,0,18,13,0,22,0,6
290396,1,1,1989,24,24,24,24,24,24,24,24,24,24
290397,1,1,1989,0,0,0,0,0,0,0,0,0,0
290397,2,1,1989,0,0,0,0,0,0,0,0,0,0
290398,1,1,1989,29,29,29,29,29,29,29,29,29,29
290399,1,1,1989,0,0,0,0,0,0,0,0,0,0
290399,2,1,1989,0,0,0,0,0,0,0,0,0,0
290400,1,1,1989,18,15,13,16,6,0,13,3,20,19
290401,1,1,1989,9,9,9,9,9,9,9,9,9,9
290402,0,1,1989,0,0,0,0,0,0,0,0,0,0
290402,1,1,1989,18,8,14,8,0,22,11,6,0,0
290403,1,1,1989,0,0,0,0,0,0,0,0,0,0
290403,2,1,1989,0,0,24,0,0,0,0,9,0,23
290404,1,1,1989,20,20,20,20,20,20,20,20,20,20
290405,1,1,1989,0,0,0,0,0,0,0,0,0,0
290406,1,1,1989,0,0,0,0,0,0,0,0,0,0
290406,2,1,1989,0,0,0,0,0,0,0,0,0,0
290407,1,1,1989,17,17,17,17,17,17,17,17,17,17
290408,1,1,1989,8,8,8,8,8,8,8,8,8,8
290409,1,1,1989,0,9,38,9,32,22,15,17,16,38
290410,1,1,1989,16,12,9,0,10,0,0,0,0,21
290410,2,1,1989,11,18,5,25,7,12,11,4,5,8
290411,1,1,1989,5,5,5,5,5,5,5,5,5,5
290412,1,1,1989,5,21,0,13,30,20,21,29,18,38
290413,1,1,1989,31,23,17,24,27,23,17,29,14,27
290414,1,1,1989,0,0,0,0,0,0,0,0,0,0
290414,2,1,1989,13,13,13,13,13,13,13,13,13,13
290415,1,1,1989,0,0,0,0,0,0,0,0,0,0
290415,2,1,1989,0,0,0,0,0,0,0,0,0,0
290416,1,1,1989,0,0,8,0,0,14,15,0,0,0
290416,2,1,1989,8,23,16,28,12,21,15,14,6,13
290417,1,1,1989,31,31,31,31,31,31,31,31,31,31
290418,1,1,1989,0,0,0,13,0,0,0,0,0,0
290418,2,1,1989,0,12,0,0,0,0,0,15,0,0
290419,1,1,1989,0,0,0,13,0,0,0,0,0,0
290419,2,1,1989,14,0,11,0,0,0,0,0,12,0
290419,3,1,1989,0,0,0,0,0,0,0,0,0,0
290419,4,1,1989,0,0,8,0,0,0,0,0,0,24
290420,1,1,1989,0,0,0,0,0,12,17,0,0,0
290421,1,1,1989,0,25,0,0,20,28,19,17,0,21
290422,0,1,1989,22,22,22,22,22,22,22,22,22,22
290422,1,1,1989,10,13,23,22,9,22,5,12,3,6
290423,1,1,1989,9,19,27,16,29,4,13,7,13,20
290423,2,1,1989,0,0,0,0,0,0,0,0,0,0
290423,3,1,1989,15,4,0,14,13,4,0,0,0,0
290424,1,1,1989,13,0,0,0,0,0,0,0,0,0
290425,1,1,1989,0,0,0,0,0,15,0,0,0,0
290425,2,1,1989,0,0,0,0,0,0,0,0,0,0
290426,1,1,1989,0,0,0,0,0,0,0,0,0,0
290427,1,1,1989,0,0,0,0,0,0,0,0,0,0
290428,1,1,1989,5,5,5,5,5,5,5,5,5,5
290428,2,1,1989,0,0,0,0,0,0,0,0,0,0
290429,0,1,1989,0,0,0,0,0,0,0,0,0,0
290429,1,1,1989,0,0,0,0,0,0,0,0,0,0
290430,1,1,1989,31,31,31,31,31,31,31,31,31,31
290430,2,1,1989,0,0,0,0,0,0,0,0,0,0
290431,1,1,1989,11,9,15,12,0,0,0,17,10,0
290432,1,1,1989,0,12,17,36,19,12,30,23,12,23
290433,1,1,1989,0,0,0,0,0,0,0,0,0,0
290434,1,1,1989,26,26,26,26,26,26,26,26,26,26
290435,1,1,1989,0,0,0,0,0,0,0,0,0,0
290435,2,1,1989,3,0,0,2,9,0,0,0,0,0
290436,1,1,1989,21,8,0,2,0,17,11,9,7,9
290437,1,1,1989,15,5,0,0,0,0,0,0,0,0
290437,2,1,1989,0,0,0,0,0,0,0,0,0,0
290438,1,1,1989,5,20,0,16,0,32,14,13,9,0
290438,2,1,1989,0,0,0,6,0,0,0,0,0,12
290439,1,1,1989,0,0,9,11,21,12,12,17,9,16
290440,1,1,1989,19,18,17,12,22,31,18,26,17,11
290440,2,1,1989,9,9,9,9,9,9,9,9,9,9
290441,1,1,1989,5,14,2,0,11,19,14,0,11,11
290442,1,1,1989,15,15,15,15,15,15,15,15,15,15
290443,1,1,1989,0,0,0,0,0,0,0,0,0,0
290443,2,1,1989,0,0,0,0,0,0,0,0,12,0
290444,1,1,1989,29,29,29,29,29,29,29,29,29,29
290445,1,1,1989,21,21,21,21,21,21,21,21,21,21
290446,1,1,1989,19,6,0,15,15,12,9,12,16,14
290447,1,1,1989,13,11,16,25,13,26,20,20,34,0
290448,1,1,1989,0,0,0,0,0,0,0,0,0,0
290449,1,1,1989,0,0,0,0,0,0,0,0,0,0
290449,2,1,1989,13,11,16,9,8,0,15,20,11,0
290450,1,1,1989,0,0,0,0,27,6,10,12,10,0
290450,2,1,1989,22,22,22,22,22,22,22,22,22,22
290451,1,1,1989,25,13,8,0,19,6,0,15,17,23
290451,2,1,1989,0,0,0,0,0,18,0,0,0,0
290451,3,1,1989,0,0,0,0,0,0,0,18,0,0
290452,1,1,1989,0,0,0,0,0,0,0,0,0,0
290452,2,1,1989,0,0,0,0,0,0,0,0,0,0
290453,0,1,1989,0,0,0,0,0,0,0,0,0,0
290453,1,1,1989,0,0,0,0,0,0,0,0,0,9
290454,1,1,1989,12,19,41,5,31,25,8,26,14,19
290455,1,1,1989,0,0,0,0,0,0,0,0,0,0
290455,2,1,1989,0,0,0,0,0,0,0,0,0,0
290456,1,1,1989,0,0,0,20,0,0,0,0,0,0
290456,2,1,1989,0,0,0,0,0,0,0,0,0,0
290457,1,1,1989,24,24,24,24,24,24,24,24,24,24
290457,2,1,1989,0,0,0,0,0,0,16,0,10,0
290458,1,1,1989,7,19,11,13,19,5,13,15,11,24
290459,1,1,1989,0,0,11,23,0,0,0,5,10,15
290460,1,1,1989,0,0,0,0,0,0,0,0,0,0
290460,2,1,1989,0,0,0,0,0,0,0,0,0,0
290461,1,1,1989,14,19,6,18,34,20,14,9,28,8
290462,1,1,1989,26,26,26,26,26,26,26,26,26,26
290462,2,1,1989,0,0,0,0,13,0,0,0,0,0
290463,1,1,1989,2,23,26,20,19,22,7,23,5,18
290464,1,1,1989,0,0,0,0,0,0,0,0,0,0
290465,1,1,1989,18,18,18,18,18,18,18,18,18,18
290466,1,1,1989,14,14,14,14,14,14,14,14,14,14
290467,1,1,1989,18,18,18,18,18,18,18,18,18,18
290467,2,1,1989,14,14,14,14,14,14,14,14,14,14
290468,1,1,1989,2,2,2,2,2,2,2,2,2,2
290469,1,1,1989,0,0,0,2,0,0,0,0,0,15
290470,1,1,1989,8,8,8,8,8,8,8,8,8,8
290471,1,1,1989,0,0,0,0,0,0,0,0,0,0
290471,2,1,1989,0,0,0,0,0,0,13,0,0,0
290472,1,1,1989,5,34,0,0,0,0,22,20,0,0
290472,2,1,1989,0,0,22,0,21,0,12,0,8,0
290473,0,1,1989,0,0,0,0,0,0,0,0,0,0
290473,1,1,1989,0,0,0,0,0,0,4,26,0,7
290473,2,1,1989,0,19,0,0,0,0,0,0,0,0
290473,3,1,1989,0,0,0,0,0,0,0,0,0,0
290473,4,1,1989,0,16,0,0,0,0,0,0,0,0
290474,1,1,1989,0,27,0,15,0,0,0,11,15,0
290475,0,1,1989,1,1,1,1,1,1,1,1,1,1
290475,1,1,1989,0,0,12,0,0,0,11,0,0,0
290476,1,1,1989,0,0,0,0,0,0,0,0,0,0
290477,1,1,1989,0,0,0,0,0,0,0,0,0,0
290478,1,1,1989,0,0,0,18,0,0,0,0,0,2
290479,1,1,1989,0,0,0,0,0,0,0,0,0,0
290480,1,1,1989,9,11,0,0,0,0,0,0,0,0
290480,2,1,1989,0,0,0,0,19,0,0,0,0,0
290481,0,1,1989,0,0,0,0,0,0,0,0,0,0
290481,1,1,1989,0,0,0,9,0,0,0,0,0,0
290482,1,1,1989,0,0,0,0,0,0,0,0,0,0
290482,2,1,1989,0,0,0,0,0,0,0,0,0,0
290483,1,1,1989,0,0,0,0,0,0,0,0,0,0
290484,1,1,1989,0,0,0,0,18,0,0,0,0,11
290484,2,1,1989,6,10,20,23,23,17,12,4,32,10
290485,1,1,1989,8,9,6,5,25,27,12,11,14,28
290486,1,1,1989,6,6,6,6,6,6,6,6,6,6
290486,2,1,1989,0,0,0,0,0,0,0,14,0,13
290487,1,1,1989,0,0,0,0,0,24,11,0,0,0
290487,2,1,1989,0,19,0,0,0,0,0,0,0,0
290488,1,1,1989,0,0,0,0,0,0,0,0,0,0
290489,1,1,1989,36,36,36,36,36,36,36,36,36,36
290490,1,1,1989,10,12,24,14,7,9,8,9,3,9
290490,2,1,1989,0,0,0,0,0,0,0,0,0,0
290491,1,1,1989,27,14,14,18,0,17,20,14,17,25
290492,1,1,1989,0,0,0,0,0,0,0,0,0,0
290492,2,1,1989,0,0,15,0,0,0,0,0,0,0
290493,1,1,1989,0,0,0,0,0,0,0,0,0,0
290493,2,1,1989,0,0,0,0,0,0,0,0,0,0
290494,1,1,1989,0,0,0,0,0,0,0,25,0,0
290495,1,1,1989,7,7,7,7,7,7,7,7,7,7
290496,0,2,1989,0,0,0,0,0,0,0,0,0,0
290496,1,1,1989,0,0,0,0,0,0,0,0,0,0
290496,2,1,1989,0,0,0,0,6,0,0,0,0,0
290497,1,1,1989,0,0,0,0,0,0,0,0,0,0
290497,2,1,1989,0,0,0,0,0,0,0,0,0,0
290498,1,1,1989,0,0,0,0,0,0,0,0,0,0
290499,1,1,1989,0,5,15,0,0,0,0,0,0,0
290499,2,1,1989,0,0,0,0,0,0,0,0,0,0
290500,1,1,1989,0,0,0,0,0,0,0,0,0,0
290500,2,1,1989,0,0,0,0,0,0,0,0,0,0
290501,1,1,1989,0,0,0,0,0,0,0,0,0,0
290501,2,1,1989,10,0,0,0,0,0,0,0,0,0
290501,3,1,1989,0,0,0,0,0,0,0,0,0,0
290502,1,1,1989,0,0,0,18,16,0,0,0,0,0
290502,2,1,1989,0,0,0,0,4,0,0,0,0,14
290503,1,1,1989,0,0,0,0,0,0,0,0,0,0
290503,2,1,1989,0,0,0,0,8,10,0,9,0,0
290504,1,1,1989,19,19,19,19,19,19,19,19,19,19
290505,1,1,1989,27,7,6,20,11,8,17,19,12,23
290506,1,1,1989,6,6,6,6,6,6,6,6,6,6
290507,1,1,1989,12,12,12,12,12,12,12,12,12,12
290508,1,1,1989,5,5,5,5,5,5,5,5,5,5
290509,0,1,1989,0,0,0,0,0,0,0,0,0,0
290509,1,1,1989,0,0,0,0,0,0,0,0,0,0
290510,1,1,1989,15,15,15,15,15,15,15,15,15,15
290511,1,1,1989,4,0,0,0,0,0,0,0,0,0
290511,2,1,1989,0,0,0,0,0,0,0,0,29,13
290512,1,1,1989,0,0,0,0,0,0,0,0,0,0
290512,2,1,1989,0,15,0,0,0,0,0,12,0,0
290513,1,1,1989,21,0,0,33,0,0,0,0,0,0
290513,2,1,1989,0,0,0,7,13,0,29,16,20,10
290514,1,1,1989,0,0,0,0,0,0,0,0,0,0
290514,2,1,1989,0,0,0,0,0,0,0,0,0,0
290515,0,1,1989,15,0,0,0,5,0,0,14,16,14
290515,1,1,1989,0,0,6,0,9,0,0,0,0,15
290516,1,1,1989,0,0,0,0,0,0,0,0,0,0
290516,2,1,1989,0,0,0,0,0,0,0,0,24,0
290517,1,1,1989,34,34,34,34,34,34,34,34,34,34
290518,1,1,1989,0,0,0,0,0,0,0,0,0,0
290518,2,1,1989,0,0,0,0,0,0,0,0,0,0
290519,1,1,1989,0,0,0,0,0,0,0,0,0,0
290520,1,1,1989,0,0,0,0,0,0,0,0,0,10
290520,2,1,1989,0,0,0,0,0,0,0,0,0,0
290521,1,1,1989,0,0,0,0,0,0,0,0,0,0
290522,0,1,1989,33,33,33,33,33,33,33,33,33,33
290522,1,1,1989,3,0,10,0,0,9,0,0,0,23
290523,1,1,1989,16,19,14,17,30,12,11,25,16,24
290524,1,1,1989,1,1,1,1,1,1,1,1,1,1
290525,1,1,1989,13,13,13,13,13,13,13,13,13,13
290526,1,1,1989,0,7,0,0,0,0,0,0,0,0
290526,2,1,1989,0,0,0,0,19,0,0,0,0,11
290527,0,1,1989,28,28,28,28,28,28,28,28,28,28
290527,1,1,1989,0,0,0,0,0,0,0,10,0,0
290528,1,1,1989,19,19,19,19,19,19,19,19,19,19
290529,1,1,1989,0,0,0,0,13,0,0,0,0,0
290530,0,1,1989,0,0,0,0,0,0,0,0,0,0
290530,1,1,1989,0,0,0,0,0,0,0,0,0,0
290531,1,1,1989,0,5,0,0,0,0,0,0,0,0
290531,2,1,1989,26,26,26,26,26,26,26,26,26,26
290533,1,1,1989,33,33,33,33,33,33,33,33,33,33
290534,1,1,1989,0,0,0,0,0,0,0,0,0,0
290534,2,1,1989,0,0,0,0,0,0,0,0,0,0
290535,1,1,1989,0,31,0,37,0,0,0,0,0,0
290536,1,1,1989,16,8,12,18,3,16,9,14,7,22
290537,1,1,1989,17,17,17,17,17,17,17,17,17,17
290537,2,1,1989,0,0,0,0,0,0,13,8,0,0
290538,1,1,1989,0,0,0,0,0,0,0,0,0,0
290539,1,1,1989,0,0,0,0,0,0,0,0,0,0
290540,0,1,1989,0,0,0,0,0,0,0,0,0,0
290540,1,1,1989,0,0,0,17,0,0,0,0,29,0
290541,1,1,1989,0,0,0,0,0,0,0,0,0,0
290542,1,1,1989,8,8,8,8,8,8,8,8,8,8
290542,2,1,1989,0,0,0,0,0,0,0,0,0,0
290543,1,1,1989,0,0,0,0,0,0,0,18,0,0
290543,2,1,1989,0,0,0,0,0,0,0,0,0,0
290544,1,1,1989,0,30,15,8,0,23,9,0,18,0
290544,2,1,1989,0,0,0,0,0,0,0,0,0,0
290545,1,1,1989,8,0,19,29,0,0,0,0,14,0
290545,2,1,1989,0,13,0,0,0,19,0,9,0,0
290546,1,1,1989,23,23,23,23,23,23,23,23,23,23
290547,1,1,1989,12,12,12,12,12,12,12,12,12,12
290548,1,1,1989,0,0,0,0,0,0,0,0,0,0
290548,2,1,1989,0,0,0,0,0,0,0,0,0,0
290549,1,1,1989,31,31,31,31,31,31,31,31,31,31
290550,1,1,1989,13,17,23,20,19,5,12,9,0,15
290550,2,1,1989,8,0,0,0,0,0,0,0,0,0
290551,1,1,1989,4,4,4,4,4,4,4,4,4,4
290552,1,1,1989,0,0,0,0,0,0,0,0,0,0
290552,2,1,1989,0,0,0,0,0,0,0,0,0,0
290553,1,1,1989,16,0,26,22,0,0,0,0,18,12
290553,2,1,1989,21,21,21,21,21,21,21,21,21,21
290553,3,1,1989,0,0,0,0,0,0,0,0,0,0
290553,4,1,1989,0,0,24,0,0,15,0,17,19,0
290554,1,1,1989,28,15,13,27,17,18,18,27,19,24
290555,1,1,1989,18,18,18,18,18,18,18,18,18,18
290555,2,1,1989,0,0,0,0,0,0,0,0,0,0
290556,1,1,1989,0,0,7,0,3,16,0,2,10,0
290556,2,1,1989,0,0,0,0,0,0,0,0,0,0
290557,1,1,1989,9,15,0,15,0,0,0,0,0,0
290557,2,1,1989,18,18,18,18,18,18,18,18,18,18
290558,1,1,1989,3,22,19,24,16,12,9,12,16,16
290559,1,1,1989,18,18,18,18,18,18,18,18,18,18
290560,1,1,1989,0,0,0,0,0,0,0,0,0,0
290561,1,1,1989,25,0,12,0,0,17,0,0,0,0
290562,1,1,1989,28,0,13,0,18,0,30,21,0,0
290563,1,1,1989,20,20,20,20,20,20,20,20,20,20
290564,1,1,1989,0,0,0,0,0,0,0,0,0,0
290565,1,1,1989,19,7,15,18,14,13,22,5,19,15
290565,2,1,1989,0,0,0,0,0,0,0,0,0,0
290566,1,1,1989,25,11,37,33,21,31,31,30,21,11
290567,1,1,1989,29,29,29,29,29,29,29,29,29,29
290568,1,1,1989,0,0,0,0,0,0,0,0,0,0
290568,2,1,1989,0,0,0,0,0,0,0,0,0,0
290569,1,1,1989,0,0,0,0,0,0,0,0,0,0
290569,2,1,1989,0,0,0,0,0,0,0,0,0,0
290570,1,1,1989,0,0,0,8,0,0,0,0,0,0
290570,2,1,1989,0,0,0,0,0,0,0,0,0,13
290571,1,1,1989,27,27,27,27,27,27,27,27,27,27
290572,1,1,1989,17,0,0,16,0,0,6,12,9,0
290572,2,1,1989,9,16,14,10,37,13,23,9,18,18
290573,1,1,1989,15,15,15,15,15,15,15,15,15,15
290574,1,1,1989,0,20,0,0,0,0,14,0,0,0
290575,1,1,1989,10,0,0,0,0,0,4,18,0,16
290576,1,1,1989,6,14,28,12,14,0,16,15,20,16
290576,2,1,1989,0,0,0,0,0,0,0,0,0,0
290577,1,1,1989,0,0,0,0,0,0,0,0,0,0
290577,2,1,1989,25,25,25,25,25,25,25,25,25,25
290578,0,1,1989,0,0,0,0,0,0,0,0,0,0
290578,1,1,1989,19,19,19,19,19,19,19,19,19,19
290579,1,1,1989,0,0,0,0,0,0,0,0,0,0
290579,2,1,1989,0,0,0,0,0,0,0,0,0,0
290579,3,1,1989,0,0,0,0,16,0,0,0,0,0
290580,1,1,1989,20,17,0,0,11,11,17,9,7,21
290580,2,1,1989,0,0,0,0,0,0,0,0,0,0
290581,0,1,1989,0,14,35,27,0,9,37,8,0,7
290581,0,2,1989,0,0,0,0,0,0,0,9,15,0
290581,0,3,1989,0,0,0,0,0,0,0,22,0,0
290581,1,1,1989,11,11,0,0,29,0,7,13,21,7
290582,1,1,1989,27,17,28,0,0,0,0,0,0,0
290582,2,1,1989,0,0,0,0,0,0,0,0,0,0
290583,1,1,1989,16,16,16,16,16,16,16,16,16,16
290584,1,1,1989,0,0,0,0,0,0,0,0,0,0
290584,2,1,1989,0,0,0,0,0,0,0,0,0,0
290585,1,1,1989,0,0,0,0,0,0,0,0,0,0
290586,1,1,1989,0,0,0,0,0,0,0,0,0,0
290587,1,1,1989,0,0,0,20,0,0,0,0,0,23
290587,2,1,1989,0,0,0,0,0,0,10,0,0,0
290588,1,1,1989,0,0,0,0,0,0,0,0,0,0
290589,0,1,1989,0,0,0,0,0,0,0,0,0,0
290589,1,1,1989,18,18,18,18,18,18,18,18,18,18
290590,0,1,1989,8,10,31,4,6,37,10,35,6,26
290590,1,1,1989,0,21,33,0,9,13,0,0,14,18
290591,1,1,1989,0,0,0,0,0,0,0,0,0,0
290591,2,1,1989,0,0,0,0,0,0,0,0,20,0
290592,1,1,1989,23,23,23,23,23,23,23,23,23,23
290592,2,1,1989,0,0,0,0,0,0,0,0,0,0
290592,3,1,1989,15,10,14,4,6,11,14,20,12,17
290593,1,1,1989,1,1,1,1,1,1,1,1,1,1
290593,2,1,1989,0,0,0,0,0,0,0,0,0,0
290593,3,1,1989,0,0,0,0,0,0,0,0,0,0
290593,4,1,1989,0,0,0,0,0,0,0,0,0,0
290594,1,1,1989,24,11,30,29,26,24,11,13,29,25
290595,1,1,1989,0,0,0,6,0,0,0,0,0,0
290596,1,1,1989,12,12,12,12,12,12,12,12,12,12
290597,1,1,1989,0,0,0,0,0,0,0,0,0,0
290598,1,1,1989,20,20,20,20,20,20,20,20,20,20
290599,1,1,1989,22,22,22,22,22,22,22,22,22,22
290600,0,1,1989,0,0,0,0,0,0,0,0,0,0
290600,1,1,1989,0,0,0,0,0,0,18,0,0,0
290601,1,1,1989,0,0,0,0,0,0,0,0,0,0
290601,2,1,1989,0,0,0,0,0,0,0,13,0,0
290602,0,1,1989,0,0,0,0,0,0,0,0,0,0
290602,1,1,1989,0,0,0,0,0,0,0,0,0,0
290603,1,1,1989,23,23,23,23,23,23,23,23,23,23
290604,0,1,1989,25,25,25,25,25,25,25,25,25,25
290604,1,1,1989,0,0,0,0,0,0,0,0,0,0
290605,1,1,1989,9,9,9,9,9,9,9,9,9,9
290606,1,1,1989,0,0,3,0,0,0,0,0,0,26
290607,1,1,1989,17,17,17,17,17,17,17,17,17,17
290607,2,1,1989,12,0,27,24,0,8,18,37,13,0
290607,3,1,1989,11,8,7,10,12,13,18,28,0,13
290607,4,1,1989,20,10,0,21,0,19,15,21,28,13
290608,0,1,1989,18,18,18,18,18,18,18,18,18,18
290608,1,1,1989,0,16,0,0,0,0,0,0,0,0
290609,1,1,1989,0,0,0,0,0,0,0,0,0,0
290609,2,1,1989,0,0,0,0,0,0,0,0,0,0
290609,3,1,1989,0,0,0,0,0,0,0,0,0,0
290610,1,1,1989,22,22,22,22,22,22,22,22,22,22
290611,1,1,1989,23,19,0,0,29,0,0,0,11,0
290612,1,1,1989,0,0,0,0,0,0,0,0,0,0
290612,2,1,1989,0,0,0,12,0,0,0,12,0,0
290612,3,1,1989,0,0,0,0,0,0,0,0,0,0
290613,1,1,1989,28,15,26,13,23,8,18,0,26,35
290614,1,1,1989,0,0,0,0,0,0,0,0,0,0
290614,2,1,1989,15,15,15,15,15,15,15,15,15,15
290615,1,1,1989,33,33,33,33,33,33,33,33,33,33
290616,1,1,1989,24,24,24,24,24,24,24,24,24,24
290617,1,1,1989,8,11,20,0,0,0,0,0,21,0
290618,1,1,1989,8,0,0,0,0,0,0,0,0,0
290618,2,1,1989,0,0,0,0,21,0,0,0,0,0
290619,1,1,1989,41,41,41,41,41,41,41,41,41,41
290620,1,1,1989,23,23,23,23,23,23,23,23,23,23
290621,1,1,1989,20,20,20,20,20,20,20,20,20,20
290622,1,1,1989,0,0,0,0,0,0,0,0,0,0
290622,2,1,1989,0,0,0,0,0,0,0,0,0,0
290623,1,1,1989,0,0,0,0,0,0,0,0,0,0
290623,2,1,1989,0,0,0,0,0,6,19,0,0,0
290623,3,1,1989,0,0,18,0,0,15,0,0,0,0
290624,1,1,1989,15,0,0,0,0,24,0,0,18,24
290624,2,1,1989,18,27,15,33,11,28,11,26,13,14
290625,1,1,1989,0,0,0,0,0,0,0,0,0,0
290626,1,1,1989,0,0,0,0,0,0,0,0,0,0
290627,1,1,1989,0,0,0,0,0,0,0,0,0,0
290627,2,1,1989,0,0,0,0,0,0,0,0,0,0
290628,1,1,1989,0,0,0,0,0,0,0,0,0,0
290628,2,1,1989,0,0,0,0,13,37,0,0,0,0
290629,1,1,1989,30,30,30,30,30,30,30,30,30,30
290629,2,1,1989,0,0,0,0,22,0,0,0,0,11
290629,3,1,1989,0,0,0,0,0,0,0,0,0,0
290630,1,1,1989,7,16,21,0,11,14,0,18,0,28
290630,2,1,1989,14,13,17,17,18,24,10,9,19,12
290631,0,1,1989,23,23,23,23,23,23,23,23,23,23
290631,1,1,1989,0,8,0,0,0,0,12,0,0,0
290632,1,1,1989,15,15,15,15,15,15,15,15,15,15
290632,2,1,1989,0,8,30,4,0,10,15,0,0,0
290633,1,1,1989,26,26,26,26,26,26,26,26,26,26
290634,1,1,1989,23,23,23,23,23,23,23,23,23,23
290635,1,1,1989,0,0,0,6,0,0,14,0,8,16
290636,1,1,1989,0,0,0,25,0,21,0,0,0,24
290637,0,1,1989,20,0,0,0,0,0,0,22,23,0
290637,1,1,1989,0,0,0,0,18,0,0,0,12,0
290638,1,1,1989,0,0,0,0,0,0,0,0,0,0
290638,2,1,1989,0,0,0,0,0,0,0,0,0,0
290639,1,1,1989,0,0,0,0,0,0,0,0,0,0
290639,2,1,1989,0,0,0,0,0,0,0,0,0,0
290640,1,1,1989,20,0,23,20,0,11,14,29,16,0
290641,1,1,1989,0,0,0,0,15,0,14,0,0,0
290641,2,1,1989,22,22,22,22,22,22,22,22,22,22
290642,1,1,1989,0,0,0,0,0,0,0,0,0,0
290642,2,1,1989,15,0,0,0,0,0,0,0,0,0
290643,1,1,1989,23,23,23,23,23,23,23,23,23,23
290643,2,1,1989,0,0,0,0,0,0,0,0,0,0
290644,1,1,1989,11,11,11,11,11,11,11,11,11,11
290644,2,1,1989,0,0,0,0,0,0,0,0,0,0
290645,1,1,1989,23,23,23,23,23,23,23,23,23,23
290646,1,1,1989,14,44,0,0,0,0,0,16,0,14
290647,1,1,1989,0,16,0,0,0,8,0,19,0,0
290647,2,1,1989,0,0,0,0,0,0,0,0,0,0
290648,1,1,1989,0,0,0,0,0,0,0,0,0,0
290648,2,1,1989,0,0,0,0,0,0,0,0,0,0
290649,1,1,1989,9,9,9,9,9,9,9,9,9,9
290649,2,1,1989,0,0,0,0,0,0,0,0,0,0
290651,0,1,1989,0,32,15,0,33,39,35,12,35,16
290651,1,1,1989,5,8,13,9,9,11,0,6,12,5
290652,1,1,1989,0,0,0,0,0,0,0,0,0,0
290653,1,1,1989,0,0,0,0,0,8,0,0,0,0
290653,2,1,1989,0,0,0,0,0,0,0,0,0,0
290654,1,1,1989,16,26,20,9,25,21,18,20,0,13
290655,1,1,1989,0,0,0,0,0,0,0,0,0,0
290655,2,1,1989,0,0,0,0,0,0,7,0,0,17
290655,3,2,1989,0,0,0,0,0,0,0,0,0,0
290655,4,2,1989,0,0,0,0,0,0,0,0,0,0
290655,5,2,1989,0,0,0,0,9,0,0,0,0,0
290656,0,1,1989,0,9,0,0,18,12,0,0,0,0
290656,1,1,1989,0,0,0,0,0,0,0,0,0,0
290657,1,1,1989,0,0,0,0,0,0,0,0,0,0
290658,1,1,1989,32,15,21,19,15,19,22,17,25,17
290659,1,1,1989,0,0,0,0,0,0,0,0,14,2
290659,2,1,1989,1,1,1,1,1,1,1,1,1,1
290660,1,1,1989,0,0,0,0,0,0,0,0,0,0
290660,2,1,1989,0,0,0,0,0,0,0,0,19,0
290660,3,1,1989,0,0,8,0,0,0,0,0,21,0
290661,1,1,1989,0,0,0,0,0,0,0,0,0,0
290661,2,1,1989,0,0,0,0,0,0,0,0,0,0
290662,0,1,1989,0,0,0,0,0,0,0,0,0,0
290662,1,1,1989,0,0,0,0,0,0,0,0,0,0
290663,1,1,1989,0,0,16,0,0,0,0,0,0,0
290663,2,1,1989,0,12,0,0,0,0,0,0,0,0
290663,3,1,1989,0,0,0,0,0,0,0,0,0,0
290664,1,1,1989,24,15,15,19,21,36,30,4,7,18
290664,2,1,1989,0,0,0,0,0,0,0,0,0,0
290665,0,1,1989,0,0,0,0,0,0,0,0,0,0
290665,1,1,1989,16,0,9,0,17,0,0,0,0,14
290666,1,1,1989,31,31,31,31,31,31,31,31,31,31
290667,1,1,1989,9,9,9,9,9,9,9,9,9,9
290668,0,1,1989,0,0,0,0,0,0,0,0,0,0
290668,1,1,1989,0,0,0,19,0,0,0,0,0,27
290669,1,1,1989,16,16,16,16,16,16,16,16,16,16
290670,1,1,1989,0,0,0,0,0,0,0,0,0,18
290670,2,1,1989,0,0,0,0,0,0,0,0,0,0