ST_CASE,VEH_NO,PER_NO,YEAR,P1,P2,P3,P4,P5,P6,P7,P8,P9,P10
290671,1,1,1989,23,14,0,32,10,11,15,0,12,22
290672,0,1,1989,15,0,0,0,0,0,0,0,0,0
290672,1,1,1989,0,0,0,0,0,0,0,0,0,0
290673,0,1,1989,0,0,0,0,0,0,0,0,0,0
290673,1,1,1989,0,0,0,0,0,0,0,0,0,0
290673,2,1,1989,0,0,0,0,0,0,0,0,0,0
290673,3,1,1989,0,0,0,0,0,0,0,0,0,0
290674,1,1,1989,0,0,0,0,0,0,0,0,0,0
290674,2,1,1989,0,0,0,0,0,0,0,0,0,0
290675,1,1,1989,0,0,0,0,0,0,0,0,0,0
290676,1,1,1989,4,4,4,4,4,4,4,4,4,4
290677,1,1,1989,0,0,0,0,0,0,0,0,0,0
290677,2,1,1989,0,0,0,0,0,0,0,0,0,0
290677,3,1,1989,0,0,0,0,0,0,0,0,0,0
290678,1,1,1989,0,0,0,0,0,0,0,0,0,0
290678,2,1,1989,0,0,0,0,0,0,0,0,0,0
290679,1,1,1989,0,0,0,0,0,0,0,0,0,0
290680,1,1,1989,0,21,0,0,0,0,0,0,0,0
290680,2,1,1989,0,0,0,0,0,0,0,0,0,0
290681,1,1,1989,32,32,32,32,32,32,32,32,32,32
290682,1,1,1989,0,0,0,0,0,0,0,0,0,0
290683,0,1,1989,19,19,19,19,19,19,19,19,19,19
290683,1,1,1989,0,0,0,0,0,0,0,0,0,0
290684,1,1,1989,0,0,0,0,0,0,0,0,0,0
290684,2,1,1989,19,0,0,0,0,0,0,0,0,0
290685,1,1,1989,18,18,18,18,18,18,18,18,18,18
290686,1,1,1989,0,12,23,15,39,12,22,31,11,14
290687,1,1,1989,0,0,0,0,0,0,0,0,0,0
290688,1,1,1989,0,0,0,0,0,0,0,0,0,0
290688,2,1,1989,0,0,0,0,0,0,0,0,0,0
290690,1,1,1989,0,0,0,0,0,0,0,0,0,0
290691,0,1,1989,0,0,0,0,0,0,0,0,0,0
290691,1,1,1989,0,0,0,0,0,0,0,0,0,0
290692,1,1,1989,0,0,0,0,0,0,0,0,0,0
290692,2,1,1989,0,0,0,0,0,0,0,0,0,0
290693,0,1,1989,9,9,9,9,9,9,9,9,9,9
290693,1,1,1989,0,0,13,0,0,0,0,0,0,0
290694,1,1,1989,0,0,0,0,0,0,0,0,0,0
290694,2,1,1989,0,0,0,0,0,0,0,0,0,0
290695,1,1,1989,33,18,0,0,30,0,34,23,16,0
290695,2,1,1989,0,0,0,0,0,0,0,0,0,0
290696,1,1,1989,0,0,0,0,0,0,10,4,15,5
290696,2,1,1989,0,0,0,0,0,0,0,0,0,0
290696,3,1,1989,0,0,0,0,0,25,0,0,0,0
290696,4,1,1989,0,0,0,0,0,15,0,0,0,0
290697,1,1,1989,0,0,0,0,19,10,0,0,0,0
290697,2,1,1989,17,0,0,0,0,0,13,0,0,0
290698,1,3,1989,20,20,20,20,20,20,20,20,20,20
290699,1,1,1989,10,31,24,31,15,21,29,43,20,22
290700,1,1,1989,0,0,0,0,0,0,0,0,0,0
290701,1,1,1989,0,0,0,0,0,0,0,0,0,0
290702,1,1,1989,0,0,0,0,19,0,0,0,0,0
290703,1,1,1989,29,29,29,29,29,29,29,29,29,29
290704,1,1,1989,0,0,0,0,0,0,38,0,0,0
290704,2,1,1989,0,0,0,0,0,0,0,0,0,0
290705,0,1,1989,0,0,0,0,0,0,0,0,0,0
290705,1,1,1989,0,0,0,0,0,0,0,0,0,0
290706,1,1,1989,0,0,0,0,0,0,0,17,0,0
290706,2,1,1989,13,0,7,0,8,0,0,22,28,7
290707,1,1,1989,22,22,22,22,22,22,22,22,22,22
290707,2,1,1989,0,0,0,0,0,0,0,0,0,0
290708,1,1,1989,20,20,20,20,20,20,20,20,20,20
290708,2,1,1989,10,0,0,0,0,0,0,17,9,11
290709,1,1,1989,17,17,17,17,17,17,17,17,17,17
290710,1,1,1989,8,8,8,8,8,8,8,8,8,8
290711,1,1,1989,10,10,10,10,10,10,10,10,10,10
290711,2,1,1989,0,0,0,0,0,0,0,0,0,0
290712,1,1,1989,0,0,0,0,0,0,0,0,0,0
290712,2,1,1989,0,0,0,0,0,0,0,0,0,0
290713,1,1,1989,0,28,29,9,20,23,8,24,12,11
290713,2,1,1989,22,5,0,11,0,0,20,0,0,0
290714,1,1,1989,15,17,24,26,18,20,27,28,20,25
290715,0,1,1989,0,0,0,0,0,0,0,0,0,0
290716,1,1,1989,0,0,0,0,0,0,0,0,0,0
290716,2,1,1989,0,0,0,17,0,0,0,0,0,0
290717,1,1,1989,0,0,0,0,0,0,0,0,0,0
290717,2,1,1989,0,0,0,0,22,0,0,0,0,0
290718,1,1,1989,0,0,0,0,0,0,0,0,0,0
290719,1,1,1989,0,0,0,0,0,0,0,0,0,0
290719,2,1,1989,0,0,0,17,0,0,0,0,0,0
290720,1,1,1989,22,22,22,22,22,22,22,22,22,22
290721,1,1,1989,4,15,10,12,9,22,0,18,24,12
290721,2,1,1989,0,0,14,0,0,0,0,0,0,0
290721,3,1,1989,0,0,0,0,0,0,0,0,0,0
290722,1,1,1989,13,13,13,13,13,13,13,13,13,13
290723,1,1,1989,0,0,0,21,0,0,0,0,0,0
290723,2,1,1989,0,0,0,0,0,0,0,0,0,0
290724,1,1,1989,14,11,5,8,14,16,17,16,14,17
290725,1,1,1989,0,0,0,0,0,0,7,0,0,0
290725,2,1,1989,0,0,0,0,0,0,0,0,0,0
290726,0,1,1989,24,24,0,0,0,0,0,0,0,0
290726,1,1,1989,0,0,0,0,0,0,0,0,0,0
290727,1,1,1989,0,0,0,0,0,0,0,0,0,0
290727,2,1,1989,0,0,0,0,0,0,0,0,0,0
290728,0,1,1989,0,0,0,0,0,0,0,0,0,0
290728,1,1,1989,0,0,0,0,0,0,0,0,0,0
290729,0,1,1989,0,0,0,0,0,0,0,0,0,0
290729,1,1,1989,0,0,0,0,0,0,0,0,0,0
290730,1,1,1989,14,6,10,3,16,24,19,30,8,18
290730,2,1,1989,0,0,0,0,0,0,0,0,0,0
290731,1,1,1989,13,13,13,13,13,13,13,13,13,13
290731,2,1,1989,9,0,12,15,0,0,0,0,0,0
290732,1,1,1989,28,28,28,28,28,28,28,28,28,28
290733,1,1,1989,0,0,0,0,0,0,0,0,0,0
290734,1,1,1989,1,1,1,1,1,1,1,1,1,1
290735,0,1,1989,18,18,18,18,18,18,18,18,18,18
290735,1,1,1989,0,0,0,0,0,0,0,0,0,0
290736,1,1,1989,0,0,0,0,0,0,0,0,0,0
290736,2,1,1989,0,13,0,0,0,0,0,0,0,0
290737,1,1,1989,0,0,4,17,0,12,0,0,0,0
290738,1,1,1989,0,0,0,0,0,0,0,0,0,0
290738,2,1,1989,0,0,0,0,0,0,0,0,0,0
290739,1,1,1989,0,0,0,0,0,10,0,9,0,0
290739,2,1,1989,0,0,0,0,0,0,0,0,0,0
290740,1,1,1989,30,0,0,0,24,28,12,11,0,12
290740,2,1,1989,0,0,0,0,0,0,0,0,0,0
290741,1,1,1989,13,37,0,21,0,18,14,25,15,17
290742,1,1,1989,24,2,21,23,10,0,12,3,16,27
290743,1,1,1989,0,0,0,0,0,0,0,0,0,0
290744,1,1,1989,26,19,19,7,14,12,30,17,10,9
290745,1,1,1989,0,0,0,0,0,0,0,0,0,0
290745,2,1,1989,0,5,0,0,12,0,14,4,0,0
290746,1,1,1989,19,19,19,19,19,19,19,19,19,19
290747,1,1,1989,9,9,9,9,9,9,9,9,9,9
290748,1,1,1989,16,16,16,16,16,16,16,16,16,16
290748,2,1,1989,18,18,18,18,18,18,18,18,18,18
290749,1,1,1989,15,0,6,0,15,13,0,4,8,16
290750,1,1,1989,0,0,0,0,0,0,0,0,0,0
290750,2,1,1989,10,21,0,0,3,0,0,52,0,2
290751,1,1,1989,0,0,0,0,0,0,0,0,0,0
290752,1,1,1989,0,0,0,0,0,0,0,13,0,0
290752,2,1,1989,23,0,0,0,16,0,0,0,0,0
290753,1,1,1989,3,12,0,11,0,0,0,13,0,3
290754,1,1,1989,0,0,0,0,0,0,0,0,0,0
290754,2,1,1989,0,0,0,0,0,0,0,0,0,0
290755,1,1,1989,0,0,14,0,0,8,0,0,0,0
290756,1,1,1989,18,18,18,18,18,18,18,18,18,18
290757,1,1,1989,0,0,0,0,0,0,0,0,0,0
290757,2,1,1989,22,13,25,23,0,14,25,21,11,0
290757,3,1,1989,0,0,0,0,0,0,0,0,0,0
290758,1,1,1989,25,25,25,25,25,25,25,25,25,25
290758,2,1,1989,0,0,0,0,0,4,0,0,0,0
290759,1,1,1989,0,0,0,0,0,0,0,0,0,0
290760,1,1,1989,16,16,16,16,16,16,16,16,16,16
290761,1,1,1989,0,0,0,0,0,0,0,0,0,0
290761,2,1,1989,0,0,0,0,10,0,0,0,0,0
290761,3,1,1989,0,0,0,0,0,0,0,0,0,0
290762,1,1,1989,0,0,0,0,0,0,26,0,20,0
290763,1,1,1989,0,0,0,0,0,0,0,0,0,0
290763,2,1,1989,25,25,25,25,25,25,25,25,25,25
290764,1,1,1989,10,10,10,10,10,10,10,10,10,10
290764,2,1,1989,0,0,0,0,0,0,0,0,0,0
290765,1,1,1989,0,0,0,4,0,16,16,29,23,20
290766,1,1,1989,0,0,0,0,0,0,0,0,0,0
290767,1,1,1989,0,0,0,16,0,0,19,0,0,24
290768,1,1,1989,0,7,11,0,0,0,0,0,10,0
290769,1,1,1989,10,4,3,5,10,0,11,11,8,21
290770,1,1,1989,2,2,2,2,2,2,2,2,2,2
290771,1,1,1989,0,13,17,13,8,4,11,6,8,27
290771,2,1,1989,0,0,0,0,0,0,0,0,4,0
290772,1,1,1989,0,0,0,0,0,0,0,0,0,0
290772,2,1,1989,0,0,0,0,0,0,0,0,0,0
290773,0,1,1989,0,0,0,0,0,0,0,0,0,0
290773,1,1,1989,0,0,0,0,0,0,0,0,0,0
290774,1,1,1989,11,11,11,11,11,11,11,11,11,11
290775,1,1,1989,0,0,0,0,0,0,0,0,0,0
290775,2,1,1989,0,0,0,0,0,0,0,0,0,0
290775,3,1,1989,0,0,0,0,0,0,0,0,0,0
290776,1,1,1989,39,21,25,16,20,18,14,10,17,15
290776,2,1,1989,18,18,18,18,18,18,18,18,18,18
290776,3,1,1989,0,11,0,0,0,7,22,5,0,0
290777,1,1,1989,7,7,7,7,7,7,7,7,7,7
290778,1,1,1989,0,15,0,0,0,0,0,0,0,0
290779,1,1,1989,0,0,0,0,0,0,0,0,0,0
290779,2,1,1989,0,0,0,0,0,0,0,0,0,0
290780,0,1,1989,0,0,0,0,0,0,0,0,0,0
290780,1,1,1989,0,12,0,0,0,0,0,0,0,0
290782,1,1,1989,0,0,0,0,0,0,0,0,0,0
290783,1,1,1989,0,0,0,7,0,0,0,0,0,0
290783,2,1,1989,0,0,0,0,0,0,0,0,0,0
290783,3,1,1989,0,0,0,0,0,0,0,28,0,0
290784,1,1,1989,4,4,4,4,4,4,4,4,4,4
290785,1,1,1989,18,22,21,16,34,24,31,0,27,11
290786,1,1,1989,0,0,0,0,0,0,0,0,0,0
290787,1,1,1989,0,10,0,3,10,0,11,0,28,10
290788,1,1,1989,16,0,16,22,19,6,22,0,0,15
290788,2,1,1989,0,0,0,0,0,0,0,0,0,0
290789,1,1,1989,0,0,0,0,0,0,0,0,0,0
290789,2,1,1989,0,0,0,0,0,0,0,0,0,0
290790,1,1,1989,0,0,0,0,0,0,0,0,0,0
290791,1,1,1989,3,3,3,3,3,3,3,3,3,3
290791,2,1,1989,5,0,0,0,0,0,12,0,0,0
290792,1,1,1989,0,0,0,0,0,0,0,0,0,0
290793,1,1,1989,0,0,0,0,0,0,0,0,0,0
290793,2,1,1989,0,0,0,0,0,0,0,0,0,0
290793,3,1,1989,0,0,0,0,0,0,0,0,0,0
290794,0,1,1989,0,0,0,0,0,0,0,0,0,0
290794,1,1,1989,18,0,0,0,0,0,0,0,0,0
290795,1,1,1989,0,0,0,0,0,0,0,0,0,0
290796,1,1,1989,3,3,3,3,3,3,3,3,3,3
290797,1,1,1989,0,0,0,0,0,0,0,0,0,0
290797,2,1,1989,0,0,0,0,0,0,0,0,0,9
290798,1,1,1989,30,20,10,20,11,12,14,24,35,19
290799,1,1,1989,9,0,14,0,0,0,0,0,17,26
290799,2,1,1989,16,0,0,16,18,0,13,20,20,0
290800,1,1,1989,0,0,0,0,0,0,0,0,0,0
290801,1,1,1989,11,17,20,21,15,17,19,19,16,10
290801,2,1,1989,0,0,0,0,18,0,0,8,0,0
290802,1,1,1989,18,18,18,18,18,18,18,18,18,18
290803,1,1,1989,0,0,0,0,0,0,0,0,0,0
290803,2,1,1989,0,0,0,0,0,0,0,0,0,0
290803,3,1,1989,0,0,0,0,0,0,0,0,0,0
290804,1,1,1989,26,26,26,26,26,26,26,26,26,26
290805,0,1,1989,13,13,13,13,13,13,13,13,13,13
290805,1,1,1989,9,0,0,0,0,0,7,0,15,0
290806,1,1,1989,14,14,14,14,14,14,14,14,14,14
290807,1,1,1989,0,0,0,0,0,0,0,0,0,0
290808,1,1,1989,0,0,0,0,0,0,0,0,0,0
290809,1,1,1989,23,28,25,25,22,35,0,9,0,0
290810,1,1,1989,0,0,0,0,0,0,0,0,0,0
290810,2,1,1989,0,0,0,0,0,0,0,0,0,0
290811,1,1,1989,0,0,0,0,0,0,0,0,0,0
290811,2,1,1989,0,0,0,0,0,0,0,0,0,0
290812,1,1,1989,0,0,0,0,0,0,0,0,0,0
290812,2,1,1989,0,0,0,0,0,16,0,0,0,0
290812,3,1,1989,0,0,0,0,7,0,0,0,0,0
290813,1,1,1989,0,15,11,18,13,2,12,21,20,22
290814,1,1,1989,16,16,16,16,16,16,16,16,16,16
290815,1,1,1989,52,28,32,18,28,25,25,25,27,18
290815,2,1,1989,18,0,33,0,9,23,27,0,0,9
290816,1,1,1989,8,8,8,8,8,8,8,8,8,8
290817,1,1,1989,0,0,0,0,0,0,0,0,0,0
290818,1,1,1989,0,0,0,0,0,0,0,0,0,0
290819,1,1,1989,25,25,25,25,25,25,25,25,25,25
290820,1,1,1989,0,0,0,0,0,0,0,0,0,0
290820,2,1,1989,0,0,0,0,18,0,0,0,0,0
290821,1,1,1989,0,0,23,21,17,12,0,19,0,0
290821,2,1,1989,0,0,0,0,0,0,0,0,0,0
290822,1,1,1989,21,21,21,21,21,21,21,21,21,21
290823,1,1,1989,16,16,16,16,16,16,16,16,16,16
290824,1,1,1989,0,25,24,0,0,0,10,0,6,0
290824,2,1,1989,0,18,14,25,0,6,10,9,4,12
290825,1,1,1989,20,18,14,13,13,16,13,12,15,13
290826,1,1,1989,15,15,15,15,15,15,15,15,15,15
290827,1,1,1989,13,13,13,13,13,13,13,13,13,13
290828,1,1,1989,0,0,0,0,0,0,0,0,0,0
290829,0,1,1989,26,26,26,26,26,26,26,26,26,26
290829,1,1,1989,0,0,0,0,0,0,0,0,0,0
290830,1,1,1989,24,19,3,0,0,0,0,8,0,0
290831,1,1,1989,0,0,0,0,0,0,0,0,0,0
290832,1,1,1989,0,0,0,0,0,0,0,0,0,0
290833,1,1,1989,0,0,0,0,0,0,0,0,0,0
290833,2,1,1989,0,0,0,0,0,0,0,0,0,0
290834,1,1,1989,0,0,0,0,0,0,0,0,0,0
290834,2,1,1989,0,0,0,0,0,0,0,0,0,0
290835,1,1,1989,0,0,0,0,0,0,0,0,0,0
290836,1,1,1989,0,0,0,0,0,0,0,0,0,0
290837,1,1,1989,25,25,25,25,25,25,25,25,25,25
290838,1,1,1989,0,0,0,0,0,0,0,0,0,0
290838,2,1,1989,0,0,27,5,0,0,0,0,0,0
290839,1,1,1989,0,0,0,0,0,0,0,0,0,0
290839,2,1,1989,0,0,0,0,0,0,0,0,0,0
290840,1,1,1989,0,0,0,0,0,0,0,0,0,0
290840,2,1,1989,0,0,0,0,0,0,0,0,0,0
290841,1,1,1989,0,0,0,0,0,0,0,0,0,0
290841,2,1,1989,0,0,0,0,0,0,0,0,0,0
290841,3,1,1989,0,0,0,0,0,0,0,0,0,0
290842,1,1,1989,11,10,23,18,2,10,25,23,6,7
290843,1,1,1989,3,3,3,3,3,3,3,3,3,3
290843,2,1,1989,0,0,0,0,0,0,0,0,0,0
290844,1,1,1989,0,0,0,0,0,0,0,0,0,0
290844,2,1,1989,0,0,0,0,0,0,0,0,0,0
290845,1,1,1989,9,16,7,51,18,12,11,20,10,14
290846,1,1,1989,14,14,14,14,14,14,14,14,14,14
290847,1,1,1989,23,23,23,23,23,23,23,23,23,23
290848,0,1,1989,14,14,14,14,14,14,14,14,14,14
290848,1,1,1989,4,9,7,18,17,7,4,18,20,5
290849,1,1,1989,11,0,13,22,12,22,0,12,7,9
290850,1,1,1989,0,0,0,0,0,0,0,0,0,0
290850,2,1,1989,0,0,0,0,0,0,0,0,0,0
290851,0,1,1989,0,0,0,0,0,0,0,0,0,0
290851,1,1,1989,17,0,0,0,0,0,0,0,0,0
290852,1,1,1989,0,0,0,3,0,0,0,0,0,0
290852,2,1,1989,0,0,0,0,0,2,0,17,0,0
290853,1,1,1989,0,0,0,0,0,0,16,0,0,0
290853,2,1,1989,24,24,24,24,24,24,24,24,24,24
290854,1,1,1989,0,0,0,0,0,0,0,0,10,0
290854,2,1,1989,0,0,0,0,0,0,0,0,11,0
290855,1,1,1989,0,0,0,0,0,0,0,0,0,0
290855,2,1,1989,0,0,0,0,0,0,0,0,0,0
290856,1,1,1989,0,0,0,0,0,0,0,0,0,0
290857,1,1,1989,0,0,0,0,0,0,0,0,0,0
290858,1,1,1989,0,0,0,0,0,0,0,0,0,0
290859,1,1,1989,18,18,18,18,18,18,18,18,18,18
290860,1,1,1989,0,0,0,0,4,0,0,0,10,0
290861,1,1,1989,0,0,0,0,0,0,0,0,0,0
290861,2,1,1989,0,0,0,0,0,0,0,0,0,0
290862,1,1,1989,31,15,11,24,26,30,26,0,18,28
290863,1,1,1989,26,26,26,26,26,26,26,26,26,26
290864,1,1,1989,0,0,0,0,0,0,0,0,0,0
290865,1,1,1989,11,0,7,0,0,0,0,0,0,0
290865,2,1,1989,0,0,0,0,9,0,0,0,19,0
290866,1,1,1989,24,24,24,24,24,24,24,24,24,24
290867,1,1,1989,0,0,0,0,0,5,0,0,19,0
290867,2,1,1989,0,0,0,0,0,8,20,0,0,0
290867,3,1,1989,0,0,12,0,0,0,4,0,0,0
290868,1,1,1989,0,0,0,0,0,0,0,0,0,0
290869,1,1,1989,13,9,0,4,27,17,8,20,0,0
290870,1,1,1989,9,9,9,9,9,9,9,9,9,9
290871,1,1,1989,25,25,25,25,25,25,25,25,25,25
290872,1,1,1989,0,0,0,0,0,0,0,0,0,0
290872,2,1,1989,22,11,0,0,0,0,0,0,5,0
290873,1,1,1989,25,12,19,8,24,17,26,17,21,19
290874,1,1,1989,0,0,0,0,0,9,0,0,0,0
290874,2,1,1989,0,0,0,0,0,0,0,0,0,0
290875,1,1,1989,11,11,11,11,11,11,11,11,11,11
290876,1,1,1989,0,0,6,0,0,0,0,0,0,18
290876,2,1,1989,0,0,0,0,0,0,0,0,0,0
290877,1,1,1989,0,0,0,0,0,0,0,0,0,0
290877,2,1,1989,0,0,0,5,0,0,0,0,22,0
290877,3,1,1989,0,0,0,0,0,0,0,0,0,0
290878,1,1,1989,0,0,0,0,0,0,0,0,0,0
290878,2,1,1989,0,0,0,0,0,0,0,12,0,0
290879,1,1,1989,7,11,13,12,2,14,14,7,11,13
290880,1,1,1989,0,0,0,0,0,0,0,0,0,0
290880,2,1,1989,0,0,0,13,0,0,0,0,0,0
290881,1,1,1989,11,19,20,0,19,31,22,0,12,12
290881,2,1,1989,0,0,0,0,0,30,0,0,0,0
290882,1,1,1989,0,0,0,0,0,0,0,0,0,0
290883,1,1,1989,0,0,0,0,0,8,8,0,3,0
290883,2,1,1989,0,0,0,0,0,0,0,0,0,0
290883,3,1,1989,0,0,0,0,0,7,0,0,0,0
290884,0,1,1989,0,0,0,0,0,0,0,0,0,0
290884,1,1,1989,0,0,0,0,0,0,0,0,0,0
290885,1,1,1989,0,0,0,0,0,0,0,0,0,0
290886,1,1,1989,17,21,16,20,36,21,10,17,25,0
290887,0,1,1989,0,0,0,0,0,0,0,0,0,0
290887,1,1,1989,0,0,0,0,0,0,0,0,0,0
290887,2,1,1989,8,0,0,0,0,0,0,0,12,0
290888,1,1,1989,0,0,0,0,0,0,0,0,0,0
290888,2,1,1989,35,35,35,35,35,35,35,35,35,35
290889,1,1,1989,9,37,24,8,11,22,10,11,18,29
290890,2,1,1989,0,0,0,0,0,0,0,0,0,0
290891,1,1,1989,11,3,7,11,12,6,13,18,13,9
290892,1,1,1989,0,0,33,0,0,17,0,0,8,0
290893,1,1,1989,0,0,0,0,0,0,0,0,0,12
290893,2,1,1989,0,0,0,11,0,6,0,0,0,0
290894,1,1,1989,13,15,15,15,7,17,23,23,21,20
290895,1,1,1989,4,4,4,4,4,4,4,4,4,4
290896,1,1,1989,0,0,0,0,0,0,0,0,0,0
290896,2,1,1989,0,0,0,0,0,0,0,0,0,0
290897,1,1,1989,10,10,10,10,10,10,10,10,10,10
290898,1,1,1989,16,18,11,20,16,5,26,15,7,10
290899,1,1,1989,20,20,20,20,20,20,20,20,20,20
290900,1,1,1989,12,12,6,7,21,12,17,13,12,24
290900,2,1,1989,0,0,0,0,0,0,0,0,0,0
290901,1,1,1989,9,17,20,7,28,0,0,0,0,10
290902,1,1,1989,0,0,0,15,0,0,0,0,0,0
290902,2,1,1989,0,0,0,0,0,0,0,0,0,0
290903,1,1,1989,0,0,0,0,15,0,0,17,0,0
290904,1,1,1989,0,0,0,0,0,0,0,0,0,0
290904,2,1,1989,0,0,0,0,0,0,0,0,0,0
290905,1,1,1989,0,0,0,0,0,0,0,0,0,0
290905,2,1,1989,0,0,0,0,0,0,0,0,0,0
290906,1,1,1989,16,16,16,16,16,16,16,16,16,16
290907,1,1,1989,7,7,28,22,10,15,8,6,15,24
290908,1,1,1989,0,0,0,0,0,0,29,0,0,0
290908,2,1,1989,0,0,0,0,0,0,0,0,0,0
290909,0,1,1989,0,0,0,0,0,0,0,0,0,0
290909,1,1,1989,0,0,0,11,0,0,0,0,0,0
290910,1,1,1989,0,0,0,0,0,0,0,0,13,0
290910,2,1,1989,0,0,0,0,0,0,0,0,0,0
290911,1,1,1989,28,29,17,36,14,15,6,35,27,7
290912,1,1,1989,17,17,17,17,17,17,17,17,17,17
290913,1,1,1989,36,24,11,20,9,11,16,15,17,18
290914,1,1,1989,0,0,0,0,10,0,0,10,0,0
290914,2,1,1989,17,0,7,34,23,0,12,0,0,25
290915,1,1,1989,26,31,13,9,21,0,23,0,12,14
290916,1,1,1989,0,0,0,0,0,0,0,0,0,0
290917,1,1,1989,0,0,0,0,0,5,0,0,0,0
290917,2,1,1989,0,0,0,0,0,0,0,0,0,0
290918,1,1,1989,0,0,0,0,0,0,0,0,0,0
290918,2,1,1989,0,0,0,0,0,0,0,0,0,0
290919,0,1,1989,0,0,0,0,0,0,0,0,0,0
290919,1,1,1989,0,0,0,0,0,0,0,0,0,0
290920,1,1,1989,14,14,14,14,14,14,14,14,14,14
290921,1,1,1989,51,51,51,51,51,51,51,51,51,51
290922,1,1,1989,17,17,17,17,17,17,17,17,17,17
290923,1,1,1989,21,21,21,21,21,21,21,21,21,21
290924,1,1,1989,17,0,16,28,0,0,12,18,13,27
290925,0,1,1989,30,30,30,30,30,30,30,30,30,30
290925,1,1,1989,0,0,0,0,0,0,0,0,0,7
290926,1,1,1989,17,17,17,17,17,17,17,17,17,17
290927,1,1,1989,0,0,0,0,0,0,0,0,0,0
290927,2,1,1989,0,11,0,0,0,0,0,0,0,0
290928,1,1,1989,13,13,13,13,13,13,13,13,13,13
290929,1,1,1989,3,0,0,0,0,42,0,0,0,0
290929,2,1,1989,0,0,0,0,0,0,0,0,0,0
290930,1,1,1989,0,0,0,0,0,0,0,0,0,11
290931,0,1,1989,9,9,9,9,9,9,9,9,9,9
290931,1,1,1989,0,0,0,0,0,0,0,0,0,0
290932,1,1,1989,18,18,13,12,21,14,17,28,11,17
290933,1,1,1989,0,0,0,0,0,0,0,0,0,0
290933,2,1,1989,0,0,0,0,0,18,0,0,0,0
290934,0,1,1989,0,0,13,31,28,0,20,24,15,24
290934,0,2,1989,15,14,5,21,11,24,48,12,0,25
290934,0,3,1989,15,10,16,6,5,17,0,36,16,24
290934,1,1,1989,13,12,23,0,0,0,0,10,22,2
290935,1,1,1989,23,16,12,10,26,19,14,14,22,19
290935,2,1,1989,0,12,0,20,0,0,0,19,0,0
290936,1,1,1989,0,0,0,0,0,0,0,0,0,0
290936,2,1,1989,0,0,0,0,0,0,0,0,0,0
290937,1,1,1989,0,0,0,0,0,0,0,0,0,0
290937,2,1,1989,0,0,0,0,0,0,0,0,0,0
290937,3,1,1989,0,0,0,0,0,0,0,0,0,0
290938,1,1,1989,0,0,0,0,0,0,0,0,0,0
290939,1,1,1989,8,8,8,8,8,8,8,8,8,8
290939,2,1,1989,0,0,0,10,0,0,0,0,0,0
290940,1,1,1989,0,0,0,0,0,0,0,0,0,0
290940,2,1,1989,0,28,0,0,0,0,0,18,0,0
290941,1,1,1989,0,5,5,0,18,16,17,10,33,12
300001,1,1,1989,0,0,0,0,0,0,0,0,0,0
300002,1,1,1989,0,0,0,0,0,0,0,0,0,0
300002,2,1,1989,0,0,0,0,0,0,0,0,0,0
300003,1,1,1989,0,0,0,0,0,0,0,0,0,0
300004,1,1,1989,0,0,0,0,0,0,0,0,0,0
300004,2,1,1989,0,0,0,0,0,0,0,0,0,0
300005,1,1,1989,0,0,0,0,0,0,0,0,0,0
300006,1,1,1989,18,18,18,18,18,18,18,18,18,18
300007,1,1,1989,0,0,0,0,0,0,0,0,0,0
300007,2,1,1989,0,0,0,0,0,0,0,0,12,0
300008,1,1,1989,6,6,6,6,6,6,6,6,6,6
300009,1,1,1989,0,0,0,0,0,0,0,0,0,0
300010,1,1,1989,29,29,29,29,29,29,29,29,29,29
300011,1,1,1989,0,0,0,0,0,0,0,0,0,0
300012,1,1,1989,0,0,0,0,0,0,0,0,0,0
300013,1,1,1989,13,13,13,13,13,13,13,13,13,13
300013,2,1,1989,10,10,10,10,10,10,10,10,10,10
300014,1,1,1989,0,0,0,0,0,0,0,0,0,0
300014,2,1,1989,0,0,0,0,0,0,0,0,0,0
300015,1,1,1989,0,0,0,0,0,0,0,0,0,0
300015,2,1,1989,0,0,0,0,0,0,0,0,0,0
300016,1,1,1989,0,0,0,0,0,0,0,0,0,0
300016,2,1,1989,0,0,0,0,0,0,0,0,0,0
300017,1,1,1989,0,0,0,0,0,0,0,0,0,0
300017,2,1,1989,0,0,0,0,0,0,0,0,0,0
300018,1,1,1989,28,28,28,28,28,28,28,28,28,28
300019,1,1,1989,4,4,4,4,4,4,4,4,4,4
300020,1,1,1989,0,0,0,0,0,0,0,0,0,0
300021,1,1,1989,0,0,0,0,0,0,0,0,0,0
300021,2,1,1989,0,0,0,0,0,0,0,0,0,0
300022,1,1,1989,14,14,14,14,14,14,14,14,14,14
300023,0,1,1989,0,0,0,0,0,0,0,0,0,0
300023,1,1,1989,6,6,6,6,6,6,6,6,6,6
300023,2,1,1989,0,0,0,0,0,0,0,0,0,0
300024,1,1,1989,0,0,0,0,0,0,0,0,0,0
300024,2,1,1989,0,0,0,0,0,0,0,0,0,0
300025,1,1,1989,0,0,0,0,0,0,0,0,0,0
300025,2,1,1989,0,0,0,0,0,0,0,0,0,0
300026,1,1,1989,0,0,0,0,0,0,0,0,0,0
300026,2,1,1989,19,19,19,19,19,19,19,19,19,19