ST_CASE,VEH_NO,PER_NO,YEAR,P1,P2,P3,P4,P5,P6,P7,P8,P9,P10
300027,1,1,1989,13,12,25,7,0,26,10,13,16,12
300028,1,1,1989,8,8,8,8,8,8,8,8,8,8
300029,1,1,1989,3,3,3,3,3,3,3,3,3,3
300030,1,1,1989,28,28,28,28,28,28,28,28,28,28
300031,0,1,1989,0,0,0,0,0,0,0,0,0,0
300031,0,2,1989,0,0,0,0,0,0,0,0,0,0
300031,1,1,1989,13,13,13,13,13,13,13,13,13,13
300032,0,1,1989,23,23,23,23,23,23,23,23,23,23
300032,1,1,1989,0,0,0,0,0,0,6,0,0,0
300033,1,1,1989,0,0,0,0,0,0,0,0,0,0
300034,1,1,1989,0,0,0,0,0,0,0,0,0,0
300035,1,1,1989,0,0,0,0,0,0,0,0,0,0
300036,1,1,1989,0,0,0,0,0,0,0,0,0,0
300036,2,1,1989,0,0,0,0,0,0,0,0,0,0
300037,1,1,1989,0,0,0,0,0,11,0,0,0,0
300037,2,1,1989,0,0,0,0,0,0,0,0,0,0
300038,1,1,1989,19,19,19,19,19,19,19,19,19,19
300039,1,1,1989,0,0,0,0,0,0,0,0,0,0
300040,1,1,1989,13,13,13,13,13,13,13,13,13,13
300041,1,1,1989,15,15,15,15,15,15,15,15,15,15
300041,2,1,1989,12,12,12,12,12,12,12,12,12,12
300042,1,1,1989,0,0,0,0,0,0,0,0,0,0
300043,1,1,1989,16,16,16,16,16,16,16,16,16,16
300044,1,1,1989,21,21,21,21,21,21,21,21,21,21
300045,1,1,1989,0,0,0,0,0,0,0,0,0,0
300045,2,1,1989,0,0,0,0,12,0,0,0,16,0
300046,1,1,1989,22,22,22,22,22,22,22,22,22,22
300046,2,1,1989,2,2,2,2,2,2,2,2,2,2
300047,1,1,1989,0,0,0,0,0,0,0,0,0,0
300048,0,1,1989,0,0,0,0,0,0,0,0,0,0
300048,1,1,1989,0,0,18,0,0,0,0,0,0,0
300049,1,1,1989,14,14,14,14,14,14,14,14,14,14
300050,1,1,1989,0,0,0,0,0,0,0,0,0,0
300051,1,1,1989,0,0,0,0,0,0,0,0,0,0
300051,2,1,1989,7,7,7,7,7,7,7,7,7,7
300052,1,1,1989,0,0,0,0,0,0,0,0,0,0
300053,1,1,1989,22,22,22,22,22,22,22,22,22,22
300054,1,1,1989,15,15,15,15,15,15,15,15,15,15
300055,1,1,1989,15,15,15,15,15,15,15,15,15,15
300056,0,1,1989,0,0,0,0,0,0,0,0,0,0
300057,1,1,1989,0,0,0,0,0,0,0,0,0,0
300058,0,1,1989,0,0,0,0,0,0,0,0,0,0
300058,1,1,1989,0,0,0,0,0,0,0,0,0,0
300059,1,1,1989,16,16,16,16,16,16,16,16,16,16
300060,1,1,1989,25,25,25,25,25,25,25,25,25,25
300061,0,1,1989,11,11,11,11,11,11,11,11,11,11
300061,1,1,1989,0,0,0,0,0,0,0,0,0,0
300062,1,1,1989,0,0,0,0,0,0,0,0,0,0
300063,1,1,1989,0,0,0,0,0,0,0,0,0,0
300063,2,1,1989,0,0,0,0,0,0,0,0,0,0
300064,1,1,1989,0,0,0,0,0,0,0,0,0,0
300064,2,1,1989,33,33,33,33,33,33,33,33,33,33
300065,1,1,1989,0,0,0,0,0,0,0,0,0,0
300065,2,1,1989,16,16,16,16,16,16,16,16,16,16
300066,1,1,1989,14,14,14,14,14,14,14,14,14,14
300067,0,1,1989,0,0,0,0,0,0,0,0,0,0
300067,1,1,1989,0,0,0,0,0,0,0,0,0,0
300068,1,1,1989,0,0,0,0,0,0,0,0,0,0
300068,2,1,1989,0,0,0,0,0,0,0,0,0,0
300069,1,1,1989,0,0,0,0,0,0,0,0,0,0
300070,1,1,1989,0,0,0,0,0,0,0,0,0,0
300071,1,1,1989,0,0,0,0,0,0,0,0,0,0
300071,2,1,1989,0,0,0,0,0,0,0,0,0,0
300072,1,1,1989,12,12,12,12,12,12,12,12,12,12
300073,1,1,1989,0,0,0,0,0,0,0,0,0,0
300073,2,1,1989,4,4,4,4,4,4,4,4,4,4
300074,1,1,1989,0,0,0,0,0,0,0,0,0,0
300075,1,1,1989,0,0,0,0,0,0,0,0,0,0
300075,2,1,1989,24,24,24,24,24,24,24,24,24,24
300076,0,1,1989,0,0,0,0,0,0,0,0,0,0
300076,1,1,1989,0,0,0,0,20,0,0,0,0,0
300077,1,1,1989,19,19,19,19,19,19,19,19,19,19
300077,2,1,1989,0,0,0,0,0,0,0,0,0,0
300078,2,1,1989,0,0,0,0,0,0,0,0,0,0
300079,1,1,1989,45,45,45,45,45,45,45,45,45,45
300080,1,1,1989,11,11,11,11,11,11,11,11,11,11
300081,0,1,1989,0,0,0,0,0,0,0,0,0,0
300081,1,1,1989,0,0,0,0,0,0,0,0,0,0
300081,2,1,1989,0,0,0,0,0,0,0,0,0,0
300082,1,1,1989,0,0,0,0,0,0,0,0,0,0
300082,2,1,1989,0,0,0,0,0,0,0,0,0,0
300083,1,1,1989,18,16,24,36,13,13,19,19,0,27
300084,1,1,1989,0,0,0,0,0,0,0,0,0,0
300085,1,1,1989,0,0,0,0,0,0,0,0,0,0
300086,1,1,1989,0,0,0,0,0,0,0,0,0,0
300087,1,1,1989,0,0,0,0,0,0,0,0,0,0
300087,2,1,1989,0,0,0,0,0,0,0,0,0,0
300087,3,1,1989,39,39,39,39,39,39,39,39,39,39
300088,1,1,1989,10,10,10,10,10,10,10,10,10,10
300089,0,1,1989,0,0,0,0,0,0,0,0,0,0
300089,1,1,1989,0,0,0,0,0,0,0,0,0,0
300090,0,1,1989,28,28,28,28,28,28,28,28,28,28
300090,1,1,1989,0,0,0,0,0,0,0,0,0,0
300091,1,1,1989,0,0,0,0,0,0,0,0,0,0
300091,2,1,1989,0,0,0,0,0,0,0,0,0,0
300092,1,1,1989,8,8,8,8,8,8,8,8,8,8
300093,1,1,1989,0,0,0,0,0,0,0,0,0,0
300094,1,1,1989,28,32,21,15,33,18,10,31,9,27
300095,1,1,1989,25,2,0,14,32,19,0,3,0,8
300096,0,1,1989,0,0,0,0,0,0,0,0,0,0
300096,1,1,1989,0,0,0,0,0,0,0,0,0,0
300097,1,1,1989,29,29,29,29,29,29,29,29,29,29
300098,1,1,1989,0,0,0,0,0,0,0,0,0,0
300099,1,1,1989,0,0,0,0,21,0,0,5,0,0
300100,1,1,1989,0,0,0,0,0,0,0,0,0,0
300100,2,1,1989,0,0,0,0,0,0,0,0,0,0
300101,1,1,1989,18,18,18,18,18,18,18,18,18,18
300102,1,1,1989,0,0,0,0,0,0,0,0,0,0
300103,1,1,1989,7,7,7,7,7,7,7,7,7,7
300103,2,1,1989,0,0,0,0,0,0,0,0,0,0
300104,0,1,1989,23,23,23,23,23,23,23,23,23,23
300104,1,1,1989,14,0,0,20,0,24,0,0,18,16
300105,1,1,1989,18,18,18,18,18,18,18,18,18,18
300106,1,1,1989,9,9,9,9,9,9,9,9,9,9
300107,1,1,1989,14,14,14,14,14,14,14,14,14,14
300108,1,1,1989,14,14,14,14,14,14,14,14,14,14
300109,1,1,1989,12,12,12,12,12,12,12,12,12,12
300110,0,1,1989,0,0,0,0,0,0,0,0,0,0
300110,1,1,1989,0,0,0,0,0,0,0,0,0,0
300111,1,1,1989,0,0,0,0,0,0,0,0,0,0
300112,1,1,1989,0,0,0,0,0,0,0,0,0,0
300112,2,1,1989,0,0,0,0,0,0,0,0,0,0
300113,1,1,1989,12,12,12,12,12,12,12,12,12,12
300114,1,1,1989,18,18,18,18,18,18,18,18,18,18
300115,1,1,1989,21,21,21,21,21,21,21,21,21,21
300116,1,1,1989,22,22,22,22,22,22,22,22,22,22
300117,1,1,1989,0,0,0,0,0,0,0,0,0,0
300117,2,1,1989,0,0,0,0,0,0,0,0,0,0
300118,1,1,1989,0,0,0,0,0,0,0,0,0,0
300119,1,1,1989,0,0,0,0,0,0,0,0,0,0
300120,1,1,1989,0,0,0,0,0,0,0,0,0,0
300120,2,1,1989,13,13,13,13,13,13,13,13,13,13
300121,1,1,1989,0,0,0,0,0,0,0,0,0,0
300121,2,1,1989,0,0,0,0,0,0,0,0,0,0
300122,1,1,1989,8,8,8,8,8,8,8,8,8,8
300122,2,1,1989,0,0,0,0,0,0,0,0,0,0
300123,1,1,1989,22,22,22,22,22,22,22,22,22,22
300124,1,1,1989,0,0,0,0,0,0,0,0,0,0
300125,1,2,1989,24,24,24,24,24,24,24,24,24,24
300126,1,1,1989,17,17,17,17,17,17,17,17,17,17
300127,0,1,1989,0,0,0,0,0,0,0,0,0,0
300127,1,1,1989,0,0,11,0,0,12,17,8,0,0
300128,1,1,1989,0,0,0,0,0,0,0,0,0,0
300128,2,1,1989,2,2,2,2,2,2,2,2,2,2
300129,1,1,1989,0,13,0,0,0,0,0,0,0,0
300130,1,1,1989,0,0,0,0,0,0,0,0,0,0
300131,0,1,1989,2,2,2,2,2,2,2,2,2,2
300131,1,1,1989,0,0,0,0,0,0,0,0,0,0
300132,1,1,1989,21,21,21,21,21,21,21,21,21,21
300132,2,1,1989,0,0,0,0,0,0,0,0,0,0
300133,1,1,1989,1,1,1,1,1,1,1,1,1,1
300135,1,1,1989,21,21,21,21,21,21,21,21,21,21
300136,1,1,1989,16,16,16,16,16,16,16,16,16,16
300136,2,1,1989,0,0,0,0,0,0,0,0,0,0
300137,1,1,1989,15,15,15,15,15,15,15,15,15,15
300138,1,1,1989,0,0,0,26,0,0,0,0,0,0
300139,1,1,1989,17,17,17,17,17,17,17,17,17,17
300140,1,1,1989,0,0,0,0,0,0,0,0,0,0
300140,2,1,1989,0,0,0,0,0,0,0,0,0,0
300141,0,1,1989,0,0,0,0,0,0,0,0,0,0
300141,1,1,1989,0,0,0,0,0,0,0,0,0,0
300142,1,1,1989,0,0,0,0,0,0,0,0,0,0
300143,0,1,1989,17,17,17,17,17,17,17,17,17,17
300144,1,1,1989,0,0,0,0,0,0,0,0,0,0
300144,2,1,1989,0,0,0,0,0,0,0,0,0,0
300145,1,1,1989,0,0,0,0,0,0,0,0,0,0
300146,1,1,1989,9,9,9,9,9,9,9,9,9,9
300146,2,1,1989,0,0,0,0,0,0,0,0,0,0
300147,1,1,1989,18,18,18,18,18,18,18,18,18,18
300148,1,1,1989,17,17,17,17,17,17,17,17,17,17
300149,1,1,1989,7,7,7,7,7,7,7,7,7,7
300150,1,1,1989,0,0,0,0,0,0,0,0,0,0
300151,1,1,1989,0,0,0,0,0,0,0,0,0,0
300152,0,1,1989,2,2,2,2,2,2,2,2,2,2
300152,1,1,1989,0,0,0,0,0,0,0,0,0,0
300152,2,1,1989,0,0,0,0,0,0,0,0,0,0
300153,1,1,1989,0,0,0,0,0,0,0,0,0,0
300154,1,1,1989,0,0,0,0,0,0,0,0,0,0
300155,1,1,1989,0,0,0,0,0,0,0,0,0,0
300155,2,1,1989,0,0,0,16,0,0,0,0,0,0
300156,1,1,1989,13,13,13,13,13,13,13,13,13,13
300156,2,1,1989,0,0,0,0,0,0,0,0,0,0
300157,1,1,1989,0,0,0,0,0,10,0,0,0,0
300158,1,1,1989,15,15,15,15,15,15,15,15,15,15
300159,1,1,1989,18,18,18,18,18,18,18,18,18,18
300160,1,1,1989,0,0,0,0,0,0,0,0,0,0
300161,1,1,1989,16,16,16,16,16,16,16,16,16,16
300161,2,1,1989,0,0,0,0,0,0,0,0,0,0
300162,1,1,1989,0,0,0,0,0,0,0,0,0,0
300162,2,1,1989,0,0,0,0,0,0,0,0,0,0
300163,0,1,1989,0,0,0,0,0,34,13,0,10,0
300163,1,1,1989,0,0,0,0,0,0,0,0,0,0
300164,1,1,1989,0,0,0,0,0,0,0,0,0,0
300164,2,1,1989,0,0,0,0,0,0,0,0,0,0
310001,1,1,1989,0,0,0,0,0,0,0,0,3,0
310001,2,1,1989,0,0,0,0,0,0,0,0,0,0
310002,1,1,1989,21,21,21,21,21,21,21,21,21,21
310003,1,1,1989,0,0,0,0,0,0,0,0,0,0
310004,1,1,1989,1,1,1,1,1,1,1,1,1,1
310004,2,1,1989,2,2,2,2,2,2,2,2,2,2
310005,1,1,1989,0,0,0,0,0,0,0,0,0,0
310005,2,1,1989,0,0,0,0,0,0,0,0,0,0
310006,1,1,1989,19,19,19,19,19,19,19,19,19,19
310006,2,1,1989,8,8,8,8,8,8,8,8,8,8
310007,1,1,1989,29,29,29,29,29,29,29,29,29,29
310008,1,1,1989,43,43,43,43,43,43,43,43,43,43
310009,0,1,1989,0,0,24,19,0,0,0,25,0,0
310009,1,1,1989,0,0,0,0,0,0,0,0,0,0
310010,1,1,1989,0,0,0,0,0,0,0,0,0,0
310010,2,1,1989,0,0,0,0,0,0,0,0,0,0
310011,1,1,1989,22,22,22,22,22,22,22,22,22,22
310012,1,1,1989,5,5,5,5,5,5,5,5,5,5
310013,1,1,1989,0,0,0,0,0,0,0,0,0,0
310013,2,1,1989,0,7,0,0,0,0,0,0,0,0
310014,1,1,1989,0,0,0,0,0,0,0,0,0,0
310015,1,1,1989,0,0,0,16,0,12,10,0,20,0
310015,2,1,1989,0,0,0,0,0,0,0,0,0,0
310015,3,1,1989,0,0,0,0,0,0,0,0,0,0
310016,1,1,1989,11,11,11,11,11,11,11,11,11,11
310017,1,1,1989,0,0,0,0,0,0,0,0,0,0
310017,2,1,1989,0,0,0,0,0,0,0,0,0,0
310018,1,1,1989,0,0,0,0,0,0,0,0,0,0
310019,1,1,1989,0,0,0,0,0,0,0,0,0,0
310019,2,1,1989,0,0,0,0,0,0,0,0,0,0
310019,3,1,1989,0,0,0,0,0,0,0,0,0,0
310020,1,1,1989,0,0,0,0,0,0,0,0,0,0
310020,2,1,1989,0,0,0,0,0,0,0,0,0,0
310021,1,1,1989,0,0,0,0,0,0,0,0,0,0
310022,1,1,1989,0,0,0,0,0,0,0,0,0,0
310026,1,1,1989,0,0,0,0,0,0,0,0,0,0
310027,0,1,1989,13,0,0,0,0,0,17,0,0,0
310027,1,1,1989,0,0,0,0,0,0,0,0,0,0
310028,1,1,1989,0,0,0,0,0,0,0,0,0,0
310029,0,1,1989,0,0,0,0,0,14,0,0,0,0
310029,1,1,1989,0,0,0,0,0,0,0,0,0,0
310030,1,1,1989,20,20,20,20,20,20,20,20,20,20
310030,2,1,1989,0,0,0,0,0,0,0,0,0,0
310031,1,1,1989,0,0,0,0,0,0,0,0,0,0
310031,2,1,1989,0,0,0,0,0,0,0,0,0,0
310032,1,1,1989,14,14,14,14,14,14,14,14,14,14
310033,1,1,1989,0,0,0,0,0,0,0,0,0,0
310033,2,1,1989,0,0,0,0,0,0,0,0,0,0
310034,1,1,1989,20,20,20,20,20,20,20,20,20,20
310036,1,1,1989,17,17,17,17,17,17,17,17,17,17
310037,1,1,1989,0,0,0,0,0,0,0,0,0,0
310037,2,1,1989,0,0,0,0,0,0,0,0,0,0
310038,1,1,1989,0,0,0,0,0,0,0,0,0,0
310039,1,1,1989,0,0,0,0,0,0,0,0,0,0
310039,2,1,1989,0,6,0,0,0,0,0,0,0,0
310040,1,1,1989,0,0,0,0,0,0,0,0,0,0
310040,2,1,1989,0,0,0,0,0,0,0,0,0,0
310041,1,1,1989,0,0,0,0,0,0,0,0,0,0
310041,2,1,1989,0,0,0,0,0,0,0,0,0,0
310042,1,1,1989,0,0,0,0,0,0,0,0,0,0
310042,2,1,1989,0,0,11,0,0,0,0,0,0,0
310043,0,1,1989,0,0,0,0,0,0,0,0,0,0
310043,1,1,1989,16,16,16,16,16,16,16,16,16,16
310044,1,1,1989,0,0,0,0,0,0,0,0,0,0
310044,2,1,1989,0,0,0,0,0,0,0,0,0,0
310045,1,1,1989,1,1,1,1,1,1,1,1,1,1
310046,1,1,1989,10,10,10,10,10,10,10,10,10,10
310047,1,1,1989,13,13,13,13,13,13,13,13,13,13
310048,1,1,1989,0,0,0,0,0,0,0,0,0,0
310048,2,1,1989,0,0,0,0,0,0,0,0,0,0
310049,1,1,1989,10,10,10,10,10,10,10,10,10,10
310049,2,1,1989,0,0,0,0,0,0,0,0,0,0
310051,1,1,1989,32,32,32,32,32,32,32,32,32,32
310052,1,1,1989,0,0,0,0,0,0,0,0,0,0
310052,2,1,1989,0,0,0,0,0,0,0,0,0,0
310053,1,1,1989,0,0,0,0,0,0,0,0,0,0
310054,1,1,1989,0,0,0,0,0,0,0,0,0,0
310054,2,1,1989,0,0,0,0,0,0,0,0,0,0
310055,1,1,1989,17,17,17,17,17,17,17,17,17,17
310056,1,1,1989,17,16,18,17,21,10,18,18,14,15
310057,1,1,1989,0,0,0,0,0,0,0,0,0,0
310057,2,1,1989,0,0,0,0,0,0,0,0,0,0
310058,1,1,1989,3,3,3,3,3,3,3,3,3,3
310059,1,1,1989,1,1,1,1,1,1,1,1,1,1
310060,1,1,1989,0,0,0,0,0,0,0,0,0,0
310061,1,1,1989,0,0,0,0,0,0,0,0,0,0
310061,2,1,1989,0,0,0,0,0,0,0,0,0,0
310062,1,1,1989,8,8,8,8,8,8,8,8,8,8
310063,1,1,1989,0,0,0,0,0,0,0,0,0,0
310063,2,1,1989,0,0,0,0,0,0,0,0,0,0
310064,1,1,1989,0,0,0,0,0,0,0,0,0,0
310064,2,1,1989,12,12,12,12,12,12,12,12,12,12
310065,1,1,1989,0,0,0,0,0,0,0,0,0,0
310066,1,1,1989,15,15,15,15,15,15,15,15,15,15
310066,2,1,1989,26,26,26,26,26,26,26,26,26,26
310067,1,1,1989,36,36,36,36,36,36,36,36,36,36
310068,1,1,1989,21,21,21,21,21,21,21,21,21,21
310069,0,1,1989,0,0,0,0,0,0,0,0,0,0
310069,0,2,1989,0,0,0,0,0,0,0,0,19,0
310069,1,1,1989,0,0,0,0,0,0,0,0,0,0
310071,0,1,1989,0,0,0,0,0,0,0,0,0,0
310072,1,1,1989,0,0,0,0,0,0,0,0,0,0
310073,1,1,1989,0,12,0,13,0,0,12,0,0,0
310074,1,1,1989,9,9,9,9,9,9,9,9,9,9
310075,1,1,1989,0,0,0,0,0,0,0,0,0,0
310075,2,1,1989,0,0,0,0,0,0,0,0,0,0
310076,1,1,1989,7,7,7,7,7,7,7,7,7,7
310077,1,1,1989,0,0,0,0,0,0,0,19,0,0
310078,1,1,1989,6,6,6,6,6,6,6,6,6,6
310079,1,1,1989,0,0,0,0,0,0,0,0,0,0
310079,2,1,1989,0,0,0,0,0,0,0,0,0,0
310080,1,1,1989,0,0,0,0,0,0,0,0,0,0
310080,2,1,1989,0,0,0,0,0,0,0,0,0,0
310081,0,1,1989,0,0,0,0,0,0,0,0,0,0
310081,1,1,1989,0,0,0,0,0,0,0,0,0,0
310083,1,1,1989,0,0,0,0,0,0,0,0,0,0
310083,2,1,1989,0,0,0,0,0,0,0,0,0,0
310084,1,1,1989,0,0,0,0,0,0,0,0,0,0
310084,2,1,1989,0,0,0,0,0,0,0,0,0,0
310085,1,1,1989,0,0,0,0,0,0,0,0,0,0
310086,1,1,1989,0,0,0,0,0,0,0,0,0,0
310086,2,1,1989,0,0,0,0,0,0,0,0,0,0
310087,1,1,1989,2,2,2,2,2,2,2,2,2,2
310088,1,1,1989,0,8,17,25,22,21,23,10,10,20
310089,0,1,1989,0,0,5,0,0,14,0,0,10,27
310089,1,1,1989,0,0,0,0,0,0,0,0,0,0
310090,1,1,1989,22,17,14,17,4,0,32,15,15,23
310091,1,1,1989,3,3,3,3,3,3,3,3,3,3
310093,1,1,1989,0,0,0,0,0,0,0,0,0,0
310093,2,1,1989,0,0,0,0,0,0,0,0,0,0
310094,1,1,1989,0,0,0,0,0,0,0,0,0,0
310095,1,1,1989,0,0,0,0,0,0,0,0,0,0
310095,2,1,1989,0,0,0,0,0,0,0,0,0,0
310096,1,1,1989,13,13,13,13,13,13,13,13,13,13
310096,2,1,1989,7,7,7,7,7,7,7,7,7,7
310097,1,1,1989,17,17,17,17,17,17,17,17,17,17
310097,2,1,1989,11,11,11,11,11,11,11,11,11,11
310098,1,1,1989,14,14,14,14,14,14,14,14,14,14
310099,1,1,1989,23,23,23,23,23,23,23,23,23,23
310099,2,1,1989,0,0,0,0,0,0,0,0,0,0
310100,1,1,1989,12,12,12,12,12,12,12,12,12,12
310100,2,1,1989,0,0,0,0,0,0,0,0,0,0
310101,1,1,1989,0,0,0,0,0,0,0,0,0,0
310101,2,1,1989,0,0,0,0,0,0,0,0,0,0
310102,1,1,1989,0,0,0,0,0,0,0,0,0,0
310103,1,1,1989,0,0,0,0,0,0,0,0,0,0
310103,2,1,1989,0,0,0,0,0,0,0,0,0,0
310104,1,1,1989,0,15,0,13,0,0,0,22,0,0
310105,1,1,1989,0,0,0,0,0,0,0,0,0,0
310106,1,1,1989,0,0,0,0,0,0,0,0,0,0
310106,2,1,1989,0,0,0,0,0,0,0,0,0,0
310107,2,1,1989,22,22,22,22,22,22,22,22,22,22
310108,1,1,1989,0,0,0,0,0,0,0,0,0,0
310108,2,1,1989,10,10,10,10,10,10,10,10,10,10
310109,1,1,1989,35,35,35,35,35,35,35,35,35,35
310110,1,1,1989,0,0,0,0,0,0,0,0,0,0
310110,2,1,1989,0,0,0,0,0,0,0,0,0,0
310111,1,1,1989,0,0,0,0,0,0,0,0,0,0
310112,1,1,1989,0,0,0,0,0,0,0,0,0,0
310112,2,1,1989,0,0,0,0,0,0,0,0,0,0
310113,1,1,1989,17,17,17,17,17,17,17,17,17,17
310113,2,1,1989,0,0,0,0,0,0,0,0,0,0
310114,0,1,1989,10,10,10,10,10,10,10,10,10,10
310114,1,1,1989,11,11,11,11,11,11,11,11,11,11
310115,1,1,1989,0,0,0,0,0,0,0,0,0,0
310115,2,1,1989,0,0,0,0,0,0,0,0,0,0
310116,1,1,1989,0,0,0,0,0,0,0,0,0,0
310117,1,1,1989,0,0,0,0,0,0,0,7,0,0
310117,2,1,1989,0,0,0,0,0,0,0,0,0,0
310118,1,1,1989,0,0,0,0,0,0,0,0,0,0
310119,1,1,1989,9,9,9,9,9,9,9,9,9,9
310120,1,1,1989,0,15,0,0,12,0,0,17,0,0
310120,2,1,1989,15,15,15,15,15,15,15,15,15,15
310121,1,1,1989,0,0,0,0,0,0,0,0,0,0
310121,2,1,1989,0,0,0,0,0,0,0,0,0,0
310122,1,1,1989,0,0,0,0,0,0,0,0,0,0
310122,2,1,1989,0,0,0,0,0,0,0,0,0,0
310123,1,1,1989,12,12,12,12,12,12,12,12,12,12
310123,2,1,1989,0,0,0,0,0,0,0,0,0,0
310124,1,1,1989,20,20,20,20,20,20,20,20,20,20
310125,1,1,1989,33,20,22,17,17,26,22,15,16,11
310127,1,1,1989,0,0,0,0,0,0,0,0,0,0
310128,1,1,1989,0,0,0,0,0,0,0,0,0,0
310129,0,1,1989,0,0,0,0,0,0,0,0,0,0
310129,1,1,1989,0,0,0,0,0,0,0,0,0,0
310130,1,1,1989,0,0,0,0,0,0,0,0,0,0
310131,1,1,1989,6,6,6,6,6,6,6,6,6,6
310131,2,1,1989,0,0,0,0,0,0,0,0,0,0
310132,1,1,1989,0,0,0,0,0,0,26,0,0,0
310132,2,1,1989,22,0,16,0,0,0,0,0,0,0
310133,1,1,1989,0,0,0,0,0,0,0,0,0,0
310133,2,1,1989,0,0,0,0,0,0,0,0,0,0
310134,1,1,1989,0,0,0,0,0,0,0,0,0,0
310135,1,1,1989,0,0,0,0,0,0,0,0,0,0
310136,1,1,1989,22,22,22,22,22,22,22,22,22,22
310136,2,1,1989,0,0,0,0,0,0,0,0,0,0
310137,1,1,1989,0,0,0,0,0,0,0,0,0,0
310137,2,1,1989,0,0,0,0,0,0,0,0,0,0
310138,1,1,1989,29,29,29,29,29,29,29,29,29,29
310139,1,1,1989,18,18,18,18,18,18,18,18,18,18
310139,2,1,1989,0,0,0,0,0,0,0,0,0,0
310140,1,1,1989,16,16,16,16,16,16,16,16,16,16
310141,1,1,1989,0,0,0,0,0,0,0,0,0,0
310141,2,1,1989,0,0,0,0,0,0,0,0,0,0
310142,1,1,1989,35,35,35,35,35,35,35,35,35,35
310143,1,1,1989,20,20,20,20,20,20,20,20,20,20
310144,1,1,1989,0,0,0,0,0,0,0,0,0,0
310144,2,1,1989,21,21,21,21,21,21,21,21,21,21
310145,1,1,1989,9,0,25,0,14,0,6,0,22,0
310145,2,1,1989,0,0,0,0,5,0,0,0,0,0
310146,1,1,1989,0,0,0,0,0,0,0,0,0,0
310146,2,1,1989,0,0,0,0,0,0,0,0,0,0
310147,1,1,1989,0,0,0,0,0,0,0,0,0,0
310148,1,1,1989,0,0,0,15,0,10,17,0,0,25
310148,2,1,1989,22,0,0,0,0,0,0,0,0,22
310149,1,1,1989,18,18,18,18,18,18,18,18,18,18
310150,0,1,1989,0,0,0,0,0,0,0,0,0,0
310150,1,1,1989,0,0,0,0,0,0,0,0,0,0
310151,1,1,1989,0,0,0,0,0,0,0,0,0,0
310151,2,1,1989,0,0,0,0,0,0,0,0,0,0
310152,0,1,1989,0,0,0,0,0,0,0,0,0,0
310152,1,1,1989,0,0,0,0,0,0,0,0,0,0
310152,2,1,1989,0,0,0,0,0,0,0,0,0,0
310154,1,1,1989,8,8,8,8,8,8,8,8,8,8
310154,2,1,1989,0,0,0,0,0,0,0,0,0,0
310155,1,1,1989,34,34,34,34,34,34,34,34,34,34
310155,2,1,1989,0,0,0,0,0,0,0,0,0,0
310156,1,1,1989,28,28,28,28,28,28,28,28,28,28
310157,1,1,1989,28,28,28,28,28,28,28,28,28,28
310158,0,1,1989,16,16,16,16,16,16,16,16,16,16
310158,1,1,1989,17,17,17,17,17,17,17,17,17,17
310159,1,1,1989,12,0,17,0,20,0,0,0,12,0
310159,2,1,1989,0,23,33,0,0,0,8,0,0,0
310160,0,1,1989,0,0,0,0,0,0,0,0,0,0
310160,1,1,1989,0,0,0,0,0,0,0,0,0,0
310161,1,1,1989,13,13,13,13,13,13,13,13,13,13
310161,2,1,1989,0,0,0,0,0,0,0,0,0,0
310162,1,1,1989,2,2,2,2,2,2,2,2,2,2
310163,0,1,1989,27,0,0,0,0,0,0,0,0,0
310163,1,1,1989,0,0,0,0,0,0,0,0,0,0
310164,1,1,1989,8,8,8,8,8,8,8,8,8,8
310165,1,1,1989,21,21,21,21,21,21,21,21,21,21
310166,1,1,1989,0,0,0,0,0,0,0,0,0,0
310166,2,1,1989,0,0,0,0,0,0,0,0,0,0
310167,1,1,1989,0,0,0,0,0,0,0,0,0,0
310167,2,1,1989,0,0,0,0,0,0,0,0,0,0
310168,1,1,1989,0,5,0,0,0,7,0,0,0,0
310169,1,1,1989,0,0,0,0,0,0,0,0,0,0
310170,1,1,1989,16,16,16,16,16,16,16,16,16,16
310171,1,1,1989,0,0,0,0,0,0,0,0,0,0
310171,2,1,1989,0,0,0,0,0,0,0,0,0,0
310172,1,1,1989,27,27,27,27,27,27,27,27,27,27
310173,0,1,1989,0,0,0,0,0,0,0,0,0,0
310173,1,1,1989,0,0,0,0,0,0,0,0,0,0
310174,1,1,1989,0,0,0,0,0,0,0,0,0,0
310175,1,1,1989,0,0,0,0,0,0,0,0,0,0
310175,2,1,1989,0,8,0,0,0,0,0,0,0,0
310175,3,1,1989,0,0,0,0,0,0,0,0,0,0
310176,1,1,1989,0,0,0,0,0,0,0,0,0,0
310176,2,1,1989,22,22,22,22,22,22,22,22,22,22
310177,1,1,1989,0,0,0,0,0,0,0,0,0,0
310177,2,1,1989,0,0,0,0,0,0,0,0,0,0
310178,1,1,1989,0,0,0,0,0,0,0,0,0,0
310179,1,1,1989,6,6,6,6,6,6,6,6,6,6
310180,1,1,1989,0,0,0,0,0,0,0,0,0,0
310180,2,1,1989,1,1,1,1,1,1,1,1,1,1