ST_CASE,VEH_NO,PER_NO,YEAR,P1,P2,P3,P4,P5,P6,P7,P8,P9,P10
310181,1,1,1989,37,37,37,37,37,37,37,37,37,37
310182,1,1,1989,8,8,8,8,8,8,8,8,8,8
310183,1,1,1989,0,0,0,0,0,0,0,0,0,0
310184,0,1,1989,0,0,0,0,0,0,0,0,0,0
310184,1,1,1989,0,0,0,0,0,0,0,0,0,0
310185,0,1,1989,0,0,0,0,0,0,0,0,0,0
310185,1,1,1989,0,0,0,0,0,0,0,0,0,0
310188,0,1,1989,0,0,0,0,0,0,0,0,0,0
310188,1,1,1989,0,0,0,0,0,0,0,0,0,0
310189,1,1,1989,0,0,0,0,0,0,0,0,0,0
310189,2,1,1989,0,0,0,0,0,0,0,0,0,0
310190,1,1,1989,1,1,1,1,1,1,1,1,1,1
310190,2,1,1989,14,14,14,14,14,14,14,14,14,14
310191,1,1,1989,0,0,0,0,0,0,0,0,0,0
310191,2,1,1989,24,24,24,24,24,24,24,24,24,24
310192,1,1,1989,17,17,17,17,17,17,17,17,17,17
310192,2,1,1989,0,0,0,0,0,0,0,0,0,0
310193,1,1,1989,0,0,0,0,0,0,0,0,0,0
310193,2,1,1989,0,0,0,0,0,0,0,0,0,0
310194,1,1,1989,0,0,0,0,0,0,0,0,0,0
310195,1,1,1989,0,0,0,0,0,0,0,0,0,0
310195,2,1,1989,0,0,0,0,0,0,0,0,0,0
310196,1,1,1989,0,0,0,0,0,0,0,0,0,0
310196,2,1,1989,0,0,0,0,0,0,0,0,0,0
310197,1,1,1989,15,15,15,15,15,15,15,15,15,15
310198,1,1,1989,0,0,0,0,0,0,0,0,0,0
310198,2,1,1989,0,0,0,0,0,0,0,0,0,0
310198,3,1,1989,0,0,0,0,0,0,0,0,0,0
310199,1,1,1989,0,0,0,0,0,0,0,0,0,0
310199,2,1,1989,0,0,0,0,0,0,0,0,0,0
310200,1,1,1989,0,0,0,0,0,0,0,0,0,0
310200,2,1,1989,0,0,0,0,0,0,0,0,0,0
310201,1,1,1989,15,15,15,15,15,15,15,15,15,15
310202,1,1,1989,14,14,14,14,14,14,14,14,14,14
310203,1,1,1989,6,6,6,6,6,6,6,6,6,6
310204,0,1,1989,19,0,0,0,0,0,0,0,0,0
310204,1,1,1989,0,0,0,0,0,0,0,0,0,0
310205,1,1,1989,0,0,0,0,0,0,0,0,0,0
310206,0,1,1989,0,0,0,23,0,0,0,0,3,9
310206,1,1,1989,0,0,0,0,0,0,0,0,0,0
310207,1,1,1989,16,18,26,19,14,0,19,20,0,0
310208,1,1,1989,4,4,4,4,4,4,4,4,4,4
310208,2,1,1989,0,0,0,0,0,0,0,0,0,0
310209,1,4,1989,0,26,18,28,0,0,6,0,13,21
310210,0,1,1989,0,0,0,0,0,0,0,0,0,0
310210,1,1,1989,0,0,0,0,0,0,0,0,0,0
310211,1,1,1989,0,0,23,0,0,0,0,0,8,21
310211,2,1,1989,0,0,0,0,0,0,0,0,0,0
310212,1,1,1989,18,18,18,18,18,18,18,18,18,18
310213,1,1,1989,23,23,23,23,23,23,23,23,23,23
310215,1,1,1989,19,19,19,19,19,19,19,19,19,19
310216,1,1,1989,0,0,0,0,0,0,0,30,0,0
310216,2,1,1989,0,0,0,0,0,0,0,0,0,0
310217,1,1,1989,0,0,0,0,0,14,0,3,0,0
310217,2,1,1989,8,0,0,0,0,0,0,0,0,0
310218,1,1,1989,0,0,0,0,0,0,0,0,0,0
310218,2,1,1989,0,0,0,0,0,0,0,0,0,0
310218,3,1,1989,0,0,0,0,0,0,0,0,0,0
310219,1,1,1989,0,0,0,0,0,0,0,0,0,0
310219,2,1,1989,0,0,0,0,0,0,0,0,0,0
310220,1,1,1989,17,17,17,17,17,17,17,17,17,17
310221,1,1,1989,25,25,25,25,25,25,25,25,25,25
310223,1,1,1989,7,7,7,7,7,7,7,7,7,7
310224,1,1,1989,0,0,0,0,0,0,0,0,0,0
310224,2,1,1989,0,0,0,0,0,0,0,0,0,0
310225,1,1,1989,0,0,0,0,0,0,0,0,0,0
310226,1,1,1989,0,0,0,0,0,0,0,0,0,0
310227,1,1,1989,0,0,0,0,0,0,0,0,0,0
310227,2,1,1989,0,0,0,0,0,0,0,0,0,0
310228,1,1,1989,0,0,0,0,0,0,0,0,0,0
310229,0,1,1989,0,0,0,0,0,0,0,0,0,0
310229,1,1,1989,0,0,0,0,0,0,0,0,0,0
310230,1,1,1989,0,0,0,0,0,0,0,0,0,0
310231,1,1,1989,21,21,21,21,21,21,21,21,21,21
310232,1,1,1989,0,0,0,0,0,0,0,0,0,0
310232,2,1,1989,0,0,0,0,0,0,0,0,0,0
310233,1,1,1989,0,0,0,0,0,0,0,0,0,0
310233,2,1,1989,0,0,0,0,0,0,0,0,0,0
310233,3,1,1989,0,0,0,0,0,0,0,0,0,0
310234,1,1,1989,23,23,23,23,23,23,23,23,23,23
310234,2,1,1989,0,0,0,0,0,0,0,0,0,0
310236,1,1,1989,0,0,0,0,0,0,0,0,0,0
310237,1,1,1989,0,0,0,0,0,0,0,0,0,0
310238,1,1,1989,0,0,0,0,0,0,0,0,0,0
310239,0,1,1989,0,0,0,0,0,0,0,16,0,0
310239,1,1,1989,9,9,9,9,9,9,9,9,9,9
310240,1,1,1989,0,0,0,0,0,0,0,0,0,0
310240,2,1,1989,0,0,0,0,0,0,0,0,0,0
310241,1,1,1989,11,11,11,11,11,11,11,11,11,11
310241,2,1,1989,0,0,0,0,0,0,0,0,0,0
310242,0,1,1989,0,0,0,0,0,0,0,0,0,0
310242,1,1,1989,0,0,0,0,0,0,0,0,0,0
310243,1,1,1989,0,0,0,0,0,0,0,0,0,0
310244,1,1,1989,23,23,23,23,23,23,23,23,23,23
310245,1,1,1989,0,0,0,0,0,0,0,0,0,0
310245,2,1,1989,0,0,0,0,0,0,0,0,0,0
310245,3,1,1989,0,0,0,0,0,0,0,0,0,0
310245,4,1,1989,0,0,0,0,0,0,0,0,0,0
310245,5,1,1989,0,0,0,0,0,0,0,0,0,0
310246,1,1,1989,0,0,0,0,0,0,0,0,0,0
310247,1,1,1989,0,0,0,0,0,0,0,0,0,0
310247,2,1,1989,0,0,0,0,0,0,0,0,0,0
310247,3,1,1989,0,0,0,0,0,0,0,0,0,0
310247,4,1,1989,0,0,0,0,0,0,0,0,0,0
310247,5,1,1989,0,0,0,0,0,0,0,0,0,0
310247,6,1,1989,0,0,0,0,0,0,0,0,0,0
310247,7,1,1989,0,0,0,0,0,0,0,0,0,0
310247,8,1,1989,0,0,0,0,0,0,0,0,0,0
310247,9,1,1989,0,0,0,0,0,0,0,0,0,0
310248,0,1,1989,0,0,0,0,0,0,0,0,0,0
310248,1,1,1989,0,19,0,0,0,0,0,0,0,0
310249,1,1,1989,0,0,0,0,0,0,0,0,0,0
310249,2,1,1989,0,0,0,0,0,0,0,0,0,0
310250,1,1,1989,15,15,15,15,15,15,15,15,15,15
310251,1,1,1989,33,33,33,33,33,33,33,33,33,33
310252,1,1,1989,0,0,0,0,0,0,0,0,0,0
310252,2,1,1989,0,0,0,0,0,0,0,0,0,0
310253,1,1,1989,0,0,0,0,0,0,0,0,0,0
310253,2,1,1989,0,0,0,0,0,0,0,0,0,0
310254,1,1,1989,16,16,16,16,16,16,16,16,16,16
310255,1,1,1989,0,0,0,0,0,0,0,0,0,0
310255,2,1,1989,0,0,0,0,0,0,0,0,0,0
310256,1,1,1989,0,0,0,0,0,0,0,0,0,0
310256,2,1,1989,0,0,0,0,0,0,0,0,0,0
310257,1,1,1989,0,0,0,0,0,0,0,0,0,0
310257,2,1,1989,0,0,0,0,0,0,0,0,0,0
310257,3,1,1989,0,0,0,0,0,0,0,0,0,0
310258,1,1,1989,0,0,0,0,0,0,0,0,0,0
310258,2,1,1989,0,0,0,0,0,0,0,0,0,0
310259,0,1,1989,54,54,54,54,54,54,54,54,54,54
310259,1,1,1989,9,9,9,9,9,9,9,9,9,9
310260,1,1,1989,0,0,33,0,11,0,17,0,9,0
310261,1,1,1989,0,0,0,0,16,0,0,0,0,0
310261,2,1,1989,0,0,0,0,0,0,0,0,0,20
310262,1,1,1989,0,0,0,0,0,0,0,0,0,0
310262,2,1,1989,0,0,0,0,0,0,0,0,0,0
310263,1,1,1989,0,0,0,0,0,0,0,0,0,0
310263,2,1,1989,0,0,0,0,0,0,0,0,0,0
310263,3,1,1989,0,0,0,0,0,0,0,0,0,0
310264,1,1,1989,0,0,12,0,0,0,0,0,4,0
310266,1,1,1989,10,10,10,10,10,10,10,10,10,10
310267,0,1,1989,0,0,0,0,0,0,0,0,0,0
310267,0,2,1989,0,0,0,0,0,0,0,0,0,0
310267,0,3,1989,0,0,0,0,0,0,0,4,0,0
310267,0,4,1989,0,0,0,0,0,0,0,0,0,0
310267,1,1,1989,0,0,0,0,0,0,0,0,0,0
310268,1,1,1989,0,0,0,0,0,0,0,0,0,0
310269,0,1,1989,0,0,0,0,0,0,0,0,0,0
310269,0,3,1989,0,18,0,0,0,0,0,0,0,0
310269,1,1,1989,0,0,0,0,0,0,0,0,0,0
310270,1,1,1989,0,10,0,0,0,23,15,0,0,0
310271,1,1,1989,0,0,0,0,0,0,0,0,0,0
310271,2,1,1989,0,0,0,0,0,0,0,0,0,0
310271,3,1,1989,4,0,0,0,0,0,0,0,0,0
310271,4,1,1989,0,0,0,0,0,0,0,0,0,0
310274,0,1,1989,0,0,0,0,0,0,0,0,0,0
310274,0,2,1989,21,0,0,0,0,0,40,0,0,0
310274,1,1,1989,11,11,11,11,11,11,11,11,11,11
310275,1,1,1989,16,16,16,16,16,16,16,16,16,16
320001,0,1,1989,0,0,0,0,0,0,0,0,0,0
320001,0,2,1989,0,0,0,0,0,0,0,0,0,0
320001,1,1,1989,15,15,15,15,15,15,15,15,15,15
320002,1,1,1989,0,0,0,0,0,0,0,0,0,0
320002,2,1,1989,0,0,0,0,0,0,0,0,0,0
320003,1,1,1989,28,28,28,28,28,28,28,28,28,28
320003,2,1,1989,0,0,27,0,0,0,0,0,0,0
320004,1,1,1989,17,17,17,17,17,17,17,17,17,17
320005,0,1,1989,26,26,26,26,26,26,26,26,26,26
320005,1,1,1989,0,0,0,0,18,0,0,8,0,0
320006,1,1,1989,16,16,16,16,16,16,16,16,16,16
320006,2,1,1989,0,0,0,0,0,0,0,0,0,0
320007,1,1,1989,0,0,0,0,0,0,0,0,0,0
320008,1,1,1989,11,11,11,11,11,11,11,11,11,11
320009,1,1,1989,0,0,0,0,4,11,0,13,0,0
320009,2,1,1989,0,0,0,0,0,0,0,0,0,0
320009,3,1,1989,0,0,0,0,0,0,0,0,0,0
320010,1,1,1989,13,13,13,13,13,13,13,13,13,13
320011,1,1,1989,16,16,16,16,16,16,16,16,16,16
320011,2,1,1989,0,0,0,0,0,0,0,0,0,0
320012,0,1,1989,21,21,21,21,21,21,21,21,21,21
320012,1,1,1989,2,0,0,0,0,0,0,0,0,0
320013,1,1,1989,0,0,0,0,0,0,0,0,0,0
320014,1,1,1989,0,0,0,0,0,0,0,0,0,0
320014,2,1,1989,0,0,0,0,0,0,0,0,0,0
320015,1,1,1989,0,0,8,0,0,7,0,0,0,0
320015,2,1,1989,0,0,0,0,0,0,0,0,0,0
320016,1,1,1989,27,27,27,27,27,27,27,27,27,27
320017,1,1,1989,3,3,3,3,3,3,3,3,3,3
320017,2,1,1989,0,0,0,0,0,0,0,0,0,0
320019,1,1,1989,21,21,21,21,21,21,21,21,21,21
320019,2,1,1989,0,0,0,0,0,0,0,0,0,0
320020,1,1,1989,18,18,18,18,18,18,18,18,18,18
320021,1,1,1989,3,3,3,3,3,3,3,3,3,3
320022,1,1,1989,11,11,11,11,11,11,11,11,11,11
320022,2,1,1989,0,0,8,0,0,0,0,0,0,0
320023,0,1,1989,24,24,24,24,24,24,24,24,24,24
320023,1,1,1989,0,0,0,0,0,0,0,0,0,0
320024,1,1,1989,15,15,15,15,15,15,15,15,15,15
320024,2,1,1989,0,0,0,0,0,0,0,13,0,0
320025,1,1,1989,0,0,0,0,0,0,0,0,0,0
320026,1,1,1989,13,13,13,13,13,13,13,13,13,13
320027,1,1,1989,17,17,17,17,17,17,17,17,17,17
320028,1,1,1989,16,16,16,16,16,16,16,16,16,16
320029,1,1,1989,0,0,0,0,0,0,0,0,0,0
320030,1,1,1989,0,0,0,0,0,0,0,0,0,0
320030,2,1,1989,0,0,0,0,0,0,0,0,0,0
320031,1,1,1989,14,14,14,14,14,14,14,14,14,14
320031,2,1,1989,0,0,0,0,0,0,0,0,5,0
320032,1,1,1989,0,0,0,0,0,0,0,0,0,0
320033,1,1,1989,0,0,0,0,0,0,0,0,0,0
320034,0,1,1989,22,22,22,22,22,22,22,22,22,22
320034,1,1,1989,0,0,0,0,0,0,0,0,0,0
320035,1,1,1989,19,19,19,19,19,19,19,19,19,19
320035,2,1,1989,0,15,0,0,0,0,0,11,19,0
320036,1,1,1989,16,16,16,16,16,16,16,16,16,16
320037,1,1,1989,11,11,11,11,11,11,11,11,11,11
320037,2,1,1989,0,0,0,0,0,0,0,0,0,0
320038,1,1,1989,24,24,24,24,24,24,24,24,24,24
320039,1,1,1989,13,13,13,13,13,13,13,13,13,13
320040,1,1,1989,10,10,10,10,10,10,10,10,10,10
320040,2,1,1989,0,0,0,0,0,0,0,0,0,0
320041,1,1,1989,0,0,0,0,0,0,0,0,0,0
320042,1,1,1989,0,0,0,0,0,0,0,0,0,0
320043,1,1,1989,34,34,34,34,34,34,34,34,34,34
320044,1,1,1989,0,0,0,0,0,0,0,0,0,0
320045,1,1,1989,27,27,27,27,27,27,27,27,27,27
320046,1,1,1989,0,0,0,0,0,0,0,0,0,0
320046,2,1,1989,0,0,0,0,0,0,0,0,0,0
320047,1,1,1989,0,0,0,0,0,0,0,0,0,0
320048,1,1,1989,26,26,26,26,26,26,26,26,26,26
320049,1,1,1989,33,33,33,33,33,33,33,33,33,33
320050,1,1,1989,3,3,3,3,3,3,3,3,3,3
320051,0,1,1989,0,0,0,0,0,0,0,0,0,0
320051,1,1,1989,0,0,0,0,0,0,0,0,0,0
320052,0,1,1989,0,0,0,0,0,0,0,0,0,0
320052,1,1,1989,0,0,0,0,0,0,0,0,0,0
320053,1,1,1989,28,28,28,28,28,28,28,28,28,28
320054,0,1,1989,0,24,0,0,0,0,0,23,0,0
320054,1,1,1989,12,0,0,23,6,0,0,20,0,0
320055,1,1,1989,19,19,19,19,19,19,19,19,19,19
320055,2,1,1989,0,0,0,0,0,0,0,0,0,0
320056,1,1,1989,0,0,0,0,0,0,0,0,0,0
320056,2,1,1989,0,0,8,0,0,0,8,0,0,0
320057,1,1,1989,0,0,0,0,0,0,0,0,0,0
320058,1,1,1989,17,17,17,17,17,17,17,17,17,17
320059,1,1,1989,20,20,20,20,20,20,20,20,20,20
320060,1,1,1989,12,12,12,12,12,12,12,12,12,12
320061,1,1,1989,0,0,0,0,0,0,0,0,0,0
320062,1,1,1989,0,0,0,0,0,0,0,0,0,0
320063,1,1,1989,0,0,0,0,0,0,0,0,0,0
320063,2,1,1989,0,0,0,0,0,0,0,0,0,0
320064,0,1,1989,0,0,0,0,0,0,0,0,0,0
320064,1,1,1989,13,13,13,13,13,13,13,13,13,13
320065,1,1,1989,19,19,19,19,19,19,19,19,19,19
320066,1,1,1989,0,0,0,0,0,0,0,0,0,0
320067,1,1,1989,0,0,0,0,0,0,0,0,0,0
320067,2,1,1989,0,0,0,0,0,0,0,0,0,0
320068,1,1,1989,0,0,0,0,0,0,0,0,0,0
320068,2,1,1989,0,0,0,0,0,0,0,0,0,0
320069,0,1,1989,0,0,0,0,0,0,0,0,0,0
320069,1,1,1989,10,10,10,10,10,10,10,10,10,10
320070,1,1,1989,21,21,21,21,21,21,21,21,21,21
320071,1,1,1989,14,14,14,14,14,14,14,14,14,14
320071,2,1,1989,0,0,0,0,0,0,0,0,0,0
320071,3,1,1989,0,0,0,0,0,0,0,0,0,0
320072,1,1,1989,0,0,0,0,0,0,0,0,0,0
320073,1,1,1989,10,10,10,10,10,10,10,10,10,10
320074,1,1,1989,21,21,21,21,21,21,21,21,21,21
320074,2,1,1989,0,0,0,0,0,0,0,0,0,0
320075,1,1,1989,5,5,5,5,5,5,5,5,5,5
320075,2,1,1989,0,0,0,0,0,0,0,0,0,0
320076,1,1,1989,0,0,0,0,0,0,0,0,0,0
320076,2,1,1989,0,0,0,0,0,0,0,0,0,0
320077,1,1,1989,35,35,35,35,35,35,35,35,35,35
320077,2,1,1989,11,11,11,11,11,11,11,11,11,11
320078,1,1,1989,31,31,31,31,31,31,31,31,31,31
320079,1,1,1989,0,0,0,0,0,0,0,0,0,0
320079,2,1,1989,0,0,0,0,0,0,0,0,16,0
320080,1,1,1989,0,0,0,0,0,0,0,0,0,0
320080,2,1,1989,0,0,0,0,0,0,0,0,0,0
320081,0,1,1989,0,0,0,0,0,0,0,0,0,0
320081,1,1,1989,0,0,0,0,0,0,0,0,0,0
320082,1,1,1989,43,21,28,18,37,21,0,8,22,20
320083,1,1,1989,0,0,0,0,0,0,0,0,0,0
320083,2,1,1989,0,0,0,0,0,0,0,0,0,0
320084,1,1,1989,3,3,3,3,3,3,3,3,3,3
320085,1,1,1989,4,4,4,4,4,4,4,4,4,4
320086,1,1,1989,21,21,21,21,21,21,21,21,21,21
320087,1,1,1989,0,0,0,0,0,0,0,0,0,0
320088,1,1,1989,20,16,0,0,0,0,0,0,0,0
320089,1,1,1989,0,0,0,0,0,0,0,0,0,0
320091,1,1,1989,17,17,17,17,17,17,17,17,17,17
320092,1,1,1989,20,20,20,20,20,20,20,20,20,20
320093,1,1,1989,0,0,0,0,0,0,0,0,0,0
320094,1,1,1989,0,0,0,0,0,0,0,0,0,0
320095,1,1,1989,0,0,0,0,0,0,0,0,0,0
320095,2,1,1989,0,0,0,0,0,0,0,0,0,0
320096,1,1,1989,25,25,25,25,25,25,25,25,25,25
320097,1,1,1989,0,0,0,0,0,0,0,0,0,0
320097,2,1,1989,0,0,0,0,0,0,0,0,0,0
320098,0,1,1989,15,28,12,34,25,10,0,29,12,39
320098,1,1,1989,31,7,4,28,0,10,19,21,21,18
320099,1,1,1989,0,0,0,0,0,0,0,0,0,0
320100,1,1,1989,25,25,25,25,25,25,25,25,25,25
320101,0,1,1989,25,25,25,25,25,25,25,25,25,25
320101,1,1,1989,0,0,0,0,0,0,0,0,0,0
320102,1,1,1989,0,0,0,0,0,0,0,0,0,0
320102,2,1,1989,0,0,0,0,0,0,0,0,0,0
320103,1,1,1989,36,36,36,36,36,36,36,36,36,36
320104,1,1,1989,0,0,0,0,0,0,0,0,0,0
320105,0,1,1989,0,0,0,0,0,0,0,0,0,0
320105,1,1,1989,0,0,0,0,0,0,0,0,0,0
320106,1,1,1989,0,0,0,0,0,0,0,0,0,0
320107,1,1,1989,19,0,0,0,0,0,0,0,0,0
320107,2,1,1989,7,0,0,12,10,17,0,10,0,0
320108,1,1,1989,9,9,9,9,9,9,9,9,9,9
320108,2,1,1989,25,25,25,25,25,25,25,25,25,25
320109,1,1,1989,0,0,0,0,0,0,0,0,0,0
320109,2,1,1989,0,0,0,0,0,0,0,0,0,0
320110,1,1,1989,0,0,0,0,0,0,0,0,0,0
320112,1,1,1989,0,11,0,0,0,0,0,0,0,0
320113,1,1,1989,26,26,26,26,26,26,26,26,26,26
320115,0,1,1989,0,0,0,0,0,0,0,0,0,0
320115,1,1,1989,0,0,0,0,0,0,7,0,0,0
320116,1,1,1989,28,28,28,28,28,28,28,28,28,28
320116,2,1,1989,0,0,0,0,0,0,0,0,0,0
320117,1,1,1989,0,0,0,0,0,0,0,0,0,0
320118,1,1,1989,0,0,0,0,0,0,0,0,0,0
320119,1,1,1989,0,0,0,0,0,0,0,0,0,0
320119,2,1,1989,0,0,0,0,0,0,0,0,0,0
320120,1,1,1989,0,0,0,0,0,0,0,0,0,0
320121,1,1,1989,15,15,15,15,15,15,15,15,15,15
320121,2,1,1989,0,0,0,0,0,0,0,0,0,0
320122,1,1,1989,0,0,0,0,0,0,0,0,0,0
320123,1,1,1989,32,32,32,32,32,32,32,32,32,32
320124,1,1,1989,12,12,12,12,12,12,12,12,12,12
320125,1,1,1989,0,0,0,0,0,0,0,0,0,0
320126,1,1,1989,10,10,10,10,10,10,10,10,10,10
320126,2,1,1989,0,0,0,0,0,0,0,0,0,0
320127,1,1,1989,15,15,15,15,15,15,15,15,15,15
320127,2,1,1989,0,0,0,0,0,0,0,0,0,0
320128,0,1,1989,31,31,31,31,31,31,31,31,31,31
320128,1,1,1989,14,0,3,21,0,0,32,0,7,0
320129,1,1,1989,19,19,19,19,19,19,19,19,19,19
320130,1,1,1989,29,29,29,29,29,29,29,29,29,29
320131,1,1,1989,0,0,0,0,0,0,0,0,0,0
320132,1,1,1989,23,23,23,23,23,23,23,23,23,23
320133,1,1,1989,12,12,12,12,12,12,12,12,12,12
320134,2,1,1989,0,0,0,0,0,0,0,0,0,0
320135,1,1,1989,11,11,11,11,11,11,11,11,11,11
320136,0,1,1989,17,17,17,17,17,17,17,17,17,17
320136,1,1,1989,0,0,0,0,0,0,20,0,0,0
320137,1,1,1989,0,0,0,0,0,0,0,0,0,0
320138,1,1,1989,7,7,7,7,7,7,7,7,7,7
320139,1,1,1989,21,21,21,21,21,21,21,21,21,21
320140,0,1,1989,0,0,0,0,0,0,0,0,0,0
320140,0,2,1989,10,0,14,37,14,0,17,10,7,0
320140,1,1,1989,22,22,22,22,22,22,22,22,22,22
320141,1,1,1989,0,0,0,0,0,0,0,0,0,0
320141,2,1,1989,0,0,0,0,0,0,0,0,0,0
320141,3,1,1989,0,0,0,0,0,0,0,0,0,0
320142,1,1,1989,0,0,0,0,0,0,0,0,0,0
320143,1,1,1989,0,0,0,0,0,0,0,0,0,0
320144,1,1,1989,1,1,1,1,1,1,1,1,1,1
320144,2,1,1989,0,0,0,0,0,0,0,21,0,0
320145,1,1,1989,20,20,20,20,20,20,20,20,20,20
320145,2,1,1989,0,16,0,0,0,0,13,0,0,0
320145,3,1,1989,0,0,0,0,0,0,0,0,0,0
320146,1,1,1989,0,0,0,0,0,0,0,0,0,0
320147,1,1,1989,0,0,0,0,0,0,5,0,0,0
320147,2,1,1989,0,0,0,0,0,0,0,0,0,0
320148,1,1,1989,0,0,0,0,0,0,0,0,0,0
320148,2,1,1989,0,0,0,0,0,0,0,0,0,0
320149,1,1,1989,0,18,0,0,0,4,0,0,0,0
320150,1,1,1989,0,0,0,0,0,0,0,0,0,0
320150,2,1,1989,0,0,0,0,0,0,0,0,0,0
320150,3,1,1989,0,0,0,0,0,0,0,0,0,0
320151,0,1,1989,0,0,0,0,0,0,0,0,0,0
320151,0,2,1989,0,0,0,0,0,0,0,0,0,0
320151,1,1,1989,22,22,22,22,22,22,22,22,22,22
320152,1,1,1989,0,0,0,0,0,0,0,0,0,0
320152,2,1,1989,0,0,0,0,0,0,0,0,0,0
320153,1,1,1989,0,19,4,0,0,0,0,0,0,16
320154,1,1,1989,16,16,16,16,16,16,16,16,16,16
320155,1,1,1989,26,26,26,26,26,26,26,26,26,26
320156,1,1,1989,12,12,12,12,12,12,12,12,12,12
320157,1,1,1989,22,22,22,22,22,22,22,22,22,22
320158,1,1,1989,0,0,0,0,0,0,0,0,0,0
320158,2,1,1989,0,0,0,0,0,0,0,0,0,0
320158,3,1,1989,0,0,0,0,0,0,0,0,0,0
320158,4,1,1989,0,0,0,0,0,11,0,0,0,0
320159,1,1,1989,0,0,0,0,0,0,0,0,0,0
320160,1,1,1989,13,13,13,13,13,13,13,13,13,13
320161,1,1,1989,0,0,0,0,0,0,0,0,0,0
320161,2,1,1989,0,0,0,0,0,0,0,0,0,0
320162,1,1,1989,21,19,11,11,18,0,28,26,0,21
320163,1,1,1989,0,0,0,0,0,0,0,0,0,0
320163,2,1,1989,0,0,0,0,0,0,0,0,0,0
320163,3,1,1989,0,0,0,0,0,0,0,0,0,0
320164,1,1,1989,23,23,23,23,23,23,23,23,23,23
320165,1,1,1989,18,18,18,18,18,18,18,18,18,18
320166,1,1,1989,13,13,13,13,13,13,13,13,13,13
320167,1,1,1989,0,0,0,0,0,0,0,0,0,0
320168,1,1,1989,18,18,18,18,18,18,18,18,18,18
320169,1,1,1989,0,0,0,0,0,0,0,0,0,0
320169,2,1,1989,0,0,0,28,19,0,0,0,13,0
320170,1,1,1989,0,0,0,0,0,0,0,0,0,0
320171,1,1,1989,0,0,15,0,0,0,6,22,0,0
320173,0,1,1989,0,0,0,0,0,0,0,0,0,0
320173,1,1,1989,0,0,0,0,0,0,0,0,0,0
320174,1,1,1989,0,0,0,0,0,0,0,0,0,0
320175,1,1,1989,14,14,14,14,14,14,14,14,14,14
320176,1,1,1989,13,13,13,13,13,13,13,13,13,13
320176,2,1,1989,0,0,0,0,0,8,0,0,0,0
320177,0,1,1989,0,47,16,0,0,0,0,0,0,20
320177,1,1,1989,0,0,0,0,0,0,0,25,0,0
320178,1,1,1989,19,19,19,19,19,19,19,19,19,19
320179,1,1,1989,0,0,0,0,0,0,0,0,0,0
320180,1,1,1989,0,0,0,0,0,0,0,0,0,0
320181,1,1,1989,0,0,0,0,0,0,0,0,0,21
320182,1,1,1989,0,0,0,0,0,0,0,0,0,0
320182,2,1,1989,0,0,0,0,0,0,0,0,5,0
320183,1,1,1989,0,0,0,0,0,0,0,0,0,0
320183,2,1,1989,0,0,0,0,0,0,0,0,0,0
320184,1,1,1989,0,0,0,0,0,0,0,0,0,0
320184,2,1,1989,0,0,0,0,0,0,0,0,0,0
320185,1,1,1989,16,16,16,16,16,16,16,16,16,16
320186,0,1,1989,15,15,15,15,15,15,15,15,15,15
320186,1,1,1989,0,0,0,0,0,13,0,0,0,0
320187,1,1,1989,0,0,0,0,0,0,0,0,0,0
320188,1,1,1989,22,22,22,22,22,22,22,22,22,22
320189,1,1,1989,0,10,13,18,0,22,7,0,0,0
320190,1,1,1989,37,37,37,37,37,37,37,37,37,37
320191,0,1,1989,0,0,0,0,0,0,0,0,0,0
320191,1,1,1989,0,0,0,0,0,0,0,0,0,0
320192,1,1,1989,22,22,22,22,22,22,22,22,22,22
320193,1,1,1989,16,16,16,16,16,16,16,16,16,16
320194,1,1,1989,29,29,29,29,29,29,29,29,29,29
320194,2,1,1989,0,0,0,0,0,0,0,0,0,0
320195,1,1,1989,13,13,13,13,13,13,13,13,13,13
320196,0,1,1989,0,0,0,0,0,0,0,0,0,0
320196,1,1,1989,0,0,0,0,0,0,0,0,0,0
320197,1,1,1989,0,0,0,0,0,0,0,0,0,0
320197,2,1,1989,0,0,0,0,0,0,0,0,0,0
320198,1,1,1989,15,15,15,15,15,15,15,15,15,15
320199,1,1,1989,15,0,0,0,0,0,0,0,0,0
320199,2,1,1989,0,0,0,0,0,0,0,0,26,0
320200,1,1,1989,19,19,19,19,19,19,19,19,19,19
320201,0,1,1989,8,0,13,0,0,0,0,6,0,25
320201,1,1,1989,0,0,0,0,0,0,0,0,0,0
320202,1,1,1989,0,0,0,0,0,0,0,0,0,0
320203,1,1,1989,15,15,15,15,15,15,15,15,15,15
320203,2,1,1989,0,0,0,0,0,0,0,0,0,0
320204,1,1,1989,12,0,0,0,0,0,0,34,28,0
320204,2,1,1989,0,0,0,0,0,0,0,0,0,0
320205,1,1,1989,17,17,17,17,17,17,17,17,17,17
320206,1,1,1989,0,0,0,0,0,0,0,0,0,0