ST_CASE,VEH_NO,PER_NO,YEAR,P1,P2,P3,P4,P5,P6,P7,P8,P9,P10
340606,2,1,1989,21,21,21,21,21,21,21,21,21,21
340607,1,1,1989,0,0,0,0,0,0,0,0,0,0
340608,1,1,1989,0,0,0,0,0,0,0,0,0,0
340609,1,1,1989,0,0,0,0,0,0,0,0,0,0
340609,2,1,1989,0,0,0,0,0,0,0,0,0,0
340610,1,1,1989,0,0,0,0,0,0,0,0,0,0
340610,2,1,1989,0,0,0,0,0,0,0,0,0,0
340611,1,1,1989,30,30,30,30,30,30,30,30,30,30
340611,2,1,1989,18,18,18,18,18,18,18,18,18,18
340612,1,1,1989,0,0,0,0,0,0,0,0,0,0
340613,0,1,1989,0,0,0,27,0,0,0,0,0,0
340613,1,1,1989,0,11,0,0,0,0,0,0,0,0
340615,1,1,1989,5,5,5,5,5,5,5,5,5,5
340615,2,1,1989,0,0,0,0,0,0,0,0,0,0
340616,1,1,1989,7,7,7,7,7,7,7,7,7,7
340617,1,1,1989,0,0,0,0,0,0,0,0,0,0
340618,1,1,1989,0,0,0,0,0,0,0,0,0,0
340618,2,1,1989,0,0,0,0,0,0,0,0,0,0
340619,1,1,1989,0,0,0,0,0,0,0,0,0,0
340619,2,1,1989,0,0,0,0,0,0,0,0,0,0
340620,1,1,1989,0,0,0,0,0,0,0,0,0,0
340620,2,1,1989,0,0,0,0,0,0,0,0,0,0
340622,0,1,1989,0,0,0,0,0,0,0,0,0,0
340622,1,1,1989,0,0,0,0,0,0,0,0,0,0
340622,2,1,1989,0,11,24,0,0,0,0,0,13,0
340623,0,1,1989,0,0,0,0,0,0,0,7,0,0
340623,1,1,1989,0,0,0,0,0,0,3,0,0,0
340624,0,1,1989,0,0,0,0,0,0,0,0,0,0
340624,1,1,1989,0,13,0,0,0,0,0,0,0,0
340625,1,1,1989,5,5,5,5,5,5,5,5,5,5
340626,0,1,1989,1,1,1,1,1,1,1,1,1,1
340626,1,1,1989,0,0,0,0,0,0,0,0,0,0
340627,1,1,1989,0,0,0,0,0,0,0,0,0,0
340627,2,1,1989,0,0,0,0,0,0,0,0,0,0
340628,1,1,1989,0,0,11,0,0,0,0,0,18,0
340628,2,1,1989,0,0,0,0,0,0,0,0,0,0
340629,1,1,1989,0,0,0,0,0,0,0,0,0,0
340629,2,1,1989,0,0,0,0,0,0,0,0,0,0
340629,3,1,1989,0,0,0,0,0,0,0,0,0,0
340629,4,1,1989,0,0,0,0,0,0,0,0,0,0
340630,1,1,1989,10,10,10,10,10,10,10,10,10,10
340631,1,1,1989,25,25,25,25,25,25,25,25,25,25
340632,0,1,1989,29,29,29,29,29,29,29,29,29,29
340632,1,1,1989,0,0,0,0,0,0,0,0,0,0
340633,0,1,1989,20,20,20,20,20,20,20,20,20,20
340633,1,1,1989,0,0,0,0,0,0,0,0,0,0
340634,1,1,1989,0,0,0,0,0,0,0,0,0,0
340635,1,1,1989,0,0,0,0,0,0,0,0,0,0
340635,2,1,1989,0,0,0,0,0,0,0,0,0,0
340636,1,1,1989,23,23,23,23,23,23,23,23,23,23
340637,1,1,1989,10,10,10,10,10,10,10,10,10,10
340638,1,1,1989,25,25,25,25,25,25,25,25,25,25
340639,0,1,1989,0,0,0,0,0,0,0,0,0,0
340639,1,1,1989,11,11,11,11,11,11,11,11,11,11
340640,0,1,1989,0,0,0,0,0,0,0,0,0,0
340640,1,1,1989,0,0,0,0,0,0,0,0,0,0
340641,1,1,1989,0,0,0,0,0,0,0,0,0,0
340641,2,1,1989,0,0,0,0,0,0,0,0,0,0
340642,1,1,1989,0,0,0,0,0,0,0,0,0,0
340642,2,1,1989,0,0,0,0,0,0,0,0,0,0
340643,1,1,1989,8,8,8,8,8,8,8,8,8,8
340644,1,1,1989,0,0,0,0,0,0,0,0,0,0
340644,2,1,1989,15,15,15,15,15,15,15,15,15,15
340645,1,1,1989,0,0,0,0,0,0,0,0,0,0
340646,1,1,1989,26,26,26,26,26,26,26,26,26,26
340647,0,1,1989,12,12,12,12,12,12,12,12,12,12
340647,1,1,1989,0,0,0,0,0,12,0,0,0,0
340648,0,1,1989,0,0,0,0,0,0,0,0,0,0
340648,1,1,1989,0,0,0,0,0,0,0,0,0,0
340649,1,1,1989,0,0,0,0,0,0,0,0,0,0
340649,2,1,1989,0,0,0,0,0,0,0,0,0,0
340650,0,1,1989,0,0,0,0,0,0,0,0,0,0
340650,1,1,1989,0,0,0,0,11,0,0,0,0,0
340651,1,1,1989,0,0,0,0,0,0,0,0,0,0
340651,2,1,1989,0,0,0,0,0,0,0,0,0,0
340651,3,1,1989,5,5,5,5,5,5,5,5,5,5
340652,1,1,1989,0,0,20,0,0,0,0,0,18,0
340652,2,1,1989,0,0,0,0,0,0,0,0,0,0
340653,0,1,1989,0,0,0,0,0,0,0,0,0,0
340653,1,1,1989,0,0,0,0,0,0,0,0,0,0
340654,1,1,1989,0,0,0,0,0,0,0,0,0,0
340654,2,1,1989,0,0,0,0,0,0,0,0,0,0
340655,0,1,1989,18,18,18,18,18,18,18,18,18,18
340655,1,1,1989,0,0,0,0,0,0,0,0,0,0
340656,1,1,1989,24,24,24,24,24,24,24,24,24,24
340657,1,1,1989,0,0,0,0,0,0,0,0,0,0
340657,2,1,1989,0,0,0,0,0,0,0,0,0,0
340659,1,1,1989,17,17,17,17,17,17,17,17,17,17
340660,1,1,1989,2,2,2,2,2,2,2,2,2,2
340661,1,1,1989,0,0,0,0,0,0,0,15,31,0
340661,2,1,1989,0,0,0,0,0,0,0,0,0,0
340662,0,1,1989,0,0,0,0,0,0,0,6,0,25
340663,1,1,1989,16,16,16,16,16,16,16,16,16,16
340664,1,1,1989,13,13,13,13,13,13,13,13,13,13
340665,0,1,1989,0,0,0,0,0,0,0,0,0,0
340665,1,1,1989,5,5,5,5,5,5,5,5,5,5
340666,0,1,1989,26,26,26,26,26,26,26,26,26,26
340666,1,1,1989,22,22,22,22,22,22,22,22,22,22
340667,1,1,1989,1,1,1,1,1,1,1,1,1,1
340667,2,1,1989,0,0,0,0,0,0,0,0,0,0
340668,0,1,1989,19,19,19,19,19,19,19,19,19,19
340668,1,1,1989,0,0,0,0,0,0,0,0,0,0
340670,0,1,1989,0,0,0,0,0,0,0,0,0,0
340670,1,1,1989,0,0,0,0,0,0,0,0,0,0
340671,1,1,1989,0,0,0,0,0,0,0,0,0,0
340672,1,1,1989,0,0,0,0,0,0,0,0,0,0
340673,1,1,1989,0,0,0,0,0,0,0,0,16,3
340673,2,1,1989,0,0,0,0,0,0,0,4,0,0
340674,0,1,1989,0,0,0,0,0,0,0,0,0,0
340674,1,1,1989,0,0,0,0,0,0,0,2,0,0
340674,2,1,1989,0,0,0,0,0,0,0,0,0,0
340676,1,1,1989,0,0,0,0,0,0,0,0,0,0
340676,2,1,1989,0,0,0,0,0,0,0,0,0,0
340677,0,1,1989,0,0,13,0,0,0,0,0,0,0
340677,1,1,1989,0,0,0,0,0,0,0,0,0,0
340678,0,1,1989,0,0,0,0,0,0,0,0,0,0
340678,1,1,1989,7,7,7,7,7,7,7,7,7,7
340679,1,1,1989,0,0,0,0,0,10,0,0,0,0
340680,1,1,1989,1,1,1,1,1,1,1,1,1,1
340681,0,1,1989,22,22,22,22,22,22,22,22,22,22
340681,1,1,1989,0,0,0,0,0,0,0,0,0,0
340682,1,1,1989,9,11,8,0,27,0,6,0,21,0
340683,1,1,1989,0,0,0,0,0,0,0,0,0,0
340683,2,1,1989,24,24,24,24,24,24,24,24,24,24
340685,1,1,1989,0,0,0,0,0,0,0,0,0,0
340685,2,1,1989,0,0,0,0,0,0,0,0,0,15
340686,0,1,1989,0,0,0,0,0,0,0,0,0,0
340686,1,1,1989,0,0,0,0,0,9,0,0,0,0
340688,0,1,1989,0,0,0,0,0,0,0,0,0,0
340688,1,1,1989,0,0,0,0,0,0,0,0,0,0
340689,1,1,1989,0,0,0,0,0,0,0,0,0,0
340689,2,1,1989,0,0,0,0,0,0,0,0,0,0
340690,1,1,1989,5,5,5,5,5,5,5,5,5,5
340691,1,1,1989,0,0,0,0,0,0,0,0,0,0
340692,1,1,1989,0,0,0,0,0,0,0,0,0,0
340693,0,1,1989,0,0,0,0,0,0,0,0,0,0
340693,1,1,1989,0,0,0,0,0,0,0,0,0,0
340693,2,1,1989,0,0,0,0,0,0,0,0,0,0
340694,1,1,1989,0,0,0,0,0,0,0,0,0,0
340694,2,1,1989,0,0,0,0,0,0,4,0,0,0
340695,1,1,1989,0,0,0,0,0,0,0,0,0,0
340696,1,1,1989,0,0,0,0,0,0,0,0,0,0
340696,2,1,1989,0,0,0,0,0,0,4,0,0,0
340696,3,1,1989,0,0,0,0,0,0,0,0,0,0
340697,0,1,1989,0,0,0,0,0,0,0,0,0,0
340697,1,1,1989,0,0,0,0,0,0,0,0,0,0
340697,2,1,1989,0,0,0,0,0,0,0,0,0,0
340698,1,1,1989,0,0,0,0,0,0,0,0,0,0
340699,1,1,1989,0,0,0,0,14,0,11,11,16,0
340700,1,1,1989,18,18,18,18,18,18,18,18,18,18
340701,1,1,1989,0,0,0,0,0,0,0,0,0,0
340702,0,1,1989,0,0,0,0,0,0,0,0,0,0
340702,1,1,1989,0,0,0,0,0,0,0,0,0,0
340703,0,1,1989,0,0,0,0,0,0,0,0,0,0
340703,1,1,1989,0,0,0,0,0,0,0,0,0,0
340704,1,1,1989,0,0,0,13,0,0,0,0,0,0
340704,2,1,1989,0,0,0,0,0,0,0,0,0,0
340706,1,1,1989,0,7,30,0,0,0,0,0,0,0
340706,2,1,1989,12,12,12,12,12,12,12,12,12,12
340707,0,1,1989,26,26,26,26,26,26,26,26,26,26
340707,1,1,1989,0,0,15,21,0,10,33,0,25,0
340708,1,1,1989,2,2,2,2,2,2,2,2,2,2
340708,2,1,1989,0,0,0,0,0,0,0,0,0,0
340708,3,1,1989,0,0,0,0,0,0,0,0,0,0
340709,0,1,1989,26,0,23,19,0,0,0,19,0,0
340709,1,1,1989,0,0,0,0,0,16,0,0,0,0
340710,1,1,1989,0,0,0,0,0,0,0,0,0,0
340710,2,1,1989,0,0,0,0,0,0,0,0,0,0
340710,3,1,1989,0,0,0,0,0,0,0,0,0,0
340711,1,1,1989,15,15,15,15,15,15,15,15,15,15
340711,2,1,1989,0,0,0,0,0,0,0,0,0,0
340712,1,1,1989,0,0,0,0,0,0,0,0,0,0
340712,2,1,1989,3,3,3,3,3,3,3,3,3,3
340713,1,1,1989,0,0,0,0,0,0,0,0,0,0
340713,2,1,1989,0,0,0,0,0,0,0,0,0,0
340714,1,1,1989,0,0,0,0,0,0,0,0,0,0
340714,2,1,1989,0,0,0,0,0,0,0,0,0,0
340715,1,1,1989,25,25,25,25,25,25,25,25,25,25
340716,0,1,1989,0,0,0,0,0,0,0,0,0,0
340716,1,1,1989,0,0,12,0,10,18,0,2,0,0
340718,1,1,1989,0,0,0,0,0,0,0,0,0,0
340718,2,1,1989,0,0,0,13,0,0,0,0,0,0
340719,1,1,1989,13,13,13,13,13,13,13,13,13,13
340720,0,1,1989,0,0,0,0,0,0,0,0,0,0
340720,1,1,1989,4,4,4,4,4,4,4,4,4,4
340721,1,1,1989,0,0,0,0,0,0,0,0,0,0
340721,2,1,1989,0,0,0,0,0,0,0,0,0,0
340722,0,1,1989,0,0,0,0,0,0,0,0,0,0
340722,1,1,1989,0,0,0,0,0,0,0,0,0,0
340722,2,1,1989,23,23,23,23,23,23,23,23,23,23
340723,1,1,1989,0,0,0,0,0,0,0,16,0,0
340724,1,1,1989,25,25,25,25,25,25,25,25,25,25
340724,2,1,1989,0,0,0,0,0,0,0,0,0,0
340724,3,1,1989,0,0,0,0,0,0,0,0,0,0
340724,4,1,1989,0,0,0,0,0,0,0,0,0,0
340725,1,1,1989,0,0,0,0,0,0,0,0,0,0
340725,2,1,1989,0,0,0,0,0,0,0,0,0,0
340726,1,1,1989,4,0,0,0,0,0,0,0,35,15
340726,2,1,1989,9,12,0,0,0,0,0,0,0,0
340727,1,1,1989,0,0,0,0,0,0,0,0,0,0
340727,2,1,1989,0,0,0,0,0,0,0,0,0,0
340728,1,1,1989,0,0,0,0,0,0,0,0,0,0
340728,2,1,1989,0,7,0,0,0,0,0,0,0,0
340728,3,1,1989,0,0,0,0,10,0,0,0,0,0
340728,4,1,1989,0,0,0,0,0,0,0,0,15,0
340728,5,1,1989,0,0,0,0,0,0,0,0,0,0
340728,6,1,1989,0,0,0,0,0,0,13,0,0,11
340729,0,1,1989,0,0,0,0,0,0,0,0,0,0
340729,1,1,1989,0,0,0,0,0,0,0,0,0,0
340730,0,1,1989,0,0,0,0,0,0,0,0,0,0
340730,1,1,1989,0,0,0,0,0,0,0,0,3,0
340731,0,1,1989,0,0,0,0,0,0,0,0,0,0
340731,1,1,1989,0,0,0,0,0,0,0,0,0,0
340732,1,1,1989,4,4,4,4,4,4,4,4,4,4
340733,0,1,1989,0,0,0,0,0,0,0,0,0,0
340733,1,1,1989,0,0,0,0,0,0,0,3,0,0
340734,0,1,1989,0,0,0,0,0,0,0,0,0,0
340734,1,1,1989,0,0,0,0,0,0,0,0,0,0
340735,1,1,1989,7,7,7,7,7,7,7,7,7,7
340735,2,1,1989,14,14,14,14,14,14,14,14,14,14
340736,0,1,1989,8,8,8,8,8,8,8,8,8,8
340736,1,1,1989,0,0,0,0,0,0,0,0,0,0
340737,1,1,1989,0,0,0,0,0,0,0,0,0,0
340737,2,1,1989,0,0,0,15,0,0,0,0,0,0
340737,3,1,1989,0,0,0,0,0,0,0,0,0,0
340738,1,1,1989,0,0,0,0,0,0,0,0,0,0
340738,2,1,1989,14,14,14,14,14,14,14,14,14,14
340739,1,1,1989,0,0,0,0,0,0,0,0,0,0
340740,0,1,1989,7,7,7,7,7,7,7,7,7,7
340740,1,1,1989,0,0,0,0,0,0,0,0,0,0
340741,1,1,1989,15,15,15,15,15,15,15,15,15,15
340741,2,1,1989,9,9,9,9,9,9,9,9,9,9
340742,1,1,1989,0,0,0,0,0,0,0,0,0,0
340743,1,1,1989,3,3,3,3,3,3,3,3,3,3
340743,2,1,1989,0,0,0,0,0,0,0,0,0,0
340744,0,1,1989,0,0,0,0,0,0,0,0,0,0
340744,1,1,1989,0,0,0,0,0,0,0,0,0,0
340745,0,1,1989,0,0,0,0,0,0,0,0,0,0
340745,1,1,1989,0,0,0,0,0,0,0,0,0,0
340747,1,1,1989,0,0,0,0,0,0,0,0,0,0
340747,2,1,1989,0,0,0,0,17,0,0,0,0,0
340748,1,1,1989,0,0,0,0,0,0,0,0,0,0
340748,2,1,1989,0,0,0,0,0,0,0,0,0,0
340749,0,1,1989,0,0,0,0,0,0,0,0,0,0
340749,1,1,1989,0,0,0,0,0,0,0,0,0,0
340750,0,1,1989,0,0,0,0,0,0,0,0,0,0
340750,1,1,1989,0,0,0,0,0,0,0,0,0,0
340751,0,1,1989,0,0,0,0,0,0,0,0,0,0
340751,1,1,1989,0,0,4,0,0,0,6,0,0,0
340752,0,1,1989,0,0,0,0,0,0,0,0,0,0
340752,1,1,1989,0,0,0,0,0,0,0,0,0,0
340753,1,1,1989,0,0,0,0,0,0,0,0,0,0
340754,1,1,1989,0,0,0,0,0,0,0,0,0,0
340755,1,1,1989,0,0,0,21,0,0,0,0,0,0
340755,2,1,1989,7,7,7,7,7,7,7,7,7,7
340756,0,1,1989,0,0,0,0,0,0,0,0,0,0
340756,1,1,1989,0,0,0,0,0,0,0,0,0,0
340757,1,1,1989,9,9,9,9,9,9,9,9,9,9
340758,1,1,1989,0,0,0,0,0,0,0,0,0,41
340759,1,1,1989,0,0,0,0,0,0,0,0,0,0
340759,2,1,1989,0,0,0,0,0,0,0,0,0,0
340760,0,1,1989,0,0,0,0,0,0,0,0,0,0
340760,1,1,1989,0,0,18,0,0,0,0,20,0,0
340761,0,1,1989,39,0,0,0,0,42,0,13,0,11
340761,1,1,1989,0,17,0,0,0,0,0,0,15,29
340763,1,1,1989,0,0,0,0,0,0,0,0,0,0
340763,2,1,1989,0,0,0,0,0,0,0,0,0,0
340764,1,1,1989,0,0,0,0,0,0,0,0,0,0
340764,2,1,1989,0,0,0,0,0,0,0,0,0,0
340765,0,1,1989,0,0,0,0,0,0,0,0,0,0
340765,1,1,1989,0,0,0,0,0,0,19,0,19,0
340766,0,1,1989,10,28,21,26,27,0,34,24,14,27
340766,1,1,1989,0,0,0,0,0,0,0,0,0,0
340767,1,1,1989,0,0,0,0,0,0,0,0,0,0
340767,2,1,1989,0,0,0,0,0,0,0,0,0,0
340768,1,1,1989,21,21,21,21,21,21,21,21,21,21
340768,2,1,1989,3,0,0,0,0,0,0,0,0,0
340769,1,1,1989,0,0,0,0,0,0,0,0,0,0
340769,2,1,1989,16,16,16,16,16,16,16,16,16,16
340770,1,1,1989,0,0,0,0,0,0,0,0,0,0
340771,1,1,1989,16,16,16,16,16,16,16,16,16,16
340772,1,1,1989,0,0,0,0,0,0,0,0,0,0
340773,1,1,1989,0,0,0,0,0,0,0,0,0,0
340775,1,1,1989,0,0,0,0,0,0,0,0,0,0
340776,1,1,1989,20,20,20,20,20,20,20,20,20,20
340776,2,1,1989,0,0,21,0,0,0,0,0,0,0
340777,1,1,1989,0,0,0,0,0,0,0,0,0,0
340777,2,1,1989,0,0,0,0,0,0,0,0,0,0
340777,3,1,1989,0,0,5,0,0,0,0,0,0,0
340777,4,1,1989,0,19,0,0,0,0,0,0,0,0
340779,1,1,1989,0,0,0,0,0,0,0,0,0,0
340779,2,1,1989,0,0,0,0,0,0,0,0,0,0
340781,1,1,1989,21,21,21,21,21,21,21,21,21,21
340782,1,1,1989,7,7,7,7,7,7,7,7,7,7
340783,0,1,1989,0,0,0,0,0,0,0,0,0,0
340783,1,1,1989,0,0,0,0,0,0,0,0,0,0
340784,1,1,1989,0,26,0,0,0,19,19,21,8,0
340784,2,1,1989,0,0,0,0,0,0,0,0,0,0
340785,1,1,1989,10,15,26,14,0,0,7,26,0,17
340787,0,1,1989,0,0,0,0,0,0,0,0,0,0
340787,1,1,1989,0,0,0,0,0,0,0,0,0,0
340788,1,1,1989,0,0,0,0,0,0,0,0,0,0
340789,1,1,1989,12,12,12,12,12,12,12,12,12,12
340790,0,1,1989,0,0,0,0,0,0,0,0,0,0
340790,1,1,1989,0,0,0,0,0,0,0,0,0,0
340791,1,1,1989,9,9,9,9,9,9,9,9,9,9
340792,0,1,1989,28,28,28,28,28,28,28,28,28,28
340792,1,1,1989,0,0,0,0,0,0,0,0,0,0
340793,1,1,1989,25,25,25,25,25,25,25,25,25,25
340794,1,1,1989,33,23,23,0,0,7,19,0,0,0
340795,1,1,1989,10,10,10,10,10,10,10,10,10,10
340795,2,1,1989,0,0,0,0,0,0,0,0,0,0
340796,1,1,1989,0,0,0,0,0,0,0,0,0,0
340796,2,1,1989,0,0,0,0,0,0,0,0,0,0
340797,1,1,1989,12,12,12,12,12,12,12,12,12,12
340797,2,1,1989,0,50,0,0,18,0,16,0,26,0
340798,1,1,1989,14,9,0,0,0,0,0,0,0,16
340799,0,1,1989,0,0,0,0,0,23,0,13,0,0
340799,1,1,1989,0,0,0,0,10,0,0,0,0,0
340800,0,1,1989,27,27,27,27,27,27,27,27,27,27
340800,1,1,1989,0,0,0,0,0,0,0,0,0,0
340802,1,1,1989,0,0,0,0,0,0,0,0,0,0
340803,1,1,1989,0,0,0,0,0,0,0,0,0,0
340804,1,1,1989,16,16,16,16,16,16,16,16,16,16
340804,2,1,1989,15,15,15,15,15,15,15,15,15,15
340805,1,1,1989,0,0,0,0,0,4,0,0,0,0
340806,0,1,1989,19,19,19,19,19,19,19,19,19,19
340806,1,1,1989,0,0,0,0,0,0,10,0,0,0
340807,1,1,1989,0,0,0,0,0,0,0,0,0,0
340808,1,1,1989,0,0,0,0,0,0,0,0,0,0
340808,2,1,1989,22,22,22,22,22,22,22,22,22,22
340809,1,1,1989,0,0,0,0,0,0,0,0,0,0
340809,2,1,1989,3,3,3,3,3,3,3,3,3,3
340810,0,1,1989,0,0,0,0,0,0,0,0,0,0
340810,1,1,1989,18,17,0,30,0,21,0,13,29,0
340810,2,1,1989,0,0,0,0,0,0,0,0,0,0
340811,0,1,1989,0,37,7,26,0,0,7,24,4,0
340811,1,1,1989,0,0,5,0,4,5,0,7,0,22
340812,1,1,1989,0,0,0,0,0,0,0,0,4,0
340813,1,1,1989,14,14,14,14,14,14,14,14,14,14
340814,0,1,1989,0,0,0,0,0,0,0,0,0,0
340814,1,1,1989,0,0,0,0,0,0,0,0,0,0
340816,1,1,1989,25,25,25,25,25,25,25,25,25,25
340816,2,1,1989,0,0,0,0,0,0,0,0,0,0
340817,0,1,1989,0,0,0,0,0,0,0,0,0,0
340817,1,1,1989,0,0,0,0,0,0,0,0,0,0
340818,1,1,1989,0,0,0,0,0,0,0,0,0,0
340819,0,1,1989,0,0,0,0,0,0,0,0,0,0
340819,1,1,1989,0,0,0,0,0,0,0,0,0,0
340821,0,1,1989,0,0,0,0,0,0,0,0,0,0
340821,0,2,1989,0,0,0,0,0,0,0,0,0,0
340821,1,1,1989,0,0,0,0,0,0,0,0,0,0
340822,1,1,1989,10,10,10,10,10,10,10,10,10,10
340823,0,1,1989,19,19,19,19,19,19,19,19,19,19
340823,1,1,1989,0,0,0,0,0,0,0,0,0,0
340825,1,1,1989,16,16,16,16,16,16,16,16,16,16
340826,1,1,1989,0,0,0,0,0,0,0,0,0,0
340826,2,1,1989,0,0,0,0,0,0,0,25,17,0
340827,1,1,1989,0,0,0,0,0,0,0,0,0,0
340828,1,1,1989,0,0,0,0,0,0,0,0,0,0
340828,2,1,1989,0,0,0,0,0,0,0,0,0,0
340829,1,1,1989,0,0,0,0,0,0,0,0,0,0
340829,2,1,1989,0,0,0,0,0,0,0,0,0,0
340830,0,1,1989,0,0,0,0,0,0,0,0,0,0
340830,1,1,1989,0,0,0,0,0,0,0,0,0,0
340831,1,1,1989,13,13,13,13,13,13,13,13,13,13
340832,1,1,1989,0,0,0,0,0,0,0,0,0,0
340832,2,1,1989,0,0,0,0,0,0,0,0,0,0
340833,0,1,1989,11,11,11,11,11,11,11,11,11,11
340833,1,1,1989,2,2,2,2,2,2,2,2,2,2
340834,0,1,1989,24,24,24,24,24,24,24,24,24,24
340834,1,1,1989,0,0,0,0,0,12,10,0,0,0
340835,0,1,1989,0,0,0,0,0,0,0,0,0,0
340835,1,1,1989,0,0,0,0,0,0,0,0,0,0
340836,1,1,1989,0,0,0,0,0,0,0,0,0,0
340836,2,1,1989,0,0,0,0,0,11,0,0,0,0
340837,0,1,1989,28,28,28,28,28,28,28,28,28,28
340837,1,1,1989,18,18,18,18,18,18,18,18,18,18
340838,0,1,1989,0,0,0,0,0,0,0,0,0,0
340838,1,1,1989,0,0,0,0,0,0,0,0,0,0
340839,0,1,1989,0,0,0,0,0,0,0,0,0,0
340839,1,1,1989,0,0,0,0,2,0,0,0,0,0
340840,0,1,1989,0,8,12,0,13,18,0,30,20,16
340840,1,1,1989,0,0,0,0,0,0,0,0,0,0
340841,1,1,1989,0,0,0,0,0,0,0,0,0,0
340842,1,1,1989,0,0,0,0,0,0,0,0,0,0
340843,1,1,1989,0,0,0,0,0,0,0,0,0,0
340844,1,1,1989,0,0,0,0,0,0,0,0,0,0
340845,1,1,1989,0,0,0,0,0,0,0,0,0,0
340846,0,1,1989,0,0,0,0,0,0,0,0,0,0
340846,1,1,1989,0,0,0,0,0,0,0,0,0,0
340847,1,1,1989,0,0,0,0,0,0,0,0,0,0
340847,2,1,1989,0,0,0,0,0,0,0,0,0,0
340848,1,1,1989,0,0,0,0,0,0,0,0,0,0
340848,2,1,1989,0,0,0,0,0,0,0,0,20,0
340849,1,1,1989,0,0,0,0,0,0,0,0,0,0
340849,2,1,1989,0,0,0,0,0,0,0,0,0,0
340850,1,1,1989,18,18,18,18,18,18,18,18,18,18
340850,2,1,1989,0,0,0,0,0,0,0,0,0,0
340850,3,1,1989,3,0,0,0,0,0,0,0,0,0
340851,1,1,1989,28,28,28,28,28,28,28,28,28,28
340851,2,1,1989,0,0,0,0,0,0,0,0,0,0
340852,1,1,1989,4,4,4,4,4,4,4,4,4,4
340852,2,1,1989,11,0,0,0,0,0,0,0,0,0
340854,0,1,1989,23,23,23,23,23,23,23,23,23,23
340854,1,1,1989,1,1,1,1,1,1,1,1,1,1
340855,1,1,1989,19,19,19,19,19,19,19,19,19,19
340855,2,1,1989,0,0,13,0,0,0,0,0,0,0
340856,0,1,1989,11,11,11,11,11,11,11,11,11,11
340856,1,1,1989,0,0,0,0,0,0,0,0,0,0
340857,1,1,1989,0,0,0,0,0,0,0,0,0,0
340857,2,1,1989,0,0,0,0,0,0,0,0,0,0
340858,1,1,1989,19,19,19,19,19,19,19,19,19,19
340859,0,1,1989,0,0,0,0,0,0,0,0,0,0
340859,1,1,1989,0,0,0,0,0,0,0,0,0,0
340860,0,1,1989,24,24,24,24,24,24,24,24,24,24
340860,1,1,1989,0,0,0,6,0,0,0,0,0,0
340861,0,1,1989,0,0,0,0,0,0,0,0,0,0
340861,1,1,1989,0,0,0,0,0,0,0,10,0,0
340862,0,1,1989,22,0,0,0,24,0,0,19,0,11
340862,1,1,1989,0,0,0,0,32,0,32,0,0,0
340863,1,1,1989,13,20,19,0,0,18,0,23,0,0
340863,2,1,1989,11,11,11,11,11,11,11,11,11,11
340865,1,1,1989,0,0,0,0,0,0,14,0,0,0
340865,2,1,1989,0,0,4,0,0,0,21,0,0,0
340866,1,1,1989,0,0,0,0,0,0,0,0,0,0
340866,2,1,1989,0,0,0,0,0,0,0,0,0,0
340867,1,1,1989,0,0,0,0,0,0,0,0,0,0
340867,2,1,1989,23,23,23,23,23,23,23,23,23,23
340869,0,1,1989,35,35,35,35,35,35,35,35,35,35
340869,1,1,1989,0,0,0,0,0,0,0,0,0,0
340869,2,1,1989,0,0,0,0,0,0,0,0,0,3
340869,3,1,1989,0,0,11,0,0,0,0,0,0,0
340871,1,1,1989,16,16,16,16,16,16,16,16,16,16
340872,1,1,1989,0,0,0,0,0,0,0,0,0,0
340873,0,1,1989,0,0,0,0,0,0,0,0,0,0
340873,1,1,1989,0,0,0,0,0,0,0,0,0,0
340874,1,1,1989,0,0,0,0,0,0,0,0,0,0
340875,0,1,1989,0,0,0,0,0,0,0,0,0,0
340875,1,1,1989,0,0,0,0,0,0,0,0,0,0
340876,0,1,1989,3,3,3,3,3,3,3,3,3,3
340876,1,1,1989,0,0,0,0,0,0,0,0,0,0
340878,0,1,1989,3,3,3,3,3,3,3,3,3,3
340878,1,1,1989,0,0,0,0,0,17,0,0,0,0
340879,0,1,1989,0,0,0,0,0,0,0,0,0,0
340879,1,1,1989,0,0,0,0,0,0,0,0,0,0
340880,0,1,1989,22,22,22,22,22,22,22,22,22,22
340880,1,1,1989,0,0,0,0,0,0,0,0,10,0
340881,1,1,1989,0,0,0,0,0,0,0,0,0,0
340882,1,1,1989,25,0,14,0,0,0,0,0,0,0
340882,2,1,1989,0,0,0,0,0,0,0,0,0,0
340883,0,1,1989,0,0,0,0,0,0,0,0,0,0
340883,1,1,1989,0,0,0,0,0,0,0,9,28,0
340883,2,1,1989,0,28,0,0,0,0,0,0,0,0
340884,1,1,1989,0,0,0,0,0,0,0,0,0,0
350001,1,1,1989,25,25,25,25,25,25,25,25,25,25
350002,1,1,1989,19,19,19,19,19,19,19,19,19,19
350003,0,1,1989,21,21,21,21,21,21,21,21,21,21
350003,1,1,1989,0,0,0,0,0,0,0,0,0,0
350004,0,1,1989,17,17,17,17,17,17,17,17,17,17
350004,1,1,1989,0,0,0,0,0,0,0,0,0,0
350006,1,1,1989,15,15,15,15,15,15,15,15,15,15
350007,1,1,1989,0,0,0,0,0,0,0,0,0,0
350007,2,1,1989,0,0,0,22,0,0,0,0,0,0
350008,0,1,1989,35,35,35,35,35,35,35,35,35,35
350008,1,1,1989,0,0,0,3,0,0,0,0,0,0
350009,1,1,1989,17,10,9,14,0,0,0,0,13,0
350009,2,1,1989,0,4,0,0,0,11,0,5,14,0