ST_CASE,VEH_NO,PER_NO,YEAR,P1,P2,P3,P4,P5,P6,P7,P8,P9,P10
350010,1,1,1989,0,0,0,0,0,0,0,0,0,0
350010,2,1,1989,32,32,32,32,32,32,32,32,32,32
350010,3,1,1989,15,9,14,0,0,0,13,26,13,0
350011,1,1,1989,16,16,16,16,16,16,16,16,16,16
350011,2,1,1989,0,0,0,0,0,0,0,0,0,0
350012,1,1,1989,0,0,0,0,0,0,0,0,17,0
350013,1,1,1989,0,10,29,0,0,0,0,0,0,0
350014,1,1,1989,0,0,0,0,0,0,0,0,0,0
350014,2,1,1989,0,0,0,0,0,0,0,0,0,0
350015,0,1,1989,0,0,0,0,0,0,0,0,0,0
350015,1,1,1989,39,39,39,39,39,39,39,39,39,39
350016,1,1,1989,40,40,40,40,40,40,40,40,40,40
350017,0,1,1989,23,23,23,23,23,23,23,23,23,23
350017,1,1,1989,0,0,0,0,0,0,0,0,0,0
350018,1,1,1989,0,0,0,0,0,0,0,0,0,0
350018,2,1,1989,0,0,0,0,0,0,0,0,0,0
350019,1,1,1989,24,24,24,24,24,24,24,24,24,24
350020,1,1,1989,0,0,0,0,0,0,0,0,0,0
350020,2,1,1989,0,0,0,0,0,0,0,0,0,0
350021,1,1,1989,16,16,16,16,16,16,16,16,16,16
350021,2,1,1989,0,0,0,0,0,0,0,0,0,0
350022,1,1,1989,13,13,13,13,13,13,13,13,13,13
350022,2,1,1989,0,0,0,0,0,0,0,0,0,0
350023,0,1,1989,0,0,0,0,0,0,0,0,0,0
350023,1,1,1989,0,0,0,0,0,0,0,0,0,0
350024,1,1,1989,15,15,15,15,15,15,15,15,15,15
350025,1,1,1989,19,19,19,19,19,19,19,19,19,19
350025,2,1,1989,0,0,0,0,0,0,0,0,0,0
350026,1,1,1989,0,0,0,0,0,0,0,0,0,0
350026,2,1,1989,0,0,0,0,0,0,0,0,0,0
350027,2,1,1989,0,0,0,0,0,0,0,0,0,0
350028,1,1,1989,0,0,0,0,0,0,0,0,0,0
350028,2,1,1989,0,0,0,0,0,0,0,0,0,0
350029,1,1,1989,11,11,11,11,11,11,11,11,11,11
350030,1,1,1989,0,0,0,0,0,0,0,0,0,0
350031,1,1,1989,30,30,30,30,30,30,30,30,30,30
350032,1,1,1989,9,9,9,9,9,9,9,9,9,9
350032,2,1,1989,0,0,0,0,0,0,0,0,0,0
350033,1,1,1989,0,0,0,0,0,0,0,0,0,0
350033,2,1,1989,0,0,0,0,0,0,0,0,0,0
350034,0,1,1989,0,0,0,0,0,0,0,0,0,0
350034,1,1,1989,0,0,0,0,0,0,0,0,0,0
350035,0,1,1989,49,49,49,49,49,49,49,49,49,49
350035,1,1,1989,0,0,0,0,0,3,0,0,0,0
350036,0,1,1989,28,28,28,28,28,28,28,28,28,28
350036,1,1,1989,8,14,10,0,0,0,0,0,9,0
350037,0,1,1989,21,21,21,21,21,21,21,21,21,21
350037,1,1,1989,0,0,0,0,0,0,0,0,0,0
350038,1,1,1989,25,25,25,25,25,25,25,25,25,25
350039,1,1,1989,0,0,0,0,0,0,0,0,0,0
350040,1,1,1989,22,22,22,22,22,22,22,22,22,22
350040,2,1,1989,24,11,24,2,17,15,12,23,17,8
350042,1,1,1989,0,0,0,0,0,0,0,0,0,0
350043,1,1,1989,17,17,17,17,17,17,17,17,17,17
350044,0,1,1989,0,0,0,0,0,0,0,0,0,0
350044,1,1,1989,0,0,0,0,0,0,0,0,0,0
350045,1,1,1989,0,0,0,0,0,0,0,0,0,0
350046,1,1,1989,0,0,0,0,0,0,0,0,0,0
350046,2,1,1989,0,0,0,0,0,0,0,0,0,0
350047,1,1,1989,33,33,33,33,33,33,33,33,33,33
350048,1,1,1989,0,0,0,0,0,0,0,0,0,0
350048,2,1,1989,0,0,0,0,0,0,0,0,0,0
350049,1,1,1989,14,14,14,14,14,14,14,14,14,14
350050,0,1,1989,21,21,21,21,21,21,21,21,21,21
350050,1,1,1989,0,0,0,0,0,0,0,0,0,0
350051,1,1,1989,19,19,19,19,19,19,19,19,19,19
350052,1,1,1989,0,0,0,0,0,0,0,0,0,0
350052,2,1,1989,7,0,8,14,0,0,16,0,25,0
350052,3,1,1989,0,0,0,0,0,0,0,0,5,0
350053,1,1,1989,0,0,0,0,0,0,0,0,0,0
350054,1,1,1989,2,2,2,2,2,2,2,2,2,2
350055,1,1,1989,3,3,3,3,3,3,3,3,3,3
350055,2,1,1989,0,0,0,0,0,0,0,0,0,0
350056,1,1,1989,32,13,10,9,14,10,0,12,12,0
350057,1,1,1989,0,0,0,0,0,0,0,0,0,0
350057,2,1,1989,3,3,3,3,3,3,3,3,3,3
350058,0,1,1989,0,0,0,0,0,0,0,0,0,0
350058,1,1,1989,0,0,0,0,0,0,0,0,0,0
350059,1,1,1989,22,22,22,22,22,22,22,22,22,22
350059,2,1,1989,0,0,0,0,0,0,0,0,0,0
350060,1,1,1989,0,0,0,12,0,0,0,0,0,0
350060,2,1,1989,0,0,0,0,0,0,0,0,0,0
350061,1,1,1989,0,21,20,28,6,13,14,17,3,31
350061,2,1,1989,18,18,18,18,18,18,18,18,18,18
350062,1,1,1989,0,0,0,0,0,0,0,0,0,0
350062,2,1,1989,12,35,21,0,0,0,19,0,0,0
350062,3,1,1989,30,30,30,30,30,30,30,30,30,30
350063,1,1,1989,5,5,5,5,5,5,5,5,5,5
350063,2,1,1989,20,20,20,20,20,20,20,20,20,20
350064,1,1,1989,35,35,35,35,35,35,35,35,35,35
350065,1,1,1989,0,0,0,0,0,0,0,0,0,0
350065,2,1,1989,15,15,15,15,15,15,15,15,15,15
350066,1,1,1989,12,12,12,12,12,12,12,12,12,12
350067,1,1,1989,0,0,0,0,0,0,0,30,0,0
350068,1,1,1989,22,21,0,20,19,13,21,10,25,23
350069,1,1,1989,0,0,0,0,0,0,0,0,0,0
350069,2,1,1989,0,0,0,0,0,0,0,0,0,0
350070,1,1,1989,0,0,0,0,0,0,0,0,0,0
350071,0,1,1989,0,0,0,0,0,0,0,0,0,0
350071,1,1,1989,0,0,0,0,0,0,0,0,0,0
350072,0,1,1989,24,24,24,24,24,24,24,24,24,24
350072,1,1,1989,0,0,0,0,0,0,0,0,0,0
350073,1,1,1989,16,16,16,16,16,16,16,16,16,16
350074,1,1,1989,0,0,0,0,0,0,0,0,0,0
350074,2,1,1989,0,0,0,0,0,0,0,0,0,0
350075,1,1,1989,0,0,0,0,0,0,0,0,0,0
350075,2,1,1989,0,0,0,0,0,0,0,0,0,0
350076,1,1,1989,0,0,0,0,0,0,0,0,0,0
350077,0,1,1989,26,26,26,26,26,26,26,26,26,26
350077,1,1,1989,0,0,0,0,0,0,0,0,0,0
350078,1,1,1989,37,37,37,37,37,37,37,37,37,37
350079,1,1,1989,24,24,24,24,24,24,24,24,24,24
350080,1,1,1989,0,0,0,0,0,0,0,0,0,0
350080,2,1,1989,0,0,0,0,0,0,0,0,0,0
350081,1,1,1989,23,23,23,23,23,23,23,23,23,23
350081,2,1,1989,0,0,0,0,0,0,0,0,0,0
350082,1,1,1989,8,8,8,8,8,8,8,8,8,8
350083,1,1,1989,14,14,14,14,14,14,14,14,14,14
350085,0,1,1989,0,0,0,0,0,0,0,0,0,0
350085,1,1,1989,20,0,24,17,16,0,0,9,20,0
350086,1,1,1989,0,0,9,0,0,0,11,0,0,0
350086,2,1,1989,0,0,11,0,0,0,0,0,0,0
350087,1,1,1989,14,14,14,14,14,14,14,14,14,14
350088,1,1,1989,0,0,0,0,0,0,0,0,0,0
350089,1,1,1989,14,14,14,14,14,14,14,14,14,14
350090,1,1,1989,6,6,6,6,6,6,6,6,6,6
350091,1,1,1989,27,27,27,27,27,27,27,27,27,27
350092,1,1,1989,0,0,0,0,0,0,0,0,0,0
350093,1,1,1989,1,1,1,1,1,1,1,1,1,1
350094,1,1,1989,0,0,0,0,0,0,0,0,0,0
350095,0,1,1989,18,18,18,18,18,18,18,18,18,18
350095,1,1,1989,0,0,0,0,0,0,0,0,0,0
350096,1,1,1989,5,5,5,5,5,5,5,5,5,5
350097,1,1,1989,10,10,10,10,10,10,10,10,10,10
350098,1,1,1989,14,14,14,14,14,14,14,14,14,14
350098,2,1,1989,0,0,0,0,0,0,0,0,0,0
350099,1,1,1989,27,27,27,27,27,27,27,27,27,27
350100,1,1,1989,21,21,21,21,21,21,21,21,21,21
350101,1,1,1989,0,0,0,0,0,0,0,0,0,0
350101,2,1,1989,22,22,22,22,22,22,22,22,22,22
350101,3,1,1989,0,0,0,0,0,0,0,0,0,0
350102,1,1,1989,0,0,0,0,0,0,0,0,0,0
350103,1,1,1989,0,0,0,0,0,0,0,0,0,0
350104,1,1,1989,10,10,10,10,10,10,10,10,10,10
350104,2,1,1989,0,0,0,0,0,0,0,6,13,0
350105,1,1,1989,0,0,0,0,0,0,0,0,0,0
350106,1,1,1989,0,0,0,0,0,0,0,0,0,0
350106,2,1,1989,0,0,0,0,0,0,0,0,0,0
350107,0,1,1989,30,30,30,30,30,30,30,30,30,30
350107,1,1,1989,6,0,0,0,0,8,16,0,17,21
350108,1,1,1989,23,23,23,23,23,23,23,23,23,23
350109,1,1,1989,0,0,0,0,0,0,0,28,0,0
350109,2,1,1989,0,0,0,0,0,0,0,0,0,0
350110,1,1,1989,0,0,0,0,0,0,0,0,0,0
350111,1,1,1989,0,0,0,0,0,0,0,0,0,0
350111,2,1,1989,0,0,0,0,0,0,0,0,0,0
350112,0,1,1989,0,0,0,0,0,0,0,0,0,0
350112,1,1,1989,0,0,0,0,0,0,0,0,0,0
350113,1,1,1989,0,0,0,0,0,0,0,0,0,0
350114,1,1,1989,23,23,23,23,23,23,23,23,23,23
350114,2,1,1989,0,0,0,0,0,0,0,0,0,0
350115,1,1,1989,0,0,0,0,0,0,0,0,0,0
350115,2,1,1989,0,0,0,0,0,0,0,0,0,0
350115,3,1,1989,0,0,0,0,0,0,0,0,0,0
350116,1,1,1989,30,8,0,0,17,0,0,0,18,0
350116,2,1,1989,0,0,0,14,0,0,0,30,0,0
350117,1,1,1989,11,11,11,11,11,11,11,11,11,11
350117,2,1,1989,0,0,0,0,0,0,0,0,0,0
350118,0,1,1989,0,0,0,0,0,0,0,0,0,0
350118,0,2,1989,0,0,0,0,0,0,0,0,0,0
350118,1,1,1989,13,13,13,13,13,13,13,13,13,13
350119,0,1,1989,0,0,0,0,0,0,0,0,0,0
350119,1,1,1989,0,0,0,0,0,0,0,0,0,0
350120,1,1,1989,0,0,0,0,0,0,0,0,0,0
350121,1,1,1989,0,0,0,0,0,0,0,0,11,0
350122,1,1,1989,26,26,26,26,26,26,26,26,26,26
350123,1,1,1989,21,21,21,21,21,21,21,21,21,21
350124,1,1,1989,18,18,18,18,18,18,18,18,18,18
350125,1,1,1989,0,0,0,0,0,0,0,0,0,0
350125,2,1,1989,2,2,2,2,2,2,2,2,2,2
350126,1,1,1989,20,20,20,20,20,20,20,20,20,20
350127,1,1,1989,14,14,14,14,14,14,14,14,14,14
350128,1,1,1989,0,0,6,0,0,0,12,0,23,0
350128,2,1,1989,0,0,28,0,0,0,0,0,0,0
350129,1,1,1989,10,10,10,10,10,10,10,10,10,10
350130,1,1,1989,15,15,15,15,15,15,15,15,15,15
350131,1,1,1989,30,30,30,30,30,30,30,30,30,30
350132,0,1,1989,10,10,10,10,10,10,10,10,10,10
350132,1,1,1989,0,0,8,0,0,0,29,0,0,5
350133,1,1,1989,17,17,17,17,17,17,17,17,17,17
350134,0,1,1989,0,0,0,0,0,0,0,0,0,0
350134,1,1,1989,0,0,0,0,0,0,0,0,0,0
350135,0,1,1989,36,36,36,36,36,36,36,36,36,36
350135,1,1,1989,28,0,0,0,19,15,12,0,0,14
350136,1,1,1989,25,25,25,25,25,25,25,25,25,25
350137,1,1,1989,0,0,0,0,0,0,0,0,0,0
350138,0,1,1989,0,0,0,0,0,0,0,0,0,0
350138,1,1,1989,0,0,0,0,0,0,0,0,2,0
350139,1,1,1989,0,0,0,0,0,0,0,0,0,0
350139,2,1,1989,0,0,0,0,0,0,0,0,0,0
350140,1,1,1989,16,16,16,16,16,16,16,16,16,16
350141,1,1,1989,0,0,0,0,0,0,0,0,0,0
350142,1,1,1989,37,37,37,37,37,37,37,37,37,37
350143,1,1,1989,0,0,0,0,0,0,0,0,0,0
350144,1,1,1989,0,0,0,0,0,0,0,0,0,0
350145,1,1,1989,0,0,0,0,0,0,0,0,0,0
350146,1,1,1989,0,0,0,0,0,0,0,0,0,0
350147,1,1,1989,0,0,0,0,0,0,0,0,0,0
350147,2,1,1989,0,0,18,0,0,0,0,0,0,0
350148,1,1,1989,0,0,0,0,0,0,0,0,0,0
350149,1,1,1989,0,0,0,0,0,0,0,0,0,0
350150,1,1,1989,12,12,12,12,12,12,12,12,12,12
350151,1,1,1989,17,17,17,17,17,17,17,17,17,17
350151,2,1,1989,0,0,0,0,0,0,0,0,0,0
350152,1,1,1989,0,0,0,12,13,0,0,0,14,0
350153,0,1,1989,8,8,8,8,8,8,8,8,8,8
350153,1,1,1989,0,13,25,0,29,0,0,14,0,14
350154,1,1,1989,0,0,0,0,0,0,0,0,0,0
350154,2,1,1989,0,0,0,0,0,0,0,0,0,0
350155,1,1,1989,24,24,24,24,24,24,24,24,24,24
350156,1,1,1989,0,0,0,0,0,0,0,0,0,0
350157,1,1,1989,0,0,0,0,0,0,0,0,0,0
350158,1,1,1989,19,19,19,19,19,19,19,19,19,19
350159,0,1,1989,0,0,0,0,0,0,0,0,0,0
350159,1,1,1989,0,0,0,5,4,0,0,14,4,0
350160,0,1,1989,27,27,27,27,27,27,27,27,27,27
350160,1,1,1989,0,0,0,0,0,0,0,0,0,0
350161,1,1,1989,12,12,12,12,12,12,12,12,12,12
350162,1,1,1989,0,0,0,0,0,0,0,0,0,0
350162,2,1,1989,31,31,31,31,31,31,31,31,31,31
350163,1,1,1989,0,0,0,0,0,0,0,0,0,0
350163,2,1,1989,0,0,0,0,0,0,0,0,0,0
350164,1,1,1989,0,0,0,0,0,0,0,0,0,0
350165,1,1,1989,13,13,13,13,13,13,13,13,13,13
350166,1,1,1989,38,38,38,38,38,38,38,38,38,38
350167,1,1,1989,0,0,0,0,0,0,0,0,0,0
350167,2,1,1989,13,9,19,11,0,13,20,16,14,15
350168,1,1,1989,14,14,14,14,14,14,14,14,14,14
350169,1,1,1989,24,0,0,0,0,0,0,18,0,0
350169,2,1,1989,0,0,0,0,0,0,0,0,0,0
350170,1,1,1989,0,0,0,0,0,0,0,0,0,0
350170,2,1,1989,0,0,0,0,0,0,0,0,0,0
350171,1,1,1989,0,0,0,0,0,0,0,0,0,0
350172,1,1,1989,31,31,31,31,31,31,31,31,31,31
350173,1,1,1989,0,0,0,0,0,0,0,0,0,0
350173,2,1,1989,0,0,0,0,0,0,0,0,0,0
350174,1,1,1989,0,0,0,0,0,0,0,0,0,0
350174,2,1,1989,0,0,0,0,0,0,0,0,0,0
350175,1,1,1989,0,3,0,0,0,0,0,0,0,0
350175,2,1,1989,0,0,0,0,0,0,0,0,0,0
350175,3,1,1989,24,24,24,24,24,24,24,24,24,24
350176,1,1,1989,0,0,0,0,0,0,0,0,0,0
350177,1,1,1989,0,0,0,25,0,13,36,0,22,8
350178,1,1,1989,25,25,25,25,25,25,25,25,25,25
350179,1,1,1989,1,1,1,1,1,1,1,1,1,1
350180,1,1,1989,24,24,24,24,24,24,24,24,24,24
350181,1,1,1989,30,30,30,30,30,30,30,30,30,30
350181,2,1,1989,0,0,15,0,0,0,0,0,0,0
350181,3,1,1989,0,0,0,0,0,0,0,0,0,0
350181,4,1,1989,0,0,0,0,0,0,0,0,0,0
350182,1,1,1989,11,11,11,11,11,11,11,11,11,11
350182,2,1,1989,0,0,0,0,0,14,0,0,0,0
350182,3,1,1989,0,0,0,0,0,0,0,0,0,0
350183,1,1,1989,16,16,16,16,16,16,16,16,16,16
350184,1,1,1989,18,18,18,18,18,18,18,18,18,18
350185,1,1,1989,0,0,0,0,0,0,0,0,0,0
350185,2,1,1989,1,1,1,1,1,1,1,1,1,1
350186,1,1,1989,0,0,0,0,9,0,0,0,0,0
350186,2,1,1989,0,0,0,0,0,0,0,0,0,0
350187,1,1,1989,0,0,0,0,0,0,0,0,0,0
350188,1,1,1989,0,0,0,0,0,0,0,0,0,0
350189,1,1,1989,31,31,31,31,31,31,31,31,31,31
350190,1,1,1989,2,2,2,2,2,2,2,2,2,2
350191,1,1,1989,21,21,21,21,21,21,21,21,21,21
350192,1,1,1989,21,12,25,23,28,14,25,6,25,12
350193,1,1,1989,24,24,24,24,24,24,24,24,24,24
350194,1,1,1989,5,5,5,5,5,5,5,5,5,5
350195,1,1,1989,0,0,0,0,0,0,0,0,0,0
350196,1,1,1989,0,0,0,0,0,0,0,0,0,0
350197,1,1,1989,34,34,34,34,34,34,34,34,34,34
350198,1,1,1989,0,0,0,0,0,0,0,0,0,0
350198,2,1,1989,0,0,0,0,0,0,0,0,0,0
350199,1,1,1989,0,0,0,0,0,0,0,0,0,0
350199,2,1,1989,29,29,29,29,29,29,29,29,29,29
350200,1,1,1989,0,0,0,0,0,0,0,0,0,0
350201,1,1,1989,0,0,0,0,0,0,0,0,0,0
350201,2,1,1989,0,0,0,0,0,0,0,0,0,13
350202,1,1,1989,1,1,1,1,1,1,1,1,1,1
350203,1,1,1989,0,0,0,0,0,0,0,0,0,0
350204,0,1,1989,6,6,6,6,6,6,6,6,6,6
350204,1,1,1989,0,0,4,0,0,0,0,0,0,0
350205,1,1,1989,23,23,23,23,23,23,23,23,23,23
350205,2,1,1989,0,0,0,0,0,0,0,0,0,0
350206,0,1,1989,24,24,24,24,24,24,24,24,24,24
350206,1,1,1989,0,0,0,0,0,0,0,0,0,0
350207,0,1,1989,0,0,0,0,0,0,0,0,0,0
350207,1,1,1989,9,9,9,9,9,9,9,9,9,9
350208,1,1,1989,0,0,0,12,0,0,0,0,0,0
350209,1,1,1989,19,19,19,19,19,19,19,19,19,19
350210,1,1,1989,0,0,0,0,0,0,0,0,0,0
350210,2,1,1989,0,0,0,0,0,0,0,0,11,0
350210,3,1,1989,0,0,0,0,0,0,0,0,0,0
350210,4,1,1989,0,0,0,0,0,0,0,0,0,0
350210,5,1,1989,0,0,0,0,0,0,0,0,0,0
350210,6,1,1989,0,0,0,0,0,0,0,0,0,0
350211,0,1,1989,26,26,26,26,26,26,26,26,26,26
350211,1,1,1989,15,15,15,15,15,15,15,15,15,15
350212,0,1,1989,0,0,0,0,0,0,0,0,0,0
350212,1,1,1989,0,17,0,0,10,0,0,23,0,0
350213,1,1,1989,0,0,0,0,0,0,0,0,0,0
350214,1,1,1989,15,15,15,15,15,15,15,15,15,15
350215,0,1,1989,29,29,29,29,29,29,29,29,29,29
350215,1,1,1989,0,0,28,5,11,0,0,0,0,9
350215,2,1,1989,0,0,0,0,0,0,0,0,0,0
350216,1,1,1989,7,7,7,7,7,7,7,7,7,7
350217,1,1,1989,0,0,0,0,0,0,0,0,0,0
350217,2,1,1989,0,0,0,0,0,0,0,0,0,0
350218,1,1,1989,28,28,28,28,28,28,28,28,28,28
350219,1,1,1989,0,0,0,0,0,0,0,0,0,0
350220,0,1,1989,0,0,0,0,0,0,0,0,0,0
350220,1,1,1989,0,0,0,11,0,0,14,0,0,0
350221,0,1,1989,15,21,29,9,23,17,0,33,8,16
350221,1,1,1989,0,0,0,0,0,0,0,0,0,0
350222,1,1,1989,7,12,16,9,14,12,39,16,11,18
350223,1,1,1989,24,24,24,24,24,24,24,24,24,24
350224,1,1,1989,9,15,0,0,0,0,0,0,0,0
350225,1,1,1989,35,35,35,35,35,35,35,35,35,35
350226,1,1,1989,0,0,0,0,0,0,0,0,0,0
350227,1,1,1989,0,15,6,21,16,11,17,16,0,14
350227,2,1,1989,0,0,0,0,0,0,0,0,0,0
350227,3,1,1989,0,0,0,0,0,0,0,0,0,0
350228,1,1,1989,5,5,5,5,5,5,5,5,5,5
350229,1,1,1989,0,0,0,0,0,0,0,0,0,0
350230,1,1,1989,0,0,0,0,0,0,0,0,0,0
350231,0,1,1989,16,16,16,16,16,16,16,16,16,16
350231,1,1,1989,0,13,18,0,0,0,0,0,10,0
350232,1,1,1989,0,0,0,0,0,0,0,0,0,0
350232,2,1,1989,0,0,0,0,0,0,0,0,0,0
350233,1,1,1989,0,0,0,0,0,0,0,0,0,0
350234,1,1,1989,0,0,0,0,0,0,0,0,0,0
350235,1,1,1989,0,0,0,0,0,0,0,0,0,0
350236,1,1,1989,1,1,1,1,1,1,1,1,1,1
350237,0,1,1989,12,12,12,12,12,12,12,12,12,12
350237,1,1,1989,0,0,0,0,0,0,0,0,0,0
350238,1,1,1989,0,0,0,0,9,11,0,0,0,0
350238,2,1,1989,26,26,26,26,26,26,26,26,26,26
350239,1,1,1989,9,9,9,9,9,9,9,9,9,9
350240,1,1,1989,0,0,0,0,0,0,0,0,0,0
350241,1,1,1989,0,0,0,0,0,0,0,0,0,0
350242,1,1,1989,0,0,0,0,0,0,0,0,0,0
350243,1,1,1989,0,0,0,0,0,0,0,0,0,0
350244,1,1,1989,0,0,0,0,0,0,0,0,0,0
350244,2,1,1989,0,0,0,0,0,0,0,9,0,0
350245,1,1,1989,0,0,0,0,0,0,0,0,0,0
350245,2,1,1989,0,0,0,0,0,0,0,0,0,0
350246,1,1,1989,0,0,0,0,0,0,0,0,0,0
350246,2,1,1989,0,0,0,0,0,0,0,0,0,0
350247,1,1,1989,21,21,21,21,21,21,21,21,21,21
350247,2,1,1989,0,0,0,0,0,0,0,0,0,0
350248,1,1,1989,0,0,0,0,0,0,0,0,0,0
350249,1,1,1989,11,11,11,11,11,11,11,11,11,11
350250,1,1,1989,22,22,22,22,22,22,22,22,22,22
350251,1,1,1989,0,0,0,0,0,0,0,0,0,0
350252,0,1,1989,0,0,0,0,0,0,0,0,0,0
350252,1,1,1989,0,0,0,0,0,0,0,0,0,0
350253,1,1,1989,28,28,28,28,28,28,28,28,28,28
350254,1,1,1989,13,13,13,13,13,13,13,13,13,13
350255,1,1,1989,18,18,18,18,18,18,18,18,18,18
350255,2,1,1989,0,0,0,0,0,0,0,0,0,0
350257,1,1,1989,0,0,0,0,0,0,0,0,0,0
350257,2,1,1989,0,0,0,0,0,0,0,0,0,0
350258,1,1,1989,0,0,0,0,0,0,0,0,0,0
350258,2,1,1989,0,0,0,0,0,0,0,0,0,0
350259,0,1,1989,20,20,20,20,20,20,20,20,20,20
350259,1,1,1989,0,0,0,0,0,0,0,0,0,0
350260,1,1,1989,0,0,0,0,0,0,0,0,0,0
350260,2,1,1989,0,0,0,0,0,5,0,0,0,0
350261,1,1,1989,12,0,7,0,9,3,13,14,12,28
350262,1,1,1989,3,3,3,3,3,3,3,3,3,3
350263,0,1,1989,18,18,18,18,18,18,18,18,18,18
350263,1,1,1989,0,0,0,0,0,0,0,19,0,0
350264,0,1,1989,23,23,23,23,23,23,23,23,23,23
350264,1,1,1989,0,0,0,0,0,0,0,0,0,0
350266,1,1,1989,0,0,0,0,0,0,0,0,0,0
350267,1,1,1989,0,0,0,0,0,0,0,0,0,0
350267,2,1,1989,0,0,0,0,0,0,0,0,0,0
350268,1,1,1989,23,23,23,23,23,23,23,23,23,23
350268,2,1,1989,0,0,0,0,0,0,0,0,0,0
350269,1,1,1989,23,23,23,23,23,23,23,23,23,23
350270,0,1,1989,0,0,0,0,0,0,0,0,0,0
350270,1,1,1989,1,1,1,1,1,1,1,1,1,1
350271,1,1,1989,15,0,0,0,0,0,0,0,0,0
350271,2,1,1989,0,0,0,0,0,0,0,0,0,0
350272,0,1,1989,27,27,27,27,27,27,27,27,27,27
350272,1,1,1989,0,7,0,0,0,0,13,0,0,0
350272,2,1,1989,0,34,11,0,10,0,0,4,9,0
350273,1,1,1989,14,14,14,14,14,14,14,14,14,14
350274,1,1,1989,18,18,18,18,18,18,18,18,18,18
350275,1,1,1989,15,15,15,15,15,15,15,15,15,15
350276,1,1,1989,12,12,12,12,12,12,12,12,12,12
350277,1,1,1989,0,0,0,0,0,0,0,0,0,0
350278,1,1,1989,27,27,27,27,27,27,27,27,27,27
350278,2,1,1989,0,0,0,0,0,0,0,0,0,0
350278,3,1,1989,0,0,0,13,0,0,0,0,0,0
350278,4,1,1989,0,0,0,0,0,0,0,0,0,0
350279,1,1,1989,24,24,24,24,24,24,24,24,24,24
350280,1,1,1989,0,0,0,0,0,0,0,0,0,0
350280,2,1,1989,0,0,18,0,0,0,0,0,0,0
350281,0,1,1989,0,0,0,0,0,0,0,0,0,0
350281,1,1,1989,0,0,0,0,0,0,0,0,0,0
350282,1,1,1989,0,0,0,0,0,0,0,0,0,0
350282,2,1,1989,0,0,0,0,0,0,0,0,0,0
350283,1,1,1989,0,0,0,0,0,0,0,6,0,0
350284,0,1,1989,9,9,9,9,9,9,9,9,9,9
350284,1,1,1989,0,8,0,12,0,0,0,0,0,0
350285,0,1,1989,14,14,14,14,14,14,14,14,14,14
350285,1,1,1989,0,0,0,35,2,0,0,3,0,17
350286,1,1,1989,0,0,0,0,0,0,0,0,0,0
350286,2,1,1989,21,21,21,21,21,21,21,21,21,21
350287,1,1,1989,0,0,0,0,0,0,0,0,0,0
350287,2,1,1989,10,10,10,10,10,10,10,10,10,10
350288,0,1,1989,22,22,22,22,22,22,22,22,22,22
350288,1,1,1989,0,0,0,14,0,0,0,0,0,0
350289,1,1,1989,0,0,0,0,0,0,0,0,0,0
350290,0,1,1989,35,35,35,35,35,35,35,35,35,35
350290,1,1,1989,0,0,0,0,0,0,0,0,0,0
350291,1,1,1989,0,0,0,0,0,0,0,0,0,0
350291,2,1,1989,15,15,15,15,15,15,15,15,15,15
350292,0,1,1989,19,19,19,19,19,19,19,19,19,19
350292,1,1,1989,0,0,0,0,0,0,0,0,0,0
350293,1,1,1989,23,23,23,23,23,23,23,23,23,23
350294,1,1,1989,0,0,0,0,0,0,0,0,0,0
350295,1,1,1989,9,20,12,24,16,26,37,16,0,12
350296,1,1,1989,0,0,0,0,0,0,0,0,0,0
350296,2,1,1989,0,0,0,0,0,0,0,0,0,0
350297,1,1,1989,4,4,4,4,4,4,4,4,4,4
350298,1,1,1989,0,0,0,0,0,14,0,0,0,0
350298,2,1,1989,0,0,0,2,0,0,0,16,0,0
350298,3,1,1989,8,14,7,20,12,6,18,17,14,9
350299,1,1,1989,0,0,0,0,0,0,0,0,0,0
350300,1,1,1989,0,0,0,0,0,0,0,0,0,0
350301,1,1,1989,30,30,30,30,30,30,30,30,30,30
350302,1,1,1989,0,0,0,0,0,0,0,0,0,0
350303,1,1,1989,12,12,12,12,12,12,12,12,12,12
350304,1,1,1989,3,3,3,3,3,3,3,3,3,3
350305,1,1,1989,11,11,11,11,11,11,11,11,11,11
350305,2,1,1989,11,11,11,11,11,11,11,11,11,11
350306,1,1,1989,0,0,0,0,0,0,0,0,0,0
350306,2,1,1989,0,0,0,0,0,0,0,0,0,0
350307,1,1,1989,29,29,29,29,29,29,29,29,29,29
350308,1,1,1989,0,0,0,0,0,0,0,0,0,0
350309,1,1,1989,0,0,0,0,0,0,0,0,0,0