ST_CASE,VEH_NO,PER_NO,YEAR,P1,P2,P3,P4,P5,P6,P7,P8,P9,P10
350310,1,1,1989,12,12,12,12,12,12,12,12,12,12
350311,0,1,1989,36,36,36,36,36,36,36,36,36,36
350311,1,1,1989,0,0,0,0,0,0,0,0,0,0
350312,1,1,1989,20,20,20,20,20,20,20,20,20,20
350312,2,1,1989,20,20,20,20,20,20,20,20,20,20
350313,1,1,1989,31,31,31,31,31,31,31,31,31,31
350314,1,1,1989,17,17,17,17,17,17,17,17,17,17
350314,2,1,1989,20,20,20,20,20,20,20,20,20,20
350315,0,1,1989,27,27,27,27,27,27,27,27,27,27
350315,1,1,1989,0,0,16,0,0,0,0,0,0,0
350316,1,1,1989,3,3,3,3,3,3,3,3,3,3
350316,2,1,1989,0,0,0,9,15,0,0,0,0,24
350316,3,1,1989,0,0,3,0,0,0,0,4,0,0
350317,1,1,1989,0,8,23,21,18,46,6,17,26,18
350318,1,1,1989,1,1,1,1,1,1,1,1,1,1
350319,1,1,1989,0,0,0,0,0,0,0,11,14,0
350319,2,1,1989,0,0,0,0,0,0,0,0,0,0
350320,1,1,1989,0,0,0,0,11,0,0,0,0,0
350320,2,1,1989,20,0,0,13,23,0,8,0,0,12
350321,1,1,1989,0,0,0,0,0,0,0,0,0,0
350322,1,1,1989,0,0,0,0,0,0,0,0,0,0
350323,1,1,1989,0,0,0,0,0,0,0,0,0,0
350323,2,1,1989,0,0,0,0,0,0,0,0,0,0
350324,0,1,1989,0,0,0,0,0,0,0,0,0,0
350324,1,1,1989,0,0,0,0,0,0,0,0,0,0
350325,1,1,1989,14,18,0,0,15,0,0,0,15,19
350326,0,1,1989,0,0,0,0,0,0,0,0,0,0
350326,1,1,1989,18,18,18,18,18,18,18,18,18,18
350327,0,1,1989,0,0,0,0,0,0,0,0,0,0
350327,1,1,1989,0,0,0,0,0,0,0,0,0,0
350328,0,1,1989,28,28,28,28,28,28,28,28,28,28
350328,1,1,1989,22,22,22,22,22,22,22,22,22,22
350329,1,1,1989,0,0,0,0,0,0,0,0,0,0
350330,1,1,1989,16,0,17,12,29,15,26,24,17,19
350331,0,1,1989,33,33,33,33,33,33,33,33,33,33
350331,1,1,1989,0,0,0,0,0,0,0,0,0,0
350331,2,1,1989,0,0,0,0,0,0,0,0,0,0
350332,1,1,1989,0,0,0,0,0,0,0,0,0,0
350332,2,1,1989,0,0,0,0,0,0,0,0,0,0
350333,1,1,1989,0,0,0,0,0,0,0,0,0,0
350334,1,1,1989,0,0,0,0,0,0,0,0,0,0
350334,2,1,1989,0,0,0,0,0,0,0,0,0,0
350335,1,1,1989,31,31,31,31,31,31,31,31,31,31
350336,1,1,1989,25,25,25,25,25,25,25,25,25,25
350337,0,1,1989,21,21,21,21,21,21,21,21,21,21
350337,1,1,1989,14,14,14,14,14,14,14,14,14,14
350338,1,1,1989,0,0,0,0,0,0,0,0,0,0
350338,2,1,1989,0,0,0,0,0,0,0,0,0,0
350339,1,1,1989,19,0,0,12,0,0,0,0,23,11
350339,2,1,1989,0,0,0,0,0,0,0,0,0,0
350340,1,1,1989,0,0,0,0,0,0,0,0,0,0
350340,2,1,1989,0,0,0,0,0,0,0,0,0,0
350341,1,1,1989,0,0,0,0,0,0,0,0,0,0
350341,2,1,1989,0,0,0,0,0,0,0,0,0,0
350342,1,1,1989,0,0,0,0,0,0,0,0,0,0
350342,2,1,1989,0,0,11,0,0,12,18,3,11,16
350343,1,1,1989,21,12,14,18,12,28,17,20,14,35
350344,1,1,1989,0,0,0,0,0,0,0,0,0,0
350344,2,1,1989,0,0,0,0,0,0,0,0,0,0
350345,1,1,1989,11,11,11,11,11,11,11,11,11,11
350346,0,1,1989,0,0,0,0,0,0,0,0,0,0
350346,1,1,1989,0,0,0,0,22,0,0,0,0,0
350347,1,1,1989,16,16,16,16,16,16,16,16,16,16
350348,0,1,1989,28,28,28,28,28,28,28,28,28,28
350348,1,1,1989,0,0,0,0,0,0,0,13,0,0
350351,1,1,1989,0,0,0,0,0,0,0,0,0,0
350351,2,1,1989,0,0,0,0,0,0,0,0,0,0
350352,1,1,1989,1,1,1,1,1,1,1,1,1,1
350352,2,1,1989,0,0,0,0,0,0,0,0,0,0
350353,0,1,1989,10,10,10,10,10,10,10,10,10,10
350353,1,1,1989,14,10,15,17,5,23,26,3,12,4
350354,1,1,1989,31,31,31,31,31,31,31,31,31,31
350355,0,1,1989,22,22,22,22,22,22,22,22,22,22
350355,1,1,1989,0,0,13,8,0,13,0,0,0,0
350356,1,1,1989,0,0,0,0,0,0,0,0,0,0
350356,2,1,1989,0,0,0,0,0,0,9,0,0,0
350357,1,1,1989,0,15,0,0,0,0,0,0,0,0
350357,2,1,1989,0,0,0,0,0,0,0,0,0,0
350358,1,1,1989,0,0,0,0,0,0,0,0,0,0
350358,2,1,1989,27,27,27,27,27,27,27,27,27,27
350359,1,1,1989,22,13,21,9,23,15,25,9,12,30
350360,1,1,1989,0,0,0,0,0,0,0,0,0,0
350361,1,1,1989,0,0,0,0,0,0,0,0,0,0
350362,1,1,1989,26,26,26,26,26,26,26,26,26,26
350363,0,1,1989,29,29,29,29,29,29,29,29,29,29
350363,0,2,1989,6,7,11,0,0,14,0,0,13,0
350363,1,1,1989,21,11,4,12,27,25,20,12,18,18
350364,1,1,1989,0,26,0,0,0,0,0,0,0,0
350364,2,1,1989,0,0,0,0,0,0,0,0,0,0
350364,3,1,1989,0,9,0,17,15,11,0,0,0,0
350365,0,1,1989,11,11,11,11,11,11,11,11,11,11
350365,1,1,1989,0,0,0,16,12,0,21,0,16,0
350366,1,1,1989,19,0,0,0,8,0,0,0,5,30
350367,0,1,1989,17,17,17,17,17,17,17,17,17,17
350367,1,1,1989,19,19,19,19,19,19,19,19,19,19
350368,0,1,1989,2,2,2,2,2,2,2,2,2,2
350368,0,2,1989,0,0,11,21,13,16,31,29,18,21
350368,1,1,1989,0,0,0,15,23,24,26,0,10,13
350369,1,1,1989,27,27,27,27,27,27,27,27,27,27
350370,0,1,1989,11,11,11,11,11,11,11,11,11,11
350370,1,1,1989,0,0,0,0,0,0,0,0,0,0
350371,1,1,1989,0,17,0,12,0,0,0,0,0,0
350371,2,1,1989,17,17,17,17,17,17,17,17,17,17
350372,0,1,1989,31,31,31,31,31,31,31,31,31,31
350372,1,1,1989,0,0,0,0,0,0,0,0,0,0
350373,1,1,1989,0,0,0,0,0,0,0,11,0,0
350375,1,1,1989,4,4,4,4,4,4,4,4,4,4
350376,1,1,1989,12,12,12,12,12,12,12,12,12,12
350377,1,1,1989,11,11,11,11,11,11,11,11,11,11
350378,0,1,1989,3,3,3,3,3,3,3,3,3,3
350378,1,1,1989,0,0,0,0,6,10,9,0,0,0
350379,1,1,1989,0,0,0,0,0,0,0,0,0,0
350379,2,1,1989,0,0,0,0,0,0,0,0,0,0
350380,0,1,1989,7,7,7,7,7,7,7,7,7,7
350380,1,1,1989,8,0,0,0,0,0,0,0,12,25
350381,1,1,1989,2,2,2,2,2,2,2,2,2,2
350382,1,1,1989,0,0,0,0,0,0,0,0,0,0
350382,2,1,1989,0,0,0,0,0,0,0,12,0,0
350383,0,1,1989,12,12,12,12,12,12,12,12,12,12
350383,1,1,1989,22,22,22,22,22,22,22,22,22,22
350384,0,1,1989,0,0,0,0,0,0,0,13,0,0
350384,1,1,1989,0,0,0,0,0,0,0,0,21,0
350385,0,1,1989,14,14,14,14,14,14,14,14,14,14
350385,1,1,1989,0,0,26,0,19,0,0,10,0,29
350386,0,1,1989,23,23,23,23,23,23,23,23,23,23
350386,1,1,1989,0,25,8,6,19,5,0,0,0,4
350387,1,1,1989,0,0,0,0,0,0,0,0,0,0
350387,2,1,1989,0,0,0,0,0,0,0,0,0,0
350388,1,1,1989,0,0,0,0,0,0,0,0,0,0
350388,2,1,1989,0,0,0,0,0,0,0,0,0,0
350388,3,1,1989,0,0,0,0,0,0,0,0,0,0
350389,1,1,1989,0,0,0,0,0,0,0,0,0,0
350389,2,1,1989,0,0,0,0,0,0,0,0,0,0
350390,0,1,1989,11,11,11,11,11,11,11,11,11,11
350390,1,1,1989,0,0,14,0,13,0,0,0,0,0
350391,0,1,1989,21,21,21,21,21,21,21,21,21,21
350391,1,1,1989,7,18,0,9,0,0,26,0,13,11
350392,1,1,1989,32,32,32,32,32,32,32,32,32,32
350393,1,1,1989,0,0,0,0,0,0,0,0,0,0
350393,2,1,1989,0,0,0,0,0,0,0,0,0,0
350394,1,1,1989,0,0,0,0,0,0,0,0,0,0
350394,2,1,1989,16,0,29,12,9,0,10,16,6,0
350395,1,1,1989,0,0,0,0,0,0,0,0,0,0
350396,1,1,1989,0,0,0,0,0,0,0,0,0,0
350396,2,1,1989,0,0,0,0,0,0,19,0,0,0
350397,1,1,1989,0,0,0,0,0,0,0,0,0,0
350398,1,1,1989,0,0,0,0,0,0,29,0,0,0
350398,2,1,1989,22,22,22,22,22,22,22,22,22,22
350399,1,1,1989,0,0,0,0,0,13,14,0,0,0
350400,1,1,1989,14,0,0,0,21,0,0,0,0,0
350400,2,1,1989,0,0,0,0,0,0,0,0,0,0
350401,1,1,1989,0,0,0,0,0,0,0,0,0,0
350401,2,1,1989,7,7,7,7,7,7,7,7,7,7
350402,0,1,1989,0,0,0,0,0,0,0,0,0,0
350402,1,1,1989,0,0,0,0,0,0,0,0,0,0
350403,1,1,1989,7,7,7,7,7,7,7,7,7,7
350403,2,1,1989,0,0,0,0,0,11,0,0,5,0
350404,1,1,1989,0,0,0,0,0,0,0,0,0,0
350404,2,1,1989,0,0,0,0,0,0,0,0,0,0
350405,1,1,1989,0,0,0,0,0,0,0,0,0,0
350405,2,1,1989,0,0,0,0,0,0,0,0,0,0
350406,1,1,1989,3,3,3,3,3,3,3,3,3,3
350406,2,1,1989,0,0,0,0,0,0,0,0,0,0
350407,1,1,1989,20,20,20,20,20,20,20,20,20,20
350408,1,1,1989,17,17,17,17,17,17,17,17,17,17
350409,1,1,1989,0,0,0,0,0,0,0,0,0,0
350409,2,1,1989,0,0,0,0,0,0,0,0,0,0
350410,1,1,1989,0,0,0,0,0,0,0,0,0,0
350411,1,1,1989,0,0,0,0,0,0,0,0,0,0
350412,1,1,1989,0,0,0,0,0,0,0,0,0,0
350412,2,1,1989,0,0,0,0,0,0,0,0,0,0
350413,1,1,1989,22,22,22,22,22,22,22,22,22,22
350414,0,1,1989,22,22,22,22,22,22,22,22,22,22
350414,1,1,1989,0,0,0,0,0,0,0,0,0,0
350415,1,1,1989,0,7,19,14,6,27,14,8,0,21
350415,2,1,1989,0,0,16,0,0,19,0,0,0,0
350415,3,1,1989,0,0,0,0,0,0,0,0,0,0
350416,1,1,1989,21,21,21,21,21,21,21,21,21,21
350417,1,1,1989,0,0,0,0,0,0,0,0,0,0
350417,2,1,1989,0,0,0,0,0,0,0,0,0,0
350418,0,1,1989,0,0,0,0,0,0,0,0,0,0
350418,1,1,1989,0,0,0,0,0,0,0,0,0,0
350419,1,1,1989,0,0,0,0,0,0,0,0,0,0
350420,0,1,1989,19,19,19,19,19,19,19,19,19,19
350420,1,1,1989,0,0,42,25,0,0,0,0,10,8
350421,0,1,1989,27,27,27,27,27,27,27,27,27,27
350421,1,1,1989,0,0,0,0,0,0,0,0,0,0
350422,1,1,1989,22,22,22,22,22,22,22,22,22,22
350423,1,1,1989,29,29,29,29,29,29,29,29,29,29
350423,2,1,1989,14,14,14,14,14,14,14,14,14,14
350424,1,1,1989,22,22,22,22,22,22,22,22,22,22
350425,0,1,1989,6,6,6,6,6,6,6,6,6,6
350425,1,1,1989,0,0,0,0,0,0,0,0,0,0
350426,1,1,1989,0,0,0,0,0,0,0,0,0,0
350427,1,1,1989,0,0,0,0,0,0,0,0,0,0
350427,2,1,1989,0,0,0,0,0,0,0,0,0,0
350428,1,1,1989,9,9,9,9,9,9,9,9,9,9
350429,1,1,1989,0,0,0,0,0,0,0,0,0,0
350430,1,1,1989,0,0,0,0,0,0,0,0,0,0
350430,2,1,1989,0,0,0,0,0,0,0,0,0,0
350431,1,1,1989,0,0,0,0,0,0,0,0,0,0
350432,1,1,1989,6,6,6,6,6,6,6,6,6,6
350432,2,1,1989,0,0,0,0,0,0,0,0,0,28
350433,1,1,1989,0,0,0,0,0,0,0,0,0,0
350434,1,1,1989,20,20,20,20,20,20,20,20,20,20
350435,1,1,1989,0,0,0,0,0,0,0,0,0,0
350436,1,1,1989,20,20,20,20,20,20,20,20,20,20
350437,1,1,1989,28,28,28,28,28,28,28,28,28,28
350437,2,1,1989,0,14,0,0,0,0,0,0,0,0
350437,3,1,1989,0,0,0,13,0,0,0,0,0,0
350438,0,1,1989,16,16,16,16,16,16,16,16,16,16
350438,1,1,1989,9,18,26,12,0,0,0,0,0,0
350439,1,1,1989,14,14,14,14,14,14,14,14,14,14
350440,1,1,1989,18,0,0,0,0,0,0,0,0,0
350441,1,1,1989,10,10,10,10,10,10,10,10,10,10
350442,1,1,1989,21,21,21,21,21,21,21,21,21,21
350443,1,1,1989,0,0,0,0,0,0,6,0,0,0
350443,2,1,1989,0,0,0,0,0,0,0,0,0,0
350444,0,1,1989,0,0,0,0,0,0,26,0,0,0
350444,1,1,1989,0,0,0,0,0,0,0,0,0,0
350445,0,1,1989,21,21,21,21,21,21,21,21,21,21
350445,1,1,1989,0,0,0,0,0,0,0,0,0,0
350446,1,1,1989,22,22,22,22,22,22,22,22,22,22
350447,0,1,1989,14,14,14,14,14,14,14,14,14,14
350447,1,1,1989,0,0,0,0,0,0,0,0,0,0
350448,1,1,1989,15,15,15,15,15,15,15,15,15,15
350449,1,1,1989,0,0,0,0,0,0,0,0,0,0
350450,1,1,1989,20,24,33,32,17,27,15,0,21,0
350450,2,1,1989,0,0,0,0,0,0,0,0,0,0
350451,1,1,1989,13,27,18,9,23,10,7,15,5,22
350452,1,1,1989,15,15,15,15,15,15,15,15,15,15
350452,2,1,1989,0,0,0,0,0,0,0,0,0,0
350453,0,1,1989,0,0,0,0,0,0,0,0,0,0
350453,1,1,1989,0,0,0,19,0,0,0,0,0,0
350453,2,1,1989,0,0,0,0,0,0,0,0,0,0
350455,1,1,1989,0,0,0,0,29,0,0,11,0,0
350456,1,1,1989,0,0,0,0,0,0,0,0,0,0
350457,1,1,1989,0,0,0,0,0,0,0,0,0,0
350457,2,1,1989,0,0,0,0,0,0,0,0,0,0
350458,1,1,1989,0,0,0,0,0,0,0,0,0,0
350458,2,1,1989,0,0,0,0,0,0,0,0,0,0
350459,1,1,1989,25,9,15,6,26,19,25,17,17,14
350460,1,1,1989,14,14,14,14,14,14,14,14,14,14
350461,1,1,1989,18,18,18,18,18,18,18,18,18,18
350462,1,1,1989,21,17,0,12,27,0,0,0,22,15
350463,1,1,1989,8,8,8,8,8,8,8,8,8,8
350464,1,1,1989,16,16,16,16,16,16,16,16,16,16
350465,0,1,1989,26,26,26,26,26,26,26,26,26,26
350465,1,1,1989,0,0,0,0,0,0,0,0,0,0
350466,0,1,1989,32,32,32,32,32,32,32,32,32,32
350466,1,1,1989,0,0,0,0,0,0,0,0,0,0
350467,1,1,1989,0,0,0,0,0,0,0,0,0,0
350468,1,1,1989,0,0,0,0,0,0,0,0,0,0
350468,2,1,1989,3,3,3,3,3,3,3,3,3,3
350469,1,1,1989,20,0,0,0,0,0,0,0,0,0
350469,2,1,1989,0,0,0,0,10,0,0,0,0,0
350470,1,1,1989,26,26,26,26,26,26,26,26,26,26
350471,1,1,1989,13,0,3,22,7,16,5,37,26,17
350471,2,1,1989,0,0,0,0,0,0,0,0,0,0
350472,1,1,1989,10,10,10,10,10,10,10,10,10,10
350473,1,1,1989,25,25,25,25,25,25,25,25,25,25
350473,2,1,1989,0,0,0,0,0,0,0,0,0,0
350474,1,1,1989,0,0,0,0,0,0,0,0,0,0
350475,1,1,1989,7,7,7,7,7,7,7,7,7,7
350475,2,1,1989,0,0,0,30,16,29,0,0,0,0
350476,1,1,1989,0,11,0,0,0,0,0,0,0,0
350477,1,1,1989,17,17,17,17,17,17,17,17,17,17
350478,1,1,1989,22,22,22,22,22,22,22,22,22,22
360001,0,1,1989,14,14,14,14,14,14,14,14,14,14
360001,1,1,1989,0,0,0,0,0,0,0,0,0,0
360002,1,1,1989,0,0,0,0,0,0,0,0,0,0
360002,2,1,1989,0,0,0,0,0,0,0,0,0,0
360003,1,1,1989,0,31,0,24,25,0,0,0,11,4
360004,1,1,1989,14,14,14,14,14,14,14,14,14,14
360005,1,1,1989,0,0,0,0,0,0,0,0,0,0
360006,1,1,1989,0,0,0,0,0,0,0,0,0,0
360006,2,1,1989,0,0,0,0,0,0,0,0,0,0
360007,1,1,1989,16,16,16,16,16,16,16,16,16,16
360008,1,1,1989,0,0,0,0,0,0,0,0,0,0
360008,2,1,1989,0,0,0,0,0,0,0,0,0,0
360009,1,1,1989,0,0,0,0,0,0,0,0,0,0
360009,2,1,1989,0,0,0,0,0,0,0,0,0,0
360010,1,1,1989,20,0,22,0,12,18,0,0,0,0
360011,1,1,1989,0,0,0,0,0,0,0,0,0,0
360011,2,1,1989,0,0,0,0,0,0,0,0,0,0
360011,3,1,1989,0,0,0,0,0,0,0,0,0,0
360012,1,1,1989,30,30,30,30,30,30,30,30,30,30
360013,1,1,1989,0,0,0,0,0,0,0,0,0,0
360014,1,1,1989,0,0,0,0,0,0,0,0,0,0
360014,2,1,1989,0,0,0,0,0,0,0,0,0,0
360015,1,1,1989,0,0,0,0,0,0,0,0,0,0
360015,2,1,1989,0,0,0,0,0,0,0,0,0,0
360016,1,1,1989,0,0,0,0,0,0,0,0,0,0
360017,1,1,1989,15,15,15,15,15,15,15,15,15,15
360018,1,1,1989,2,2,2,2,2,2,2,2,2,2
360019,1,1,1989,0,0,0,0,0,0,0,0,0,0
360020,1,1,1989,0,0,0,0,0,0,0,0,0,0
360020,2,1,1989,0,0,0,0,0,0,0,0,0,0
360021,0,1,1989,0,0,0,0,0,0,0,0,0,0
360021,1,1,1989,0,0,0,19,0,18,0,4,0,0
360022,0,1,1989,6,6,6,6,6,6,6,6,6,6
360022,1,1,1989,15,0,0,0,0,0,0,0,0,0
360023,1,1,1989,0,0,0,0,0,0,0,0,0,0
360023,2,1,1989,0,0,0,0,14,25,13,0,0,0
360024,0,1,1989,0,0,0,0,0,0,0,0,0,0
360024,1,1,1989,0,0,0,0,0,0,0,0,0,0
360025,1,1,1989,0,0,0,0,0,0,0,0,0,0
360025,2,1,1989,25,25,25,25,25,25,25,25,25,25
360026,1,1,1989,0,0,0,0,0,0,0,0,0,0
360026,2,1,1989,0,0,0,0,0,0,0,0,0,0
360027,1,1,1989,0,0,0,0,0,0,0,0,0,0
360028,1,1,1989,0,0,0,0,0,0,0,0,0,0
360028,2,1,1989,0,0,0,0,0,0,0,0,0,0
360029,1,1,1989,0,6,2,28,11,35,7,14,29,6
360029,2,1,1989,0,0,0,0,0,0,0,0,0,0
360030,1,1,1989,0,0,0,0,0,0,0,0,0,0
360030,2,1,1989,0,0,0,0,0,0,0,0,0,0
360031,1,1,1989,0,0,0,0,0,0,0,0,0,0
360032,1,1,1989,0,0,0,0,0,0,0,0,0,0
360033,0,1,1989,0,0,0,0,0,0,0,0,0,0
360033,1,1,1989,0,0,0,0,0,0,0,0,0,0
360034,1,1,1989,0,0,0,0,0,0,0,0,0,0
360034,2,1,1989,12,12,12,12,12,12,12,12,12,12
360035,1,1,1989,12,12,12,12,12,12,12,12,12,12
360036,1,1,1989,22,16,12,7,21,16,19,21,24,9
360037,1,1,1989,0,0,0,0,0,0,0,0,0,0
360038,1,1,1989,29,29,29,29,29,29,29,29,29,29
360039,1,1,1989,27,27,27,27,27,27,27,27,27,27
360040,1,1,1989,0,0,0,0,0,0,0,0,0,0
360041,1,1,1989,0,0,0,0,0,0,0,0,0,0
360042,1,1,1989,0,0,0,11,0,15,25,12,7,0
360043,1,1,1989,0,0,0,0,0,0,0,24,0,0
360044,1,1,1989,0,0,0,0,0,0,0,0,0,0
360044,2,1,1989,0,0,0,0,0,0,0,0,0,0
360046,1,1,1989,0,0,0,0,0,0,0,0,0,0
360047,1,1,1989,0,0,0,0,0,0,0,0,0,0
360047,2,1,1989,0,0,0,0,0,0,0,0,0,0
360048,2,1,1989,0,0,0,0,0,0,0,0,0,0
360050,0,1,1989,0,0,0,0,0,0,0,0,0,0
360050,1,1,1989,0,0,0,0,0,0,0,0,0,0
360050,2,1,1989,0,0,0,0,0,0,0,0,0,0
360051,1,1,1989,0,0,0,0,0,0,0,0,0,0
360052,1,1,1989,0,0,0,0,0,0,0,0,0,0
360052,2,1,1989,0,0,0,0,0,0,0,0,0,0
360053,1,1,1989,0,0,0,0,0,0,0,0,0,0
360053,2,1,1989,0,0,0,0,0,0,0,0,0,0
360053,3,1,1989,0,0,0,0,0,0,0,0,0,0
360054,1,1,1989,0,0,0,0,0,0,0,0,0,0
360055,1,1,1989,22,0,0,9,0,0,0,0,0,0
360055,2,1,1989,5,5,5,5,5,5,5,5,5,5
360056,1,1,1989,24,24,24,24,24,24,24,24,24,24
360057,1,1,1989,27,27,27,27,27,27,27,27,27,27
360058,1,1,1989,0,0,0,0,0,0,0,0,0,0
360059,1,1,1989,0,4,0,0,0,0,0,0,0,0
360059,2,1,1989,0,0,0,0,0,0,0,0,0,0
360060,0,1,1989,0,27,10,16,11,22,24,12,32,24
360060,0,2,1989,31,31,31,31,31,31,31,31,31,31
360060,1,1,1989,0,0,0,0,0,0,0,0,0,0
360061,1,1,1989,21,21,21,21,21,21,21,21,21,21
360062,1,1,1989,0,0,0,0,0,0,0,0,0,0
360063,1,1,1989,0,0,0,0,0,0,0,0,0,0
360063,2,1,1989,0,0,0,0,0,0,0,0,0,0
360064,0,1,1989,0,0,31,0,0,0,27,4,24,19
360064,1,1,1989,0,27,23,5,10,5,0,0,0,12
360065,1,1,1989,0,0,0,0,0,0,0,0,0,0
360065,2,1,1989,0,0,0,0,0,0,0,0,0,0
360066,1,1,1989,0,0,0,0,0,0,0,0,0,0
360066,2,1,1989,0,0,0,0,0,0,0,0,0,0
360067,1,1,1989,0,0,0,0,0,0,0,0,0,0
360068,1,1,1989,0,0,0,0,17,0,0,0,0,0
360069,1,1,1989,0,0,0,0,0,0,0,0,15,0
360069,2,1,1989,0,0,0,0,0,0,0,0,0,0
360070,1,1,1989,0,0,0,0,0,0,0,0,0,0
360070,2,1,1989,19,19,19,19,19,19,19,19,19,19
360071,1,1,1989,0,0,13,0,0,0,0,0,0,0
360072,0,1,1989,0,0,0,0,0,0,0,0,0,0
360072,1,1,1989,0,0,0,0,0,0,3,0,0,0
360073,1,1,1989,0,0,0,0,0,0,0,0,0,0
360073,2,1,1989,0,0,0,0,0,0,0,0,0,0
360074,0,1,1989,0,0,0,0,0,0,0,0,3,0
360074,0,2,1989,0,0,0,0,16,0,0,0,0,0
360074,1,1,1989,0,0,0,0,0,0,0,0,0,0
360075,1,1,1989,5,5,5,5,5,5,5,5,5,5
360076,1,1,1989,0,0,0,0,0,0,0,0,0,0
360076,2,1,1989,0,0,0,0,0,0,8,0,0,0
360077,1,1,1989,0,0,0,0,0,0,0,0,0,0
360077,2,1,1989,0,0,0,0,0,0,0,0,0,0
360078,1,1,1989,0,0,0,0,0,0,0,0,0,0
360078,2,1,1989,0,0,0,0,0,0,0,0,0,0
360078,3,1,1989,0,0,0,0,3,0,0,0,0,0
360079,0,1,1989,0,0,0,0,0,0,0,0,0,0
360079,1,1,1989,0,0,0,0,0,0,0,0,0,0
360080,1,1,1989,0,0,0,0,0,0,0,0,0,0
360080,2,1,1989,0,0,0,0,0,0,0,0,0,0
360081,1,1,1989,0,0,0,0,0,0,0,0,0,0
360082,1,1,1989,0,0,0,0,0,0,0,0,0,0
360082,2,1,1989,0,0,0,0,0,0,0,0,0,0
360083,1,1,1989,0,0,0,0,0,0,0,0,0,0
360084,1,1,1989,20,17,21,10,20,8,8,14,11,6
360084,2,1,1989,0,0,0,0,0,0,0,0,0,0
360084,3,1,1989,0,0,0,0,0,0,0,0,0,0
360085,1,1,1989,28,12,17,23,0,0,0,0,0,0
360086,1,1,1989,20,20,20,20,20,20,20,20,20,20
360087,1,1,1989,10,22,3,2,2,17,0,11,14,18
360088,1,1,1989,19,19,19,19,19,19,19,19,19,19
360089,1,1,1989,18,37,20,7,21,0,14,6,17,19
360089,2,1,1989,0,0,0,0,0,0,0,0,0,0
360090,1,1,1989,0,0,0,0,0,0,0,0,0,0
360091,1,1,1989,21,21,21,21,21,21,21,21,21,21
360092,0,1,1989,0,0,0,0,0,0,0,0,0,0
360092,1,1,1989,8,0,0,9,11,15,0,6,0,9
360093,1,1,1989,11,11,11,11,11,11,11,11,11,11
360094,1,1,1989,0,0,0,17,0,0,0,0,0,0
360094,2,1,1989,0,0,0,0,0,0,0,0,0,0
360095,1,1,1989,9,9,9,9,9,9,9,9,9,9
360096,1,1,1989,0,0,0,0,0,0,0,0,0,0
360096,2,1,1989,0,0,0,0,0,0,0,0,0,0
360097,1,1,1989,0,0,0,0,0,0,0,0,0,0
360097,2,1,1989,0,0,0,0,0,0,0,0,0,0
360098,1,1,1989,0,0,0,0,0,0,0,0,0,0
360098,2,1,1989,0,0,0,0,0,0,0,0,0,0
360099,1,1,1989,0,0,0,0,0,0,0,0,0,0
360100,1,1,1989,7,7,7,7,7,7,7,7,7,7
360101,1,1,1989,0,0,0,0,0,0,0,0,0,0
360101,2,1,1989,16,16,16,16,16,16,16,16,16,16
360102,1,1,1989,23,23,23,23,23,23,23,23,23,23
360103,1,1,1989,26,26,26,26,26,26,26,26,26,26
360104,1,1,1989,0,0,0,0,0,0,0,0,0,0
360104,2,1,1989,0,0,0,0,0,0,0,0,0,0
360105,1,1,1989,19,19,19,19,19,19,19,19,19,19
360106,1,1,1989,14,14,14,14,14,14,14,14,14,14
360107,1,1,1989,0,0,0,0,0,0,0,0,0,0
360108,0,1,1989,31,31,31,31,31,31,31,31,31,31
360108,1,1,1989,0,27,0,18,17,0,0,0,0,3
360109,1,1,1989,0,0,0,0,0,0,0,0,0,0
360110,1,1,1989,0,0,0,0,0,0,0,0,0,0
360111,1,1,1989,0,0,0,0,0,0,0,0,0,0
360111,2,1,1989,0,0,0,0,0,0,0,0,0,0
360112,1,1,1989,0,0,0,0,0,0,0,0,0,0
360112,2,1,1989,0,0,0,0,0,0,0,0,0,0
360113,0,1,1989,0,0,0,0,0,0,0,0,0,0
360113,1,1,1989,0,0,0,0,0,0,0,0,0,0
360113,2,1,1989,0,0,0,0,0,0,0,0,0,0
360114,1,1,1989,30,30,30,30,30,30,30,30,30,30
360114,2,1,1989,0,0,0,0,0,0,0,0,0,0
360115,1,1,1989,19,19,19,19,19,19,19,19,19,19
360116,1,1,1989,17,17,17,17,17,17,17,17,17,17
360117,1,1,1989,16,6,16,18,2,18,18,24,9,12
360117,2,1,1989,0,0,0,0,0,0,0,0,0,0
360118,1,1,1989,0,0,0,0,0,0,0,0,0,0
360118,2,1,1989,0,0,0,0,0,0,0,0,0,0
360119,1,1,1989,9,9,9,9,9,9,9,9,9,9
360120,1,1,1989,2,2,2,2,2,2,2,2,2,2
360120,2,1,1989,0,0,0,0,13,0,0,0,0,0
360120,3,1,1989,0,0,0,0,20,0,0,0,0,0
360121,1,1,1989,13,19,4,7,5,9,11,11,15,12
360122,1,1,1989,0,0,0,0,0,0,0,0,0,0