ST_CASE,VEH_NO,PER_NO,YEAR,P1,P2,P3,P4,P5,P6,P7,P8,P9,P10
360402,1,1,1989,0,0,0,8,0,0,0,0,0,0
360403,1,1,1989,0,0,0,0,0,0,0,0,0,0
360403,2,1,1989,0,0,0,21,0,0,0,0,0,0
360404,0,1,1989,0,0,0,0,0,0,0,0,0,0
360404,1,1,1989,9,0,5,0,11,0,0,0,0,0
360405,1,1,1989,0,0,0,0,0,0,0,0,0,0
360405,2,1,1989,0,0,0,0,0,0,0,0,0,0
360406,1,1,1989,16,16,16,16,16,16,16,16,16,16
360407,0,1,1989,28,28,28,28,28,28,28,28,28,28
360407,1,1,1989,4,0,14,0,0,0,0,0,11,0
360408,1,1,1989,0,0,0,0,0,0,0,0,0,0
360409,1,1,1989,13,13,13,13,13,13,13,13,13,13
360410,1,1,1989,0,0,0,0,0,0,0,0,0,0
360410,2,1,1989,0,0,0,0,0,0,0,0,0,0
360411,0,1,1989,0,0,0,0,0,0,0,0,0,0
360411,1,1,1989,0,0,0,0,0,0,0,0,0,0
360412,1,1,1989,0,0,0,0,0,0,0,0,0,0
360412,2,1,1989,0,0,0,0,0,0,0,0,0,0
360413,0,1,1989,9,9,9,9,9,9,9,9,9,9
360413,1,1,1989,0,17,0,0,0,0,0,0,4,0
360414,0,1,1989,0,0,0,0,0,0,0,0,0,0
360414,1,1,1989,0,0,0,5,0,0,0,0,0,0
360415,0,1,1989,0,0,0,0,0,0,0,0,0,0
360415,1,1,1989,0,0,0,0,0,0,0,0,0,0
360416,0,1,1989,0,0,0,0,0,0,0,0,0,0
360416,1,1,1989,0,0,0,0,0,0,0,0,0,0
360417,1,1,1989,0,0,0,0,0,0,0,0,0,0
360417,2,1,1989,22,22,22,22,22,22,22,22,22,22
360418,0,1,1989,0,0,0,0,0,0,0,0,0,0
360418,1,1,1989,0,0,0,0,0,0,0,0,0,0
360419,0,1,1989,0,0,0,0,0,0,0,0,0,0
360419,1,1,1989,0,0,0,0,0,0,0,0,0,0
360420,0,1,1989,0,0,0,0,0,0,0,0,0,0
360420,1,1,1989,15,0,0,31,0,0,0,0,0,0
360421,1,1,1989,0,0,0,0,0,0,0,0,0,0
360421,2,1,1989,0,0,0,0,0,0,0,0,0,0
360422,1,1,1989,0,0,0,0,0,0,0,0,0,0
360422,2,1,1989,0,0,0,0,0,0,16,0,0,0
360423,0,1,1989,0,0,0,0,0,0,0,0,0,0
360423,1,1,1989,0,0,0,0,0,0,0,0,0,0
360424,1,1,1989,0,0,0,0,0,0,0,0,0,0
360424,2,1,1989,0,0,0,0,0,0,0,0,0,0
360425,1,1,1989,31,31,31,31,31,31,31,31,31,31
360425,2,1,1989,0,0,0,0,0,0,0,0,0,0
360426,1,1,1989,9,19,26,21,19,25,12,17,25,6
360427,1,1,1989,0,0,0,0,0,0,0,0,0,0
360427,2,1,1989,0,0,0,0,0,0,0,0,0,4
360428,1,1,1989,0,0,0,0,0,0,0,0,0,0
360429,1,1,1989,23,23,23,23,23,23,23,23,23,23
360430,1,1,1989,10,10,10,10,10,10,10,10,10,10
360431,1,1,1989,13,13,13,13,13,13,13,13,13,13
360432,0,1,1989,0,12,0,0,0,0,9,0,0,0
360432,1,1,1989,0,0,0,0,0,0,0,0,0,0
360433,1,1,1989,0,0,0,0,0,0,0,0,0,0
360433,2,1,1989,0,0,0,0,21,0,0,0,0,0
360433,3,1,1989,0,0,0,0,0,0,19,0,0,0
360434,0,1,1989,0,0,0,0,0,0,0,0,0,0
360434,0,2,1989,0,11,8,0,19,0,29,0,3,0
360434,1,1,1989,0,0,0,0,0,0,0,0,0,0
360435,1,1,1989,13,10,4,0,18,7,8,22,9,17
360435,2,1,1989,0,22,0,13,0,0,24,0,0,0
360436,1,1,1989,0,0,0,0,0,0,0,0,0,0
360437,1,1,1989,0,0,0,0,0,0,0,0,0,0
360437,2,1,1989,0,0,0,0,0,0,0,0,0,0
360438,1,1,1989,0,0,0,0,0,0,0,0,0,0
360438,2,1,1989,0,0,0,0,0,0,0,0,0,0
360439,1,1,1989,0,0,0,0,0,0,0,0,0,0
360439,2,1,1989,18,18,18,18,18,18,18,18,18,18
360440,1,1,1989,15,37,30,19,19,16,20,16,17,10
360440,2,1,1989,3,0,0,0,0,0,0,0,0,0
360441,0,1,1989,0,0,0,0,0,0,0,0,0,0
360441,1,1,1989,0,0,0,0,0,0,0,14,0,0
360442,1,1,1989,15,15,15,15,15,15,15,15,15,15
360443,1,1,1989,14,14,14,14,14,14,14,14,14,14
360444,0,1,1989,0,0,0,0,0,0,0,0,0,0
360444,1,1,1989,0,0,0,0,0,0,0,0,0,0
360445,1,1,1989,18,18,18,18,18,18,18,18,18,18
360446,1,1,1989,0,0,0,0,0,0,0,0,0,0
360448,1,1,1989,0,0,0,32,0,25,19,22,38,0
360449,1,1,1989,0,0,0,0,0,0,0,0,0,0
360449,2,1,1989,0,0,0,0,0,0,0,0,0,0
360450,1,1,1989,21,21,21,21,21,21,21,21,21,21
360451,1,1,1989,12,12,12,12,12,12,12,12,12,12
360452,1,1,1989,7,7,7,7,7,7,7,7,7,7
360453,1,1,1989,14,29,4,7,8,7,22,5,19,14
360454,1,1,1989,12,12,12,12,12,12,12,12,12,12
360455,1,1,1989,20,20,20,20,20,20,20,20,20,20
360457,0,1,1989,0,0,0,0,0,0,0,0,0,0
360457,1,1,1989,0,0,0,0,0,0,0,0,0,0
360457,2,1,1989,0,0,0,0,0,0,0,0,0,0
360458,1,1,1989,0,0,0,0,0,0,0,0,0,0
360458,2,1,1989,0,0,0,0,0,0,0,0,0,0
360459,1,1,1989,5,5,5,5,5,5,5,5,5,5
360460,1,1,1989,0,0,0,0,0,0,0,0,0,0
360460,2,1,1989,0,0,0,0,0,0,0,0,0,0
360461,0,1,1989,9,9,9,9,9,9,9,9,9,9
360461,1,1,1989,3,19,7,6,5,15,6,4,17,14
360462,0,1,1989,0,0,0,0,0,0,0,0,0,0
360462,1,1,1989,0,0,0,0,0,0,0,0,0,0
360463,0,1,1989,4,4,4,4,4,4,4,4,4,4
360463,1,1,1989,0,0,0,0,0,0,0,0,0,0
360464,0,1,1989,0,0,0,0,0,0,0,0,0,0
360464,1,1,1989,0,0,0,0,0,0,0,0,0,0
360465,0,1,1989,0,0,0,0,0,0,0,0,0,0
360465,0,2,1989,16,0,16,0,21,0,15,0,17,0
360465,0,3,1989,22,29,0,4,0,21,28,0,17,18
360465,1,1,1989,0,0,0,0,6,0,0,0,0,0
360466,1,1,1989,0,0,0,0,0,0,0,0,0,0
360466,2,1,1989,0,0,0,0,0,0,0,0,0,0
360467,0,1,1989,20,20,20,20,20,20,20,20,20,20
360467,1,1,1989,0,0,0,0,0,0,0,0,0,0
360468,0,1,1989,0,0,0,0,0,0,0,0,0,0
360468,1,1,1989,0,0,0,0,0,0,0,0,0,0
360469,0,1,1989,0,0,0,0,0,0,0,0,0,0
360469,1,1,1989,0,0,0,0,0,0,0,0,0,0
360470,1,1,1989,18,0,6,16,11,0,18,5,6,17
360471,1,1,1989,35,35,35,35,35,35,35,35,35,35
360472,1,1,1989,20,20,20,20,20,20,20,20,20,20
360472,2,1,1989,12,0,0,0,0,0,0,0,0,0
360473,0,1,1989,0,0,0,0,0,0,0,0,0,0
360473,1,1,1989,0,0,0,0,0,0,0,0,8,0
360474,1,1,1989,17,17,17,17,17,17,17,17,17,17
360474,2,1,1989,0,0,0,0,0,0,0,0,0,0
360475,1,1,1989,0,0,0,0,0,0,0,0,0,0
360475,2,1,1989,0,0,0,13,0,12,0,0,0,0
360476,1,1,1989,7,7,7,7,7,7,7,7,7,7
360477,1,1,1989,14,14,14,14,14,14,14,14,14,14
360478,1,1,1989,22,22,22,22,22,22,22,22,22,22
360479,1,1,1989,16,16,16,16,16,16,16,16,16,16
360480,1,1,1989,0,0,0,0,0,0,0,0,0,0
360480,2,1,1989,0,0,0,0,0,0,0,0,0,0
360481,1,1,1989,0,0,0,0,0,0,0,0,0,0
360484,1,1,1989,0,0,0,0,0,0,0,0,0,0
360484,2,1,1989,0,0,0,0,0,0,0,0,0,0
360485,0,1,1989,7,7,7,7,7,7,7,7,7,7
360485,1,1,1989,0,0,0,0,0,0,0,0,0,0
360486,1,1,1989,33,13,20,20,13,22,22,7,5,21
360487,1,1,1989,0,0,0,0,0,0,0,0,0,0
360487,2,1,1989,0,0,0,0,0,0,0,0,0,0
360488,0,1,1989,0,0,0,0,0,0,0,0,0,0
360488,1,1,1989,0,0,0,0,0,0,0,0,0,0
360489,1,1,1989,17,17,17,17,17,17,17,17,17,17
360490,1,1,1989,0,0,0,0,0,0,0,0,0,0
360490,2,1,1989,0,0,0,0,0,0,0,0,0,0
360491,1,1,1989,0,0,0,0,0,0,0,0,0,0
360492,1,1,1989,0,0,0,0,0,0,0,0,0,0
360492,2,1,1989,0,0,0,0,0,0,0,0,0,0
360492,3,1,1989,0,0,0,0,0,0,0,0,0,0
360493,1,1,1989,0,0,0,0,0,0,0,0,0,0
360494,1,1,1989,0,0,0,6,0,0,0,0,0,0
360496,1,1,1989,20,19,0,14,13,6,15,13,22,6
360497,1,1,1989,0,0,0,0,0,0,0,0,0,0
360498,1,1,1989,15,15,15,15,15,15,15,15,15,15
360498,2,1,1989,0,0,0,0,0,0,0,0,0,0
360498,3,1,1989,0,0,0,0,0,0,0,0,0,12
360499,1,1,1989,4,4,4,4,4,4,4,4,4,4
360500,1,1,1989,17,23,24,14,17,15,11,25,4,0
360500,2,1,1989,0,0,0,6,22,18,0,0,0,0
360501,1,1,1989,37,20,22,19,12,25,20,19,13,7
360501,2,1,1989,26,26,26,26,26,26,26,26,26,26
360502,1,1,1989,14,10,8,8,9,11,11,7,9,0
360503,0,1,1989,14,14,14,14,14,14,14,14,14,14
360503,1,1,1989,0,0,6,0,0,0,0,0,0,9
360504,1,1,1989,0,0,0,0,0,0,0,0,0,0
360505,1,1,1989,12,12,12,12,12,12,12,12,12,12
360506,1,1,1989,14,14,14,14,14,14,14,14,14,14
360507,1,1,1989,0,0,0,0,0,0,0,0,0,0
360507,2,1,1989,0,0,0,0,0,0,0,0,0,0
360508,0,1,1989,0,0,0,0,0,0,0,0,0,0
360508,1,1,1989,0,0,0,0,0,0,0,0,0,0
360509,1,1,1989,10,18,21,13,22,0,0,6,0,0
360510,0,1,1989,24,24,24,24,24,24,24,24,24,24
360510,1,1,1989,0,0,0,0,0,0,0,0,0,0
360511,1,1,1989,0,0,0,0,0,0,0,0,0,0
360511,2,1,1989,0,0,0,0,0,0,0,0,0,0
360512,0,1,1989,9,9,9,9,9,9,9,9,9,9
360512,1,1,1989,29,29,29,29,29,29,29,29,29,29
360513,0,1,1989,14,14,14,14,14,14,14,14,14,14
360513,1,1,1989,20,0,0,0,0,0,0,0,0,9
360514,1,1,1989,0,0,0,0,0,0,0,0,0,0
360514,2,1,1989,0,0,0,0,0,0,0,0,0,0
360515,1,1,1989,19,17,25,21,0,6,33,0,7,12
360516,1,1,1989,0,0,0,0,0,0,0,0,0,0
360516,2,1,1989,0,0,0,0,0,0,0,0,0,0
360517,1,1,1989,0,0,0,0,0,0,0,0,0,0
360517,2,1,1989,0,0,0,0,0,0,0,0,0,0
360518,1,1,1989,0,0,0,0,0,0,0,0,14,0
360519,1,1,1989,0,11,10,11,15,15,29,19,18,20
360520,1,1,1989,0,0,0,0,0,0,0,0,0,0
360520,2,1,1989,0,0,0,0,0,0,0,0,0,0
360521,1,1,1989,21,21,21,21,21,21,21,21,21,21
360522,1,1,1989,0,0,5,11,0,7,0,0,0,8
360523,0,1,1989,0,0,0,0,0,0,0,0,0,0
360523,1,1,1989,0,0,0,0,0,0,0,0,0,0
360524,1,1,1989,0,0,0,0,0,0,0,0,0,0
360525,1,1,1989,0,0,0,0,0,0,0,0,0,0
360525,2,1,1989,0,0,0,0,0,0,0,0,0,0
360526,1,1,1989,0,0,0,0,0,0,0,0,0,0
360526,2,1,1989,0,0,0,0,0,0,0,0,0,0
360527,0,1,1989,22,22,22,22,22,22,22,22,22,22
360527,1,1,1989,22,13,21,11,18,24,11,15,12,9
360528,1,1,1989,0,0,0,0,0,0,0,0,0,0
360529,1,1,1989,0,15,0,0,0,11,0,0,0,0
360530,1,1,1989,4,4,4,4,4,4,4,4,4,4
360530,2,1,1989,15,15,15,15,15,15,15,15,15,15
360531,1,1,1989,7,0,6,0,0,23,0,13,10,8
360532,1,1,1989,22,22,22,22,22,22,22,22,22,22
360533,1,1,1989,0,0,0,0,0,0,0,0,0,6
360533,2,1,1989,0,0,0,0,0,0,0,0,0,0
360534,1,1,1989,0,0,0,0,0,0,0,0,0,0
360534,2,1,1989,0,0,0,0,0,0,0,0,0,0
360535,1,1,1989,0,0,0,0,0,0,0,0,0,0
360536,1,1,1989,0,0,0,0,0,0,0,0,0,0
360536,2,1,1989,0,0,0,0,0,0,0,0,21,0
360537,1,1,1989,0,0,0,0,0,0,0,0,0,0
360538,1,1,1989,0,0,0,0,0,0,0,0,0,0
360538,2,1,1989,0,0,0,0,0,0,0,0,0,0
360539,1,1,1989,3,3,3,3,3,3,3,3,3,3
360539,2,1,1989,0,0,4,0,0,0,0,0,16,4
360540,1,1,1989,0,0,0,0,0,0,0,0,0,0
360540,2,1,1989,0,0,22,0,0,0,0,0,0,0
360540,3,1,1989,0,0,0,0,0,0,0,0,0,7
360541,1,1,1989,0,0,0,0,0,0,0,0,0,0
360541,2,1,1989,0,0,0,0,0,0,0,0,0,0
360542,0,1,1989,23,23,23,23,23,23,23,23,23,23
360542,1,1,1989,7,0,0,0,0,0,0,0,0,0
360543,1,1,1989,0,0,0,0,0,0,0,0,0,0
360543,2,1,1989,0,0,0,0,0,0,0,0,0,0
360544,1,1,1989,0,0,0,0,0,0,0,0,0,0
360545,1,1,1989,16,16,16,16,16,16,16,16,16,16
360546,1,1,1989,14,14,14,14,14,14,14,14,14,14
360547,1,1,1989,0,7,21,12,28,9,38,0,8,15
360548,1,1,1989,18,18,18,18,18,18,18,18,18,18
360549,1,1,1989,1,1,1,1,1,1,1,1,1,1
360550,1,1,1989,0,0,0,0,0,0,0,0,0,0
360551,0,1,1989,0,0,0,0,0,0,0,0,0,0
360551,1,1,1989,0,0,0,0,0,0,0,0,0,0
360551,2,1,1989,0,0,0,0,0,0,0,0,0,0
360552,0,1,1989,19,19,19,19,19,19,19,19,19,19
360552,1,1,1989,19,0,0,12,0,0,0,5,0,0
360553,0,1,1989,0,0,0,0,0,0,0,0,0,0
360553,1,1,1989,0,0,0,0,0,13,0,6,0,0
360554,0,1,1989,0,0,0,0,0,0,0,0,0,0
360554,1,1,1989,0,0,0,0,0,0,0,0,0,0
360555,0,1,1989,0,0,0,0,0,0,0,0,0,0
360555,1,1,1989,0,0,0,0,0,0,0,0,0,0
360556,1,1,1989,6,6,6,6,6,6,6,6,6,6
360556,2,1,1989,0,0,0,0,0,0,0,0,0,0
360556,3,1,1989,0,0,0,0,0,0,0,0,0,0
360557,1,1,1989,0,12,0,0,0,0,0,0,0,0
360558,1,1,1989,0,0,0,0,0,0,0,0,0,0
360558,2,1,1989,4,4,4,4,4,4,4,4,4,4
360559,1,1,1989,26,26,26,26,26,26,26,26,26,26
360560,0,1,1989,1,1,1,1,1,1,1,1,1,1
360560,1,1,1989,0,0,0,0,0,0,0,0,0,0
360561,1,1,1989,0,0,0,0,0,0,0,0,0,0
360562,0,1,1989,0,0,0,0,0,0,0,0,0,0
360562,1,1,1989,14,12,20,11,8,13,14,0,0,9
360563,0,1,1989,0,0,0,0,0,0,22,0,0,0
360563,1,1,1989,0,0,0,0,0,0,0,0,0,0
360564,0,1,1989,36,36,36,36,36,36,36,36,36,36
360564,1,1,1989,4,16,4,17,7,14,15,16,22,8
360565,0,1,1989,40,40,40,40,40,40,40,40,40,40
360565,1,1,1989,20,17,9,33,0,10,0,14,0,13
360566,0,1,1989,0,0,0,0,0,0,0,0,0,0
360566,1,1,1989,0,0,0,13,0,0,0,0,14,0
360567,0,1,1989,20,20,20,20,20,20,20,20,20,20
360567,1,1,1989,0,4,13,18,7,8,0,16,18,0
360568,0,1,1989,28,28,28,28,28,28,28,28,28,28
360568,1,1,1989,0,0,0,0,0,0,0,0,0,0
360569,1,1,1989,0,0,0,0,0,0,0,0,11,0
360570,0,1,1989,0,0,0,0,0,0,0,0,0,0
360570,1,1,1989,0,0,0,0,0,0,0,0,0,0
360571,0,1,1989,0,0,0,0,0,0,0,0,0,0
360571,1,1,1989,13,13,13,13,13,13,13,13,13,13
360572,1,1,1989,0,0,0,0,0,0,0,0,0,0
360573,1,1,1989,0,0,0,0,0,0,0,0,0,0
360573,2,1,1989,0,0,0,0,0,0,0,0,0,0
360574,1,1,1989,0,0,9,8,9,33,11,17,15,23
360575,0,1,1989,0,0,0,0,0,0,0,0,0,0
360575,1,1,1989,0,14,0,0,0,0,0,0,0,0
360576,1,1,1989,15,15,15,15,15,15,15,15,15,15
360576,2,1,1989,22,22,22,22,22,22,22,22,22,22
360577,0,1,1989,0,0,0,0,0,0,0,0,0,0
360577,1,1,1989,0,0,0,0,0,0,0,0,0,0
360578,0,1,1989,0,0,0,0,0,0,0,0,0,0
360578,1,1,1989,0,0,0,0,0,0,0,0,0,0
360579,1,1,1989,0,0,0,0,0,0,0,0,0,0
360579,2,1,1989,0,0,0,0,0,0,0,0,0,0
360580,1,1,1989,0,0,0,0,0,0,0,0,0,0
360580,2,1,1989,0,0,0,0,0,0,0,0,0,0
360581,1,1,1989,23,23,23,23,23,23,23,23,23,23
360582,1,1,1989,0,0,0,0,28,18,18,16,0,24
360583,1,1,1989,0,0,0,0,0,0,0,0,0,0
360583,2,1,1989,0,0,0,0,0,0,0,0,0,0
360584,1,1,1989,0,0,0,0,0,0,0,0,0,0
360584,2,1,1989,0,0,0,0,0,0,0,0,0,0
360585,1,1,1989,0,0,0,0,0,0,0,0,0,0
360585,2,1,1989,0,0,0,0,0,0,0,0,0,0
360585,3,1,1989,0,0,0,0,0,0,0,0,0,0
360586,0,1,1989,0,0,0,0,0,0,0,0,0,0
360586,1,1,1989,0,0,0,0,0,0,0,0,0,0
360587,0,1,1989,10,14,11,0,0,18,9,0,0,0
360587,1,1,1989,0,0,20,0,0,0,10,0,23,0
360588,1,1,1989,0,0,0,0,0,0,0,0,16,0
360589,0,1,1989,0,0,0,0,0,0,0,0,0,0
360589,1,1,1989,0,0,0,0,0,0,0,0,0,0
360590,0,1,1989,0,18,0,0,0,0,0,0,0,0
360590,1,1,1989,0,0,0,0,11,0,0,0,0,0
360591,0,1,1989,0,0,0,0,0,0,0,0,0,0
360591,1,1,1989,0,0,0,0,0,0,0,0,0,0
360592,1,1,1989,0,0,0,0,0,0,0,0,0,0
360592,2,1,1989,29,20,0,0,0,0,0,0,0,0
360592,3,1,1989,0,0,0,15,11,0,0,0,0,0
360593,1,1,1989,0,0,0,0,0,0,0,0,0,0
360593,2,1,1989,0,0,0,0,0,0,0,0,0,0
360594,1,1,1989,23,23,23,23,23,23,23,23,23,23
360594,2,1,1989,0,0,0,0,0,0,0,0,0,0
360595,1,1,1989,22,16,28,14,13,19,13,7,2,23
360596,0,1,1989,0,0,0,0,0,0,0,0,0,0
360596,1,1,1989,0,0,0,0,0,0,0,0,0,0
360597,1,1,1989,0,0,0,0,0,0,0,0,0,0
360597,2,1,1989,0,0,0,0,0,0,0,0,0,0
360598,0,1,1989,0,0,0,0,0,0,0,0,0,0
360598,0,2,1989,0,0,0,0,0,32,17,0,9,9
360598,1,1,1989,8,22,16,23,8,8,16,14,20,17
360599,1,1,1989,0,0,0,0,0,0,0,0,0,0
360599,2,1,1989,0,0,11,0,0,0,0,0,0,0
360600,1,1,1989,0,0,0,0,0,0,0,0,0,0
360601,1,1,1989,18,0,0,0,0,0,0,0,13,0
360601,2,1,1989,0,10,0,14,0,0,0,0,0,0
360602,1,1,1989,0,0,0,0,0,0,0,0,0,0
360602,2,1,1989,0,0,0,0,0,0,0,0,0,0
360603,0,1,1989,0,0,0,0,0,0,0,0,0,0
360603,1,1,1989,0,0,0,0,0,0,0,0,0,0
360604,1,1,1989,16,16,16,16,16,16,16,16,16,16
360605,1,1,1989,28,28,28,28,28,28,28,28,28,28
360605,2,1,1989,0,0,0,0,0,0,0,0,0,0
360606,1,1,1989,0,0,0,0,0,0,0,0,0,0
360607,1,1,1989,4,16,13,24,7,28,17,16,10,9
360607,2,1,1989,0,0,0,0,0,0,0,0,0,0
360608,1,1,1989,18,18,18,18,18,18,18,18,18,18
360609,1,1,1989,0,0,0,0,0,0,0,0,0,0
360609,2,1,1989,0,0,0,0,0,0,0,0,0,0
360610,1,1,1989,0,12,7,12,0,19,8,13,17,13
360611,0,1,1989,0,0,0,0,0,0,0,0,0,0
360611,1,1,1989,0,0,0,7,0,0,0,0,0,0
360612,0,1,1989,0,0,0,0,0,0,0,0,0,0
360612,1,1,1989,0,0,0,0,0,0,0,0,0,0
360613,1,1,1989,0,0,0,0,0,0,0,0,0,0
360613,2,1,1989,0,0,0,0,0,0,0,0,0,0
360614,1,1,1989,0,0,0,0,0,0,0,0,0,0
360615,1,1,1989,0,0,7,0,0,0,0,0,0,0
360616,0,1,1989,0,0,0,0,0,0,0,0,0,0
360616,1,1,1989,0,0,0,18,0,0,0,0,0,0
360617,1,1,1989,0,0,0,0,0,0,0,0,0,0
360617,2,1,1989,0,0,0,0,0,10,0,0,0,0
360618,1,1,1989,22,19,0,2,7,20,15,18,22,20
360619,1,1,1989,33,33,33,33,33,33,33,33,33,33
360619,2,1,1989,0,0,0,0,0,0,0,0,0,0
360620,1,1,1989,33,33,33,33,33,33,33,33,33,33
360621,1,1,1989,0,0,0,0,0,0,0,0,0,0
360621,2,1,1989,0,0,0,0,0,0,0,0,0,0
360621,3,1,1989,0,0,0,0,0,0,0,0,0,0
360622,1,1,1989,0,0,0,0,0,0,0,0,0,0
360622,2,1,1989,0,0,0,0,0,0,0,0,0,0
360622,3,1,1989,0,0,0,0,0,0,0,0,0,0
360623,1,1,1989,36,36,36,36,36,36,36,36,36,36
360624,0,1,1989,12,12,12,12,12,12,12,12,12,12
360624,1,1,1989,0,0,0,0,0,0,0,0,0,0
360625,1,1,1989,0,0,0,0,0,0,11,0,13,7
360625,2,1,1989,36,0,0,0,0,13,6,0,0,0
360626,0,1,1989,0,0,0,0,0,0,0,0,0,0
360626,1,1,1989,30,0,29,3,0,9,22,12,12,9
360627,0,1,1989,0,0,0,0,0,0,0,0,0,0
360627,1,1,1989,0,0,0,0,0,0,0,0,0,0
360628,0,1,1989,28,28,28,28,28,28,28,28,28,28
360628,1,1,1989,0,0,0,0,0,0,0,0,0,0
360629,1,1,1989,0,0,0,0,0,0,0,0,0,0
360630,1,1,1989,0,0,0,0,0,0,14,0,0,0
360631,0,1,1989,0,0,0,15,0,0,0,47,8,0
360631,1,1,1989,15,0,0,0,0,0,0,0,0,0
360632,1,1,1989,33,33,33,33,33,33,33,33,33,33
360633,1,1,1989,4,24,13,15,11,16,26,13,13,20
360633,2,1,1989,0,0,0,0,0,0,13,0,0,0
360634,1,1,1989,0,0,0,0,12,0,0,0,0,0
360635,0,1,1989,0,0,0,0,0,0,0,0,0,0
360635,1,1,1989,0,0,0,0,0,0,0,0,0,0
360636,0,1,1989,0,0,0,0,0,0,0,0,0,0
360636,1,1,1989,0,0,0,0,0,0,0,0,0,0
360637,1,1,1989,24,24,24,24,24,24,24,24,24,24
360638,1,1,1989,0,0,0,0,0,0,0,0,0,0
360639,1,1,1989,0,0,0,0,0,0,0,0,16,0
360639,2,1,1989,0,0,9,0,0,0,0,0,0,10
360640,0,1,1989,0,0,0,0,0,0,0,0,32,0
360640,1,1,1989,0,0,0,0,0,14,0,0,0,0
360641,1,1,1989,0,0,0,0,0,0,0,0,0,0
360641,2,1,1989,17,17,17,17,17,17,17,17,17,17
360642,1,1,1989,0,0,0,0,0,0,0,0,0,0
360642,2,1,1989,0,0,0,0,0,0,0,0,0,0
360642,3,1,1989,28,20,19,17,15,3,15,0,17,0
360643,0,1,1989,0,0,0,0,0,0,0,0,0,0
360643,1,1,1989,0,0,0,0,0,0,0,0,6,0
360644,1,1,1989,0,0,0,0,0,0,0,0,0,0
360644,2,1,1989,0,0,0,0,0,0,0,0,0,0
360645,1,1,1989,0,0,0,24,0,0,0,0,0,0
360645,2,1,1989,11,11,11,11,11,11,11,11,11,11
360646,1,1,1989,0,0,0,0,0,0,0,0,0,0
360646,2,1,1989,0,0,0,0,0,0,0,0,0,0
360647,1,1,1989,0,0,0,0,0,0,0,0,0,0
360647,2,1,1989,0,0,0,0,0,0,0,0,0,0
360648,0,1,1989,0,0,0,0,0,0,0,0,0,0
360648,0,2,1989,0,13,0,0,0,0,0,0,0,0
360648,1,1,1989,16,0,0,0,0,29,0,0,32,0
360649,1,1,1989,0,0,0,0,0,0,0,0,0,0
360649,2,1,1989,0,0,0,0,0,0,0,0,0,0
360650,1,1,1989,0,0,0,0,0,0,0,0,0,0
360650,2,1,1989,0,0,0,0,0,0,0,0,0,0
360651,0,1,1989,5,5,5,5,5,5,5,5,5,5
360651,1,1,1989,27,27,27,27,27,27,27,27,27,27
360652,0,1,1989,21,21,21,21,21,21,21,21,21,21
360652,1,1,1989,10,9,28,6,12,22,16,25,23,17
360653,0,1,1989,0,0,0,0,0,0,0,0,0,0
360653,1,1,1989,0,0,0,0,0,0,0,0,0,0
360653,2,1,1989,0,0,0,0,0,0,0,0,0,0
360654,1,1,1989,0,0,0,0,0,0,17,0,0,0
360654,2,1,1989,0,0,0,0,14,0,0,15,0,0
360655,1,1,1989,0,0,0,0,7,0,0,0,0,0
360655,2,1,1989,0,0,0,0,0,0,0,0,0,0
360656,1,1,1989,13,13,13,13,13,13,13,13,13,13
360657,1,1,1989,0,0,0,0,0,0,0,0,0,0
360658,1,1,1989,17,0,0,0,0,0,0,0,0,0
360659,1,1,1989,25,25,25,25,25,25,25,25,25,25
360660,1,1,1989,0,0,0,0,0,0,0,0,0,0
360661,1,1,1989,28,28,28,28,28,28,28,28,28,28
360662,1,1,1989,44,44,44,44,44,44,44,44,44,44
360662,2,1,1989,0,0,0,0,0,0,0,0,0,0
360662,3,1,1989,0,0,0,0,0,0,0,0,0,0
360663,1,1,1989,12,12,12,12,12,12,12,12,12,12
360665,0,1,1989,0,0,0,0,0,0,0,0,0,0
360665,1,1,1989,0,0,0,0,0,0,0,0,0,0
360666,0,1,1989,20,20,20,20,20,20,20,20,20,20
360666,1,1,1989,0,0,9,0,0,0,0,23,0,18
360666,2,1,1989,0,22,0,9,8,0,0,0,0,0
360667,0,1,1989,0,17,0,22,0,0,0,0,0,0
360667,1,1,1989,0,0,0,0,6,11,0,0,0,0
360668,1,1,1989,0,0,0,0,0,0,0,2,0,0
360668,2,1,1989,9,11,13,9,10,10,10,19,0,11
360669,0,1,1989,0,20,0,0,0,0,0,0,25,0
360669,1,1,1989,6,0,0,0,0,0,15,0,0,0
360670,1,1,1989,0,0,0,0,0,0,0,0,0,0
360671,1,1,1989,19,19,19,19,19,19,19,19,19,19
360672,0,1,1989,0,0,0,0,0,0,0,0,0,0
360672,1,1,1989,0,0,0,0,0,0,7,0,0,0
360673,0,1,1989,0,0,0,0,0,0,0,0,0,0
360673,1,1,1989,0,0,0,0,0,0,0,21,0,13
360674,1,1,1989,0,0,0,0,0,0,0,0,0,0
360675,1,1,1989,0,0,0,0,0,0,0,0,0,0
360675,2,1,1989,0,0,0,0,0,0,0,0,0,0
360676,1,1,1989,22,16,10,15,16,17,8,20,11,19
360677,1,1,1989,0,0,0,0,0,0,0,0,0,0
360677,2,1,1989,0,0,0,0,0,0,0,0,0,0
360677,3,1,1989,0,23,0,0,0,0,0,0,0,0
360678,0,1,1989,10,0,0,0,0,0,0,0,0,0