ST_CASE,VEH_NO,PER_NO,YEAR,P1,P2,P3,P4,P5,P6,P7,P8,P9,P10
360950,1,1,1989,25,8,21,12,10,8,7,10,17,15
360950,2,1,1989,0,0,5,6,10,24,16,0,12,23
360951,0,1,1989,0,0,0,0,0,0,0,0,0,0
360951,1,1,1989,0,0,0,34,19,0,26,0,0,0
360952,0,1,1989,0,0,0,0,0,0,0,0,0,0
360952,1,1,1989,0,0,0,0,0,0,0,0,0,0
360953,1,1,1989,0,0,0,0,16,0,0,0,0,0
360953,2,1,1989,1,1,1,1,1,1,1,1,1,1
360954,1,1,1989,0,0,0,0,0,0,0,0,0,0
360954,2,1,1989,0,0,0,0,0,0,0,0,0,0
360955,1,1,1989,0,13,18,16,11,9,34,0,23,0
360956,0,1,1989,15,0,15,15,0,0,0,17,2,0
360956,0,2,1989,0,0,0,0,0,0,0,0,0,0
360957,0,1,1989,16,16,16,16,16,16,16,16,16,16
360957,1,1,1989,0,13,10,0,0,0,15,2,0,17
360958,1,1,1989,0,0,0,0,0,0,0,0,0,0
360958,2,1,1989,0,0,0,0,0,0,0,0,0,0
360959,1,1,1989,6,6,6,6,6,6,6,6,6,6
360959,2,1,1989,0,0,0,0,0,0,0,0,0,0
360960,1,1,1989,0,0,0,0,0,0,0,0,0,0
360961,0,1,1989,7,7,7,7,7,7,7,7,7,7
360961,1,1,1989,0,0,0,0,0,0,0,0,0,0
360962,1,1,1989,0,0,0,0,0,0,0,0,0,0
360962,2,1,1989,22,0,0,0,0,0,0,0,0,0
360963,1,1,1989,14,14,14,14,14,14,14,14,14,14
360965,1,1,1989,0,0,0,0,0,0,0,0,0,6
360965,2,1,1989,0,0,0,0,0,0,0,0,0,0
360966,1,1,1989,12,11,14,0,11,13,15,0,11,17
360966,2,1,1989,0,0,0,0,0,0,0,0,0,0
360966,3,1,1989,0,0,0,0,0,0,0,0,0,0
360967,1,1,1989,0,0,2,26,13,0,0,16,0,0
360968,0,1,1989,0,0,0,0,0,0,0,0,0,0
360968,1,1,1989,0,0,0,0,0,0,0,0,0,0
360969,1,1,1989,0,0,0,0,0,0,0,0,0,0
360969,2,1,1989,0,0,0,0,0,0,0,0,0,0
360970,0,1,1989,0,0,0,0,0,0,0,0,0,0
360970,1,1,1989,0,0,0,0,0,0,0,0,0,0
360971,1,1,1989,17,0,12,5,0,10,6,12,6,6
360971,2,1,1989,0,0,16,0,0,0,0,0,0,0
360972,1,1,1989,0,0,0,0,0,0,0,0,0,0
360972,2,1,1989,0,0,0,0,0,0,0,0,0,0
360973,1,1,1989,0,17,0,20,0,0,15,0,0,0
360974,1,1,1989,15,15,15,15,15,15,15,15,15,15
360975,1,1,1989,0,0,0,0,0,0,0,0,0,0
360975,2,1,1989,0,0,0,22,10,0,0,0,0,0
360976,0,1,1989,5,0,0,0,0,0,0,0,0,0
360976,1,1,1989,0,0,0,0,0,0,14,0,0,0
360977,1,1,1989,0,0,0,0,0,0,0,0,0,0
360978,1,1,1989,14,14,14,14,14,14,14,14,14,14
360979,1,1,1989,0,0,0,31,11,0,22,3,17,0
360980,1,1,1989,18,11,0,17,0,0,0,0,27,14
360981,0,1,1989,0,0,0,0,0,0,0,0,0,0
360981,1,1,1989,0,0,0,0,0,0,0,0,0,21
360982,1,1,1989,0,0,0,0,0,0,0,0,0,0
360982,2,1,1989,0,0,0,0,0,0,0,0,0,0
360983,1,1,1989,0,0,0,0,0,0,0,0,0,0
360983,2,1,1989,0,0,0,0,0,0,0,0,0,0
360984,1,1,1989,0,0,0,0,0,0,0,6,0,0
360984,2,1,1989,0,0,0,0,0,0,0,0,0,0
360985,1,1,1989,0,21,3,4,17,5,12,0,10,21
360985,2,1,1989,0,0,0,0,0,0,0,0,0,0
360985,3,1,1989,13,0,18,22,0,0,16,14,12,17
360986,1,1,1989,0,0,0,0,0,0,0,0,0,0
360986,2,1,1989,27,18,0,0,0,0,0,17,14,0
360987,0,1,1989,0,0,0,0,0,0,0,0,0,0
360987,1,1,1989,0,0,0,0,0,0,0,0,0,0
360988,1,1,1989,0,0,0,0,0,0,0,0,0,0
360989,0,1,1989,0,0,0,0,0,0,0,0,0,0
360989,1,1,1989,0,0,1,12,16,0,0,0,12,5
360990,1,1,1989,0,0,0,0,0,0,0,0,0,0
360990,2,1,1989,0,0,0,0,0,0,0,0,0,0
360991,0,1,1989,0,0,0,0,0,0,0,0,0,0
360991,1,1,1989,0,0,0,0,0,0,0,0,0,0
360991,2,1,1989,0,0,0,0,0,0,0,0,0,0
360992,1,1,1989,11,24,10,9,28,18,26,22,16,23
360993,0,1,1989,24,24,24,24,24,24,24,24,24,24
360993,1,1,1989,0,0,0,12,23,0,0,0,23,0
360994,0,1,1989,0,0,0,0,0,0,0,0,0,0
360994,0,2,1989,0,0,0,0,0,0,0,0,0,0
360994,1,1,1989,5,16,0,19,23,16,10,15,15,18
360995,1,1,1989,0,0,0,0,0,0,0,0,0,0
360995,2,1,1989,0,0,0,0,0,0,0,0,0,0
360996,1,1,1989,3,3,3,3,3,3,3,3,3,3
360996,2,1,1989,0,0,0,0,0,0,0,0,0,0
360997,1,1,1989,0,0,0,0,0,0,0,0,0,0
360997,2,1,1989,0,0,0,0,0,0,17,0,0,0
360998,1,1,1989,0,0,0,0,14,0,19,0,0,0
360998,2,1,1989,16,16,16,16,16,16,16,16,16,16
360998,3,1,1989,0,0,0,0,0,10,0,0,0,0
360999,0,1,1989,0,0,0,0,0,0,0,0,0,0
360999,1,1,1989,0,0,0,0,0,0,0,0,0,0
361000,1,1,1989,0,0,20,0,0,26,0,0,0,0
361000,2,1,1989,4,4,4,4,4,4,4,4,4,4
361001,1,1,1989,0,0,0,0,0,0,0,0,25,0
361001,2,1,1989,0,0,0,0,12,0,17,0,0,0
361002,0,1,1989,0,0,19,12,0,0,0,0,0,23
361002,1,1,1989,0,0,0,0,0,0,0,0,0,0
361003,1,1,1989,0,0,0,0,0,0,0,0,0,0
361003,2,1,1989,0,0,0,0,0,0,0,0,0,0
361004,1,1,1989,0,0,0,0,0,0,0,0,0,0
361004,2,1,1989,0,0,0,0,0,0,0,0,0,0
361005,1,1,1989,0,0,0,0,0,0,0,0,0,0
361005,2,1,1989,0,0,0,0,0,0,0,0,0,0
361005,3,1,1989,0,0,0,0,0,0,0,0,0,0
361006,1,1,1989,0,0,0,0,0,0,0,0,0,0
361007,0,1,1989,0,0,0,0,0,0,0,0,0,0
361007,1,1,1989,0,0,0,0,0,0,0,0,0,0
361008,1,1,1989,11,11,11,11,11,11,11,11,11,11
361009,1,1,1989,18,0,0,17,0,31,21,26,20,0
361010,1,1,1989,0,0,0,0,0,0,0,0,0,0
361010,2,1,1989,26,27,0,27,25,14,15,31,15,21
361011,1,1,1989,15,15,15,15,15,15,15,15,15,15
361012,1,1,1989,15,15,15,15,15,15,15,15,15,15
361013,1,1,1989,10,10,10,10,10,10,10,10,10,10
361014,0,1,1989,20,20,20,20,20,20,20,20,20,20
361014,1,1,1989,0,0,0,0,0,0,0,0,0,0
361015,1,1,1989,0,0,0,0,0,0,0,0,0,0
361016,0,1,1989,20,20,20,20,20,20,20,20,20,20
361016,1,1,1989,0,19,0,0,0,11,0,0,14,0
361017,1,1,1989,0,0,0,0,0,0,0,0,0,0
361018,0,1,1989,0,0,0,0,0,0,0,0,0,0
361018,1,1,1989,21,28,10,24,20,18,11,37,12,0
361019,1,1,1989,0,0,0,0,0,0,0,0,0,0
361019,2,1,1989,1,1,1,1,1,1,1,1,1,1
361020,1,1,1989,17,17,17,17,17,17,17,17,17,17
361021,0,1,1989,13,0,0,0,0,11,0,0,26,19
361021,0,2,1989,0,0,0,0,0,0,0,0,0,0
361021,1,1,1989,0,0,0,0,0,0,0,0,0,0
361022,1,1,1989,0,0,0,0,0,0,0,0,0,0
361022,2,1,1989,4,4,4,4,4,4,4,4,4,4
361022,3,1,1989,0,0,0,0,0,0,18,0,0,0
361024,1,1,1989,0,0,0,0,0,0,0,0,0,0
361024,2,1,1989,0,0,0,0,0,0,0,0,0,0
361025,1,1,1989,19,19,19,19,19,19,19,19,19,19
361025,2,1,1989,0,0,0,0,0,0,25,6,0,18
361026,1,1,1989,13,14,13,31,20,26,24,24,27,24
361027,1,1,1989,22,3,14,7,9,8,9,10,16,13
361028,1,1,1989,6,6,6,6,6,6,6,6,6,6
361029,1,1,1989,0,0,25,0,0,0,18,0,0,0
361030,0,1,1989,0,0,0,0,0,0,0,0,0,0
361030,1,1,1989,0,0,7,0,0,0,0,0,0,0
361031,0,1,1989,0,0,0,0,0,0,0,0,0,0
361031,1,1,1989,0,0,0,0,0,0,0,0,0,0
361032,0,1,1989,0,0,0,0,0,0,0,0,0,0
361032,1,1,1989,0,0,0,0,0,0,0,0,0,0
361033,1,1,1989,20,20,20,20,20,20,20,20,20,20
361034,1,1,1989,0,0,0,0,0,0,0,0,0,0
361034,2,1,1989,0,0,0,0,0,0,0,0,0,0
361035,0,1,1989,0,0,0,0,0,0,0,0,0,0
361035,1,1,1989,0,0,0,0,0,0,0,0,0,0
361036,1,1,1989,0,0,0,21,0,0,0,0,0,0
361037,1,1,1989,0,0,0,0,0,0,0,0,0,0
361038,1,1,1989,0,0,0,0,0,0,0,0,0,0
361039,1,1,1989,24,24,24,24,24,24,24,24,24,24
361040,1,1,1989,46,46,46,46,46,46,46,46,46,46
361041,1,1,1989,0,0,0,11,0,0,0,24,24,13
361042,1,1,1989,14,14,14,14,14,14,14,14,14,14
361043,1,1,1989,0,0,0,0,0,0,0,0,0,0
361044,1,1,1989,13,28,14,12,10,16,22,20,17,11
361045,1,1,1989,0,18,0,0,0,0,0,0,0,0
361045,2,1,1989,15,15,15,15,15,15,15,15,15,15
361046,1,1,1989,0,0,0,0,0,0,0,16,0,0
361046,2,1,1989,0,0,0,0,0,0,0,0,0,0
361046,3,1,1989,0,0,0,0,0,0,0,0,0,0
361047,1,1,1989,0,0,0,0,5,0,0,0,0,0
361047,2,1,1989,0,0,0,0,0,0,0,0,0,0
361048,1,1,1989,0,0,0,0,0,0,0,0,0,0
361048,2,1,1989,0,0,0,0,0,0,0,0,0,0
361049,1,1,1989,18,18,18,18,18,18,18,18,18,18
361049,2,1,1989,0,0,0,0,0,0,0,0,0,0
361050,0,1,1989,0,0,0,0,0,0,0,0,13,0
361050,1,1,1989,13,13,13,13,13,13,13,13,13,13
361051,1,1,1989,17,17,17,17,17,17,17,17,17,17
361052,1,1,1989,0,0,0,0,0,0,0,0,0,0
361053,1,1,1989,0,0,0,0,0,0,0,0,0,0
361053,2,1,1989,0,0,0,0,0,0,0,0,0,0
361053,3,1,1989,0,0,0,0,0,0,0,0,0,0
361054,0,1,1989,19,19,19,19,19,19,19,19,19,19
361054,1,1,1989,0,0,0,0,0,0,0,0,0,0
361055,1,1,1989,27,27,27,27,27,27,27,27,27,27
361056,1,1,1989,0,0,0,0,0,0,0,0,5,0
361057,1,1,1989,0,0,0,0,0,0,0,0,0,0
361057,2,1,1989,0,0,0,0,0,0,0,0,0,0
361058,1,1,1989,0,0,0,0,0,0,0,0,0,0
361058,2,1,1989,0,0,0,0,0,0,0,0,0,0
361059,1,1,1989,0,0,9,0,0,0,0,0,0,0
361059,2,1,1989,0,0,0,0,0,0,0,0,0,0
361060,1,1,1989,17,17,17,17,17,17,17,17,17,17
361061,1,1,1989,0,0,0,0,0,0,0,13,0,0
361061,2,1,1989,17,17,17,17,17,17,17,17,17,17
361062,1,1,1989,0,0,0,0,0,0,0,0,0,0
361062,2,1,1989,0,8,0,0,0,0,0,0,0,0
361063,1,1,1989,0,0,0,0,0,0,0,0,0,0
361063,2,1,1989,0,0,0,0,0,0,0,0,0,0
361064,1,1,1989,0,0,0,0,0,0,0,0,0,0
361065,1,1,1989,18,0,0,0,0,0,0,0,0,0
361065,2,1,1989,12,12,12,12,12,12,12,12,12,12
361066,1,1,1989,3,3,3,3,3,3,3,3,3,3
361067,0,1,1989,0,0,0,26,6,0,0,10,0,0
361067,0,2,1989,0,0,0,0,0,0,0,0,0,0
361067,1,1,1989,0,0,0,0,0,0,0,0,0,0
361068,0,1,1989,0,0,0,0,0,0,0,0,0,0
361068,1,1,1989,0,0,0,0,0,0,0,0,0,0
361069,1,1,1989,0,0,0,0,0,0,0,0,0,0
361070,1,1,1989,0,0,0,0,17,0,0,0,0,0
361070,2,1,1989,0,0,0,0,0,0,0,0,0,0
361071,1,1,1989,0,0,0,8,0,5,0,0,0,0
361072,1,1,1989,0,0,0,0,0,0,0,0,0,0
361072,2,1,1989,0,0,0,0,0,0,0,0,0,0
361073,1,1,1989,0,0,0,0,0,0,0,0,0,0
361074,1,1,1989,0,0,0,0,0,0,0,0,0,0
361074,2,1,1989,0,0,0,0,0,0,0,0,0,0
361075,1,1,1989,0,0,0,0,0,0,0,0,0,0
361076,1,1,1989,9,9,9,9,9,9,9,9,9,9
361077,1,1,1989,24,24,24,24,24,24,24,24,24,24
361078,1,1,1989,7,0,17,11,9,6,12,9,12,29
361080,1,1,1989,0,0,0,0,0,0,0,0,0,0
361080,2,1,1989,0,0,0,0,0,0,0,6,0,0
361081,1,1,1989,0,0,0,0,0,0,0,0,0,0
361082,1,1,1989,13,13,13,13,13,13,13,13,13,13
361083,1,1,1989,0,0,0,0,0,0,0,0,0,0
361083,2,1,1989,0,0,0,0,0,0,0,0,0,0
361083,3,1,1989,0,0,0,0,0,0,0,0,0,0
361084,1,1,1989,0,0,0,0,0,0,0,0,0,0
361084,2,1,1989,0,0,0,0,0,0,0,0,0,0
361084,3,1,1989,0,0,20,0,0,0,0,0,0,0
361085,1,1,1989,15,15,15,15,15,15,15,15,15,15
361086,1,1,1989,0,0,9,0,0,0,14,0,8,0
361087,1,1,1989,0,0,0,0,0,0,0,0,0,0
361088,1,1,1989,19,19,19,19,19,19,19,19,19,19
361089,1,1,1989,7,7,7,7,7,7,7,7,7,7
361089,2,1,1989,0,0,0,0,0,0,0,0,0,0
361090,1,1,1989,13,13,13,13,13,13,13,13,13,13
361090,2,1,1989,0,0,0,0,0,0,0,0,0,0
361091,1,1,1989,26,26,26,26,26,26,26,26,26,26
361092,1,1,1989,0,0,0,0,0,0,0,0,0,0
361092,2,1,1989,0,0,0,0,0,0,0,0,0,0
361093,0,1,1989,0,0,0,0,0,0,0,0,0,0
361093,1,1,1989,0,0,11,0,0,0,0,0,0,0
361094,1,1,1989,0,0,0,0,0,0,0,0,0,0
361094,2,1,1989,0,0,0,0,0,0,0,0,0,0
361095,0,1,1989,0,0,0,0,0,19,0,0,0,0
361095,1,1,1989,17,0,7,2,0,23,9,0,0,0
361096,1,1,1989,0,0,0,0,0,0,0,0,0,0
361097,1,1,1989,22,22,22,22,22,22,22,22,22,22
361098,1,1,1989,0,13,0,0,26,0,0,0,28,18
361099,1,1,1989,17,0,0,0,0,0,21,0,0,0
361100,1,1,1989,11,11,11,11,11,11,11,11,11,11
361100,2,1,1989,0,0,0,0,0,0,0,0,0,0
361101,1,1,1989,0,0,0,0,0,0,0,0,0,0
361102,1,1,1989,0,0,0,0,0,0,0,0,0,0
361102,2,1,1989,0,15,0,0,0,0,0,0,14,0
361103,1,1,1989,0,0,0,0,0,0,0,0,0,0
361104,1,1,1989,0,0,0,0,0,0,0,0,0,0
361104,2,1,1989,0,0,0,0,0,0,0,0,0,0
361104,3,1,1989,0,0,0,0,0,0,0,0,0,0
361105,0,1,1989,0,0,0,0,0,0,0,0,0,0
361105,0,2,1989,0,0,14,0,11,0,17,0,15,0
361105,1,1,1989,25,25,25,25,25,25,25,25,25,25
361106,0,1,1989,22,22,22,22,22,22,22,22,22,22
361106,1,1,1989,20,8,16,26,27,22,31,25,37,6
361107,1,1,1989,0,0,0,0,8,0,0,0,0,0
361107,2,1,1989,0,0,0,0,0,0,0,0,0,0
361108,0,1,1989,25,25,25,25,25,25,25,25,25,25
361108,1,1,1989,9,10,16,21,12,4,12,22,12,13
361109,0,1,1989,0,0,0,0,0,0,0,0,0,0
361109,1,1,1989,0,0,0,0,0,0,0,0,0,0
361110,1,1,1989,16,7,0,16,18,9,38,12,20,33
361111,1,1,1989,8,8,8,8,8,8,8,8,8,8
361111,2,1,1989,0,0,0,0,0,0,0,0,0,0
361112,1,1,1989,0,0,0,0,0,0,0,0,0,0
361112,2,1,1989,0,0,0,0,0,0,0,0,0,0
361114,1,1,1989,0,0,0,0,0,0,0,0,0,0
361115,0,1,1989,15,15,15,15,15,15,15,15,15,15
361115,0,2,1989,15,8,0,33,13,0,14,0,3,0
361115,2,1,1989,7,7,7,7,7,7,7,7,7,7
361116,1,1,1989,0,0,0,0,0,0,0,0,0,0
361117,1,1,1989,0,30,19,0,8,6,33,12,16,8
361118,1,1,1989,13,13,13,13,13,13,13,13,13,13
361119,1,1,1989,0,0,0,0,0,0,0,0,0,0
361119,2,1,1989,0,0,0,0,0,0,0,0,0,0
361120,1,1,1989,14,14,14,14,14,14,14,14,14,14
361120,2,1,1989,0,0,0,0,0,0,0,0,0,0
361121,1,1,1989,11,11,11,11,11,11,11,11,11,11
361122,1,1,1989,18,18,18,18,18,18,18,18,18,18
361123,1,1,1989,7,7,7,7,7,7,7,7,7,7
361124,1,1,1989,19,19,19,19,19,19,19,19,19,19
361125,1,1,1989,14,14,14,14,14,14,14,14,14,14
361126,1,1,1989,0,0,0,0,0,0,0,0,0,0
361127,1,1,1989,5,25,15,6,7,14,10,20,14,21
361127,2,1,1989,0,0,0,0,0,0,0,0,0,0
361128,1,1,1989,0,0,0,0,0,0,0,0,0,0
361128,2,1,1989,0,0,0,0,0,0,0,0,0,0
361129,1,1,1989,0,0,0,0,0,0,0,0,0,0
361129,2,1,1989,0,0,4,15,11,14,13,19,11,7
361130,1,1,1989,0,0,0,0,0,0,0,0,0,0
361130,2,1,1989,0,0,0,0,0,0,0,0,0,0
361131,1,1,1989,0,0,0,0,0,0,0,0,0,0
361132,1,1,1989,0,13,0,26,0,0,0,0,9,0
361132,2,1,1989,13,13,13,13,13,13,13,13,13,13
361133,0,1,1989,0,0,0,0,0,0,0,0,0,0
361133,1,1,1989,10,0,0,0,0,0,0,0,0,0
361134,1,1,1989,0,0,0,0,0,0,0,0,0,0
361134,2,1,1989,0,7,0,0,0,0,0,0,0,0
361135,1,1,1989,0,0,0,0,0,0,0,0,0,0
361135,2,1,1989,0,0,0,0,0,0,0,0,0,0
361136,1,1,1989,0,0,0,0,0,0,0,0,0,0
361136,2,1,1989,0,0,0,0,0,0,0,0,0,0
361137,1,1,1989,7,7,7,7,7,7,7,7,7,7
361138,1,1,1989,0,0,0,0,8,0,11,0,0,45
361139,1,1,1989,0,0,0,0,0,0,0,0,0,0
361140,1,1,1989,0,0,0,0,0,0,0,0,0,0
361140,2,1,1989,0,0,0,0,0,0,0,0,0,0
361141,1,1,1989,0,0,0,0,0,0,0,0,0,0
361143,0,1,1989,0,0,0,0,0,0,0,0,0,0
361143,1,1,1989,0,0,0,0,0,0,0,0,0,0
361144,1,1,1989,0,0,0,0,0,0,0,0,0,0
361144,2,1,1989,0,0,0,0,0,0,0,0,0,0
361145,1,1,1989,0,0,0,0,0,0,0,0,16,0
361146,1,1,1989,21,29,0,0,10,0,0,15,16,7
361147,1,1,1989,0,0,0,0,0,0,0,0,0,0
361148,1,1,1989,22,22,22,22,22,22,22,22,22,22
361149,1,1,1989,14,14,14,14,14,14,14,14,14,14
361150,1,1,1989,6,6,6,6,6,6,6,6,6,6
361151,1,1,1989,21,21,21,21,21,21,21,21,21,21
361152,1,1,1989,0,0,0,0,0,0,0,0,0,0
361152,2,1,1989,0,0,0,0,0,0,0,0,0,0
361153,1,1,1989,0,0,0,0,0,0,0,0,0,0
361153,2,1,1989,0,0,0,0,0,0,0,0,0,0
361154,0,1,1989,0,0,0,0,0,0,0,0,0,0
361154,1,1,1989,0,0,0,17,0,0,0,0,0,0
361155,0,1,1989,0,0,0,0,0,0,0,0,0,0
361155,1,1,1989,0,0,0,0,0,0,0,0,0,0
361156,1,1,1989,0,0,0,0,0,0,0,0,0,0
361156,2,1,1989,0,0,0,0,0,0,0,0,0,0
361157,1,1,1989,0,0,0,0,0,0,0,0,0,0
361158,1,1,1989,37,37,37,37,37,37,37,37,37,37
361159,0,1,1989,12,12,12,12,12,12,12,12,12,12
361159,1,1,1989,12,10,16,14,7,2,10,15,17,20
361160,0,1,1989,0,0,0,0,0,0,0,0,0,0
361160,1,1,1989,0,0,0,0,0,0,0,0,0,0
361161,1,1,1989,0,0,0,0,0,0,0,0,0,0
361162,1,1,1989,0,0,0,0,0,0,0,0,0,0
361162,2,1,1989,0,0,0,0,0,0,0,0,0,0
361163,1,1,1989,17,21,0,0,0,0,12,10,21,0
361163,2,1,1989,0,0,0,0,0,0,32,0,0,0
361164,0,1,1989,11,11,11,11,11,11,11,11,11,11
361164,1,1,1989,0,0,0,0,0,0,10,0,0,0
361165,1,1,1989,0,0,15,0,0,0,0,0,0,0
361166,1,1,1989,1,1,1,1,1,1,1,1,1,1
361167,1,1,1989,16,16,16,16,16,16,16,16,16,16
361168,0,1,1989,22,48,45,14,14,5,24,27,12,9
361168,1,1,1989,0,0,17,0,0,0,0,0,22,0
361168,2,1,1989,0,0,0,0,0,0,0,0,0,0
361168,3,1,1989,0,0,6,2,15,11,27,0,0,0
361169,1,1,1989,0,0,0,0,0,0,0,0,0,0
361169,2,1,1989,0,0,0,0,0,0,0,0,0,0
361170,0,1,1989,0,0,0,0,0,0,0,0,0,0
361170,1,1,1989,0,0,0,0,0,0,0,0,0,0
361170,2,1,1989,0,0,0,0,0,0,0,0,0,0
361171,0,1,1989,0,0,0,0,0,0,0,0,0,0
361171,1,1,1989,0,8,0,0,0,13,0,8,0,0
361172,0,1,1989,0,0,0,0,0,0,0,0,0,0
361172,0,2,1989,19,25,44,12,23,24,0,9,14,23
361172,1,1,1989,7,16,22,18,14,11,17,4,17,9
361172,2,1,1989,0,0,0,0,0,34,0,8,0,9
361173,0,1,1989,0,0,13,0,0,0,16,0,17,0
361173,0,2,1989,0,18,22,22,33,0,0,0,27,16
361173,0,3,1989,0,0,0,0,0,0,0,0,0,0
361173,1,1,1989,0,0,0,0,0,0,0,0,0,0
361173,2,1,1989,0,0,13,0,0,0,0,0,0,0
361174,0,1,1989,20,20,20,20,20,20,20,20,20,20
361174,1,1,1989,0,0,0,0,5,19,5,0,0,11
361175,1,1,1989,0,0,0,0,0,0,0,0,0,0
361175,2,1,1989,0,0,0,0,0,0,0,0,0,0
361177,1,1,1989,0,0,0,0,0,0,0,17,0,0
361177,2,1,1989,0,0,0,0,0,0,0,0,0,0
361178,1,1,1989,0,0,0,0,0,0,0,0,0,0
361178,2,1,1989,0,0,0,0,0,0,0,0,0,0
361178,3,1,1989,0,0,0,0,0,0,0,0,0,0
361179,1,1,1989,7,7,7,7,7,7,7,7,7,7
361180,0,1,1989,0,0,0,0,0,0,0,0,0,0
361180,1,1,1989,0,0,0,0,0,0,0,0,0,0
361181,0,1,1989,0,0,0,0,0,0,0,0,0,0
361181,1,1,1989,0,0,0,0,0,0,0,0,0,0
361182,0,1,1989,0,0,0,0,0,0,0,0,0,0
361182,1,1,1989,0,0,0,22,0,0,0,0,0,0
361183,0,1,1989,12,12,12,12,12,12,12,12,12,12
361183,1,1,1989,0,0,0,0,0,0,0,0,15,0
361184,0,1,1989,0,0,0,0,0,0,0,0,0,0
361184,1,1,1989,0,0,0,0,0,0,0,0,0,0
361185,1,1,1989,0,0,0,0,0,0,0,0,0,0
361186,1,1,1989,10,0,0,0,0,0,0,0,0,0
361186,2,1,1989,0,0,0,0,0,0,0,0,0,0
361187,1,1,1989,0,0,0,0,0,0,0,0,0,0
361187,2,1,1989,0,0,0,0,0,0,0,0,0,0
361187,3,1,1989,0,0,0,0,0,0,0,0,0,0
361187,4,1,1989,0,0,0,0,0,0,0,0,0,0
361188,0,1,1989,21,21,21,21,21,21,21,21,21,21
361188,1,1,1989,0,0,0,0,0,0,0,0,0,0
361189,0,1,1989,0,0,0,0,0,0,0,0,0,0
361189,0,2,1989,21,22,14,9,10,21,15,17,12,18
361189,1,1,1989,13,0,0,8,0,2,0,0,0,0
361190,0,1,1989,0,0,0,0,0,0,0,0,0,0
361190,0,2,1989,0,16,12,0,0,0,0,24,0,0
361190,0,3,1989,0,0,0,0,0,0,0,0,0,0
361190,1,1,1989,0,0,0,25,0,0,0,0,0,0
361191,0,1,1989,0,0,0,0,0,0,0,0,0,0
361191,1,1,1989,0,0,0,0,0,0,0,0,0,0
361192,1,1,1989,10,15,7,0,0,0,19,0,0,0
361192,2,1,1989,0,0,0,0,0,0,0,0,0,0
361193,0,1,1989,0,0,0,0,0,0,0,0,0,0
361193,1,1,1989,0,0,0,0,0,0,18,0,0,0
361194,1,1,1989,0,0,0,0,0,0,0,0,0,9
361194,2,1,1989,0,0,0,0,0,0,0,0,0,24
361195,1,1,1989,0,0,0,0,0,0,0,0,0,0
361196,1,1,1989,0,0,0,0,0,0,0,0,0,0
361196,2,1,1989,0,0,0,0,0,0,0,0,0,0
361197,1,1,1989,0,0,0,0,0,0,0,0,0,0
361197,2,1,1989,0,0,0,0,0,0,0,0,0,0
361198,1,1,1989,15,7,27,0,0,16,0,0,0,25
361198,2,1,1989,2,2,2,2,2,2,2,2,2,2
361198,3,1,1989,0,0,12,14,25,0,0,0,0,0
361199,1,1,1989,0,0,0,0,0,0,0,0,0,0
361199,2,1,1989,0,0,0,0,0,0,0,0,0,0
361200,0,1,1989,0,0,0,0,0,0,0,0,0,0
361200,1,1,1989,0,0,0,0,0,0,0,0,0,0
361201,1,1,1989,12,12,12,12,12,12,12,12,12,12
361202,1,1,1989,0,0,0,0,0,0,0,0,0,0
361202,2,1,1989,15,17,9,3,13,22,17,15,22,21
361203,0,1,1989,2,2,2,2,2,2,2,2,2,2
361203,1,1,1989,0,0,0,0,0,0,0,0,0,0
361204,0,1,1989,14,14,14,14,14,14,14,14,14,14
361204,1,1,1989,0,0,0,0,6,16,0,32,0,0
361205,1,1,1989,0,0,0,0,0,0,0,0,0,0
361206,1,1,1989,0,0,0,0,0,0,0,0,0,0
361206,2,1,1989,0,0,0,0,8,0,0,15,0,0
361206,3,1,1989,8,11,14,11,12,5,21,12,23,13
361207,0,1,1989,0,0,0,0,0,0,0,0,0,0
361207,1,1,1989,0,0,0,0,0,0,0,0,0,0
361208,1,1,1989,0,0,19,0,0,0,0,8,0,0
361208,2,1,1989,0,0,0,0,0,0,0,0,0,0
361209,1,1,1989,0,0,0,0,0,0,0,0,0,0
361210,1,1,1989,22,22,22,22,22,22,22,22,22,22
361211,1,1,1989,23,10,12,24,22,20,16,22,19,9
361212,1,1,1989,16,16,16,16,16,16,16,16,16,16
361213,1,1,1989,0,0,0,0,6,0,0,0,0,0
361213,2,1,1989,0,0,0,0,0,0,0,0,0,0
361213,3,1,1989,0,0,0,0,0,0,0,0,0,0
361213,4,1,1989,0,0,0,0,0,0,0,0,0,0
361214,1,1,1989,10,10,10,10,10,10,10,10,10,10
361215,1,1,1989,16,0,0,0,0,0,0,0,0,0
361216,1,1,1989,0,0,0,0,0,0,0,0,0,0
361216,2,1,1989,0,0,0,0,0,0,0,0,0,0
361217,1,1,1989,17,17,17,17,17,17,17,17,17,17
361218,1,1,1989,0,0,0,0,0,0,0,0,0,0
361218,2,1,1989,0,0,0,0,0,0,0,0,0,0
361218,3,1,1989,0,0,0,0,0,0,0,0,0,0
361218,4,1,1989,0,0,0,0,4,0,0,23,0,0
361219,1,1,1989,26,26,26,26,26,26,26,26,26,26
361219,2,1,1989,0,0,17,12,0,0,30,0,0,0
361220,0,1,1989,0,0,0,0,0,0,0,0,0,0
361220,1,1,1989,0,0,0,0,0,0,0,0,0,0
361221,0,1,1989,0,0,0,0,8,0,0,0,0,0
361221,0,2,1989,0,0,0,0,0,0,0,0,0,0