ST_CASE,VEH_NO,PER_NO,YEAR,P1,P2,P3,P4,P5,P6,P7,P8,P9,P10
361747,1,1,1989,12,11,0,8,13,0,17,14,0,0
361747,2,1,1989,21,16,7,23,36,20,11,11,15,14
361748,1,1,1989,2,2,2,2,2,2,2,2,2,2
361749,1,1,1989,17,17,17,17,17,17,17,17,17,17
361750,1,1,1989,0,0,0,3,0,2,0,0,0,0
361750,2,1,1989,0,0,0,0,0,0,0,25,0,0
361751,1,1,1989,26,26,26,26,26,26,26,26,26,26
361752,1,1,1989,0,0,0,0,0,0,0,0,0,0
361752,2,1,1989,0,0,0,0,0,0,0,0,0,0
361753,1,1,1989,10,10,10,10,10,10,10,10,10,10
361754,1,1,1989,23,23,23,23,23,23,23,23,23,23
361754,2,1,1989,0,0,0,0,0,0,0,0,0,0
361755,1,1,1989,8,8,8,8,8,8,8,8,8,8
361756,1,1,1989,12,12,12,12,12,12,12,12,12,12
361756,2,1,1989,14,11,4,16,22,16,12,11,3,12
361757,1,1,1989,0,0,0,0,0,0,0,0,0,0
361757,2,1,1989,0,0,0,0,0,0,0,0,0,0
361758,0,1,1989,32,34,18,0,0,11,0,48,0,0
361758,0,2,1989,0,0,0,0,0,0,0,0,0,0
361758,1,1,1989,0,0,0,0,0,0,0,0,0,0
361759,1,1,1989,0,0,0,0,0,0,0,0,0,0
361759,2,1,1989,0,0,0,0,0,0,0,0,0,0
361760,1,1,1989,15,15,15,15,15,15,15,15,15,15
361761,1,1,1989,0,0,0,0,0,0,0,0,0,0
361761,2,1,1989,0,0,0,0,0,0,0,0,0,0
361762,0,1,1989,14,14,14,14,14,14,14,14,14,14
361762,0,2,1989,10,10,10,10,10,10,10,10,10,10
361762,1,1,1989,0,6,0,0,9,0,3,6,0,0
361763,0,1,1989,0,0,0,0,0,0,0,0,0,0
361763,1,1,1989,0,0,0,0,0,0,0,0,0,0
361764,1,1,1989,9,21,17,24,9,0,21,14,21,24
361765,1,1,1989,31,31,31,31,31,31,31,31,31,31
361766,0,1,1989,0,0,0,0,0,0,0,0,0,0
361766,1,1,1989,0,0,0,0,0,0,0,0,0,0
361767,1,1,1989,0,0,0,0,0,0,0,0,0,0
361767,2,1,1989,0,0,0,0,0,0,0,0,0,0
361768,1,1,1989,8,8,25,11,27,21,20,17,19,19
361769,1,1,1989,0,0,0,0,0,0,0,0,0,0
361769,2,1,1989,14,0,0,0,0,0,0,0,0,0
361770,1,1,1989,16,16,16,16,16,16,16,16,16,16
361771,1,1,1989,0,0,13,0,0,0,0,0,0,0
361771,2,1,1989,0,0,6,0,0,0,16,0,0,0
361772,1,1,1989,0,0,0,0,0,0,0,0,0,0
361772,2,1,1989,3,3,3,3,3,3,3,3,3,3
361773,1,1,1989,0,0,0,0,0,0,0,0,0,0
361774,0,1,1989,0,0,0,0,0,0,0,0,0,0
361774,1,1,1989,0,0,0,0,0,0,0,0,0,0
361775,0,1,1989,0,0,0,0,0,0,0,0,0,0
361775,1,1,1989,0,0,0,7,0,0,18,0,0,0
361775,2,1,1989,0,0,0,0,0,15,0,0,0,0
361776,0,1,1989,0,0,0,0,0,0,0,0,0,0
361776,1,1,1989,0,0,0,0,0,0,0,0,0,0
361777,1,1,1989,0,0,0,0,0,0,25,0,0,0
361777,2,1,1989,0,0,0,0,0,0,0,0,0,0
361778,1,1,1989,0,0,0,0,0,0,0,0,0,0
361778,2,1,1989,0,0,0,0,0,0,0,0,0,0
361779,1,1,1989,0,19,13,17,14,22,4,26,11,7
361779,2,1,1989,0,0,0,0,10,0,0,0,0,0
361780,1,1,1989,0,0,0,0,0,0,0,0,0,0
361780,2,1,1989,0,0,0,0,0,0,0,0,0,0
361780,3,1,1989,0,0,0,0,0,0,0,0,0,0
361781,1,1,1989,19,19,19,19,19,19,19,19,19,19
361781,2,1,1989,0,0,0,0,0,0,0,0,0,0
361782,0,1,1989,4,4,4,4,4,4,4,4,4,4
361782,1,1,1989,0,0,0,0,0,0,0,0,0,0
361783,1,1,1989,33,33,33,33,33,33,33,33,33,33
361784,0,1,1989,2,2,2,2,2,2,2,2,2,2
361784,1,1,1989,0,0,0,0,0,0,0,0,0,0
361785,1,1,1989,0,0,0,0,0,0,0,0,0,0
361785,2,1,1989,0,0,0,0,0,0,0,0,0,0
361786,1,1,1989,5,0,0,0,0,0,0,0,0,0
361787,0,1,1989,0,0,0,0,0,0,0,0,0,0
361787,1,1,1989,0,0,0,0,0,0,0,0,0,0
361787,2,1,1989,0,0,0,0,0,0,0,0,0,0
361788,0,1,1989,0,17,0,0,0,0,0,0,0,0
361788,0,2,1989,18,0,0,0,0,0,0,0,0,0
361788,1,1,1989,0,0,0,0,0,0,0,0,0,0
361789,1,1,1989,0,0,0,0,0,0,0,0,0,0
361790,1,1,1989,0,0,0,0,0,0,0,0,0,0
361790,2,1,1989,0,0,0,0,0,0,0,0,0,0
361791,1,1,1989,0,0,0,0,0,0,0,0,38,0
361791,2,1,1989,0,0,0,0,0,0,0,0,0,0
361792,0,1,1989,0,0,0,0,0,0,0,0,0,0
361792,1,1,1989,6,6,6,6,6,6,6,6,6,6
361792,2,1,1989,0,0,0,0,0,0,0,0,0,0
361793,0,1,1989,14,14,14,14,14,14,14,14,14,14
361793,1,1,1989,0,0,0,19,0,0,0,0,0,0
361794,1,1,1989,0,0,0,0,0,0,0,0,0,0
361794,2,1,1989,7,7,7,7,7,7,7,7,7,7
361795,1,1,1989,0,0,0,0,0,0,0,0,0,0
361796,0,1,1989,0,0,0,0,0,0,0,0,0,0
361796,1,1,1989,0,0,0,0,0,0,0,0,0,0
361797,1,1,1989,0,0,0,0,0,0,0,0,0,0
361797,2,1,1989,0,0,0,0,0,0,0,0,0,0
361797,3,1,1989,0,19,0,0,0,0,0,0,0,0
361797,4,1,1989,0,21,10,0,0,0,0,0,0,0
361798,0,1,1989,0,0,0,0,0,0,0,0,16,22
361798,1,1,1989,0,0,0,0,0,0,0,0,0,0
361799,1,1,1989,18,18,18,18,18,18,18,18,18,18
361800,1,1,1989,12,12,12,12,12,12,12,12,12,12
361801,0,1,1989,6,6,6,6,6,6,6,6,6,6
361801,1,1,1989,0,0,0,0,0,30,0,0,0,7
361802,1,1,1989,0,0,0,0,0,0,0,0,0,0
361802,2,1,1989,28,28,28,28,28,28,28,28,28,28
361803,1,1,1989,14,14,14,14,14,14,14,14,14,14
361804,1,1,1989,0,0,0,0,0,0,0,0,0,0
361804,2,1,1989,0,13,0,0,0,0,0,0,0,0
361805,1,1,1989,18,18,18,18,18,18,18,18,18,18
361805,2,1,1989,8,0,0,22,0,0,0,0,0,0
361806,1,1,1989,22,18,20,20,10,9,17,0,25,11
361806,2,1,1989,0,0,0,0,0,0,0,0,0,0
361807,0,1,1989,0,0,0,0,0,0,0,0,0,0
361807,1,1,1989,0,0,0,0,0,0,0,0,0,0
361808,1,1,1989,0,0,0,0,0,0,0,0,0,0
361808,2,1,1989,28,28,28,28,28,28,28,28,28,28
361809,0,1,1989,18,18,18,18,18,18,18,18,18,18
361809,1,1,1989,0,0,22,0,0,0,0,0,0,20
361810,1,1,1989,7,0,0,0,0,0,0,0,0,0
361810,2,1,1989,26,0,0,0,0,0,0,0,0,0
361811,1,1,1989,11,11,11,11,11,11,11,11,11,11
361812,1,1,1989,0,0,0,0,0,0,1,0,0,0
361813,1,1,1989,17,14,7,31,23,12,0,14,17,14
361813,2,1,1989,0,0,0,0,0,0,0,0,0,0
361814,0,1,1989,0,0,0,0,0,0,0,0,0,0
361814,0,2,1989,15,31,19,27,8,11,27,10,16,5
361814,0,3,1989,0,0,0,0,0,5,0,0,25,0
361814,1,1,1989,0,0,0,0,0,0,0,0,0,0
361815,1,1,1989,0,0,0,0,0,0,0,0,0,0
361816,1,1,1989,0,0,18,11,17,0,0,25,13,11
361816,2,1,1989,9,9,9,9,9,9,9,9,9,9
361817,1,1,1989,0,0,0,0,0,0,0,0,0,0
361817,2,1,1989,0,0,0,0,0,0,0,0,0,0
361818,0,1,1989,0,0,0,0,0,0,0,7,18,0
361818,1,1,1989,0,0,0,0,0,0,0,0,0,0
361819,0,1,1989,0,0,0,15,0,0,0,0,0,0
361819,1,1,1989,0,0,0,0,0,0,0,0,0,0
361820,1,1,1989,0,0,0,0,0,0,0,0,0,0
361820,2,1,1989,0,0,0,0,0,0,0,0,0,0
361820,3,1,1989,0,0,0,0,0,0,0,0,0,0
361821,1,1,1989,0,0,0,0,0,0,0,0,0,0
361821,2,1,1989,0,0,0,0,0,0,0,0,0,0
361822,1,1,1989,0,0,0,0,0,0,0,0,0,0
361822,2,1,1989,0,0,0,0,0,0,0,0,0,0
361823,0,1,1989,0,0,0,0,0,0,0,0,0,0
361823,1,1,1989,20,21,8,15,0,14,25,18,0,5
361824,1,1,1989,0,0,0,0,0,0,0,0,0,0
361824,2,1,1989,0,0,0,0,0,0,0,0,0,0
361825,0,1,1989,20,20,20,20,20,20,20,20,20,20
361825,1,1,1989,0,0,13,10,17,10,23,10,10,10
361826,0,1,1989,0,0,0,0,0,0,0,0,0,0
361826,0,2,1989,15,0,3,13,16,14,9,17,16,15
361826,1,1,1989,0,0,0,0,0,0,0,0,0,0
361827,1,1,1989,16,16,16,16,16,16,16,16,16,16
361828,1,1,1989,13,13,13,13,13,13,13,13,13,13
361828,2,1,1989,0,0,0,0,0,0,0,0,0,0
361829,1,1,1989,10,10,10,10,10,10,10,10,10,10
361829,2,1,1989,16,17,12,17,4,0,9,22,13,8
361830,0,1,1989,16,16,16,16,16,16,16,16,16,16
361830,1,1,1989,10,11,12,14,16,0,18,14,20,0
361831,1,1,1989,9,9,9,9,9,9,9,9,9,9
361832,0,1,1989,0,0,15,5,0,0,0,0,0,0
361832,0,2,1989,0,26,0,24,0,0,0,19,30,14
361832,1,1,1989,0,0,0,0,0,0,0,0,0,0
361833,0,1,1989,18,18,18,18,18,18,18,18,18,18
361833,1,1,1989,0,0,0,0,0,0,0,0,0,0
361834,1,1,1989,0,0,0,0,0,0,0,0,0,0
361834,2,1,1989,0,0,0,0,0,0,0,0,0,0
361835,1,1,1989,0,0,0,0,0,0,0,0,0,0
361835,2,1,1989,0,0,0,0,0,0,0,0,0,0
361836,1,1,1989,17,12,0,18,9,13,0,3,21,14
361837,0,1,1989,0,0,0,0,0,0,0,0,0,0
361837,1,1,1989,10,0,19,5,8,20,7,23,0,22
361838,0,1,1989,36,36,36,36,36,36,36,36,36,36
361838,1,1,1989,0,0,0,0,0,0,12,0,0,0
361839,1,1,1989,0,29,0,9,0,0,0,20,29,0
361839,2,1,1989,0,0,0,0,0,0,0,12,0,0
361840,0,1,1989,57,19,13,0,15,0,28,0,22,0
361840,1,1,1989,19,0,0,0,7,18,0,15,0,0
361840,2,1,1989,0,0,14,18,8,0,11,0,0,0
361841,1,1,1989,30,0,15,5,20,5,11,13,22,3
361841,2,1,1989,15,0,0,0,0,0,0,15,3,0
361842,0,1,1989,0,0,0,0,0,0,0,0,0,0
361842,1,1,1989,4,11,10,20,18,13,15,5,8,5
361843,1,1,1989,0,0,0,0,0,0,0,0,0,0
361843,2,1,1989,0,0,0,0,0,19,0,0,4,0
361844,1,1,1989,7,7,7,7,7,7,7,7,7,7
361845,1,1,1989,10,20,21,16,0,13,25,0,14,17
361845,2,1,1989,0,0,0,0,37,0,0,0,0,0
361845,3,1,1989,0,0,0,6,0,0,0,0,0,0
361846,1,1,1989,24,24,24,24,24,24,24,24,24,24
361846,2,1,1989,0,0,0,0,0,0,0,0,0,0
361847,1,1,1989,0,0,5,0,0,0,0,0,0,0
361847,2,1,1989,0,0,0,0,0,0,0,0,0,12
361848,1,1,1989,0,0,0,0,0,0,0,0,0,0
361848,2,1,1989,0,0,0,0,0,0,0,0,0,0
361848,3,1,1989,0,0,0,0,0,0,0,0,0,0
361848,4,1,1989,0,0,0,0,0,0,0,0,0,0
361849,2,1,1989,0,0,0,0,0,0,0,0,0,0
361849,3,1,1989,0,0,0,0,0,0,0,0,0,0
361850,0,1,1989,0,0,0,0,0,18,0,0,0,0
361850,1,1,1989,0,0,0,0,18,0,0,0,0,0
361851,1,1,1989,15,0,25,0,0,36,0,13,0,0
361852,1,1,1989,0,0,0,0,0,0,0,0,0,0
361852,2,1,1989,0,0,0,0,0,0,0,0,0,0
361853,1,1,1989,0,0,0,0,0,0,0,0,0,0
361853,2,1,1989,0,0,0,0,0,0,0,0,0,0
361854,1,1,1989,0,0,0,0,0,0,0,0,0,0
361855,1,1,1989,0,0,0,0,13,0,0,0,0,14
361855,2,1,1989,0,0,0,0,0,0,0,0,0,0
361856,0,1,1989,0,0,0,0,0,0,0,0,0,0
361856,1,1,1989,0,0,0,0,0,0,0,0,0,0
361857,1,1,1989,21,10,19,0,16,20,26,16,12,13
361858,1,1,1989,0,0,0,0,0,0,0,0,0,0
361858,2,1,1989,0,0,0,0,0,0,0,0,0,0
361858,3,1,1989,0,0,0,0,0,0,0,0,0,0
361859,1,1,1989,0,0,0,0,0,0,0,0,0,0
361859,2,1,1989,0,0,0,0,0,0,0,0,0,0
361860,1,1,1989,0,0,0,0,0,8,0,0,0,0
361860,2,1,1989,14,14,14,14,14,14,14,14,14,14
361861,1,1,1989,0,0,0,0,0,0,0,0,0,0
361861,2,1,1989,0,0,0,0,0,0,0,0,0,0
361861,3,1,1989,0,0,0,0,0,0,0,0,0,0
361862,1,1,1989,23,17,13,30,19,31,11,16,15,18
361863,1,1,1989,0,0,0,0,0,0,0,0,0,0
361864,0,1,1989,0,0,0,0,0,0,0,0,0,0
361864,1,1,1989,0,0,0,0,0,0,0,0,0,0
361865,1,1,1989,0,0,0,0,0,0,0,0,0,0
361866,1,1,1989,0,0,0,0,0,0,0,0,0,0
361866,2,1,1989,0,0,0,0,0,0,0,0,0,0
361867,1,1,1989,1,1,1,1,1,1,1,1,1,1
361867,2,1,1989,0,0,0,0,0,0,0,0,0,0
361868,1,1,1989,0,0,0,22,0,0,0,19,0,0
361868,2,1,1989,0,0,0,0,0,0,0,0,0,0
361868,3,1,1989,0,0,0,0,0,0,0,0,0,0
361869,1,1,1989,0,0,0,0,0,0,0,0,0,0
361870,0,1,1989,0,0,0,0,0,10,0,0,0,0
361870,0,2,1989,0,0,0,0,0,0,0,0,0,0
361870,0,3,1989,0,0,0,0,0,0,0,0,0,0
361870,1,1,1989,0,0,0,0,0,0,0,0,0,0
361871,1,1,1989,21,21,21,21,21,21,21,21,21,21
361872,0,1,1989,18,18,18,18,18,18,18,18,18,18
361872,1,1,1989,15,28,37,22,22,11,17,20,20,15
361873,1,1,1989,25,25,25,25,25,25,25,25,25,25
361873,2,1,1989,0,0,0,0,0,0,0,0,0,0
361874,0,1,1989,0,0,0,23,0,0,0,0,29,0
361874,1,1,1989,0,0,0,0,0,0,0,0,0,0
361875,1,1,1989,22,22,22,22,22,22,22,22,22,22
361875,2,1,1989,0,0,0,0,0,0,0,10,0,0
361876,0,1,1989,0,0,0,0,0,0,0,0,0,0
361876,1,1,1989,0,0,0,0,0,0,0,0,0,0
361877,1,1,1989,20,20,20,20,20,20,20,20,20,20
361878,0,1,1989,0,0,0,0,0,18,8,0,0,0
361878,1,1,1989,0,0,0,0,0,0,0,0,0,0
361879,0,1,1989,0,0,0,0,0,0,0,0,0,0
361879,1,1,1989,0,0,0,0,0,0,0,0,0,0
361880,0,1,1989,3,3,3,3,3,3,3,3,3,3
361880,1,1,1989,0,18,0,0,0,0,22,0,0,12
361881,0,1,1989,0,0,0,0,0,0,0,0,0,0
361881,1,1,1989,0,0,0,0,0,0,0,0,0,0
361882,0,1,1989,14,14,14,14,14,14,14,14,14,14
361882,1,1,1989,0,0,0,0,0,0,0,0,0,0
361883,1,1,1989,0,0,0,0,0,0,0,0,0,0
361883,2,1,1989,0,0,0,0,0,0,0,0,0,0
361884,0,1,1989,19,19,19,19,19,19,19,19,19,19
361884,1,1,1989,0,0,31,14,0,26,0,0,0,22
361885,1,1,1989,12,0,0,0,0,0,0,0,0,0
361885,2,1,1989,0,0,0,0,13,0,0,0,0,0
361886,1,1,1989,0,0,0,0,0,0,0,0,0,0
361887,1,1,1989,8,15,16,20,7,20,7,0,0,15
361888,0,1,1989,0,0,0,0,0,0,0,0,0,0
361888,1,1,1989,0,0,0,0,0,0,0,0,0,0
361889,0,1,1989,0,0,0,0,0,0,0,0,0,0
361889,1,1,1989,0,0,0,0,0,0,11,18,39,0
361890,0,1,1989,0,0,0,0,0,0,0,0,0,0
361890,1,1,1989,0,18,0,10,4,5,0,0,0,2
361891,0,1,1989,0,16,0,19,0,0,0,0,15,0
361891,1,1,1989,0,0,0,2,19,12,0,19,0,0
361892,0,1,1989,0,0,0,0,0,0,0,0,0,0
361892,1,1,1989,0,0,0,0,0,0,0,0,0,0
361893,1,1,1989,0,0,0,0,0,0,0,0,0,0
361893,2,1,1989,23,0,0,0,0,19,0,0,9,0
361894,1,1,1989,0,0,0,0,0,0,0,0,0,0
361894,2,1,1989,0,0,0,0,0,0,0,0,0,0
361894,3,1,1989,0,17,0,0,0,0,0,0,0,0
361894,4,1,1989,0,0,0,0,0,0,0,0,0,0
361894,5,1,1989,0,0,0,0,0,0,0,0,0,0
361895,0,1,1989,0,0,0,0,0,0,0,0,0,0
361895,1,1,1989,0,0,0,8,0,0,15,0,0,2
361896,1,1,1989,0,0,0,0,0,0,0,0,0,0
361897,0,1,1989,0,0,0,0,0,0,0,0,0,0
361897,1,1,1989,0,0,0,0,0,0,0,7,0,0
361898,0,1,1989,0,0,0,0,0,0,0,0,0,0
361898,1,1,1989,0,0,0,0,0,0,0,0,0,0
361899,0,1,1989,0,0,0,0,0,0,0,0,0,0
361899,1,1,1989,0,19,0,23,0,0,0,20,0,0
361900,1,1,1989,30,0,0,24,0,0,0,0,0,0
361901,1,1,1989,0,0,0,0,0,0,0,0,0,0
361901,2,1,1989,0,0,0,0,0,0,0,19,0,0
361902,0,1,1989,0,0,0,0,0,0,0,0,0,0
361902,1,1,1989,18,9,0,0,39,0,12,7,0,5
361903,1,1,1989,31,31,31,31,31,31,31,31,31,31
361904,1,1,1989,0,0,0,0,0,0,0,0,0,0
361904,2,1,1989,0,0,0,0,0,0,0,0,0,0
361905,0,1,1989,0,0,0,2,0,0,12,0,0,0
361905,1,1,1989,0,0,0,0,0,0,0,0,0,0
361906,0,1,1989,0,0,0,0,0,0,0,0,0,0
361906,1,1,1989,0,0,0,0,0,0,0,0,0,0
361907,0,1,1989,16,0,35,0,0,0,6,21,27,0
361907,1,1,1989,0,0,0,0,0,0,0,0,0,0
361908,0,1,1989,23,23,23,23,23,23,23,23,23,23
361908,1,1,1989,0,0,16,0,0,0,0,0,0,0
361909,0,1,1989,0,0,0,0,0,0,0,0,0,0
361909,1,1,1989,0,0,0,0,0,19,0,0,0,0
361910,0,1,1989,7,7,7,7,7,7,7,7,7,7
361910,1,1,1989,0,0,0,0,0,0,0,0,0,0
361911,0,1,1989,22,22,22,22,22,22,22,22,22,22
361911,1,1,1989,0,0,0,0,0,0,0,0,0,0
361912,0,1,1989,0,0,0,0,0,0,0,0,0,0
361912,1,1,1989,0,0,0,0,0,0,0,0,0,0
361913,1,1,1989,0,0,0,0,0,0,0,0,0,0
361913,2,1,1989,0,0,0,0,0,0,0,0,0,0
361914,1,1,1989,39,2,13,0,21,17,0,9,18,0
361915,1,1,1989,0,0,0,0,0,0,0,0,0,0
361915,2,1,1989,13,0,0,0,0,0,0,0,0,0
361915,3,1,1989,20,0,0,0,0,0,0,0,0,0
361916,0,1,1989,0,0,0,0,0,0,0,0,0,0
361916,1,1,1989,0,0,0,0,0,0,0,0,0,0
361917,1,1,1989,0,0,0,0,0,0,0,0,0,0
361917,2,1,1989,0,0,0,0,0,0,0,0,0,0
361918,1,1,1989,11,11,11,11,11,11,11,11,11,11
361919,1,1,1989,19,11,0,0,0,0,0,0,18,0
361919,2,1,1989,0,0,0,0,0,0,0,0,0,0
361921,0,1,1989,8,0,0,0,0,13,0,0,0,0
361921,1,1,1989,0,0,0,0,0,0,0,0,0,0
361922,0,1,1989,0,0,0,0,0,0,0,0,0,0
361922,1,1,1989,0,0,0,0,0,0,11,0,0,0
361923,1,1,1989,0,0,0,0,0,0,0,0,0,0
361923,2,1,1989,2,2,2,2,2,2,2,2,2,2
361924,0,1,1989,0,0,0,0,0,27,0,0,13,0
361924,1,1,1989,0,0,0,0,0,0,0,0,0,0
361925,0,1,1989,0,0,0,0,0,0,0,0,0,0
361925,1,1,1989,0,0,0,0,0,0,0,0,0,0
361926,0,1,1989,0,0,0,0,0,0,0,0,0,0
361926,1,1,1989,0,0,0,0,0,0,0,0,0,0
361927,0,1,1989,0,0,0,0,0,0,0,0,0,0
361927,1,1,1989,0,0,0,0,0,0,0,0,0,0
361928,1,1,1989,0,0,0,0,0,0,0,0,0,0
361928,2,1,1989,0,0,0,0,0,0,0,0,0,0
361929,1,1,1989,0,0,0,14,0,0,0,0,0,0
361929,2,1,1989,0,0,0,0,0,0,0,0,0,0
361930,1,1,1989,6,24,9,0,27,13,23,24,11,6
361931,0,1,1989,43,43,43,43,43,43,43,43,43,43
361931,1,1,1989,0,0,0,0,0,0,0,0,0,0
361932,1,1,1989,0,0,0,0,0,0,0,0,0,0
361932,2,1,1989,0,0,0,0,0,20,0,0,0,0
361933,1,1,1989,0,0,0,0,0,0,0,0,0,0
361933,2,1,1989,0,0,0,0,0,0,0,0,0,0
361934,0,1,1989,1,1,1,1,1,1,1,1,1,1
361934,1,1,1989,0,0,0,0,0,0,0,0,0,0
361935,0,1,1989,0,0,0,0,0,0,0,0,0,0
361935,1,1,1989,0,0,9,0,0,0,0,0,0,0
361936,0,1,1989,0,0,0,0,0,0,0,0,0,0
361936,1,1,1989,0,0,0,0,0,0,0,19,0,0
361936,2,1,1989,0,0,0,16,13,0,0,0,0,0
361937,0,1,1989,1,1,1,1,1,1,1,1,1,1
361937,1,1,1989,0,0,0,0,0,17,0,0,0,0
361938,1,1,1989,0,0,0,6,26,0,0,0,11,0
361939,1,1,1989,0,0,0,0,0,0,0,0,0,0
361940,1,1,1989,0,0,0,0,0,0,0,0,0,0
361940,2,1,1989,0,0,0,0,0,0,0,0,0,0
361941,0,1,1989,0,0,0,0,0,0,0,0,0,0
361941,1,1,1989,0,15,27,20,8,12,15,16,0,28
361942,1,1,1989,0,0,0,0,0,0,0,0,0,0
361942,2,1,1989,0,0,0,0,0,0,0,0,0,0
361943,0,1,1989,0,0,0,0,0,0,0,0,0,0
361943,1,1,1989,0,0,0,0,0,0,0,0,0,0
361944,0,1,1989,0,0,0,0,0,0,0,0,0,0
361944,1,1,1989,0,0,14,0,0,0,0,0,0,0
361945,1,1,1989,0,0,0,0,0,0,0,0,0,0
361945,2,1,1989,0,0,0,0,0,0,0,0,0,0
361945,3,1,1989,0,0,0,0,0,0,0,0,0,0
361946,1,1,1989,0,15,8,22,3,12,15,17,21,41
361947,1,1,1989,0,0,0,0,0,0,0,0,0,0
361948,1,1,1989,0,0,0,0,0,0,0,0,0,0
361948,2,1,1989,15,0,0,0,0,0,0,0,0,0
361949,0,1,1989,0,0,0,0,0,0,0,0,0,0
361949,1,1,1989,20,20,20,20,20,20,20,20,20,20
361950,1,1,1989,25,25,25,25,25,25,25,25,25,25
361951,1,1,1989,0,0,0,0,0,0,0,0,0,0
361951,2,1,1989,0,0,0,0,0,0,0,27,0,0
361952,1,1,1989,0,0,0,0,0,0,18,0,0,0
361953,1,1,1989,28,28,28,28,28,28,28,28,28,28
361953,2,1,1989,0,0,0,0,0,0,0,0,0,0
361954,1,1,1989,9,0,0,0,0,0,0,0,0,0
361954,2,1,1989,0,0,0,0,0,0,0,0,0,0
361955,1,1,1989,0,0,0,0,0,0,0,0,0,0
361955,2,1,1989,0,0,0,0,0,0,0,0,0,0
361956,1,1,1989,0,0,0,0,0,0,0,0,0,0
361956,2,1,1989,25,25,25,25,25,25,25,25,25,25
361957,1,1,1989,0,0,0,0,0,0,0,0,0,0
361957,2,1,1989,0,0,0,0,0,0,0,0,0,0
361958,1,1,1989,0,0,0,0,0,0,0,0,0,0
361958,2,1,1989,0,0,0,0,0,0,0,0,0,0
361958,3,1,1989,0,0,0,0,0,0,0,0,0,0
361959,0,1,1989,0,0,0,0,0,0,0,0,0,0
361959,1,1,1989,15,20,17,10,6,14,22,16,22,10
361960,1,1,1989,0,22,0,0,0,0,0,0,0,0
361960,2,1,1989,9,9,9,9,9,9,9,9,9,9
361961,1,1,1989,0,0,0,0,0,0,0,0,0,0
361961,2,1,1989,0,0,0,0,0,0,0,0,0,0
361962,1,1,1989,12,12,12,12,12,12,12,12,12,12
361963,1,1,1989,0,0,0,0,0,0,0,0,0,0
361963,2,1,1989,0,0,0,0,0,0,0,0,0,0
361964,1,1,1989,0,0,0,0,0,0,0,0,0,0
361964,2,1,1989,0,0,0,0,0,0,0,0,0,0
361965,1,1,1989,0,0,0,0,0,0,0,0,0,0
361966,1,1,1989,0,0,0,0,0,0,0,0,0,0
361966,2,1,1989,0,0,0,0,0,0,0,0,0,0
361967,1,1,1989,0,0,0,0,0,0,0,0,0,0
361967,2,1,1989,5,5,5,5,5,5,5,5,5,5
361968,0,1,1989,0,0,0,0,0,0,0,0,0,0
361968,1,1,1989,0,0,0,0,0,0,0,0,0,0
361969,1,1,1989,0,0,0,31,10,0,14,0,0,0
361970,1,1,1989,0,0,0,0,0,0,0,0,0,0
361970,2,1,1989,0,0,0,0,0,0,0,0,0,0
361971,1,1,1989,0,0,7,0,0,0,0,0,15,0
361971,2,1,1989,0,0,0,0,0,0,14,0,0,15
361972,1,1,1989,13,13,13,13,13,13,13,13,13,13
361973,1,1,1989,24,22,19,29,20,13,19,20,21,20
361974,1,1,1989,0,0,0,0,12,0,0,0,0,0
361974,2,1,1989,0,18,0,0,0,0,0,0,0,0
361974,3,1,1989,0,0,0,0,0,0,0,0,0,0
361975,0,1,1989,0,0,0,0,0,0,0,0,0,0
361975,1,1,1989,0,0,0,0,0,0,0,0,0,0
361976,1,1,1989,24,24,24,24,24,24,24,24,24,24
361976,2,1,1989,0,0,0,0,0,0,0,0,0,0
361977,1,1,1989,3,20,22,18,21,19,27,0,0,0
361978,1,1,1989,0,0,0,0,0,0,0,0,0,0
361978,2,1,1989,0,0,0,0,0,11,0,0,0,0
361978,3,1,1989,0,0,0,0,0,0,0,0,17,0
361979,0,1,1989,22,22,22,22,22,22,22,22,22,22
361979,1,1,1989,0,11,10,0,11,0,6,0,0,5
361980,1,1,1989,1,1,1,1,1,1,1,1,1,1
361981,1,1,1989,0,12,0,0,0,0,13,0,0,0
361982,1,1,1989,19,32,22,9,21,21,11,17,10,9
361983,0,1,1989,22,22,22,22,22,22,22,22,22,22
361983,3,1,1989,0,12,14,8,4,0,14,14,11,27
361984,3,1,1989,0,0,0,0,0,0,0,0,0,0
361985,0,1,1989,0,0,0,0,0,0,0,0,0,0
361985,2,1,1989,0,0,0,0,0,0,0,0,0,0
361986,0,1,1989,0,0,0,0,0,0,0,0,0,0
361986,1,1,1989,0,0,0,0,0,0,0,0,12,0
361987,0,1,1989,0,0,0,0,0,0,0,0,0,0
361987,1,1,1989,0,0,0,0,0,0,0,0,0,0
361988,0,1,1989,0,0,0,0,17,0,0,0,0,0
361988,1,1,1989,30,0,0,0,0,0,19,0,0,0
361989,0,1,1989,0,0,0,0,0,0,0,0,0,0
361989,1,1,1989,0,0,0,0,0,0,0,0,0,0
361990,0,1,1989,0,0,0,0,0,0,0,0,0,0
361990,0,2,1989,0,0,0,0,0,0,0,0,0,0
361990,1,1,1989,0,0,0,0,0,0,0,0,24,0
361990,2,1,1989,0,0,0,0,0,0,0,0,0,0
361991,0,1,1989,25,55,21,5,33,22,23,12,33,35
361991,1,1,1989,0,0,0,0,0,0,0,0,0,0
361992,1,1,1989,0,0,0,0,0,0,0,0,0,0
361993,0,1,1989,0,0,0,0,0,0,0,0,0,0
361993,1,1,1989,0,14,0,9,7,0,0,10,7,24
361994,0,1,1989,0,0,0,0,0,0,0,0,0,0