ST_CASE,VEH_NO,PER_NO,YEAR,P1,P2,P3,P4,P5,P6,P7,P8,P9,P10
361994,1,1,1989,0,0,0,0,0,0,0,0,0,12
361996,0,1,1989,16,16,16,16,16,16,16,16,16,16
361996,1,1,1989,0,0,0,0,0,0,0,0,0,0
361997,1,1,1989,0,0,0,0,0,0,0,0,0,0
361997,2,1,1989,0,0,0,0,0,0,0,0,0,0
361999,1,1,1989,0,0,0,0,0,0,0,0,0,0
361999,2,1,1989,0,0,0,0,0,0,0,0,0,0
362000,0,1,1989,0,0,0,0,0,0,0,0,0,0
362000,1,1,1989,0,0,0,0,0,0,0,0,0,0
362001,0,1,1989,14,0,0,19,0,30,0,25,33,0
362001,1,1,1989,0,0,0,0,0,0,0,0,0,0
362001,2,1,1989,0,0,0,0,0,0,0,0,0,0
362002,1,1,1989,0,0,0,0,0,0,0,0,0,0
362002,2,1,1989,0,0,0,0,0,0,0,0,0,0
362003,1,1,1989,0,0,0,0,0,0,0,0,0,0
362004,0,1,1989,0,0,0,0,0,0,0,0,0,0
362004,1,1,1989,13,0,0,0,0,0,0,0,0,0
362005,0,1,1989,0,0,0,0,0,0,19,0,33,0
362005,1,1,1989,0,0,0,0,0,0,0,0,0,0
362006,0,1,1989,0,0,0,0,0,0,0,0,0,0
362006,1,1,1989,0,0,0,0,0,0,0,0,0,0
362007,0,1,1989,0,0,0,0,0,0,0,0,0,0
362007,1,1,1989,24,0,0,0,9,16,0,0,0,0
362008,1,1,1989,0,0,0,0,0,0,0,0,0,0
362009,0,1,1989,0,0,0,0,0,0,0,0,0,0
362009,1,1,1989,0,0,0,0,0,0,0,0,12,0
362009,2,1,1989,0,0,0,0,0,0,0,0,0,0
362010,1,1,1989,0,0,0,0,13,5,14,0,0,25
362011,0,1,1989,0,0,0,0,0,0,0,0,0,0
362011,1,1,1989,12,15,11,9,0,13,0,7,9,17
362012,0,1,1989,28,28,28,28,28,28,28,28,28,28
362012,1,1,1989,0,0,0,25,0,0,0,0,0,0
362013,1,1,1989,18,18,18,18,18,18,18,18,18,18
362013,2,1,1989,0,0,0,0,0,0,0,0,0,0
362014,0,1,1989,0,0,0,0,0,0,0,0,0,0
362014,1,1,1989,4,4,4,4,4,4,4,4,4,4
362015,1,1,1989,0,0,9,0,0,36,22,0,18,0
362016,0,1,1989,0,0,0,0,0,0,0,0,0,0
362016,1,1,1989,17,0,0,0,0,0,0,0,0,0
362017,1,1,1989,0,0,0,0,0,0,0,0,0,0
362018,0,1,1989,0,0,0,16,0,36,0,0,0,0
362018,1,1,1989,0,0,0,0,0,0,0,0,0,0
362019,1,1,1989,0,0,0,0,0,0,0,0,0,0
362019,2,1,1989,0,0,0,0,0,0,0,0,0,0
362020,1,1,1989,0,0,0,0,0,0,0,0,0,0
362020,2,1,1989,0,0,0,0,0,0,0,0,15,0
362021,1,1,1989,0,0,0,0,0,0,0,0,0,0
362021,2,1,1989,0,0,0,0,0,0,0,0,0,0
362021,3,1,1989,0,0,0,0,0,0,0,0,0,0
362022,0,1,1989,0,0,0,0,0,0,0,0,0,0
362022,1,1,1989,0,0,0,0,0,0,0,0,0,0
362023,0,1,1989,0,0,0,0,0,0,0,0,0,0
362023,1,1,1989,0,0,0,0,0,0,0,11,0,0
362024,1,1,1989,0,0,0,0,0,0,0,0,0,0
362025,1,1,1989,27,27,27,27,27,27,27,27,27,27
362026,1,1,1989,0,0,0,11,0,0,0,0,0,0
362027,1,1,1989,20,20,20,20,20,20,20,20,20,20
362028,1,1,1989,0,0,0,0,0,0,0,0,0,0
362028,2,1,1989,0,0,0,0,0,0,0,0,0,0
362030,0,1,1989,0,0,0,0,0,0,0,0,0,0
362030,1,1,1989,0,0,0,0,0,0,0,0,0,0
362031,0,1,1989,0,0,0,0,0,0,0,0,0,0
362031,1,1,1989,0,0,0,0,0,0,0,0,0,0
362032,1,1,1989,17,17,17,17,17,17,17,17,17,17
362034,1,1,1989,8,8,8,8,8,8,8,8,8,8
362035,0,1,1989,0,0,0,0,0,0,0,0,0,0
362035,0,2,1989,0,0,0,0,0,0,0,0,0,0
362035,1,1,1989,0,0,11,0,0,0,30,11,0,0
362035,2,1,1989,0,0,0,0,0,0,16,0,16,0
362036,1,1,1989,0,0,0,0,0,0,0,0,0,0
362036,2,1,1989,0,0,0,0,0,0,0,0,0,0
362037,1,1,1989,0,0,0,0,0,0,0,0,0,0
362038,1,1,1989,0,0,0,0,0,0,0,0,10,0
362038,2,1,1989,0,0,0,0,0,0,0,0,0,0
362039,1,1,1989,26,26,26,26,26,26,26,26,26,26
362040,1,1,1989,30,0,0,0,0,0,0,0,18,0
362040,2,1,1989,0,0,0,18,0,0,0,0,0,0
362041,1,1,1989,0,0,0,0,0,0,0,0,0,0
362042,1,1,1989,0,0,0,0,0,9,0,0,0,0
362043,1,1,1989,15,9,0,5,10,0,3,0,0,25
362043,2,1,1989,0,0,0,0,0,0,0,0,0,0
362044,1,1,1989,0,0,0,0,0,0,0,0,0,0
362045,0,1,1989,0,0,0,0,0,0,0,0,0,0
362045,1,1,1989,0,0,0,0,0,0,0,0,33,0
362046,1,1,1989,0,0,0,0,0,0,0,0,0,0
362046,2,1,1989,0,0,0,0,0,0,0,21,19,0
362047,0,1,1989,0,0,0,0,0,0,0,0,0,0
362047,1,1,1989,0,0,0,0,0,0,0,0,0,0
362048,0,1,1989,0,0,0,0,0,0,0,0,0,0
362048,1,1,1989,0,0,17,0,0,0,0,0,0,0
362049,0,1,1989,0,0,0,0,0,15,0,0,0,0
362049,1,1,1989,0,0,0,0,0,0,0,0,0,0
362050,1,1,1989,0,0,0,0,0,0,0,0,0,0
362050,2,1,1989,0,0,0,0,0,0,0,0,0,0
362051,0,1,1989,0,0,0,0,0,0,0,0,0,0
362051,1,1,1989,12,0,0,0,0,0,0,0,0,0
362052,0,1,1989,0,0,0,0,0,0,0,0,0,0
362052,1,1,1989,0,0,0,8,0,6,12,7,0,0
362053,1,1,1989,0,0,0,0,0,0,0,0,0,0
362053,2,1,1989,20,19,19,5,14,32,6,10,5,26
362054,0,1,1989,0,0,0,0,0,0,0,0,0,0
362054,0,2,1989,0,0,0,0,0,0,6,0,0,11
362054,0,3,1989,0,0,0,0,0,0,0,0,0,0
362054,0,4,1989,0,0,0,0,0,0,0,0,0,0
362054,1,1,1989,0,0,0,0,0,0,0,0,0,0
362054,2,1,1989,0,0,0,0,0,0,0,0,0,0
362055,0,1,1989,0,0,0,0,0,0,0,0,0,0
362055,1,1,1989,25,0,0,10,0,0,0,0,0,0
362056,0,1,1989,0,0,0,0,0,0,0,0,0,0
362056,1,1,1989,0,10,0,0,0,21,0,0,0,0
362057,1,1,1989,23,19,19,11,28,12,0,13,12,9
362058,0,1,1989,0,0,0,0,0,0,0,0,0,0
362058,1,1,1989,0,0,0,0,0,0,0,0,0,0
362059,0,1,1989,28,21,22,31,20,21,26,19,36,11
362059,1,1,1989,14,0,0,0,0,0,33,0,0,0
362060,0,1,1989,0,0,0,0,0,0,0,0,0,0
362060,0,2,1989,5,13,0,18,11,0,0,0,15,22
362060,1,1,1989,0,0,0,0,0,0,0,0,0,0
362061,0,1,1989,0,0,0,0,0,0,0,0,0,0
362061,1,1,1989,0,0,0,0,0,0,0,11,0,0
362062,0,1,1989,7,0,0,26,0,10,15,11,0,13
362062,0,2,1989,0,0,0,0,0,0,0,0,0,0
362062,1,1,1989,0,0,0,20,0,0,0,0,0,0
362063,0,1,1989,0,0,0,0,0,0,0,0,0,0
362063,1,1,1989,0,0,0,0,0,0,0,0,0,0
362063,2,1,1989,19,0,0,0,0,0,0,0,0,0
362064,0,1,1989,0,0,0,0,0,0,0,0,0,0
362064,1,1,1989,0,0,0,0,0,0,0,0,0,0
362065,1,1,1989,0,0,0,0,16,0,0,0,0,0
362066,0,1,1989,0,0,0,0,0,0,0,0,0,0
362066,1,1,1989,0,0,0,0,0,0,0,0,0,0
362067,0,1,1989,0,0,0,0,0,0,0,0,0,0
362067,1,1,1989,0,0,0,0,0,0,0,0,0,0
362068,0,1,1989,0,0,0,0,0,0,0,0,0,0
362068,1,1,1989,0,0,0,9,0,0,0,8,0,0
362069,1,1,1989,0,0,0,0,0,0,0,0,20,0
362069,2,1,1989,0,16,0,0,0,0,0,0,0,0
362070,1,1,1989,0,0,0,0,0,0,0,0,0,0
362070,2,1,1989,0,0,0,0,0,0,0,0,0,0
362071,1,1,1989,9,9,9,9,9,9,9,9,9,9
362072,1,1,1989,0,0,0,0,0,0,0,0,0,0
362072,2,1,1989,0,0,0,0,0,0,0,0,0,0
362073,1,1,1989,0,0,0,0,0,0,0,0,0,0
362074,0,1,1989,0,28,14,8,10,0,0,16,16,22
362074,1,1,1989,0,0,0,0,0,23,0,0,0,0
362074,2,1,1989,14,14,14,14,14,14,14,14,14,14
362075,0,1,1989,0,0,0,0,0,0,0,0,0,0
362075,1,1,1989,0,10,0,0,0,0,0,0,0,0
362076,1,1,1989,0,0,0,0,0,35,0,0,0,0
362076,2,1,1989,0,0,0,0,0,23,0,0,0,0
362077,0,1,1989,14,23,32,16,0,0,0,0,30,35
362077,1,1,1989,0,0,0,0,0,17,0,0,0,0
362078,0,1,1989,0,0,0,0,0,0,0,0,0,0
362078,1,1,1989,0,0,0,0,0,0,0,0,0,0
362079,1,1,1989,0,0,0,0,0,0,0,0,0,0
362079,2,1,1989,0,0,0,0,0,0,0,0,0,0
362080,1,1,1989,0,0,0,0,0,0,0,17,0,23
362081,0,1,1989,0,0,0,0,0,0,0,0,0,0
362081,1,1,1989,0,0,0,0,0,0,0,0,0,0
362082,0,1,1989,25,0,0,11,0,0,0,0,0,0
362082,1,1,1989,0,0,0,0,16,0,0,0,20,7
362083,0,1,1989,1,1,1,1,1,1,1,1,1,1
362083,1,1,1989,9,0,0,0,0,0,0,0,0,0
362084,1,1,1989,0,0,0,0,0,0,0,0,0,0
362084,2,1,1989,0,0,0,0,0,0,0,0,0,0
362085,0,1,1989,0,0,0,0,0,0,0,0,0,0
362085,1,1,1989,0,0,0,0,0,20,0,0,0,0
362086,0,1,1989,0,0,0,0,0,0,0,0,0,0
362086,1,1,1989,0,0,0,0,0,0,0,0,0,0
362087,0,1,1989,0,0,0,0,0,0,0,0,0,0
362087,1,1,1989,0,0,0,0,0,0,0,0,0,0
362088,0,1,1989,0,16,0,0,7,0,0,0,0,0
362088,1,1,1989,0,0,0,0,0,0,0,0,0,0
362089,1,1,1989,12,0,0,0,0,0,0,0,0,0
362090,0,1,1989,1,1,1,1,1,1,1,1,1,1
362090,1,1,1989,0,0,0,0,0,0,0,0,0,0
362091,0,1,1989,0,0,0,0,0,0,0,0,0,0
362091,1,1,1989,0,0,0,0,0,0,0,0,0,0
362092,1,1,1989,0,0,0,0,0,0,0,0,0,30
362092,2,1,1989,0,0,0,0,0,0,0,0,0,0
362093,1,1,1989,0,0,0,0,0,0,0,0,0,0
362093,2,1,1989,0,0,0,0,0,0,0,0,0,0
362094,0,1,1989,0,0,0,0,0,0,0,0,0,0
362094,1,1,1989,0,0,0,0,0,0,0,0,0,0
362095,1,1,1989,7,7,7,7,7,7,7,7,7,7
362096,0,1,1989,0,0,0,0,0,0,0,0,0,0
362096,1,1,1989,0,8,0,0,0,20,9,0,18,0
362097,0,1,1989,0,0,10,0,0,0,0,0,0,0
362097,1,1,1989,0,0,0,0,0,0,0,6,15,0
362098,1,1,1989,0,0,0,0,0,0,0,0,0,0
362099,1,1,1989,0,0,0,0,0,0,0,0,0,0
362099,2,1,1989,0,0,0,0,0,0,0,0,0,0
362100,1,1,1989,0,0,0,8,0,0,0,0,0,0
362100,2,1,1989,0,0,0,0,0,0,0,0,0,0
362101,1,1,1989,0,0,0,0,0,0,0,0,0,0
362101,2,1,1989,0,0,0,0,0,0,0,0,0,0
362102,1,1,1989,0,0,0,0,12,0,0,17,6,0
362103,1,1,1989,11,0,0,0,0,0,0,0,0,0
362104,0,1,1989,0,0,0,0,0,0,0,0,0,0
362104,1,1,1989,0,0,0,0,0,0,0,0,0,0
362105,1,1,1989,0,0,0,0,0,0,0,0,0,0
362105,2,1,1989,0,0,0,0,0,0,0,0,0,0
362106,1,1,1989,20,16,18,10,11,19,11,12,0,12
362107,1,1,1989,25,0,0,0,14,0,11,0,0,0
362108,1,1,1989,0,0,22,0,0,0,0,0,0,0
362110,1,1,1989,26,0,7,11,21,10,15,13,6,13
362111,1,1,1989,6,0,0,27,0,0,0,0,0,0
362111,2,1,1989,0,0,0,0,0,0,0,0,0,0
362112,0,1,1989,12,39,26,0,14,0,0,0,28,0
362112,0,2,1989,33,13,10,5,22,13,0,0,16,12
362112,1,1,1989,0,0,0,0,0,0,0,0,0,0
370001,0,1,1989,24,24,24,24,24,24,24,24,24,24
370001,1,1,1989,0,18,0,0,0,0,0,0,0,5
370002,1,1,1989,28,27,9,0,0,15,0,0,0,27
370003,1,1,1989,0,0,0,0,0,0,0,0,0,0
370003,2,1,1989,0,0,0,0,0,0,0,0,0,0
370004,1,1,1989,0,0,0,0,0,0,0,0,0,0
370005,1,1,1989,0,0,0,0,0,0,0,0,0,0
370005,2,1,1989,0,0,0,0,0,0,0,0,0,0
370006,1,1,1989,0,0,0,0,0,0,0,0,0,0
370006,2,1,1989,0,0,0,0,0,0,0,0,0,0
370006,3,1,1989,0,0,0,0,0,0,0,0,0,0
370006,4,1,1989,0,0,0,0,0,0,0,0,0,0
370007,0,1,1989,26,15,17,6,18,10,8,5,11,27
370007,0,2,1989,22,0,0,0,0,8,0,11,0,0
370007,1,1,1989,0,0,0,0,0,0,0,0,0,0
370008,1,1,1989,23,23,23,23,23,23,23,23,23,23
370009,1,1,1989,0,0,0,0,0,9,0,0,0,0
370009,2,1,1989,0,0,0,0,21,0,0,0,0,0
370010,1,1,1989,17,17,17,17,17,17,17,17,17,17
370011,1,1,1989,11,25,9,16,14,33,12,19,8,29
370011,2,1,1989,0,0,0,0,0,0,0,0,0,0
370012,1,1,1989,14,20,25,0,20,7,19,23,13,16
370013,1,1,1989,0,0,0,0,0,0,0,0,0,0
370014,1,1,1989,0,0,0,0,0,0,0,0,0,0
370014,2,1,1989,0,0,0,0,0,0,0,0,0,0
370014,3,1,1989,0,0,0,0,0,0,0,0,0,0
370015,1,1,1989,0,0,0,0,0,0,0,0,0,0
370015,2,1,1989,0,0,0,0,0,0,0,0,0,0
370016,1,1,1989,0,0,0,0,0,0,0,0,0,0
370017,1,1,1989,0,0,0,0,0,0,0,0,0,0
370017,2,1,1989,0,0,0,0,0,0,0,0,0,0
370018,1,1,1989,0,0,0,0,0,0,0,0,0,0
370018,2,1,1989,0,0,0,0,0,0,0,0,0,0
370019,1,1,1989,0,0,0,0,0,0,0,0,0,0
370019,2,1,1989,0,0,0,0,0,0,0,0,0,0
370020,1,1,1989,5,13,4,0,12,9,14,17,25,0
370020,2,1,1989,0,0,0,0,0,0,0,0,0,0
370021,1,1,1989,0,0,0,0,0,0,0,0,0,0
370021,2,1,1989,0,0,0,0,0,0,0,0,0,0
370022,0,1,1989,0,0,0,0,0,0,0,0,0,0
370022,1,1,1989,0,0,0,0,0,0,0,0,0,0
370023,1,1,1989,12,12,12,12,12,12,12,12,12,12
370024,1,1,1989,0,0,0,0,0,0,0,0,0,0
370025,1,1,1989,0,0,0,0,0,0,0,0,0,0
370025,2,1,1989,0,0,0,0,0,0,0,0,0,0
370026,1,1,1989,0,0,0,0,0,0,0,0,0,0
370026,2,1,1989,0,0,0,0,0,0,0,0,0,0
370027,0,1,1989,0,0,0,0,0,0,0,0,0,0
370027,1,1,1989,0,0,0,0,0,0,0,0,0,0
370028,1,1,1989,0,0,0,0,0,0,0,0,0,0
370029,1,1,1989,0,0,0,0,0,0,0,0,0,0
370029,2,1,1989,0,0,0,0,0,0,0,0,0,0
370029,3,1,1989,0,0,0,0,0,0,0,0,0,0
370029,4,1,1989,0,0,0,0,0,0,0,0,0,0
370030,1,1,1989,0,0,0,0,0,0,0,0,0,0
370030,2,1,1989,0,0,0,0,0,0,0,0,0,0
370031,0,1,1989,0,0,0,0,0,0,0,0,0,0
370031,0,2,1989,0,0,8,0,0,0,0,0,0,0
370031,1,1,1989,0,0,0,0,0,0,0,0,0,0
370032,0,1,1989,24,24,24,24,24,24,24,24,24,24
370032,1,1,1989,0,0,0,0,0,0,0,0,0,0
370032,2,1,1989,0,0,0,0,0,0,0,0,0,0
370033,0,1,1989,0,0,0,0,0,0,0,0,0,0
370033,1,1,1989,0,0,0,0,0,18,0,0,0,0
370034,1,1,1989,0,0,0,0,0,0,0,0,0,0
370035,1,1,1989,0,0,0,0,0,0,0,0,0,0
370035,2,1,1989,0,0,0,0,0,0,0,0,0,0
370036,1,1,1989,0,0,0,0,0,0,0,0,0,0
370037,1,1,1989,0,0,0,0,0,0,0,0,0,0
370037,2,1,1989,0,0,0,0,0,0,0,0,0,0
370038,1,1,1989,0,0,0,0,0,0,0,0,0,0
370038,2,1,1989,36,18,10,16,0,8,13,18,14,7
370039,0,1,1989,0,0,0,0,0,0,0,0,0,0
370039,1,1,1989,0,0,0,0,0,0,0,0,0,0
370040,1,1,1989,8,20,18,3,7,22,32,29,9,32
370041,1,1,1989,0,0,0,0,0,0,0,0,0,0
370041,2,1,1989,0,0,0,0,0,0,0,0,0,0
370042,1,1,1989,0,0,0,0,0,0,0,0,0,0
370042,2,1,1989,0,0,0,0,0,0,0,0,0,0
370043,1,1,1989,25,25,25,25,25,25,25,25,25,25
370043,2,1,1989,0,0,0,0,0,0,0,0,0,0
370043,3,1,1989,0,0,0,0,0,0,0,0,0,0
370044,0,1,1989,0,0,0,0,0,0,0,0,0,0
370044,1,1,1989,0,0,0,0,0,19,0,8,0,0
370045,1,1,1989,12,12,12,12,12,12,12,12,12,12
370045,2,1,1989,0,0,0,0,0,0,0,0,0,0
370046,1,1,1989,19,12,22,17,12,16,8,18,16,12
370046,2,1,1989,8,15,17,19,18,9,3,5,0,18
370047,1,1,1989,0,0,0,0,0,0,0,0,0,0
370047,2,1,1989,0,0,0,0,0,0,0,0,0,0
370048,1,1,1989,0,0,0,0,0,0,0,0,0,0
370048,2,1,1989,8,16,30,0,9,12,0,19,11,18
370049,1,1,1989,17,17,17,17,17,17,17,17,17,17
370050,1,1,1989,28,28,28,28,28,28,28,28,28,28
370052,1,1,1989,38,38,38,38,38,38,38,38,38,38
370053,1,1,1989,0,0,0,22,0,0,0,0,0,0
370054,1,1,1989,0,0,0,0,0,14,0,3,0,0
370054,2,1,1989,0,0,0,0,0,0,0,0,0,0
370055,1,1,1989,0,0,0,0,0,0,0,0,0,0
370056,1,1,1989,0,0,0,0,0,0,0,0,0,0
370057,1,1,1989,24,24,24,24,24,24,24,24,24,24
370058,1,1,1989,0,0,0,0,0,0,0,0,0,0
370058,2,1,1989,0,0,0,0,0,0,0,0,0,0
370059,1,1,1989,0,0,0,0,0,0,0,0,0,0
370059,2,1,1989,0,0,0,0,0,0,0,0,0,0
370060,1,1,1989,0,0,0,0,0,0,0,0,0,0
370061,1,1,1989,0,0,0,0,0,0,0,0,0,0
370062,1,1,1989,23,23,23,23,23,23,23,23,23,23
370063,0,1,1989,0,0,0,0,0,0,0,0,0,0
370063,1,1,1989,0,0,0,0,0,0,0,0,0,0
370064,1,1,1989,17,17,17,17,17,17,17,17,17,17
370065,0,1,1989,0,0,0,0,0,0,0,0,0,0
370065,1,1,1989,0,0,0,0,0,0,0,0,0,0
370066,1,1,1989,0,0,0,0,0,0,0,0,0,0
370067,1,1,1989,11,11,11,11,11,11,11,11,11,11
370068,1,1,1989,0,0,0,0,0,0,0,0,0,0
370069,1,1,1989,14,14,14,14,14,14,14,14,14,14
370070,1,1,1989,0,0,0,0,0,0,0,0,0,0
370071,1,1,1989,0,0,0,0,0,0,0,0,0,0
370071,2,1,1989,0,0,3,0,0,0,0,0,0,22
370072,0,1,1989,0,0,0,0,0,0,0,0,0,0
370072,1,1,1989,11,0,0,0,0,0,0,0,0,0
370073,1,1,1989,0,0,0,0,0,0,0,0,0,0
370073,2,1,1989,0,0,0,0,0,0,0,0,0,0
370074,1,1,1989,0,0,0,0,0,0,0,0,0,0
370074,2,1,1989,2,2,2,2,2,2,2,2,2,2
370075,1,1,1989,18,18,18,18,18,18,18,18,18,18
370076,1,1,1989,0,0,0,0,0,0,0,0,0,0
370077,1,1,1989,22,12,17,19,16,5,17,15,21,11
370078,1,1,1989,0,0,0,0,0,0,0,0,0,0
370079,1,1,1989,0,0,0,0,0,0,0,0,0,0
370079,2,1,1989,0,0,0,0,0,0,0,0,0,0
370080,1,1,1989,22,0,16,5,11,11,0,0,0,6
370081,0,1,1989,29,29,29,29,29,29,29,29,29,29
370081,1,1,1989,0,0,0,0,0,0,0,0,0,0
370082,1,1,1989,0,0,0,0,0,0,0,0,0,0
370082,2,1,1989,0,0,0,0,0,11,0,0,0,0
370084,1,1,1989,4,4,4,4,4,4,4,4,4,4
370085,1,1,1989,0,0,0,0,0,0,0,0,0,0
370085,2,1,1989,0,0,0,0,0,0,0,0,0,0
370086,1,1,1989,0,0,0,0,0,0,0,0,0,0
370087,1,1,1989,0,0,0,0,0,0,0,0,0,0
370087,2,1,1989,0,0,0,0,0,0,0,0,0,0
370088,1,1,1989,0,0,0,0,0,0,0,0,0,0
370088,2,1,1989,0,0,0,0,0,0,0,0,0,0
370088,3,1,1989,0,0,0,0,0,0,0,0,0,0
370089,1,1,1989,20,20,20,20,20,20,20,20,20,20
370090,1,1,1989,0,0,0,20,0,0,21,0,0,0
370090,2,1,1989,0,0,0,0,0,0,0,0,0,0
370091,1,1,1989,0,0,0,0,0,0,0,0,0,0
370091,2,1,1989,0,0,0,0,0,0,0,0,0,0
370092,1,1,1989,14,6,24,21,28,10,19,13,28,32
370093,1,1,1989,0,0,23,0,18,0,0,7,0,28
370094,0,1,1989,33,33,33,33,33,33,33,33,33,33
370094,1,1,1989,0,0,0,0,0,0,0,0,0,30
370095,1,1,1989,15,15,15,15,15,15,15,15,15,15
370096,1,1,1989,15,24,17,24,26,0,30,8,17,5
370097,0,1,1989,33,33,33,33,33,33,33,33,33,33
370097,1,1,1989,0,0,0,0,0,0,0,0,0,0
370097,2,1,1989,0,16,0,0,0,0,0,0,0,0
370098,1,1,1989,23,23,23,23,23,23,23,23,23,23
370099,1,1,1989,0,0,4,0,0,0,0,0,0,0
370099,2,1,1989,0,0,0,0,0,0,0,0,0,0
370100,1,1,1989,28,28,28,28,28,28,28,28,28,28
370100,2,1,1989,0,0,0,0,0,0,0,0,0,0
370101,0,1,1989,30,30,30,30,30,30,30,30,30,30
370101,1,1,1989,0,0,0,0,0,0,0,0,0,0
370102,1,1,1989,2,2,2,2,2,2,2,2,2,2
370103,1,1,1989,17,0,13,18,14,11,23,24,19,26
370104,1,1,1989,0,0,0,0,0,0,0,0,0,0
370104,2,1,1989,11,11,11,11,11,11,11,11,11,11
370105,1,1,1989,8,8,9,15,0,3,16,0,4,4
370106,0,1,1989,45,45,45,45,45,45,45,45,45,45
370106,1,1,1989,0,0,6,20,10,0,8,6,19,28
370107,1,1,1989,0,0,0,0,0,0,0,0,0,0
370108,1,1,1989,0,0,0,0,0,0,0,0,0,0
370109,1,1,1989,0,0,0,0,0,0,0,0,0,0
370109,2,1,1989,0,0,0,0,0,0,0,0,0,0
370110,1,1,1989,32,32,32,32,32,32,32,32,32,32
370111,1,1,1989,0,0,0,0,0,0,0,0,0,0
370112,1,1,1989,0,0,0,0,16,0,0,0,0,0
370112,2,1,1989,0,0,0,0,0,0,0,7,0,0
370112,3,1,1989,0,0,0,0,0,0,0,0,0,0
370113,1,1,1989,17,17,17,17,17,17,17,17,17,17
370114,1,1,1989,0,0,0,0,0,0,0,0,0,0
370114,2,1,1989,0,0,0,0,0,0,0,0,0,0
370115,1,1,1989,24,22,28,8,19,9,29,8,25,32
370116,1,1,1989,0,0,0,0,0,0,0,0,0,0
370116,2,1,1989,0,0,0,0,0,0,0,0,0,0
370117,1,1,1989,0,0,0,0,0,0,0,0,0,0
370117,2,1,1989,0,0,0,0,0,0,0,0,0,0
370118,0,1,1989,0,0,0,0,0,0,0,0,0,0
370118,1,1,1989,0,0,0,0,0,0,0,13,0,0
370119,1,1,1989,0,0,0,0,0,0,0,0,0,0
370119,2,1,1989,0,0,0,0,0,0,0,0,18,0
370120,1,1,1989,0,0,0,0,0,0,15,0,0,0
370120,2,1,1989,0,0,0,0,0,0,0,0,0,0
370121,1,1,1989,0,0,0,0,0,0,0,0,0,0
370121,2,1,1989,0,0,0,0,0,0,0,0,0,0
370122,1,1,1989,0,0,0,0,0,0,0,0,0,0
370123,0,1,1989,43,43,43,43,43,43,43,43,43,43
370123,1,1,1989,0,0,0,0,0,0,0,0,0,0
370124,0,1,1989,0,0,0,0,0,0,0,0,0,0
370124,1,1,1989,0,0,0,0,0,0,0,0,0,0
370125,0,1,1989,33,33,33,33,33,33,33,33,33,33
370125,1,1,1989,0,0,0,0,0,0,0,0,0,0
370126,1,1,1989,0,0,0,0,0,0,0,0,0,0
370126,2,1,1989,0,0,0,0,0,0,0,0,0,0
370127,1,1,1989,20,20,20,20,20,20,20,20,20,20
370128,1,1,1989,19,19,19,19,19,19,19,19,19,19
370129,1,1,1989,0,0,0,0,0,0,0,0,0,0
370130,1,1,1989,0,0,0,0,0,0,0,0,0,0
370130,2,1,1989,0,0,0,0,0,0,0,0,0,0
370131,1,1,1989,23,23,23,23,23,23,23,23,23,23
370132,0,1,1989,0,0,0,0,0,0,0,0,0,0
370132,1,1,1989,0,0,0,0,0,0,0,0,0,0
370133,1,1,1989,4,14,0,8,0,17,30,0,11,0
370133,2,1,1989,0,0,0,0,0,0,0,0,0,0
370134,0,1,1989,0,0,32,13,20,0,14,26,21,31
370134,1,1,1989,0,0,0,32,0,0,0,0,0,0
370135,1,1,1989,0,0,0,0,0,0,0,0,0,0
370136,0,1,1989,0,0,0,0,0,0,0,0,0,0
370136,1,1,1989,0,0,0,0,0,0,0,10,0,0
370137,1,1,1989,34,34,34,34,34,34,34,34,34,34
370137,2,1,1989,0,0,0,0,0,0,0,0,0,0
370138,1,1,1989,0,0,0,0,0,0,0,0,0,0
370139,1,1,1989,7,17,23,17,20,25,30,18,19,14
370140,1,1,1989,0,0,0,0,0,0,0,0,0,0
370140,2,1,1989,0,0,14,0,0,0,0,0,0,0
370141,1,1,1989,29,29,29,29,29,29,29,29,29,29
370141,2,1,1989,32,32,32,32,32,32,32,32,32,32
370142,0,1,1989,0,0,0,0,0,0,0,0,0,0
370142,1,1,1989,0,0,0,0,0,0,0,0,0,0
370143,1,1,1989,0,0,0,0,0,0,0,0,0,0
370143,2,1,1989,0,0,0,0,0,0,0,0,0,0
370143,3,1,1989,0,0,0,0,0,0,0,0,0,0
370143,4,1,1989,0,0,0,0,0,0,0,0,0,0
370144,1,1,1989,22,22,22,22,22,22,22,22,22,22
370145,1,1,1989,0,0,0,0,0,0,0,0,0,0
370145,2,1,1989,0,0,0,0,0,0,0,0,0,0
370146,1,1,1989,0,0,0,0,0,0,0,3,0,0
370147,1,1,1989,0,0,0,0,0,0,0,0,0,0
370147,2,1,1989,0,0,0,0,0,0,0,0,0,0
370148,1,1,1989,0,0,0,0,0,0,0,0,0,0
370148,2,1,1989,0,0,0,0,0,0,0,0,0,0
370149,1,1,1989,0,0,0,0,0,0,0,0,0,0
370149,2,1,1989,0,0,0,0,0,0,0,0,5,0
370150,1,1,1989,34,21,15,4,11,23,14,3,23,8
370150,2,1,1989,0,0,16,0,24,0,27,0,0,0
370151,1,1,1989,17,17,17,17,17,17,17,17,17,17
370152,0,1,1989,0,0,0,0,0,42,0,0,0,0
370152,0,2,1989,0,0,0,0,0,0,0,0,0,0
370152,1,1,1989,0,0,0,0,0,0,0,0,0,0
370153,1,1,1989,0,0,0,0,0,0,0,0,0,0
370153,2,1,1989,0,0,0,0,0,0,0,0,0,0
370154,1,1,1989,0,0,0,0,0,0,0,0,0,0
370154,2,1,1989,0,0,0,0,0,0,0,0,0,0
370155,1,1,1989,0,0,0,0,0,0,0,0,0,0
370155,2,1,1989,0,0,0,0,0,0,0,0,0,0
370156,1,1,1989,0,0,0,0,0,0,0,0,22,0
370156,2,1,1989,0,0,0,0,17,0,0,0,0,0