ST_CASE,VEH_NO,PER_NO,YEAR,P1,P2,P3,P4,P5,P6,P7,P8,P9,P10
370157,0,1,1989,14,14,14,14,14,14,14,14,14,14
370157,1,1,1989,0,0,0,0,0,0,0,0,0,0
370158,1,1,1989,0,11,0,0,0,0,0,0,0,0
370158,2,1,1989,0,0,0,0,0,0,0,0,0,0
370159,1,1,1989,0,0,0,0,0,0,0,0,0,0
370159,2,1,1989,0,0,0,0,0,0,0,0,0,0
370160,1,1,1989,0,0,0,0,0,0,0,0,0,0
370160,2,1,1989,0,0,0,0,0,0,0,0,0,0
370161,0,1,1989,0,0,0,0,0,0,0,0,0,0
370161,0,2,1989,0,0,16,0,16,11,21,9,0,0
370161,1,1,1989,0,0,0,0,0,0,0,0,0,0
370162,0,1,1989,0,0,0,0,0,0,0,0,0,0
370162,1,1,1989,6,6,6,6,6,6,6,6,6,6
370163,1,1,1989,0,0,0,0,19,0,0,0,0,0
370164,1,1,1989,0,0,0,0,0,0,0,0,0,0
370164,2,1,1989,0,0,0,0,0,0,0,0,0,0
370164,3,1,1989,0,0,0,0,16,0,0,0,0,0
370165,1,1,1989,24,24,24,24,24,24,24,24,24,24
370166,1,1,1989,0,0,0,0,0,0,0,0,0,0
370167,0,1,1989,30,30,30,30,30,30,30,30,30,30
370167,1,1,1989,0,0,0,0,0,0,0,0,0,0
370168,1,1,1989,14,14,14,14,14,14,14,14,14,14
370169,1,1,1989,0,0,0,0,0,0,0,0,0,0
370169,2,1,1989,0,0,0,0,0,0,0,0,0,0
370169,3,1,1989,0,0,0,0,0,0,0,0,0,0
370169,4,1,1989,0,0,0,0,0,0,0,0,0,0
370170,1,1,1989,0,0,0,0,0,0,0,0,0,0
370170,2,1,1989,0,0,0,0,0,0,0,0,0,0
370170,3,1,1989,0,0,0,0,0,0,0,0,0,0
370171,1,1,1989,0,0,0,0,0,0,0,0,0,0
370172,0,1,1989,24,24,24,24,24,24,24,24,24,24
370172,1,1,1989,14,15,0,0,0,0,0,0,0,0
370173,1,1,1989,25,14,12,6,12,14,11,14,14,17
370174,1,1,1989,25,25,25,25,25,25,25,25,25,25
370174,2,1,1989,13,0,17,15,0,0,0,0,0,0
370175,1,1,1989,0,0,0,0,0,0,0,0,0,0
370176,1,1,1989,0,0,0,0,0,0,0,0,0,0
370177,1,1,1989,0,0,0,0,0,0,4,0,0,0
370177,2,1,1989,0,0,0,0,0,0,0,0,0,0
370178,0,1,1989,30,30,30,30,30,30,30,30,30,30
370178,1,1,1989,0,0,0,0,0,0,0,0,0,0
370179,1,1,1989,14,18,30,25,28,14,14,22,31,13
370180,1,1,1989,23,23,23,23,23,23,23,23,23,23
370181,1,1,1989,0,0,0,0,0,0,0,0,0,0
370182,1,1,1989,0,0,0,0,0,0,0,0,0,0
370182,2,1,1989,0,0,0,0,0,0,0,0,0,0
370182,3,1,1989,0,0,33,0,0,0,0,0,0,0
370183,0,1,1989,33,33,33,33,33,33,33,33,33,33
370183,1,1,1989,0,0,0,0,0,0,0,0,0,0
370184,1,1,1989,0,0,0,0,0,0,0,0,0,0
370185,1,1,1989,0,0,0,0,0,0,0,0,0,0
370186,1,1,1989,0,0,0,0,0,0,0,0,0,0
370186,2,1,1989,0,0,0,0,0,0,0,0,0,0
370187,1,1,1989,0,0,0,0,0,0,0,0,0,0
370187,2,1,1989,0,0,0,0,0,0,0,0,0,0
370188,1,1,1989,0,0,0,0,0,0,0,0,0,0
370189,0,1,1989,0,0,0,0,0,0,0,0,0,0
370189,1,1,1989,0,0,6,7,9,0,0,33,0,0
370190,1,1,1989,17,17,17,17,17,17,17,17,17,17
370190,2,1,1989,0,0,0,0,0,0,0,0,0,0
370191,1,1,1989,9,9,9,9,9,9,9,9,9,9
370191,2,1,1989,0,0,0,0,0,0,0,0,0,0
370192,0,1,1989,0,0,0,0,0,0,0,0,0,0
370192,1,1,1989,0,0,0,0,0,0,0,0,0,17
370193,1,1,1989,0,0,0,0,0,0,0,0,0,0
370194,1,1,1989,0,0,0,20,0,0,14,0,10,0
370194,2,1,1989,0,0,0,0,0,0,0,14,0,0
370196,1,1,1989,0,0,0,0,0,0,0,0,0,0
370196,2,1,1989,24,24,24,24,24,24,24,24,24,24
370197,0,1,1989,0,0,0,0,0,0,0,0,0,0
370197,1,1,1989,0,0,0,0,0,0,0,0,0,0
370198,1,1,1989,7,7,7,7,7,7,7,7,7,7
370199,1,1,1989,0,0,0,0,0,0,0,0,0,0
370199,2,1,1989,0,6,12,0,14,8,17,8,8,18
370200,1,1,1989,0,0,0,0,0,0,0,0,0,0
370200,2,1,1989,0,0,0,0,0,0,0,0,0,0
370201,1,1,1989,0,0,21,0,0,0,0,0,0,0
370201,2,1,1989,0,0,0,0,0,0,0,0,0,0
370201,3,1,1989,0,0,0,0,0,0,0,0,0,0
370202,1,1,1989,0,0,0,0,0,0,0,0,0,0
370202,2,1,1989,0,0,0,0,0,0,0,0,0,0
370203,1,1,1989,22,22,22,22,22,22,22,22,22,22
370204,1,1,1989,0,0,0,9,0,0,0,0,0,0
370205,1,1,1989,0,0,0,0,0,0,0,0,0,0
370205,2,1,1989,0,0,0,0,0,0,0,0,0,0
370206,1,1,1989,8,10,13,6,9,0,0,14,0,17
370206,2,1,1989,0,0,0,0,16,0,0,0,0,0
370207,1,1,1989,23,23,23,23,23,23,23,23,23,23
370208,1,1,1989,0,0,0,0,0,0,0,0,0,0
370209,1,1,1989,0,0,0,0,0,0,0,0,0,0
370210,1,1,1989,0,0,0,0,0,0,0,0,0,0
370211,1,1,1989,0,0,0,0,0,0,0,0,0,0
370211,2,1,1989,0,0,0,0,0,0,0,0,0,0
370212,1,1,1989,0,0,0,0,0,0,0,0,18,0
370212,2,1,1989,0,0,0,0,0,0,0,0,0,0
370213,1,1,1989,0,0,0,0,0,0,0,0,0,0
370213,2,1,1989,0,0,0,0,0,0,0,0,0,8
370214,1,1,1989,0,0,0,0,0,0,0,0,0,0
370215,1,1,1989,0,0,13,0,0,0,0,0,0,0
370215,2,1,1989,0,0,0,0,0,0,0,0,0,0
370215,3,1,1989,0,0,0,0,0,0,0,0,0,0
370216,1,1,1989,0,0,14,12,3,10,8,10,11,12
370216,2,1,1989,0,0,0,0,0,0,0,0,0,0
370217,1,1,1989,10,10,10,10,10,10,10,10,10,10
370218,1,1,1989,12,17,12,6,22,19,22,22,10,17
370219,1,1,1989,0,0,0,0,0,0,0,0,0,0
370219,2,1,1989,0,0,0,0,0,0,0,0,0,0
370220,1,1,1989,21,21,21,21,21,21,21,21,21,21
370221,1,1,1989,20,20,20,20,20,20,20,20,20,20
370222,1,1,1989,16,18,26,17,36,25,22,12,19,17
370223,1,1,1989,8,12,19,11,17,14,20,15,20,21
370224,1,1,1989,0,0,0,0,0,0,0,0,0,0
370224,2,1,1989,0,0,0,0,0,0,0,0,0,0
370224,3,1,1989,0,0,0,0,19,0,0,0,0,0
370224,4,1,1989,0,0,0,0,0,0,0,0,0,0
370225,0,1,1989,36,36,36,36,36,36,36,36,36,36
370225,1,1,1989,0,0,0,0,0,0,0,0,0,0
370226,0,1,1989,23,8,0,12,0,50,19,8,14,0
370226,1,1,1989,0,0,0,0,0,0,0,0,0,0
370227,1,1,1989,0,0,0,0,0,0,0,0,0,0
370227,2,1,1989,0,0,0,0,0,0,0,0,0,0
370228,1,1,1989,27,27,27,27,27,27,27,27,27,27
370229,1,1,1989,0,0,0,0,0,0,0,0,6,0
370229,2,1,1989,0,0,0,0,0,0,0,0,0,0
370230,1,1,1989,0,0,0,0,0,0,0,0,0,0
370230,2,1,1989,0,0,0,0,0,0,0,0,0,0
370231,0,1,1989,30,30,30,30,30,30,30,30,30,30
370231,1,1,1989,0,0,0,0,0,0,0,11,0,0
370232,1,1,1989,0,0,0,0,0,0,0,0,0,0
370233,1,1,1989,21,21,21,21,21,21,21,21,21,21
370234,1,1,1989,0,0,0,0,0,0,0,0,0,0
370234,2,1,1989,0,0,0,0,0,0,0,0,0,0
370234,3,1,1989,0,0,0,0,0,0,0,0,0,0
370235,1,1,1989,0,0,0,0,0,0,0,0,0,0
370235,2,1,1989,0,0,0,0,0,0,0,0,0,0
370236,1,1,1989,0,0,0,0,0,0,0,0,0,0
370237,1,1,1989,0,0,0,0,0,0,0,0,0,0
370237,2,1,1989,0,0,0,0,0,0,0,0,0,0
370238,1,1,1989,15,0,0,0,17,26,16,9,0,12
370238,2,1,1989,0,0,0,0,0,0,0,0,0,0
370238,3,1,1989,0,0,0,0,0,0,0,0,0,0
370239,1,1,1989,0,0,0,0,0,0,0,0,0,0
370239,2,1,1989,0,0,0,0,0,0,0,0,0,0
370240,1,1,1989,0,0,0,0,0,0,0,0,0,0
370240,2,1,1989,0,0,0,0,0,0,0,0,0,0
370241,0,1,1989,16,23,22,15,26,19,15,24,28,35
370241,1,1,1989,0,0,0,0,0,0,0,0,0,0
370242,1,1,1989,6,6,6,6,6,6,6,6,6,6
370242,2,1,1989,0,0,0,0,0,0,0,0,0,0
370243,1,1,1989,0,0,0,0,0,0,0,0,0,0
370243,2,1,1989,0,0,0,0,0,0,0,0,0,0
370244,1,1,1989,26,26,26,26,26,26,26,26,26,26
370245,1,1,1989,0,0,0,0,0,0,0,0,0,0
370245,2,1,1989,0,0,0,0,0,0,0,0,0,0
370246,1,1,1989,0,0,0,0,0,0,0,0,0,0
370246,2,1,1989,0,0,0,0,0,0,0,0,0,0
370247,1,1,1989,0,0,0,0,0,0,0,0,0,0
370247,2,1,1989,0,0,0,0,0,0,0,0,0,0
370248,1,1,1989,0,0,0,0,0,0,0,14,0,0
370249,1,1,1989,9,0,9,11,13,27,19,14,14,11
370250,1,1,1989,20,20,20,20,20,20,20,20,20,20
370250,2,1,1989,0,0,0,0,0,0,0,0,0,0
370251,1,1,1989,19,14,12,24,14,19,8,20,7,7
370252,1,1,1989,0,0,0,0,0,0,0,0,0,0
370252,2,1,1989,0,0,0,0,0,0,0,0,0,0
370253,1,1,1989,6,21,26,8,28,10,20,6,25,16
370253,2,1,1989,0,0,0,0,0,0,0,0,0,0
370254,1,1,1989,26,26,26,26,26,26,26,26,26,26
370255,1,1,1989,16,3,0,10,9,7,3,7,12,2
370255,2,1,1989,0,8,0,0,9,23,5,20,13,7
370255,3,1,1989,0,0,0,13,0,0,0,0,0,0
370256,0,1,1989,46,46,46,46,46,46,46,46,46,46
370256,1,1,1989,10,0,0,0,0,10,0,0,0,0
370257,1,1,1989,0,0,0,0,0,0,0,0,0,0
370257,2,1,1989,0,0,0,0,0,0,0,0,0,0
370257,3,1,1989,0,0,0,0,0,0,0,0,0,0
370258,0,1,1989,0,0,0,0,0,0,0,0,0,0
370258,1,1,1989,0,0,0,0,0,0,0,0,0,0
370259,1,1,1989,0,0,0,0,0,0,15,0,0,0
370259,2,1,1989,0,0,0,0,0,0,0,0,0,0
370260,0,1,1989,0,0,0,0,0,0,0,0,0,0
370260,1,1,1989,0,0,0,0,0,0,0,0,0,0
370261,1,1,1989,24,24,24,24,24,24,24,24,24,24
370262,1,1,1989,0,0,0,0,0,0,0,0,0,0
370262,2,1,1989,0,0,0,0,0,0,23,0,0,0
370263,1,1,1989,11,11,11,11,11,11,11,11,11,11
370263,2,1,1989,0,0,0,0,0,0,0,0,0,0
370264,1,1,1989,18,18,18,18,18,18,18,18,18,18
370265,1,1,1989,0,0,0,0,0,0,0,0,0,0
370265,2,1,1989,0,0,0,0,0,0,0,0,0,0
370266,1,1,1989,0,0,0,0,0,0,0,0,0,0
370267,1,1,1989,0,0,0,0,0,0,0,0,0,0
370268,0,1,1989,53,53,53,53,53,53,53,53,53,53
370268,1,1,1989,0,0,0,0,0,0,0,0,0,0
370268,2,1,1989,0,0,0,0,0,0,0,0,0,0
370269,1,1,1989,0,0,0,0,0,0,0,0,0,0
370270,1,1,1989,14,14,14,14,14,14,14,14,14,14
370270,2,1,1989,0,0,0,0,0,0,0,0,0,0
370271,1,1,1989,0,0,0,0,0,0,0,0,0,0
370271,2,1,1989,0,0,0,0,0,0,0,6,0,0
370272,1,1,1989,0,0,0,0,0,0,26,0,0,0
370272,2,1,1989,0,0,0,0,0,0,0,0,0,0
370272,3,1,1989,0,0,0,0,0,0,0,0,0,0
370273,0,1,1989,27,27,27,27,27,27,27,27,27,27
370273,1,1,1989,0,0,0,0,0,0,0,0,0,0
370274,0,1,1989,0,0,0,0,0,0,0,0,0,0
370274,1,1,1989,0,10,10,0,7,0,9,0,14,0
370275,1,1,1989,0,0,0,0,0,0,0,0,0,0
370276,1,1,1989,20,17,19,5,9,0,16,7,12,13
370277,1,1,1989,5,24,10,14,19,22,15,12,26,15
370277,2,1,1989,0,0,0,0,0,0,0,0,0,0
370278,1,1,1989,0,0,0,0,0,0,0,0,0,0
370278,2,1,1989,0,0,0,0,0,0,0,0,0,0
370279,0,1,1989,0,0,0,0,0,0,0,0,0,0
370279,1,1,1989,0,0,0,0,0,0,0,0,0,10
370280,1,1,1989,0,0,0,0,0,0,0,0,0,0
370280,2,1,1989,0,0,0,0,0,21,0,0,0,0
370281,1,1,1989,0,0,0,0,0,0,0,0,0,0
370281,2,1,1989,0,0,0,0,0,0,0,0,0,0
370282,1,1,1989,0,0,0,0,0,0,0,0,0,0
370283,1,1,1989,0,19,0,0,0,18,0,0,0,0
370284,1,1,1989,10,20,17,23,15,22,14,5,10,9
370285,1,1,1989,0,0,0,0,0,0,0,0,0,0
370285,2,1,1989,0,0,0,0,0,0,0,0,0,0
370286,1,1,1989,0,0,0,0,0,0,0,0,0,0
370286,2,1,1989,0,0,0,0,0,0,0,0,0,0
370287,0,1,1989,0,0,0,0,0,0,0,0,0,0
370287,1,1,1989,10,18,8,34,18,12,0,32,12,23
370288,1,1,1989,0,0,0,0,0,0,0,0,0,0
370289,0,1,1989,16,16,16,16,16,16,16,16,16,16
370289,1,1,1989,0,0,0,0,0,0,0,0,0,0
370290,1,1,1989,15,15,15,15,15,15,15,15,15,15
370291,1,1,1989,44,44,44,44,44,44,44,44,44,44
370292,0,1,1989,0,0,0,0,0,0,0,0,0,0
370292,1,1,1989,0,0,0,0,0,0,0,0,0,0
370293,1,1,1989,0,0,0,0,0,0,0,0,0,0
370293,2,1,1989,0,0,0,0,0,0,0,0,0,0
370294,1,1,1989,0,0,0,0,0,0,0,0,0,0
370295,1,1,1989,0,0,0,0,0,0,0,8,0,0
370296,1,1,1989,0,0,0,0,0,0,0,0,0,0
370296,2,1,1989,0,0,0,0,0,0,0,0,0,0
370297,1,1,1989,0,0,0,0,0,0,0,0,0,0
370297,2,1,1989,0,0,0,0,0,0,0,0,0,0
370298,1,1,1989,0,0,0,0,0,22,0,0,0,0
370298,2,1,1989,0,0,0,0,0,0,0,0,0,0
370299,1,1,1989,18,18,18,18,18,18,18,18,18,18
370300,1,1,1989,24,24,24,24,24,24,24,24,24,24
370301,0,1,1989,27,13,23,17,22,40,39,14,19,11
370301,1,1,1989,0,0,0,0,0,0,0,0,0,0
370302,1,1,1989,0,0,0,0,0,0,0,0,0,0
370303,1,1,1989,0,0,0,0,0,0,0,0,0,0
370303,2,1,1989,0,0,0,0,0,0,0,0,0,0
370304,0,1,1989,0,0,0,0,0,0,0,0,0,0
370304,1,1,1989,0,0,0,5,0,0,0,0,0,0
370305,1,1,1989,0,0,0,0,0,0,0,0,0,0
370305,2,1,1989,0,0,0,0,0,0,0,0,0,0
370306,1,1,1989,12,12,12,12,12,12,12,12,12,12
370307,1,1,1989,0,0,0,0,0,0,0,0,0,0
370307,2,1,1989,0,0,0,0,0,0,0,0,0,0
370308,1,1,1989,18,17,16,14,24,7,0,29,26,6
370309,1,1,1989,0,0,0,0,0,0,0,0,0,0
370309,2,1,1989,26,0,0,0,0,0,0,0,0,0
370309,3,1,1989,19,12,5,16,16,14,15,6,18,12
370309,4,1,1989,0,0,0,0,0,0,0,0,0,0
370310,1,1,1989,0,0,0,0,0,0,0,0,0,0
370310,2,1,1989,0,0,0,0,0,11,0,0,0,0
370310,3,1,1989,0,0,0,0,0,0,0,0,0,0
370311,1,1,1989,0,0,0,0,0,0,0,0,0,0
370311,2,1,1989,0,0,0,0,0,0,3,0,0,0
370312,1,1,1989,0,0,0,0,0,0,0,0,0,0
370312,2,1,1989,0,0,0,0,0,0,0,0,0,0
370312,3,1,1989,0,0,0,0,0,0,0,0,0,0
370313,1,1,1989,4,4,4,4,4,4,4,4,4,4
370314,1,1,1989,20,20,20,20,20,20,20,20,20,20
370315,1,1,1989,25,25,25,25,25,25,25,25,25,25
370315,2,1,1989,0,0,0,0,0,0,0,0,0,0
370316,1,1,1989,0,0,0,0,0,0,0,0,0,18
370317,1,1,1989,0,0,0,0,0,0,0,0,0,0
370317,2,1,1989,0,0,0,0,0,0,0,0,0,0
370317,3,1,1989,0,0,0,0,0,0,0,0,0,0
370318,1,1,1989,0,0,0,0,0,0,0,0,14,0
370319,1,1,1989,0,0,0,0,0,0,0,0,0,0
370319,2,1,1989,0,0,0,0,0,0,0,0,0,0
370320,0,1,1989,40,40,40,40,40,40,40,40,40,40
370320,1,1,1989,0,0,0,0,0,0,0,0,0,0
370321,1,1,1989,0,0,0,0,0,0,0,0,0,0
370321,2,1,1989,0,0,0,0,0,0,0,0,0,0
370322,0,1,1989,15,15,15,15,15,15,15,15,15,15
370322,1,1,1989,10,12,28,22,8,12,33,22,29,18
370323,1,1,1989,0,0,0,0,0,0,0,0,0,0
370323,2,1,1989,0,0,0,0,0,0,0,0,0,0
370324,1,1,1989,29,29,29,29,29,29,29,29,29,29
370325,1,1,1989,0,0,0,0,0,0,0,0,0,0
370326,1,1,1989,41,41,41,41,41,41,41,41,41,41
370326,2,1,1989,0,0,0,0,0,0,0,0,0,0
370327,1,1,1989,26,26,26,26,26,26,26,26,26,26
370328,1,1,1989,0,0,0,0,0,0,0,0,0,0
370328,2,1,1989,0,0,0,0,0,0,0,0,0,0
370329,1,1,1989,0,0,0,0,0,0,0,0,0,0
370329,2,1,1989,0,0,0,0,0,0,0,0,0,0
370330,1,1,1989,17,0,0,0,23,14,22,0,38,27
370331,1,1,1989,0,24,6,0,0,0,26,30,0,0
370331,2,1,1989,16,0,0,0,0,0,0,0,0,0
370332,1,1,1989,13,0,0,0,24,0,0,0,0,0
370333,1,1,1989,6,0,6,8,10,23,0,15,11,11
370333,2,1,1989,0,0,0,0,0,0,0,0,0,0
370334,1,1,1989,0,0,0,0,0,0,0,0,0,0
370334,2,1,1989,0,0,0,0,0,0,0,0,0,0
370335,1,1,1989,0,0,0,0,0,0,0,0,0,0
370335,2,1,1989,0,0,0,6,0,0,0,0,21,0
370336,1,1,1989,37,37,37,37,37,37,37,37,37,37
370337,1,1,1989,0,0,0,0,0,0,0,29,0,0
370338,1,1,1989,16,6,11,18,22,14,16,7,20,20
370338,2,1,1989,0,0,0,0,0,0,0,0,0,0
370338,3,1,1989,0,0,0,0,0,0,0,0,0,0
370339,1,1,1989,14,14,14,14,14,14,14,14,14,14
370340,1,1,1989,0,0,0,0,0,0,0,0,0,0
370340,2,1,1989,0,0,0,0,0,0,0,0,0,0
370341,1,1,1989,0,0,0,0,0,0,0,0,0,0
370342,1,1,1989,0,0,0,0,0,0,0,0,0,0
370343,1,1,1989,0,0,0,0,0,0,0,0,0,0
370344,1,1,1989,16,16,16,16,16,16,16,16,16,16
370345,1,1,1989,0,0,0,0,0,0,0,0,0,0
370345,2,1,1989,0,0,0,0,0,0,0,0,0,0
370345,3,1,1989,0,0,0,0,0,0,0,0,0,0
370346,1,1,1989,0,0,0,0,0,0,0,0,0,0
370346,2,1,1989,0,0,0,0,0,0,0,0,0,0
370347,1,1,1989,0,0,0,0,0,0,0,0,0,0
370347,2,1,1989,0,0,0,0,0,0,0,0,0,0
370347,3,1,1989,0,0,0,0,0,0,0,0,0,0
370348,1,1,1989,0,0,0,0,0,0,0,0,0,0
370348,2,1,1989,0,0,0,0,0,0,0,0,0,0
370349,1,1,1989,0,0,0,0,0,0,0,0,0,0
370349,2,1,1989,0,0,0,0,0,0,0,0,0,0
370350,1,1,1989,22,13,15,24,36,15,16,18,0,0
370351,0,1,1989,0,0,0,0,0,0,0,0,0,0
370351,1,1,1989,0,0,0,0,0,0,0,0,0,0
370352,1,1,1989,15,15,15,15,15,15,15,15,15,15
370353,1,1,1989,0,0,0,0,0,0,0,0,0,0
370353,2,1,1989,0,0,0,0,0,0,0,0,0,0
370354,0,1,1989,7,7,7,7,7,7,7,7,7,7
370354,1,1,1989,0,0,0,0,0,0,0,0,0,0
370355,0,1,1989,27,27,27,27,27,27,27,27,27,27
370355,1,1,1989,0,0,9,0,0,0,0,0,0,0
370356,1,1,1989,0,0,0,0,0,0,0,0,0,0
370356,2,1,1989,0,0,0,0,0,0,0,0,0,0
370357,1,1,1989,7,20,0,9,14,21,5,19,0,0
370357,2,1,1989,0,0,0,0,0,0,0,0,0,0
370358,1,1,1989,0,0,0,0,0,0,0,0,0,0
370358,2,1,1989,0,0,0,0,0,0,0,0,0,0
370358,3,1,1989,0,0,0,0,0,0,0,0,0,0
370359,1,1,1989,0,0,0,0,0,0,0,0,0,0
370360,1,1,1989,20,20,20,20,20,20,20,20,20,20
370361,1,1,1989,18,0,0,0,0,0,22,20,0,0
370361,2,1,1989,0,0,0,0,0,18,0,0,0,0
370362,1,1,1989,0,0,0,0,0,0,0,0,0,0
370363,1,1,1989,0,0,0,0,0,0,0,0,0,0
370363,2,1,1989,0,0,0,0,0,0,0,0,0,0
370364,1,1,1989,0,0,0,0,0,0,0,0,0,0
370364,2,1,1989,0,0,0,0,0,0,0,0,0,0
370365,1,1,1989,18,13,16,11,12,23,23,19,6,23
370366,0,1,1989,0,0,0,0,0,0,0,0,0,0
370366,1,1,1989,0,0,0,0,0,0,0,0,0,0
370367,1,1,1989,0,0,0,9,0,0,0,0,0,0
370367,2,1,1989,0,0,0,0,0,0,0,0,0,0
370368,1,1,1989,0,0,0,0,0,0,0,0,0,0
370369,0,1,1989,0,0,0,0,0,0,0,0,0,0
370369,1,1,1989,0,0,0,0,0,0,0,0,0,0
370370,1,1,1989,19,19,19,19,19,19,19,19,19,19
370371,1,1,1989,0,0,0,0,0,0,0,0,0,14
370371,2,1,1989,33,33,33,33,33,33,33,33,33,33
370372,1,1,1989,0,0,0,0,0,0,0,0,0,0
370372,2,1,1989,0,0,0,0,0,0,0,0,0,0
370373,1,1,1989,0,0,0,0,0,0,0,0,0,0
370373,2,1,1989,0,0,0,0,0,0,0,18,0,0
370374,1,1,1989,5,13,14,14,23,0,12,0,9,4
370375,1,1,1989,0,0,0,0,0,0,0,0,0,0
370376,1,1,1989,0,0,0,0,0,0,0,0,0,0
370376,2,1,1989,0,0,0,0,0,0,0,0,0,0
370377,0,1,1989,0,0,0,0,0,0,0,0,0,0
370377,1,1,1989,14,0,0,0,0,0,0,0,0,0
370378,1,1,1989,0,0,0,0,0,0,0,0,0,0
370379,1,1,1989,0,0,0,0,0,0,0,0,0,0
370379,2,1,1989,0,0,17,0,0,6,0,0,0,0
370380,1,1,1989,0,0,0,0,0,7,0,0,0,0
370381,1,1,1989,0,0,0,0,0,0,0,0,0,0
370382,0,1,1989,0,0,0,0,0,0,0,0,0,0
370382,1,1,1989,0,0,0,0,0,0,0,0,0,0
370383,1,1,1989,8,6,30,13,15,9,11,12,14,13
370384,1,1,1989,0,0,0,0,0,0,0,0,0,0
370384,2,1,1989,0,0,0,0,0,0,0,0,0,0
370385,0,1,1989,0,0,0,0,0,0,0,0,0,0
370385,1,1,1989,0,0,0,0,0,0,0,0,0,0
370386,1,1,1989,15,8,16,13,15,25,16,16,8,6
370387,1,1,1989,0,0,0,0,0,0,0,0,0,0
370388,1,1,1989,0,0,0,0,0,0,0,0,0,0
370388,2,1,1989,0,0,0,0,0,0,0,0,0,0
370389,1,1,1989,6,6,6,6,6,6,6,6,6,6
370390,1,1,1989,0,10,0,38,0,15,11,0,0,0
370391,0,1,1989,0,0,0,0,0,0,0,0,0,0
370391,1,1,1989,0,0,0,0,0,0,0,0,0,0
370392,1,1,1989,0,12,0,0,0,0,0,0,0,0
370392,2,1,1989,0,0,0,0,0,0,0,0,0,0
370393,1,1,1989,0,0,0,0,0,0,0,0,0,0
370393,2,1,1989,0,0,0,0,0,0,0,0,0,10
370394,0,1,1989,35,35,35,35,35,35,35,35,35,35
370394,1,1,1989,0,0,0,0,11,0,0,10,0,0
370396,1,1,1989,9,6,17,13,11,19,10,15,15,14
370396,2,1,1989,0,0,0,22,0,0,0,0,0,0
370396,3,1,1989,28,0,0,0,0,0,0,0,17,19
370397,0,1,1989,0,0,0,0,0,0,0,0,0,0
370397,1,1,1989,0,0,0,0,44,0,16,0,0,0
370398,1,1,1989,0,0,17,0,0,0,0,0,0,0
370399,1,1,1989,0,0,0,0,0,0,0,0,0,0
370400,1,1,1989,0,0,0,0,0,0,0,0,0,0
370400,2,1,1989,0,0,0,0,0,0,0,0,0,0
370401,1,1,1989,0,0,0,0,0,0,0,0,0,0
370401,2,1,1989,0,0,0,0,0,0,0,0,0,0
370402,1,1,1989,9,9,9,9,9,9,9,9,9,9
370402,2,1,1989,0,0,0,0,0,0,0,0,0,0
370403,0,1,1989,0,0,0,0,0,0,0,0,0,0
370403,1,1,1989,23,25,37,12,40,19,11,8,9,0
370405,1,1,1989,0,0,0,0,0,0,0,0,0,0
370406,1,1,1989,0,0,0,0,0,0,0,0,0,0
370406,2,1,1989,0,0,0,0,0,0,0,0,0,0
370407,0,1,1989,0,0,0,0,0,0,0,0,0,0
370407,1,1,1989,0,0,0,0,0,0,13,17,18,0
370408,1,1,1989,16,16,16,16,16,16,16,16,16,16
370409,1,1,1989,0,0,0,0,0,0,0,0,0,0
370409,2,1,1989,0,0,0,0,0,0,0,0,0,0
370410,1,1,1989,7,7,7,7,7,7,7,7,7,7
370410,2,1,1989,0,0,0,0,0,0,0,0,0,0
370411,1,1,1989,0,0,0,0,0,0,0,0,0,0
370412,1,1,1989,28,28,28,28,28,28,28,28,28,28
370413,1,1,1989,18,22,18,13,29,7,32,18,25,15
370414,1,1,1989,0,18,14,25,22,18,11,8,22,22
370415,1,1,1989,0,0,0,0,0,0,0,0,0,0
370415,2,1,1989,0,0,0,0,0,0,0,0,0,0
370416,1,1,1989,0,0,0,0,0,0,0,0,0,0
370416,2,1,1989,0,0,0,0,0,0,0,0,0,0
370417,1,1,1989,0,0,0,0,0,0,0,0,0,0
370417,2,1,1989,0,0,0,0,0,0,0,0,0,0
370418,1,1,1989,0,0,0,0,0,0,0,0,0,0
370418,2,1,1989,0,0,0,0,0,0,0,0,0,0
370419,1,1,1989,8,25,18,0,0,0,16,2,30,2
370419,2,1,1989,0,0,0,0,0,0,0,0,0,0
370420,1,1,1989,0,0,0,0,0,0,0,0,0,0
370422,1,1,1989,4,9,12,17,14,27,8,17,14,23
370423,1,1,1989,0,0,0,0,0,0,0,0,0,0
370423,2,1,1989,0,0,0,0,0,0,0,0,0,0
370424,1,1,1989,8,0,12,21,10,18,4,8,11,15
370424,2,1,1989,0,0,0,0,0,0,0,0,0,0
370424,3,1,1989,0,0,0,0,0,0,0,0,0,0
370425,1,1,1989,36,36,36,36,36,36,36,36,36,36
370426,1,1,1989,14,14,14,14,14,14,14,14,14,14
370426,2,1,1989,0,0,0,0,0,0,0,0,0,0
370426,3,1,1989,0,0,0,0,0,0,0,0,0,0
370427,1,1,1989,27,12,13,11,0,17,30,13,0,16
370428,1,1,1989,0,0,0,0,0,0,0,0,0,0
370428,2,1,1989,0,0,0,0,0,0,0,0,0,0
370429,1,1,1989,32,23,16,20,19,12,0,28,28,37
370430,1,1,1989,0,13,14,22,17,16,18,20,9,15
370430,2,1,1989,0,0,0,0,0,0,0,0,0,0
370431,1,1,1989,21,21,21,21,21,21,21,21,21,21
370432,0,1,1989,0,0,0,0,0,0,0,0,0,0
370432,1,1,1989,0,0,0,0,0,0,0,0,0,0
370433,1,1,1989,0,0,0,0,0,0,0,0,0,0