ST_CASE,VEH_NO,PER_NO,YEAR,P1,P2,P3,P4,P5,P6,P7,P8,P9,P10
370433,2,1,1989,0,0,0,0,0,0,0,0,0,0
370434,1,1,1989,14,22,11,36,0,8,12,26,18,31
370435,1,1,1989,0,0,0,0,0,0,0,0,0,0
370436,1,1,1989,18,18,18,18,18,18,18,18,18,18
370437,1,1,1989,0,0,0,0,0,0,0,0,0,0
370437,2,1,1989,0,0,0,0,0,0,0,0,0,0
370438,1,1,1989,0,0,0,0,0,0,0,0,0,0
370438,2,1,1989,0,0,0,0,0,0,0,0,0,0
370439,1,1,1989,0,0,0,0,0,0,0,0,0,0
370439,2,1,1989,0,0,0,0,0,0,0,0,0,0
370440,1,1,1989,16,16,16,16,16,16,16,16,16,16
370441,1,1,1989,0,0,0,0,0,0,0,10,0,0
370442,1,1,1989,26,17,32,10,14,8,23,16,13,4
370443,0,1,1989,0,0,0,0,0,0,0,0,0,0
370443,1,1,1989,0,0,0,0,0,0,0,0,0,0
370444,1,1,1989,19,39,7,17,22,27,14,12,6,14
370444,2,1,1989,0,0,0,0,0,0,0,0,10,0
370445,0,1,1989,41,41,41,41,41,41,41,41,41,41
370445,1,1,1989,0,0,0,0,0,0,0,0,0,0
370446,1,1,1989,0,0,0,0,0,0,0,0,0,0
370447,1,1,1989,0,0,0,0,0,0,0,0,0,0
370447,2,1,1989,0,0,0,0,0,0,0,0,0,0
370448,0,1,1989,35,35,35,35,35,35,35,35,35,35
370448,1,1,1989,0,17,0,0,0,0,0,0,0,0
370449,1,1,1989,11,0,10,3,12,0,0,4,0,0
370450,1,1,1989,30,30,30,30,30,30,30,30,30,30
370451,0,1,1989,0,0,0,0,0,0,0,0,14,0
370451,0,2,1989,0,0,0,0,0,5,0,0,0,4
370451,1,1,1989,4,4,4,4,4,4,4,4,4,4
370452,0,1,1989,0,0,0,0,0,0,0,0,0,0
370452,1,1,1989,0,0,0,0,0,0,0,0,0,0
370453,1,1,1989,0,0,0,0,0,0,0,0,0,0
370454,1,1,1989,0,0,0,0,0,0,0,0,0,0
370455,1,1,1989,0,0,0,0,0,0,0,0,0,0
370456,1,1,1989,0,0,0,0,0,0,0,0,0,0
370456,2,1,1989,0,0,0,0,0,0,0,0,0,0
370457,1,1,1989,0,0,0,0,0,0,0,0,0,0
370457,2,1,1989,0,0,0,23,0,0,0,0,0,0
370458,1,1,1989,0,0,0,0,0,0,0,0,0,0
370459,1,1,1989,14,0,5,0,0,0,0,22,0,0
370459,2,1,1989,0,0,0,0,0,0,0,0,0,0
370459,3,1,1989,20,15,4,0,0,0,0,0,0,0
370460,1,1,1989,0,0,0,0,0,0,0,0,0,0
370460,2,1,1989,0,0,0,0,0,0,0,0,0,0
370461,1,1,1989,0,0,0,0,0,0,0,0,0,0
370461,2,1,1989,0,0,0,0,0,0,0,0,0,0
370462,1,1,1989,0,0,0,0,0,0,0,0,0,0
370462,2,1,1989,0,0,0,0,0,0,0,0,0,0
370463,1,1,1989,0,0,0,0,0,0,0,0,0,0
370463,2,1,1989,0,0,0,0,0,0,0,0,0,0
370464,1,1,1989,0,0,0,0,6,0,0,0,0,0
370464,2,1,1989,0,0,0,0,0,0,0,0,0,0
370465,1,1,1989,0,0,0,0,0,0,0,0,0,0
370465,2,1,1989,0,10,0,7,0,0,16,7,16,16
370466,1,1,1989,29,29,29,29,29,29,29,29,29,29
370467,1,1,1989,0,0,0,0,0,0,0,0,0,0
370467,2,1,1989,0,0,0,0,0,0,0,0,0,0
370468,1,1,1989,0,0,0,0,0,0,0,0,0,0
370469,1,1,1989,0,0,0,0,0,0,0,0,0,0
370470,1,1,1989,0,0,0,0,0,0,0,0,0,0
370470,2,1,1989,0,0,0,0,0,0,0,0,0,19
370471,0,1,1989,0,0,0,0,0,0,0,0,0,0
370471,1,1,1989,0,16,0,0,0,0,0,0,0,0
370472,1,1,1989,25,25,25,25,25,25,25,25,25,25
370473,0,1,1989,12,12,12,12,12,12,12,12,12,12
370473,1,1,1989,0,0,0,19,0,7,0,17,0,0
370474,1,1,1989,0,0,0,0,0,0,0,0,0,14
370474,2,1,1989,16,20,15,17,16,12,4,13,16,11
370474,3,1,1989,0,0,0,0,0,0,0,0,0,0
370475,1,1,1989,0,0,0,0,0,0,0,0,0,0
370475,2,1,1989,0,0,20,16,18,11,37,0,16,20
370476,1,1,1989,11,8,12,0,0,9,7,7,13,16
370476,2,1,1989,0,0,0,0,0,0,0,0,0,0
370477,1,1,1989,0,0,0,0,0,0,0,0,30,0
370478,1,1,1989,0,0,0,0,0,0,0,0,0,0
370478,2,1,1989,0,0,0,0,0,0,0,0,0,0
370479,1,1,1989,0,0,0,0,0,0,0,0,0,0
370479,2,1,1989,0,0,0,0,0,0,0,0,0,0
370479,3,1,1989,0,0,0,0,0,0,0,0,0,0
370480,1,1,1989,0,0,0,0,0,0,0,0,0,0
370481,0,1,1989,0,0,0,0,0,0,0,0,0,0
370481,1,1,1989,0,0,0,0,0,0,0,0,12,0
370482,0,1,1989,19,19,19,19,19,19,19,19,19,19
370482,1,1,1989,0,6,0,0,0,0,0,0,0,0
370483,1,1,1989,29,29,29,29,29,29,29,29,29,29
370484,0,1,1989,28,28,28,28,28,28,28,28,28,28
370484,1,1,1989,0,0,0,0,0,0,0,0,0,0
370485,1,1,1989,34,34,34,34,34,34,34,34,34,34
370486,1,1,1989,8,19,14,9,0,0,16,0,6,13
370486,2,1,1989,30,30,30,30,30,30,30,30,30,30
370487,1,1,1989,6,6,6,6,6,6,6,6,6,6
370488,1,1,1989,0,0,0,0,0,0,0,0,0,0
370488,2,1,1989,0,0,0,0,0,0,0,0,0,0
370489,1,1,1989,7,7,7,7,7,7,7,7,7,7
370490,1,1,1989,0,0,0,0,0,0,0,0,0,0
370490,2,1,1989,0,0,0,0,0,0,0,0,0,0
370491,1,1,1989,17,17,17,17,17,17,17,17,17,17
370491,2,1,1989,0,0,0,0,0,0,0,0,0,0
370492,1,1,1989,0,0,0,24,0,0,0,10,0,0
370492,2,1,1989,0,0,0,0,0,0,0,0,0,0
370493,1,1,1989,16,16,16,16,16,16,16,16,16,16
370494,1,1,1989,0,0,0,0,0,0,0,0,0,0
370495,0,1,1989,0,0,0,0,0,0,0,0,0,0
370495,1,1,1989,0,0,0,0,0,0,0,0,0,0
370496,0,1,1989,0,0,0,0,0,0,0,0,0,0
370496,1,1,1989,0,0,0,0,0,0,0,0,0,0
370497,1,1,1989,0,0,0,0,0,0,0,0,0,0
370497,2,1,1989,0,0,0,0,0,0,0,0,0,0
370498,1,1,1989,0,0,0,0,0,0,0,0,0,0
370498,2,1,1989,0,0,0,0,0,0,0,0,0,0
370499,0,1,1989,0,0,0,0,0,0,0,0,0,0
370499,1,1,1989,0,0,0,0,0,0,0,0,0,0
370500,1,1,1989,0,0,0,0,0,0,0,0,0,0
370501,1,1,1989,0,0,0,0,0,0,0,0,0,0
370501,2,1,1989,0,0,0,0,0,0,0,0,0,0
370502,1,1,1989,0,0,0,0,0,0,0,0,0,0
370502,2,1,1989,0,0,0,0,0,0,0,0,0,0
370503,1,1,1989,24,24,24,24,24,24,24,24,24,24
370504,1,1,1989,0,0,0,0,0,0,0,0,0,0
370505,0,1,1989,0,0,0,0,0,0,0,0,0,0
370505,1,1,1989,0,0,0,0,0,0,0,0,0,0
370506,1,1,1989,24,24,24,24,24,24,24,24,24,24
370507,1,1,1989,21,21,21,21,21,21,21,21,21,21
370508,0,1,1989,0,0,0,0,0,0,0,0,0,0
370508,1,1,1989,11,16,8,39,0,13,24,31,20,18
370509,1,1,1989,0,0,7,15,0,4,0,0,8,0
370509,2,1,1989,0,0,0,0,0,0,0,0,0,0
370510,1,1,1989,15,15,15,15,15,15,15,15,15,15
370511,1,1,1989,0,0,0,0,0,0,0,0,0,0
370511,2,1,1989,0,0,0,0,0,0,0,0,0,0
370512,1,1,1989,28,28,28,28,28,28,28,28,28,28
370513,1,1,1989,0,0,0,0,0,0,0,0,0,0
370513,2,1,1989,0,12,0,19,16,0,0,19,11,17
370514,1,1,1989,17,17,10,21,0,3,13,6,6,20
370515,1,1,1989,12,12,12,12,12,12,12,12,12,12
370515,2,1,1989,0,0,0,0,0,0,0,0,0,0
370516,1,1,1989,3,0,0,0,0,0,0,0,0,0
370516,2,1,1989,0,0,0,0,0,0,0,0,0,0
370517,1,1,1989,5,29,14,13,10,16,28,16,18,5
370518,1,1,1989,0,0,0,0,0,0,0,0,0,0
370519,1,1,1989,0,0,0,0,0,0,0,0,0,0
370519,2,1,1989,0,0,0,0,0,0,0,0,0,0
370520,1,1,1989,0,0,0,0,0,0,0,0,0,0
370521,1,1,1989,0,0,0,0,20,0,0,0,0,0
370522,1,1,1989,0,0,0,0,0,0,0,0,0,0
370522,2,1,1989,23,24,11,18,13,25,7,33,0,26
370523,1,1,1989,0,0,0,0,0,0,5,0,0,0
370523,2,1,1989,0,0,0,0,0,0,0,0,0,0
370524,1,1,1989,0,0,0,0,0,0,0,0,0,0
370524,2,1,1989,0,0,0,0,0,0,0,0,0,0
370525,1,1,1989,0,0,0,9,0,0,0,0,13,0
370525,2,1,1989,18,18,18,18,18,18,18,18,18,18
370526,1,1,1989,0,0,0,0,0,0,0,14,0,0
370526,2,1,1989,0,0,0,0,0,0,0,0,0,0
370527,1,1,1989,15,13,13,27,11,5,17,10,17,17
370528,1,1,1989,0,0,0,0,5,13,0,0,0,0
370528,2,1,1989,0,0,0,0,0,0,0,0,0,0
370529,1,1,1989,0,0,0,0,0,0,0,0,0,0
370529,2,1,1989,0,0,0,0,0,0,0,0,0,0
370530,1,1,1989,0,0,0,0,0,0,0,0,0,0
370531,1,1,1989,0,0,0,0,0,0,0,0,0,0
370531,2,1,1989,0,3,0,0,0,0,0,0,0,0
370532,1,1,1989,0,0,0,0,0,0,0,0,0,0
370532,2,1,1989,0,0,0,0,0,0,0,0,0,0
370533,0,1,1989,21,21,21,21,21,21,21,21,21,21
370533,1,1,1989,4,0,0,0,9,20,0,0,0,0
370534,0,1,1989,29,0,0,0,0,0,15,0,6,0
370534,1,1,1989,0,0,0,0,0,0,0,0,0,0
370535,1,1,1989,33,33,33,33,33,33,33,33,33,33
370536,1,1,1989,0,0,0,0,0,0,0,0,0,0
370537,1,1,1989,0,0,0,0,22,36,0,0,0,17
370538,1,1,1989,19,19,19,19,19,19,19,19,19,19
370538,2,1,1989,0,0,0,0,0,0,4,0,16,0
370539,1,1,1989,15,15,15,15,15,15,15,15,15,15
370540,0,1,1989,0,0,0,0,0,0,0,0,0,0
370540,1,1,1989,0,0,0,0,0,0,0,0,0,0
370541,1,1,1989,0,0,0,0,0,0,0,0,0,0
370541,2,1,1989,0,0,0,0,0,0,0,0,0,0
370542,1,1,1989,0,0,0,0,0,0,0,0,0,0
370543,0,1,1989,12,3,29,19,20,28,19,20,25,17
370543,1,1,1989,0,0,0,0,0,0,0,0,0,0
370544,1,1,1989,0,0,0,0,0,0,0,0,0,0
370544,2,1,1989,0,0,0,0,0,0,0,0,0,0
370545,1,1,1989,0,0,0,0,0,0,0,0,0,0
370546,1,1,1989,0,0,0,0,0,0,0,0,0,0
370546,2,1,1989,0,0,0,0,0,0,0,0,0,0
370547,0,1,1989,11,11,11,11,11,11,11,11,11,11
370547,1,1,1989,7,14,17,8,15,11,15,11,16,16
370548,1,1,1989,0,0,0,0,0,0,0,0,0,0
370548,2,1,1989,19,19,19,19,19,19,19,19,19,19
370549,1,1,1989,0,0,0,0,0,0,0,0,0,0
370549,2,1,1989,0,0,0,0,0,0,0,0,0,0
370550,1,1,1989,0,0,0,0,0,0,0,0,0,0
370550,2,1,1989,0,0,0,0,0,0,0,0,0,0
370551,1,1,1989,17,21,0,13,11,16,8,11,23,0
370552,0,1,1989,0,0,0,0,0,0,0,0,0,0
370552,1,1,1989,0,0,0,0,0,0,0,0,0,0
370553,1,1,1989,0,0,0,0,0,0,0,0,0,0
370553,2,1,1989,0,0,0,0,0,0,0,0,0,0
370554,0,1,1989,0,0,0,0,0,0,0,0,0,0
370554,0,2,1989,0,0,0,0,9,0,14,0,0,0
370554,1,1,1989,0,0,7,0,0,0,13,0,0,0
370554,2,1,1989,0,0,0,0,0,0,0,0,0,0
370555,1,1,1989,0,0,0,0,0,0,0,0,0,0
370555,2,1,1989,0,0,0,0,0,0,0,0,0,0
370555,3,1,1989,0,0,0,0,0,0,0,0,0,0
370556,1,1,1989,0,0,0,0,0,13,0,0,13,0
370556,2,1,1989,34,0,0,0,0,0,0,0,0,0
370557,1,1,1989,0,0,0,0,0,0,0,0,0,0
370557,2,1,1989,0,0,0,0,0,0,0,0,0,0
370557,3,1,1989,0,0,0,0,16,0,0,0,0,0
370558,1,1,1989,24,24,24,24,24,24,24,24,24,24
370559,1,1,1989,9,8,0,0,16,0,0,15,24,20
370560,0,1,1989,0,0,0,0,0,0,0,0,0,0
370560,1,1,1989,0,0,0,0,17,0,30,19,0,13
370561,1,1,1989,0,14,0,0,0,0,0,0,0,0
370561,2,1,1989,0,0,0,0,0,0,0,0,0,0
370562,1,1,1989,0,0,0,0,0,0,0,0,0,0
370562,2,1,1989,0,0,0,0,0,0,0,0,0,0
370563,1,1,1989,38,38,38,38,38,38,38,38,38,38
370564,1,1,1989,0,0,0,0,0,0,0,0,0,0
370564,2,1,1989,0,0,0,0,0,0,0,0,0,0
370565,1,1,1989,0,0,0,0,0,0,0,0,0,0
370565,2,1,1989,0,0,0,0,0,0,7,0,0,0
370566,1,1,1989,32,8,11,3,4,21,17,33,27,27
370566,2,1,1989,20,31,12,14,18,10,19,8,21,14
370567,1,1,1989,0,0,0,0,0,0,0,0,0,0
370567,2,1,1989,0,0,0,0,0,0,0,0,0,0
370568,1,1,1989,21,21,36,11,5,23,14,13,8,11
370568,2,1,1989,0,23,0,15,0,0,0,0,0,0
370569,1,1,1989,0,0,0,0,0,23,0,0,0,0
370569,2,1,1989,18,18,18,18,18,18,18,18,18,18
370570,1,1,1989,0,14,16,8,20,18,4,11,10,0
370570,2,1,1989,0,0,0,0,0,0,0,0,0,0
370571,1,1,1989,7,7,7,7,7,7,7,7,7,7
370571,2,1,1989,0,0,0,0,0,0,0,0,0,0
370572,1,1,1989,15,15,15,15,15,15,15,15,15,15
370573,1,1,1989,21,14,23,23,35,29,26,18,22,28
370574,1,1,1989,0,0,0,0,0,0,0,0,0,0
370574,2,1,1989,0,0,0,0,15,0,0,0,0,0
370575,1,1,1989,0,0,0,0,0,0,0,0,0,0
370575,2,1,1989,0,0,0,0,0,0,0,0,0,0
370576,0,1,1989,18,33,0,0,0,16,0,16,25,0
370576,1,1,1989,0,0,0,0,0,5,0,0,0,0
370578,1,1,1989,4,4,4,4,4,4,4,4,4,4
370579,0,1,1989,10,10,10,10,10,10,10,10,10,10
370579,1,1,1989,0,13,10,15,9,6,17,0,0,9
370580,1,1,1989,0,0,0,0,0,0,0,0,0,0
370581,1,1,1989,0,0,0,0,0,0,0,0,0,0
370581,2,1,1989,0,0,0,0,0,0,0,0,0,0
370582,1,1,1989,0,0,0,0,0,0,0,0,0,0
370583,1,1,1989,0,0,0,0,0,0,0,0,0,0
370583,2,1,1989,0,0,0,0,0,0,0,0,0,0
370584,1,1,1989,0,0,0,0,0,0,0,0,0,0
370584,2,1,1989,0,0,0,0,0,0,0,0,0,0
370586,1,1,1989,0,0,0,0,0,0,0,0,0,0
370586,2,1,1989,0,0,0,0,0,0,0,0,0,0
370587,1,1,1989,0,0,0,0,0,0,0,0,0,0
370587,2,1,1989,0,0,0,0,0,0,0,0,0,0
370587,3,1,1989,0,0,0,0,0,0,0,0,0,0
370588,1,1,1989,0,0,0,14,0,0,0,28,0,0
370589,1,1,1989,0,0,0,0,0,0,0,13,0,8
370590,1,1,1989,0,0,0,0,8,0,17,0,0,0
370591,1,1,1989,0,0,0,0,0,0,0,0,0,0
370591,2,1,1989,0,0,0,0,0,0,0,0,0,0
370592,1,1,1989,0,0,0,0,0,0,0,0,0,0
370592,2,1,1989,0,0,0,0,0,0,0,0,0,0
370593,1,1,1989,33,33,33,33,33,33,33,33,33,33
370594,0,1,1989,37,37,37,37,37,37,37,37,37,37
370594,1,1,1989,0,0,0,0,0,0,0,0,0,0
370595,1,1,1989,0,0,0,0,0,0,0,0,0,0
370597,1,1,1989,0,0,0,0,0,0,0,0,0,0
370598,1,1,1989,0,0,0,0,0,0,0,0,0,0
370599,0,1,1989,0,0,0,0,0,0,0,0,0,0
370599,1,1,1989,0,0,0,0,0,0,0,0,0,0
370600,1,1,1989,0,0,0,16,0,0,0,0,0,0
370601,1,1,1989,21,24,18,24,10,21,37,24,0,10
370602,1,1,1989,0,0,0,0,0,0,0,0,0,0
370602,2,1,1989,21,11,0,0,19,13,12,18,9,27
370603,1,1,1989,0,0,0,0,0,0,0,0,0,0
370603,2,1,1989,0,0,0,0,0,0,0,0,0,0
370604,1,1,1989,34,34,34,34,34,34,34,34,34,34
370604,2,1,1989,0,18,0,0,0,0,0,0,0,0
370605,1,1,1989,25,25,25,25,25,25,25,25,25,25
370606,1,1,1989,19,0,0,23,0,0,0,0,22,0
370606,2,1,1989,20,20,20,20,20,20,20,20,20,20
370607,1,1,1989,24,24,24,24,24,24,24,24,24,24
370608,0,1,1989,18,18,18,18,18,18,18,18,18,18
370608,1,1,1989,0,0,0,0,0,0,0,0,0,0
370609,1,1,1989,0,0,0,0,0,0,0,0,0,0
370609,2,1,1989,0,0,0,0,0,0,0,0,0,0
370610,1,1,1989,0,0,0,0,0,0,0,0,0,0
370610,2,1,1989,0,0,0,0,0,0,0,0,0,0
370611,1,1,1989,0,0,0,0,0,0,0,0,0,0
370611,2,1,1989,0,0,0,0,0,0,0,0,0,0
370612,1,1,1989,0,0,0,0,0,0,0,0,0,0
370613,1,1,1989,0,0,0,0,0,0,0,0,0,0
370613,2,1,1989,0,0,0,0,0,0,0,0,0,0
370614,1,1,1989,0,0,0,0,0,0,0,0,0,0
370615,0,1,1989,0,0,0,0,0,0,0,0,0,0
370615,1,1,1989,0,0,0,0,0,0,0,0,0,0
370616,0,1,1989,0,0,0,0,0,0,0,0,0,0
370616,1,1,1989,0,0,14,0,0,0,0,0,0,0
370617,1,1,1989,0,0,0,0,0,0,0,0,0,0
370617,2,1,1989,0,0,0,0,0,0,0,0,0,0
370618,1,1,1989,18,18,18,18,18,18,18,18,18,18
370619,1,1,1989,0,0,0,0,0,0,0,0,0,0
370619,2,1,1989,12,0,0,0,0,0,0,7,0,0
370620,0,1,1989,13,13,13,13,13,13,13,13,13,13
370620,1,1,1989,0,0,0,0,0,0,0,6,0,0
370621,1,1,1989,21,0,0,0,0,0,15,0,24,0
370622,1,1,1989,5,7,27,18,6,18,15,0,0,9
370623,0,1,1989,0,0,0,0,0,0,0,0,0,0
370623,1,1,1989,0,0,0,0,0,0,0,0,0,0
370624,1,1,1989,0,0,0,0,0,0,0,0,0,0
370624,2,1,1989,0,0,0,0,0,0,0,0,0,0
370625,0,1,1989,0,0,0,0,0,0,0,0,0,0
370625,1,1,1989,0,0,0,0,0,0,0,0,0,0
370626,0,1,1989,0,0,0,0,0,0,0,0,0,0
370626,1,1,1989,0,0,0,0,0,0,0,0,0,0
370627,1,1,1989,19,19,19,19,19,19,19,19,19,19
370628,1,1,1989,25,25,25,25,25,25,25,25,25,25
370629,0,1,1989,16,16,16,16,16,16,16,16,16,16
370629,1,1,1989,0,0,0,0,0,0,0,0,0,0
370630,1,1,1989,7,7,7,7,7,7,7,7,7,7
370631,1,1,1989,0,0,0,0,0,0,0,0,0,0
370631,2,1,1989,0,0,0,0,0,0,0,0,0,0
370631,3,1,1989,16,0,25,29,0,13,16,11,0,0
370632,1,1,1989,20,12,7,25,11,16,0,12,13,8
370633,1,1,1989,15,15,15,15,15,15,15,15,15,15
370634,1,1,1989,0,0,0,0,0,0,0,0,0,0
370634,2,1,1989,0,0,0,0,0,0,0,0,0,0
370635,1,1,1989,0,0,0,0,0,0,0,0,0,0
370635,2,1,1989,12,15,16,10,20,17,24,22,13,14
370636,1,1,1989,23,21,10,36,12,14,22,13,24,7
370637,1,1,1989,0,0,0,0,0,0,0,0,0,0
370637,2,1,1989,20,20,20,20,20,20,20,20,20,20
370638,0,1,1989,0,0,0,0,0,0,0,0,0,0
370638,1,1,1989,0,0,0,0,0,0,0,0,0,0
370639,1,1,1989,0,0,0,0,0,0,0,0,0,0
370639,2,1,1989,0,0,0,0,0,0,0,0,0,0
370640,1,1,1989,0,0,0,0,11,0,0,0,0,0
370640,2,1,1989,0,0,0,0,0,0,0,0,0,0
370641,1,1,1989,0,0,0,0,0,0,0,0,0,0
370641,2,1,1989,0,0,0,0,0,0,0,0,0,0
370642,1,1,1989,0,0,0,0,0,0,0,0,0,0
370642,2,1,1989,0,0,0,0,0,0,0,0,0,0
370643,0,1,1989,2,2,2,2,2,2,2,2,2,2
370643,1,1,1989,0,0,0,0,11,0,0,0,35,0
370643,2,1,1989,0,0,0,0,0,0,0,0,0,0
370644,1,1,1989,6,10,29,14,11,10,13,12,6,7
370645,1,1,1989,0,0,0,0,0,0,0,0,0,0
370645,2,1,1989,0,0,0,0,0,0,0,0,0,0
370646,1,1,1989,11,11,11,11,11,11,11,11,11,11
370647,1,1,1989,0,0,0,0,0,18,0,0,0,9
370647,2,1,1989,0,0,0,0,0,0,0,4,0,0
370649,1,1,1989,0,0,0,0,0,0,0,0,0,0
370649,2,1,1989,0,0,0,0,0,0,0,0,0,0
370649,3,1,1989,0,0,0,0,0,0,0,0,0,6
370650,1,1,1989,0,0,0,0,0,0,0,0,26,0
370651,0,1,1989,11,11,11,11,11,11,11,11,11,11
370651,1,1,1989,0,0,17,0,0,0,0,0,0,0
370652,1,1,1989,9,9,9,9,9,9,9,9,9,9
370653,1,1,1989,23,10,6,19,25,23,28,18,0,20
370654,1,1,1989,0,0,0,0,0,0,0,0,0,0
370654,2,1,1989,0,0,0,0,0,0,0,0,0,0
370655,1,1,1989,8,16,5,14,15,16,17,12,15,13
370656,1,1,1989,0,0,0,0,0,0,0,0,0,0
370656,2,1,1989,0,0,0,0,0,0,0,0,0,0
370657,1,1,1989,0,0,0,0,0,0,0,0,0,0
370657,2,1,1989,12,0,0,0,0,0,0,0,0,0
370658,1,1,1989,0,0,0,0,0,0,0,15,0,0
370658,2,1,1989,0,0,0,0,0,0,0,0,0,0
370659,1,1,1989,19,19,19,19,19,19,19,19,19,19
370659,2,1,1989,0,0,0,0,0,0,0,0,0,0
370660,0,1,1989,0,0,0,0,0,0,0,0,0,0
370660,1,1,1989,0,0,0,0,0,0,0,0,0,0
370661,0,1,1989,0,0,0,0,0,0,0,0,0,0
370661,1,1,1989,0,0,0,0,0,0,0,0,0,0
370662,0,1,1989,13,13,13,13,13,13,13,13,13,13
370662,1,1,1989,0,0,0,0,0,0,0,0,0,0
370663,1,1,1989,0,0,0,0,0,0,0,0,0,0
370663,2,1,1989,0,0,0,0,0,0,0,0,0,0
370663,3,1,1989,0,0,0,0,0,0,0,0,0,0
370664,1,1,1989,0,0,0,0,0,0,0,0,25,0
370665,1,1,1989,0,0,0,0,0,0,0,0,0,0
370665,2,1,1989,0,0,0,0,0,0,0,0,0,0
370666,1,1,1989,0,0,0,0,0,0,0,0,0,0
370666,2,1,1989,0,0,0,0,0,0,0,0,0,0
370667,1,1,1989,24,24,24,24,24,24,24,24,24,24
370668,1,1,1989,5,0,0,0,0,11,8,0,0,0
370669,1,1,1989,0,0,0,0,0,0,0,0,0,0
370670,1,1,1989,0,0,0,0,0,0,17,0,0,0
370670,2,1,1989,0,0,0,0,0,0,0,0,0,0
370671,1,1,1989,0,0,0,0,0,0,0,0,0,0
370671,2,1,1989,0,0,0,0,0,0,0,0,0,0
370672,1,1,1989,13,13,13,13,13,13,13,13,13,13
370673,1,1,1989,15,0,0,0,0,0,0,0,0,0
370674,1,1,1989,0,0,0,0,0,0,0,0,0,0
370674,2,1,1989,0,0,0,0,0,0,0,0,0,0
370675,1,1,1989,0,19,0,0,0,0,0,0,0,0
370675,2,1,1989,0,0,0,0,0,0,0,0,0,0
370675,3,1,1989,0,0,0,0,0,0,0,0,0,0
370675,4,1,1989,0,11,0,0,0,0,0,0,0,0
370675,5,1,1989,0,0,0,0,0,0,0,0,0,0
370676,1,1,1989,0,0,0,0,0,0,0,0,0,0
370676,2,1,1989,0,0,0,0,0,0,0,0,0,0
370677,1,1,1989,0,0,0,0,0,0,0,0,0,0
370677,2,1,1989,25,25,25,25,25,25,25,25,25,25
370677,3,1,1989,0,0,0,0,0,0,0,0,0,0
370678,1,1,1989,22,22,22,22,22,22,22,22,22,22
370678,2,1,1989,0,0,0,0,0,0,0,0,0,0
370679,1,1,1989,27,27,27,27,27,27,27,27,27,27
370680,0,1,1989,0,0,0,0,0,0,0,0,0,0
370680,1,1,1989,0,0,0,0,0,0,0,0,0,0
370681,1,1,1989,22,22,22,22,22,22,22,22,22,22
370682,1,1,1989,0,0,0,0,0,0,0,0,0,0
370682,2,1,1989,0,0,0,0,0,0,0,0,0,0
370683,1,1,1989,0,0,0,0,0,0,0,0,0,0
370684,1,1,1989,15,15,15,15,15,15,15,15,15,15
370685,1,1,1989,10,0,0,0,0,28,0,19,0,6
370685,2,1,1989,0,0,0,0,0,0,0,0,0,0
370686,1,1,1989,0,0,24,0,0,0,0,0,0,0
370686,2,1,1989,0,0,0,0,0,0,0,0,0,0
370687,1,1,1989,0,0,0,0,0,0,0,0,0,0
370687,2,1,1989,0,0,0,0,0,0,0,0,0,0
370688,1,1,1989,11,7,13,8,18,8,19,18,24,5
370689,1,1,1989,0,0,0,0,0,0,0,0,0,0
370689,2,1,1989,0,0,0,0,0,0,0,0,0,0
370690,1,1,1989,0,0,0,0,0,0,0,0,0,0
370690,2,1,1989,0,0,0,0,0,0,0,0,0,0
370691,1,1,1989,0,0,0,0,0,0,0,0,0,0
370692,1,1,1989,0,0,0,0,0,0,0,0,0,0
370692,2,1,1989,0,0,0,0,0,0,0,0,0,0
370693,1,1,1989,0,0,0,0,0,0,0,0,0,0
370693,2,1,1989,0,0,0,0,0,0,0,0,0,0
370694,1,1,1989,22,22,22,22,22,22,22,22,22,22
370695,1,1,1989,0,0,0,0,0,0,0,0,0,0
370695,2,1,1989,0,0,0,0,0,0,0,0,0,0
370696,0,1,1989,0,0,0,0,0,0,0,0,0,0
370696,1,1,1989,0,0,0,12,0,14,27,0,0,0
370697,1,1,1989,0,0,0,0,0,0,0,0,0,0
370697,2,1,1989,0,0,0,0,0,0,0,0,0,0
370698,1,1,1989,9,13,4,12,10,7,17,10,10,0
370699,1,1,1989,0,0,0,0,0,0,0,0,0,0
370699,2,1,1989,0,0,0,0,0,0,0,0,0,0
370700,1,1,1989,0,0,0,0,0,0,0,0,0,0
370700,2,1,1989,0,0,0,0,0,0,0,0,0,27
370701,1,1,1989,0,0,0,0,0,0,0,0,0,0
370702,1,1,1989,0,0,0,0,0,0,0,0,0,0
370703,1,1,1989,0,0,0,0,0,0,0,0,0,0
370703,2,1,1989,0,0,0,0,0,0,0,0,0,0
370704,1,1,1989,0,0,0,0,0,0,0,0,0,0
370704,2,1,1989,0,0,0,0,0,0,0,0,0,0
370705,1,1,1989,0,0,0,0,0,0,0,0,0,0
370705,2,1,1989,0,0,0,0,0,0,0,0,0,0
370706,1,1,1989,20,20,20,20,20,20,20,20,20,20
370706,2,1,1989,0,0,0,0,0,0,0,0,0,0
370707,1,1,1989,0,0,0,0,0,0,0,0,0,0
370707,2,1,1989,0,0,0,0,0,0,0,0,0,0
370708,1,1,1989,14,15,18,0,20,14,15,13,12,5
370708,2,1,1989,0,0,0,0,0,0,0,0,0,0
370709,1,1,1989,0,0,0,0,0,0,0,0,0,0
370709,2,1,1989,0,0,0,0,0,0,0,0,0,0
370710,1,1,1989,18,18,18,18,18,18,18,18,18,18
370710,2,1,1989,0,0,14,0,0,0,0,0,0,0
370711,1,1,1989,0,0,0,0,0,0,0,0,0,0