ST_CASE,VEH_NO,PER_NO,YEAR,P1,P2,P3,P4,P5,P6,P7,P8,P9,P10
370712,1,1,1989,28,28,28,28,28,28,28,28,28,28
370713,1,1,1989,10,7,0,18,22,20,37,20,13,19
370714,0,1,1989,22,22,22,22,22,22,22,22,22,22
370714,1,1,1989,20,19,16,10,13,21,14,17,9,6
370715,0,1,1989,17,17,17,17,17,17,17,17,17,17
370715,1,1,1989,8,0,0,0,0,0,0,0,0,11
370716,1,1,1989,0,0,0,0,0,0,0,0,0,5
370716,2,1,1989,14,14,14,14,14,14,14,14,14,14
370717,1,1,1989,6,6,6,6,6,6,6,6,6,6
370718,1,1,1989,0,0,0,0,0,0,0,0,0,0
370718,2,1,1989,0,0,0,0,0,0,0,0,0,8
370719,1,1,1989,16,14,24,7,11,0,5,23,27,23
370720,1,1,1989,16,10,7,0,10,11,3,10,15,11
370720,2,1,1989,16,16,16,16,16,16,16,16,16,16
370721,1,1,1989,20,20,20,20,20,20,20,20,20,20
370722,1,1,1989,25,6,12,13,17,24,7,13,9,5
370723,0,1,1989,21,21,21,21,21,21,21,21,21,21
370723,1,1,1989,0,0,0,0,0,0,0,0,0,0
370724,0,1,1989,21,21,21,21,21,21,21,21,21,21
370724,1,1,1989,0,11,7,20,9,19,15,15,3,0
370725,1,1,1989,0,0,0,0,0,0,0,0,0,0
370725,2,1,1989,0,0,0,0,0,0,0,0,0,0
370725,3,1,1989,0,0,0,0,0,0,0,0,0,0
370726,1,1,1989,0,0,0,0,0,0,0,0,0,0
370726,2,1,1989,0,0,0,0,0,0,0,0,0,0
370727,1,1,1989,0,11,0,0,0,0,0,0,0,0
370728,1,1,1989,0,0,0,0,0,0,0,0,0,0
370728,2,1,1989,0,0,0,0,0,0,0,0,0,0
370729,0,1,1989,0,0,0,0,0,0,0,0,0,0
370729,1,1,1989,0,0,0,0,0,0,0,0,0,0
370730,0,1,1989,0,0,0,0,0,0,0,0,0,0
370730,1,1,1989,0,0,0,0,0,0,0,17,0,0
370731,1,1,1989,0,0,0,0,0,0,0,0,0,10
370731,2,1,1989,16,13,9,21,16,11,4,23,0,22
370732,1,1,1989,0,0,0,0,0,0,0,0,0,0
370733,1,1,1989,16,25,12,18,3,11,13,36,16,27
370734,1,1,1989,0,0,0,0,0,0,0,0,0,0
370735,1,1,1989,20,20,20,20,20,20,20,20,20,20
370736,0,1,1989,13,27,20,24,18,19,31,22,28,15
370736,1,1,1989,0,8,0,0,0,0,0,0,0,0
370737,1,1,1989,11,10,10,17,15,33,16,18,25,15
370738,1,1,1989,0,0,0,0,0,0,0,0,0,0
370738,2,1,1989,0,0,0,0,14,0,0,0,0,0
370739,1,1,1989,19,19,19,19,19,19,19,19,19,19
370740,0,1,1989,0,0,0,0,0,0,0,0,0,0
370740,1,1,1989,0,0,0,0,0,0,0,0,0,0
370741,1,1,1989,0,0,0,0,0,0,0,0,0,0
370742,0,1,1989,26,26,26,26,26,26,26,26,26,26
370742,1,1,1989,0,0,0,0,0,0,0,0,0,0
370743,1,1,1989,0,0,0,0,0,0,0,0,0,0
370743,2,1,1989,0,0,0,0,0,0,0,0,0,0
370744,1,1,1989,0,0,0,0,0,0,0,0,0,0
370744,2,1,1989,0,0,0,0,0,0,0,0,0,0
370744,3,1,1989,0,0,0,0,0,0,0,0,0,0
370744,4,1,1989,0,0,0,0,0,0,0,0,0,0
370745,1,1,1989,0,0,0,0,0,0,0,0,0,0
370745,2,1,1989,0,0,0,0,0,0,0,0,0,0
370745,3,1,1989,0,0,0,0,0,0,0,0,0,0
370745,4,1,1989,0,0,0,0,0,0,0,0,0,0
370746,1,1,1989,0,0,0,0,0,0,0,0,0,0
370747,1,1,1989,0,0,0,0,0,0,0,0,0,0
370747,2,1,1989,0,0,0,0,0,0,0,0,0,0
370748,1,1,1989,13,13,13,13,13,13,13,13,13,13
370749,1,1,1989,0,0,0,0,0,0,0,0,0,0
370749,2,1,1989,0,0,0,0,0,0,0,0,0,0
370750,1,1,1989,0,0,27,6,0,11,14,29,0,4
370750,2,1,1989,0,0,0,0,0,0,0,0,0,0
370751,0,1,1989,0,0,0,0,0,0,0,0,0,0
370751,1,1,1989,0,0,0,0,0,0,0,0,0,0
370752,0,1,1989,11,11,11,11,11,11,11,11,11,11
370752,1,1,1989,0,0,0,0,0,0,0,0,0,0
370753,1,1,1989,0,0,0,0,13,0,0,0,0,0
370753,2,1,1989,0,0,0,0,0,0,0,0,0,0
370754,0,1,1989,39,39,39,39,39,39,39,39,39,39
370754,1,1,1989,4,0,0,20,0,0,0,0,0,0
370755,1,1,1989,14,12,17,26,17,11,0,14,16,15
370755,2,1,1989,0,0,0,0,0,0,0,0,0,0
370756,1,1,1989,0,0,0,0,0,0,0,0,0,0
370757,0,1,1989,24,30,0,0,0,0,0,0,0,5
370757,1,1,1989,0,0,0,0,19,3,8,0,0,19
370758,1,1,1989,0,0,0,0,0,0,0,0,0,0
370758,2,1,1989,0,0,0,0,0,0,0,0,0,0
370759,0,1,1989,0,0,0,0,0,0,0,0,0,0
370759,1,1,1989,0,0,0,0,0,0,0,0,0,0
370760,1,1,1989,15,15,15,15,15,15,15,15,15,15
370761,1,1,1989,0,0,0,0,0,0,0,0,0,0
370761,2,1,1989,0,0,0,0,0,0,0,0,0,0
370761,3,1,1989,0,0,0,0,0,0,0,0,0,0
370762,1,1,1989,0,0,0,0,0,0,0,0,0,0
370763,1,1,1989,0,0,0,0,0,0,0,0,0,0
370763,2,1,1989,17,17,17,17,17,17,17,17,17,17
370764,1,1,1989,0,0,0,0,0,0,0,0,0,0
370764,2,1,1989,0,0,0,0,0,0,0,0,0,0
370764,3,1,1989,0,0,0,0,0,0,0,0,0,0
370765,1,1,1989,25,25,25,25,25,25,25,25,25,25
370766,1,1,1989,18,18,18,18,18,18,18,18,18,18
370767,1,1,1989,19,22,10,22,13,19,8,28,21,15
370768,1,1,1989,0,0,0,0,0,0,0,0,0,0
370769,1,1,1989,9,14,6,24,15,10,29,12,7,6
370769,2,1,1989,0,0,0,0,0,0,0,0,0,0
370770,1,1,1989,0,0,0,0,0,0,0,0,0,0
370770,2,1,1989,0,0,0,0,0,0,0,0,0,0
370771,0,1,1989,0,0,0,0,0,0,0,0,0,0
370771,1,1,1989,0,0,0,0,0,0,0,0,0,0
370772,1,1,1989,0,0,0,0,0,0,0,0,0,0
370772,2,1,1989,0,0,0,0,0,0,0,0,0,0
370773,1,1,1989,0,0,0,0,0,0,0,0,0,0
370774,0,1,1989,0,0,0,0,0,0,0,0,0,0
370774,1,1,1989,0,0,0,0,0,0,0,0,0,0
370775,1,1,1989,0,0,0,0,0,0,0,0,0,0
370776,1,1,1989,0,0,0,0,0,0,0,0,0,0
370776,2,1,1989,0,0,0,0,0,0,0,0,0,0
370777,1,1,1989,26,26,26,26,26,26,26,26,26,26
370778,1,1,1989,0,0,0,0,11,0,0,0,0,0
370778,2,1,1989,0,0,0,0,0,0,0,0,0,0
370779,1,1,1989,0,0,0,0,0,0,0,0,0,0
370780,1,1,1989,0,0,0,0,0,0,0,0,0,0
370780,2,1,1989,0,0,0,0,0,0,0,0,0,0
370781,1,1,1989,0,0,0,0,0,0,0,0,0,0
370782,1,1,1989,0,0,0,0,0,0,0,0,0,9
370783,1,1,1989,0,0,0,0,0,0,0,0,0,0
370783,2,1,1989,0,0,0,0,0,0,0,0,0,0
370784,0,1,1989,0,0,0,0,0,0,0,0,0,0
370784,1,1,1989,0,0,0,0,0,0,0,0,0,0
370785,1,1,1989,14,28,5,3,2,4,0,4,9,27
370785,2,1,1989,0,0,0,0,0,0,0,0,0,0
370786,1,1,1989,0,0,0,0,0,0,0,0,0,0
370786,2,1,1989,0,0,0,0,0,0,0,0,0,0
370787,1,1,1989,0,0,0,0,0,0,0,0,0,0
370787,2,1,1989,0,0,0,0,0,0,0,0,0,0
370788,1,1,1989,26,14,32,29,8,15,12,18,16,14
370789,1,1,1989,0,0,0,0,0,0,0,0,0,0
370789,2,1,1989,0,0,0,0,0,0,0,0,0,0
370789,3,1,1989,0,0,0,0,0,0,0,0,0,0
370790,0,1,1989,15,15,15,15,15,15,15,15,15,15
370790,1,1,1989,17,0,0,0,0,0,0,0,14,0
370791,1,1,1989,21,21,21,21,21,21,21,21,21,21
370792,1,1,1989,0,0,0,0,0,0,0,0,0,0
370793,1,1,1989,0,0,0,0,0,0,0,0,0,0
370794,1,1,1989,0,0,0,0,0,0,0,0,0,0
370794,2,1,1989,11,5,10,20,0,16,18,22,2,9
370795,1,1,1989,10,15,8,5,2,6,9,33,20,20
370796,1,1,1989,33,33,33,33,33,33,33,33,33,33
370797,0,1,1989,21,21,21,21,21,21,21,21,21,21
370797,1,1,1989,0,0,0,0,0,0,0,5,9,0
370798,1,1,1989,0,0,0,0,0,0,0,0,0,0
370799,1,1,1989,0,1,23,10,0,0,17,0,6,7
370799,2,1,1989,0,0,0,0,0,0,0,0,0,0
370800,1,1,1989,0,0,0,0,0,0,0,0,0,0
370801,0,1,1989,0,0,0,0,0,0,0,0,0,0
370801,1,1,1989,0,0,0,0,0,0,0,0,0,0
370802,1,1,1989,0,0,0,0,0,0,0,0,0,0
370803,0,1,1989,12,12,12,12,12,12,12,12,12,12
370803,1,1,1989,20,8,0,35,17,21,23,24,20,22
370804,1,1,1989,0,0,0,0,0,0,0,0,0,0
370804,2,1,1989,12,12,12,12,12,12,12,12,12,12
370805,1,1,1989,0,0,0,0,0,0,0,0,0,0
370805,2,1,1989,0,0,0,0,0,0,0,0,0,0
370806,1,1,1989,0,0,0,0,0,0,0,0,0,0
370806,2,1,1989,13,19,13,0,27,7,17,22,6,10
370807,1,1,1989,0,0,0,0,0,0,0,0,0,0
370807,2,1,1989,0,0,0,0,0,0,0,0,0,0
370808,1,1,1989,0,0,0,0,0,0,0,0,0,0
370808,2,1,1989,0,0,0,0,0,0,0,0,0,0
370809,1,1,1989,6,6,6,6,6,6,6,6,6,6
370810,1,1,1989,0,0,0,0,0,0,0,0,0,0
370810,2,1,1989,15,15,15,15,15,15,15,15,15,15
370811,1,1,1989,0,0,0,0,0,0,0,0,0,0
370811,2,1,1989,0,0,0,0,0,0,0,0,0,0
370811,3,1,1989,0,0,0,0,0,0,0,0,0,0
370812,1,1,1989,0,0,0,0,0,0,0,0,0,0
370812,2,1,1989,0,0,0,0,0,0,0,0,0,0
370812,3,1,1989,0,0,0,0,0,0,0,0,0,0
370813,1,1,1989,30,30,30,30,30,30,30,30,30,30
370813,2,1,1989,0,0,0,0,0,0,0,0,19,0
370814,1,1,1989,23,23,23,23,23,23,23,23,23,23
370815,1,1,1989,6,14,16,18,26,26,16,21,27,10
370815,2,1,1989,14,0,0,0,0,0,0,0,0,0
370816,1,1,1989,0,0,0,0,0,0,0,0,0,0
370816,2,1,1989,0,0,0,0,0,0,0,0,0,0
370817,1,1,1989,33,33,33,33,33,33,33,33,33,33
370817,2,1,1989,0,0,0,0,0,0,0,17,0,0
370818,1,1,1989,0,0,0,0,0,0,0,0,0,0
370819,0,1,1989,0,0,0,0,0,0,0,0,0,0
370819,1,1,1989,0,0,0,0,0,0,0,0,0,0
370820,1,1,1989,0,0,0,0,0,0,0,0,0,0
370821,0,1,1989,0,0,0,15,54,0,0,0,40,0
370821,1,1,1989,0,0,23,0,17,4,13,0,0,0
370822,1,1,1989,0,0,0,0,0,0,0,0,0,0
370822,2,1,1989,0,0,0,0,0,0,0,0,0,0
370823,0,1,1989,0,0,0,0,0,0,0,0,0,0
370823,1,1,1989,0,0,0,19,0,0,1,0,0,0
370824,1,1,1989,0,6,0,0,7,0,0,0,0,0
370824,2,1,1989,0,0,0,0,0,0,0,0,0,0
370825,1,1,1989,18,18,18,18,18,18,18,18,18,18
370826,1,1,1989,0,0,0,0,0,0,0,0,0,0
370826,2,1,1989,0,0,0,0,0,0,0,0,0,0
370827,1,1,1989,0,0,0,0,0,0,0,0,0,0
370827,2,1,1989,0,0,0,14,0,0,0,0,0,0
370828,1,1,1989,2,14,5,23,19,22,11,6,16,16
370829,0,1,1989,29,29,29,29,29,29,29,29,29,29
370829,1,1,1989,17,28,40,13,4,14,23,21,29,8
370830,1,1,1989,6,3,0,14,7,10,29,19,22,16
370831,0,1,1989,34,34,34,34,34,34,34,34,34,34
370831,1,1,1989,0,0,0,0,0,0,0,0,8,0
370831,2,1,1989,0,0,0,0,0,0,0,0,0,0
370832,1,1,1989,25,25,25,25,25,25,25,25,25,25
370833,1,1,1989,25,25,25,25,25,25,25,25,25,25
370834,1,1,1989,30,30,30,30,30,30,30,30,30,30
370834,2,1,1989,0,0,0,0,0,0,0,0,0,0
370835,1,1,1989,27,27,27,27,27,27,27,27,27,27
370836,1,1,1989,0,0,0,0,0,0,0,0,0,0
370836,2,1,1989,0,0,0,0,0,0,0,0,0,0
370836,3,1,1989,0,0,0,26,0,0,0,0,0,0
370837,1,1,1989,20,15,30,23,12,23,8,31,26,12
370838,1,1,1989,0,0,0,0,0,13,0,0,0,0
370838,2,1,1989,0,0,0,0,0,0,0,0,0,0
370839,0,1,1989,25,25,25,25,25,25,25,25,25,25
370839,1,1,1989,0,0,0,0,0,0,0,0,0,0
370841,1,1,1989,0,0,0,0,0,0,0,0,0,0
370841,2,1,1989,21,0,0,0,0,0,0,0,0,0
370842,1,1,1989,18,18,18,18,18,18,18,18,18,18
370843,1,1,1989,0,0,0,0,7,0,0,0,0,0
370843,2,1,1989,0,0,0,0,0,0,0,0,0,0
370843,3,1,1989,0,0,0,0,0,0,0,0,0,0
370844,1,1,1989,0,0,0,0,0,0,0,0,0,0
370845,1,1,1989,0,0,0,0,0,0,0,0,0,0
370846,0,1,1989,0,0,0,0,0,0,0,0,0,0
370846,1,1,1989,10,6,14,21,9,13,5,16,2,15
370847,1,1,1989,24,24,24,24,24,24,24,24,24,24
370848,1,1,1989,0,0,0,0,0,0,0,0,0,0
370848,2,1,1989,0,0,0,0,0,0,0,0,0,0
370849,1,1,1989,0,0,0,0,0,0,0,0,0,0
370849,2,1,1989,0,0,0,0,0,0,0,0,0,0
370850,1,1,1989,0,0,0,0,0,0,0,0,0,0
370850,2,1,1989,0,0,0,0,0,0,0,0,0,0
370850,3,1,1989,0,0,0,0,0,0,0,0,0,0
370850,4,1,1989,0,0,0,0,0,0,0,0,0,0
370851,1,1,1989,0,0,0,0,0,0,0,0,0,0
370851,2,1,1989,0,0,0,0,0,0,0,0,0,0
370852,1,1,1989,0,0,0,0,0,0,0,0,0,0
370852,2,1,1989,0,0,0,0,0,0,0,0,0,0
370852,3,1,1989,0,0,0,0,0,0,0,0,0,0
370852,4,1,1989,0,0,0,0,0,0,0,0,0,0
370853,1,1,1989,0,0,0,0,0,0,0,0,0,0
370853,2,1,1989,0,0,0,0,0,0,0,0,0,0
370854,0,1,1989,0,0,0,0,0,0,0,0,0,0
370854,1,1,1989,0,0,0,0,0,0,0,0,0,0
370855,0,1,1989,34,34,34,34,34,34,34,34,34,34
370855,1,1,1989,0,20,0,0,0,0,0,0,0,0
370856,0,1,1989,0,0,0,0,0,0,0,0,0,0
370856,1,1,1989,0,0,17,0,0,0,0,0,0,0
370857,1,1,1989,0,25,0,13,0,0,0,0,0,0
370857,2,1,1989,0,0,0,0,0,0,0,0,0,0
370858,1,1,1989,25,25,25,25,25,25,25,25,25,25
370858,2,1,1989,0,0,39,0,13,0,0,0,23,12
370859,1,1,1989,0,0,0,0,0,0,0,0,0,0
370859,2,1,1989,0,0,0,0,0,15,0,0,0,0
370860,1,1,1989,9,21,19,0,16,10,6,26,10,8
370861,0,1,1989,37,37,37,37,37,37,37,37,37,37
370861,1,1,1989,4,35,22,14,19,15,27,11,26,26
370862,1,1,1989,42,42,42,42,42,42,42,42,42,42
370863,1,1,1989,0,0,0,0,0,0,0,0,0,0
370864,1,1,1989,15,15,15,15,15,15,15,15,15,15
370865,0,1,1989,0,0,0,0,0,0,0,0,4,0
370866,0,1,1989,0,0,0,0,0,0,0,0,0,0
370866,1,1,1989,0,0,0,0,0,0,0,0,0,0
370867,1,1,1989,20,20,20,20,20,20,20,20,20,20
370868,1,1,1989,9,21,24,19,11,23,18,17,32,22
370869,1,1,1989,31,31,31,31,31,31,31,31,31,31
370870,0,1,1989,0,0,0,0,0,0,0,0,0,0
370870,1,1,1989,0,0,0,0,0,0,0,0,0,0
370871,1,1,1989,24,24,24,24,24,24,24,24,24,24
370872,0,1,1989,0,0,0,0,0,0,0,0,0,0
370872,1,1,1989,0,0,0,0,0,0,0,0,0,0
370873,1,1,1989,24,4,6,15,12,9,3,14,10,18
370873,2,1,1989,0,0,0,0,0,0,0,0,0,0
370874,1,1,1989,11,11,11,11,11,11,11,11,11,11
370874,2,1,1989,0,0,11,19,0,0,0,0,0,0
370875,1,1,1989,0,0,0,0,0,0,0,0,0,0
370876,1,1,1989,0,0,0,0,0,0,0,0,0,0
370876,2,1,1989,0,0,0,0,0,0,0,0,0,0
370877,1,1,1989,11,0,17,21,11,13,10,13,22,15
370878,1,1,1989,0,0,0,0,0,0,0,0,0,0
370878,2,1,1989,0,0,11,0,0,0,0,0,0,0
370879,1,1,1989,0,0,0,0,0,0,0,0,0,0
370880,0,1,1989,0,0,0,0,0,0,0,0,0,0
370880,1,1,1989,0,0,0,0,0,0,0,0,0,0
370880,2,1,1989,0,0,0,0,0,0,0,0,0,0
370881,1,1,1989,13,14,7,9,14,5,18,12,3,9
370882,1,1,1989,33,34,15,20,4,24,19,28,17,24
370883,1,1,1989,0,0,0,0,0,0,0,0,0,0
370883,2,1,1989,0,0,0,0,0,0,0,0,0,0
370884,1,1,1989,0,0,0,0,0,0,0,0,0,0
370884,2,1,1989,0,0,0,0,0,0,0,0,0,0
370885,1,1,1989,0,0,0,0,0,0,0,0,0,0
370885,2,1,1989,0,0,0,0,0,0,0,0,0,0
370886,0,1,1989,18,18,18,18,18,18,18,18,18,18
370886,1,1,1989,0,0,0,0,0,0,0,0,0,0
370887,1,1,1989,0,0,0,0,0,0,0,0,0,0
370888,0,1,1989,23,23,23,23,23,23,23,23,23,23
370888,1,1,1989,0,0,30,0,23,0,0,0,0,10
370889,0,1,1989,0,0,0,0,0,0,0,0,0,0
370889,1,1,1989,0,0,0,0,0,0,0,0,0,0
370890,1,1,1989,0,0,0,0,0,0,0,0,0,0
370891,1,1,1989,0,0,0,17,0,0,0,16,11,0
370891,2,1,1989,0,0,0,0,0,0,0,8,0,0
370892,1,1,1989,14,14,14,14,14,14,14,14,14,14
370893,1,1,1989,14,14,14,14,14,14,14,14,14,14
370894,1,1,1989,0,0,0,0,0,0,0,0,0,0
370895,0,1,1989,0,0,0,0,0,0,0,0,0,0
370895,1,1,1989,0,0,0,0,0,0,0,0,0,0
370896,1,1,1989,22,22,22,22,22,22,22,22,22,22
370898,1,1,1989,20,20,20,20,20,20,20,20,20,20
370899,1,1,1989,22,22,22,22,22,22,22,22,22,22
370900,1,1,1989,22,26,18,11,6,35,19,25,31,19
370901,1,1,1989,0,0,0,0,0,0,0,0,0,0
370901,2,1,1989,0,0,0,0,0,0,0,0,0,0
370902,1,1,1989,0,0,0,0,0,0,0,0,0,0
370903,0,1,1989,0,0,0,0,0,0,0,0,0,0
370903,1,1,1989,0,0,0,0,0,0,0,0,0,0
370904,1,1,1989,8,16,8,0,0,0,0,6,9,8
370905,1,1,1989,9,0,0,0,0,0,0,0,0,0
370905,2,1,1989,0,0,0,0,0,0,0,0,0,0
370906,1,1,1989,0,0,0,0,0,0,0,0,0,0
370906,2,1,1989,0,0,0,0,0,0,0,0,0,0
370906,3,1,1989,0,0,0,0,0,0,0,0,0,0
370907,1,1,1989,15,14,23,0,22,11,20,10,22,0
370908,0,1,1989,24,24,24,24,24,24,24,24,24,24
370908,1,1,1989,0,0,0,0,0,0,0,0,0,0
370908,2,1,1989,0,0,0,0,0,13,0,0,0,0
370908,3,1,1989,0,0,0,0,0,0,0,0,0,0
370909,1,1,1989,24,24,24,24,24,24,24,24,24,24
370909,2,1,1989,0,0,0,0,21,0,26,0,0,0
370910,1,1,1989,16,13,11,17,24,21,0,17,19,12
370911,1,1,1989,0,0,0,0,0,0,0,0,0,0
370911,2,1,1989,0,0,0,0,0,0,0,0,0,0
370912,1,1,1989,19,10,5,14,17,22,11,20,16,39
370913,1,1,1989,0,0,0,0,0,0,0,0,0,0
370913,2,1,1989,0,0,0,0,0,0,0,0,0,0
370914,0,1,1989,26,26,26,26,26,26,26,26,26,26
370914,1,1,1989,0,0,0,0,0,0,0,0,0,29
370915,1,1,1989,6,6,6,6,6,6,6,6,6,6
370915,2,1,1989,0,0,0,0,0,0,0,0,0,0
370916,0,1,1989,0,0,0,0,0,0,0,0,0,0
370916,1,1,1989,0,0,0,0,0,0,0,0,0,0
370917,1,1,1989,0,0,0,0,0,0,0,0,0,0
370918,1,1,1989,0,0,0,0,0,0,0,0,0,0
370918,2,1,1989,28,28,28,28,28,28,28,28,28,28
370919,1,1,1989,43,14,26,32,13,35,30,14,19,18
370920,1,1,1989,0,0,0,0,0,0,0,0,0,0
370921,0,1,1989,0,0,0,0,0,0,0,0,0,0
370921,1,1,1989,0,0,0,0,0,0,0,0,0,0
370922,1,1,1989,0,0,0,0,0,0,0,0,0,0
370922,2,1,1989,0,0,0,0,0,0,0,0,0,0
370923,0,1,1989,0,0,0,0,0,0,0,0,0,0
370923,1,1,1989,0,0,0,0,0,0,0,0,0,0
370924,1,1,1989,7,0,0,19,0,0,0,0,0,21
370924,2,1,1989,15,0,0,0,24,0,0,0,0,0
370925,1,1,1989,13,11,17,26,12,0,24,0,26,25
370926,1,1,1989,0,0,0,0,0,0,0,0,0,0
370927,1,1,1989,0,0,0,0,0,0,0,0,0,0
370927,2,1,1989,0,0,0,0,0,0,0,0,0,0
370928,1,1,1989,0,0,0,0,0,0,0,0,0,0
370928,2,1,1989,0,0,0,0,0,0,0,0,0,0
370929,1,1,1989,0,0,0,0,0,0,0,0,0,0
370929,2,1,1989,0,0,0,0,0,0,0,0,0,0
370930,0,1,1989,0,0,0,0,0,0,0,0,0,0
370930,1,1,1989,0,0,0,0,0,0,0,0,0,0
370931,1,1,1989,0,0,0,0,0,0,0,0,0,0
370931,2,1,1989,22,16,15,21,0,18,19,10,12,0
370932,1,1,1989,11,18,30,30,36,17,18,27,23,13
370933,1,1,1989,0,0,0,0,0,0,0,0,0,0
370934,1,1,1989,0,0,0,0,0,0,0,0,0,0
370934,2,1,1989,25,25,25,25,25,25,25,25,25,25
370935,1,1,1989,24,24,24,24,24,24,24,24,24,24
370936,1,1,1989,0,0,0,0,0,0,0,0,0,0
370936,2,1,1989,0,0,0,0,0,0,0,0,0,0
370937,0,1,1989,34,34,34,34,34,34,34,34,34,34
370937,1,1,1989,0,0,0,0,0,0,0,0,0,0
370938,1,1,1989,0,0,0,0,0,0,0,0,0,0
370938,2,1,1989,10,10,10,10,10,10,10,10,10,10
370939,1,1,1989,22,22,22,22,22,22,22,22,22,22
370939,2,1,1989,0,0,0,0,0,0,0,0,0,0
370940,1,1,1989,0,0,0,0,0,0,0,0,0,0
370941,1,1,1989,0,0,0,0,0,0,0,0,0,0
370941,2,1,1989,12,12,12,12,12,12,12,12,12,12
370942,1,1,1989,15,0,0,0,0,0,0,21,0,0
370943,1,1,1989,12,12,12,12,12,12,12,12,12,12
370944,0,1,1989,10,10,10,10,10,10,10,10,10,10
370944,1,1,1989,0,0,0,0,0,0,0,0,0,0
370945,1,1,1989,0,0,0,0,0,0,0,0,0,0
370945,2,1,1989,0,0,0,0,0,0,0,0,0,0
370946,1,1,1989,0,0,0,0,0,0,0,0,0,0
370947,1,1,1989,0,0,0,0,0,0,0,0,0,0
370947,2,1,1989,0,0,0,0,0,0,0,0,0,0
370948,1,1,1989,0,0,0,0,0,0,0,0,0,0
370948,2,1,1989,0,5,0,0,0,0,0,0,0,0
370949,1,1,1989,0,0,0,0,0,0,0,0,0,0
370949,2,1,1989,0,0,0,0,0,0,0,0,0,0
370950,1,1,1989,0,0,0,11,0,0,0,0,0,16
370950,2,1,1989,0,0,0,0,0,0,0,0,0,0
370951,1,1,1989,0,0,0,0,0,0,0,0,0,0
370951,2,1,1989,0,0,0,0,0,0,0,0,0,0
370952,1,1,1989,0,0,0,0,0,0,0,0,0,0
370953,1,1,1989,0,0,0,0,0,0,0,0,0,0
370954,1,1,1989,0,0,0,0,0,0,0,0,0,0
370954,2,1,1989,0,0,0,0,0,0,0,0,0,0
370955,1,1,1989,0,0,0,0,0,0,0,0,0,0
370955,2,1,1989,0,0,0,0,0,0,0,0,0,0
370956,1,1,1989,12,0,25,0,25,27,15,16,12,15
370957,0,1,1989,33,33,33,33,33,33,33,33,33,33
370957,1,1,1989,0,0,0,0,0,0,0,0,0,0
370958,1,1,1989,12,12,12,12,12,12,12,12,12,12
370958,2,1,1989,0,0,0,0,0,0,9,0,0,0
370959,1,1,1989,24,24,24,24,24,24,24,24,24,24
370960,1,1,1989,0,0,0,0,0,0,0,0,0,0
370960,2,1,1989,0,0,0,0,0,0,0,0,0,0
370961,1,1,1989,0,0,0,0,0,0,0,0,0,0
370962,1,1,1989,0,0,0,0,0,0,0,0,0,0
370962,2,1,1989,0,0,0,0,0,0,0,0,0,0
370963,1,1,1989,0,0,0,0,0,0,0,0,0,0
370963,2,1,1989,0,0,0,0,0,0,0,0,0,0
370964,1,1,1989,0,0,0,0,0,0,0,0,0,0
370965,1,1,1989,0,0,0,0,0,0,0,0,0,5
370965,2,1,1989,0,0,0,0,0,16,17,0,0,0
370966,1,1,1989,0,0,0,0,0,0,0,0,0,0
370966,2,1,1989,0,0,0,0,0,0,0,0,0,0
370967,1,1,1989,0,0,0,0,0,0,0,0,0,0
370967,2,1,1989,0,0,0,0,0,0,0,0,0,0
370968,1,1,1989,0,13,0,0,11,17,0,0,30,23
370969,1,1,1989,0,0,0,0,0,0,0,0,0,0
370969,2,1,1989,22,7,19,17,8,13,21,6,31,5
370970,1,1,1989,17,0,16,0,0,0,0,24,0,18
370971,1,1,1989,0,0,0,0,0,0,0,0,0,0
370971,2,1,1989,0,0,0,0,0,0,0,0,0,0
370972,1,1,1989,21,21,21,21,21,21,21,21,21,21
370973,1,1,1989,27,27,27,27,27,27,27,27,27,27
370974,1,1,1989,22,22,22,22,22,22,22,22,22,22
370974,2,1,1989,0,0,0,0,0,0,0,0,0,0
370975,1,1,1989,0,0,0,0,0,0,0,0,0,0
370975,2,1,1989,0,0,0,0,0,0,0,0,0,0
370976,0,1,1989,12,12,12,12,12,12,12,12,12,12
370976,1,1,1989,23,10,16,20,19,11,0,25,31,9
370977,1,1,1989,0,0,0,0,0,0,0,0,0,0
370977,2,1,1989,0,0,0,0,0,0,0,0,0,0
370978,1,1,1989,3,3,3,3,3,3,3,3,3,3
370979,1,1,1989,31,31,31,31,31,31,31,31,31,31
370980,0,1,1989,16,16,16,16,16,16,16,16,16,16
370980,1,1,1989,3,0,0,0,0,0,0,8,0,0
370981,1,1,1989,37,37,37,37,37,37,37,37,37,37
370982,0,1,1989,0,0,0,0,0,0,0,0,0,0
370982,1,1,1989,0,0,0,0,0,0,0,0,0,0
370983,0,1,1989,42,42,42,42,42,42,42,42,42,42
370983,1,1,1989,0,0,0,0,0,0,0,0,0,0
370984,1,1,1989,36,36,36,36,36,36,36,36,36,36
370985,0,1,1989,9,9,9,9,9,9,9,9,9,9
370985,1,1,1989,5,5,5,5,5,5,5,5,5,5
370986,1,1,1989,0,0,0,0,0,0,0,0,0,0
370987,1,1,1989,0,0,0,0,0,0,0,0,0,0
370988,1,1,1989,0,0,0,0,0,0,0,0,0,0