ST_CASE,VEH_NO,PER_NO,YEAR,P1,P2,P3,P4,P5,P6,P7,P8,P9,P10
390119,1,1,1989,0,0,0,0,0,0,0,4,0,0
390120,1,1,1989,9,7,0,14,18,11,13,0,7,14
390120,2,1,1989,17,17,17,17,17,17,17,17,17,17
390121,1,1,1989,1,1,1,1,1,1,1,1,1,1
390122,1,1,1989,0,5,0,0,0,0,0,0,0,0
390122,2,1,1989,0,0,0,0,0,0,0,0,0,0
390123,1,1,1989,20,20,20,20,20,20,20,20,20,20
390123,2,1,1989,0,0,0,0,0,0,23,12,0,0
390123,3,1,1989,0,0,0,0,0,0,0,0,0,0
390124,1,1,1989,16,16,16,16,16,16,16,16,16,16
390124,2,1,1989,14,3,20,12,10,2,6,0,9,8
390124,3,1,1989,17,17,17,17,17,17,17,17,17,17
390125,1,1,1989,28,28,28,28,28,28,28,28,28,28
390126,1,1,1989,20,20,20,20,20,20,20,20,20,20
390127,1,1,1989,14,14,14,14,14,14,14,14,14,14
390128,0,1,1989,12,12,12,12,12,12,12,12,12,12
390128,1,1,1989,24,0,16,16,10,5,12,5,7,4
390129,1,1,1989,14,15,21,11,20,15,16,14,4,11
390130,1,1,1989,0,0,21,0,0,0,0,0,0,0
390130,2,1,1989,0,0,0,13,0,0,0,0,0,0
390130,3,1,1989,19,19,19,19,19,19,19,19,19,19
390131,1,1,1989,0,0,0,0,0,0,0,25,0,0
390131,2,1,1989,20,0,0,9,0,17,26,0,31,0
390132,0,1,1989,0,0,0,0,0,0,0,0,0,0
390132,1,1,1989,0,0,0,0,0,0,0,0,0,0
390133,1,1,1989,15,15,15,15,15,15,15,15,15,15
390134,1,1,1989,0,0,5,0,0,0,0,0,0,12
390134,2,1,1989,14,0,0,0,0,0,0,0,0,0
390135,0,1,1989,16,16,16,16,16,16,16,16,16,16
390135,1,1,1989,0,0,0,0,0,0,7,0,0,0
390136,1,1,1989,0,0,0,0,0,0,0,0,0,0
390136,2,1,1989,0,0,0,23,0,0,0,0,0,0
390137,1,1,1989,26,26,26,26,26,26,26,26,26,26
390138,1,1,1989,0,0,0,0,0,0,0,0,0,0
390138,2,1,1989,0,0,0,6,0,0,0,0,0,0
390139,1,1,1989,0,0,0,0,0,0,0,0,11,5
390139,2,1,1989,0,0,0,0,0,0,0,0,0,0
390139,3,1,1989,0,0,8,0,0,0,0,0,0,0
390140,0,1,1989,6,6,6,6,6,6,6,6,6,6
390140,1,1,1989,0,0,0,0,0,0,0,5,0,0
390141,1,1,1989,0,0,0,0,0,3,0,0,21,0
390141,2,1,1989,0,0,0,0,0,0,0,0,2,0
390142,1,1,1989,9,9,9,9,9,9,9,9,9,9
390143,0,1,1989,0,17,0,0,0,0,14,0,0,13
390143,1,1,1989,9,0,0,0,0,0,0,4,0,0
390144,1,1,1989,17,17,17,17,17,17,17,17,17,17
390145,1,1,1989,0,0,0,0,0,0,0,0,0,0
390146,1,1,1989,25,25,25,25,25,25,25,25,25,25
390147,0,1,1989,0,0,0,0,0,0,0,0,0,0
390147,1,1,1989,0,0,0,0,0,0,0,0,0,0
390148,1,1,1989,33,33,33,33,33,33,33,33,33,33
390149,0,1,1989,28,28,28,28,28,28,28,28,28,28
390149,1,1,1989,0,0,0,0,0,0,0,0,0,0
390150,1,1,1989,0,6,0,0,0,0,0,0,0,0
390150,2,1,1989,5,14,22,6,23,6,10,0,10,5
390151,1,1,1989,10,10,10,10,10,10,10,10,10,10
390152,1,1,1989,12,12,12,12,12,12,12,12,12,12
390153,1,1,1989,10,0,0,0,0,0,0,0,0,0
390153,2,1,1989,0,0,0,0,0,0,0,0,0,0
390154,0,1,1989,4,0,7,0,20,0,26,0,0,17
390154,1,1,1989,0,0,0,0,0,0,0,0,0,0
390155,1,1,1989,15,21,23,13,0,7,17,0,11,20
390156,1,1,1989,0,0,8,0,0,0,0,0,0,0
390157,1,1,1989,22,22,22,22,22,22,22,22,22,22
390157,2,1,1989,0,0,0,0,0,0,0,20,16,0
390158,1,1,1989,11,11,11,11,11,11,11,11,11,11
390158,2,1,1989,2,0,0,0,0,0,0,0,9,0
390159,1,1,1989,22,0,0,0,13,0,0,0,0,0
390160,1,1,1989,38,0,14,0,25,22,9,31,24,13
390161,1,1,1989,0,0,0,0,0,0,0,0,0,0
390162,0,1,1989,8,8,8,8,8,8,8,8,8,8
390162,1,1,1989,0,0,0,0,0,0,0,0,0,0
390162,2,1,1989,0,0,12,0,0,0,0,0,0,0
390163,1,1,1989,36,22,31,15,22,22,27,12,21,27
390164,0,1,1989,13,11,17,23,24,8,20,9,9,12
390164,1,1,1989,0,0,0,0,0,0,0,0,0,0
390164,2,1,1989,0,0,0,0,0,0,0,0,0,0
390165,1,1,1989,19,19,19,19,19,19,19,19,19,19
390165,2,1,1989,25,25,25,25,25,25,25,25,25,25
390166,1,1,1989,29,0,0,17,17,21,16,19,0,10
390167,1,1,1989,9,9,9,9,9,9,9,9,9,9
390168,1,1,1989,0,21,35,21,3,0,15,0,10,0
390169,1,1,1989,18,18,18,18,18,18,18,18,18,18
390169,2,1,1989,0,0,0,0,0,0,0,0,0,0
390170,1,1,1989,0,0,0,0,0,0,0,0,0,0
390170,2,1,1989,0,0,0,0,9,0,0,0,0,0
390171,1,1,1989,21,23,0,0,14,0,0,26,0,0
390171,2,1,1989,0,0,17,0,0,0,0,0,33,0
390172,1,1,1989,14,14,14,14,14,14,14,14,14,14
390173,0,1,1989,19,19,19,19,19,19,19,19,19,19
390173,1,1,1989,13,0,0,29,0,0,0,18,0,16
390174,1,1,1989,8,11,0,20,31,30,15,0,0,3
390175,1,1,1989,0,0,0,0,0,0,0,0,0,0
390176,1,1,1989,15,12,0,0,0,0,0,0,0,0
390176,2,1,1989,0,15,0,0,0,21,0,0,17,5
390177,1,1,1989,0,13,31,0,20,21,6,18,22,0
390178,1,1,1989,0,6,0,7,15,12,0,11,0,0
390178,2,1,1989,0,0,18,6,0,0,0,20,0,0
390179,0,1,1989,0,0,0,0,0,0,0,0,0,0
390179,1,1,1989,0,0,0,0,0,0,0,0,0,0
390180,1,1,1989,16,27,0,0,8,14,23,0,0,0
390181,1,1,1989,0,0,0,0,0,0,0,0,0,0
390182,1,1,1989,0,0,12,14,0,6,22,25,9,21
390183,1,1,1989,28,28,28,28,28,28,28,28,28,28
390183,2,1,1989,12,0,9,3,23,15,21,23,17,0
390184,1,1,1989,0,0,0,0,0,0,0,0,0,0
390185,1,1,1989,4,4,4,4,4,4,4,4,4,4
390186,1,1,1989,0,0,0,0,0,0,0,0,0,0
390186,2,1,1989,0,0,0,0,0,12,0,0,0,0
390187,1,1,1989,0,0,0,25,0,0,0,15,0,0
390187,2,1,1989,3,3,3,3,3,3,3,3,3,3
390188,1,1,1989,0,0,0,0,0,0,22,17,14,25
390189,1,1,1989,0,14,0,16,20,18,5,0,0,0
390190,1,1,1989,20,20,20,20,20,20,20,20,20,20
390191,1,1,1989,0,0,0,0,0,0,0,0,0,0
390191,2,1,1989,0,0,0,0,16,0,0,18,0,0
390192,1,1,1989,3,3,3,3,3,3,3,3,3,3
390193,1,1,1989,17,17,17,17,17,17,17,17,17,17
390194,1,1,1989,0,0,0,0,0,0,0,0,9,0
390194,2,1,1989,12,0,17,0,0,0,0,0,0,0
390195,1,1,1989,17,17,17,17,17,17,17,17,17,17
390195,2,1,1989,23,23,23,23,23,23,23,23,23,23
390196,1,1,1989,0,0,0,0,0,0,0,0,0,0
390196,2,1,1989,0,0,0,0,0,0,0,0,0,0
390197,1,1,1989,0,0,0,0,0,0,0,0,0,0
390197,2,1,1989,0,0,0,0,0,0,0,0,0,0
390198,1,1,1989,0,0,0,0,0,0,0,0,0,0
390199,1,1,1989,0,0,10,16,0,0,23,0,0,24
390199,2,1,1989,18,0,0,0,0,0,0,26,15,0
390201,1,1,1989,21,21,21,21,21,21,21,21,21,21
390202,1,1,1989,16,16,16,16,16,16,16,16,16,16
390203,0,1,1989,24,6,10,25,26,13,0,25,0,17
390203,1,1,1989,0,20,14,2,12,20,0,0,0,0
390204,1,1,1989,13,14,23,11,31,15,0,10,12,15
390205,0,1,1989,0,0,0,0,0,0,0,0,0,0
390205,1,1,1989,0,0,0,0,0,0,0,0,0,0
390207,1,1,1989,0,0,0,0,0,0,0,0,0,0
390207,2,1,1989,0,0,0,0,0,0,0,0,0,0
390208,1,1,1989,0,0,0,0,0,0,0,0,0,0
390208,2,1,1989,0,0,0,0,0,0,0,0,0,0
390208,3,1,1989,0,0,0,0,0,0,0,0,0,0
390209,0,1,1989,0,0,0,0,0,0,0,0,0,0
390209,1,1,1989,19,0,0,0,0,0,0,32,0,0
390210,0,1,1989,0,0,0,0,0,0,0,0,0,0
390210,1,1,1989,0,0,0,0,0,0,0,0,0,0
390211,1,1,1989,0,0,0,0,0,0,0,0,0,0
390211,2,1,1989,0,0,0,0,0,0,9,0,0,0
390212,1,1,1989,33,27,24,20,12,12,45,17,15,48
390213,1,1,1989,0,0,0,0,0,0,0,0,0,0
390213,2,1,1989,0,0,0,0,0,0,0,0,0,0
390214,1,1,1989,17,17,17,17,17,17,17,17,17,17
390215,0,1,1989,0,0,0,0,0,0,0,0,0,0
390215,1,1,1989,0,0,0,0,0,0,0,0,0,0
390216,1,1,1989,0,0,0,0,0,10,10,22,0,11
390217,1,1,1989,31,31,31,31,31,31,31,31,31,31
390218,0,1,1989,17,17,17,17,17,17,17,17,17,17
390218,1,1,1989,0,0,0,0,0,0,0,0,15,0
390219,1,1,1989,0,0,0,0,0,0,0,0,0,0
390219,2,1,1989,0,9,16,0,26,0,0,5,0,0
390220,1,1,1989,21,21,21,21,21,21,21,21,21,21
390221,1,1,1989,0,0,0,0,0,29,0,18,0,0
390221,2,1,1989,0,0,0,0,0,0,0,0,0,0
390222,1,1,1989,0,0,0,0,0,0,0,0,0,0
390222,2,1,1989,0,0,0,0,0,0,0,0,0,0
390223,1,1,1989,24,24,24,24,24,24,24,24,24,24
390224,1,1,1989,0,0,0,0,0,0,0,0,0,0
390224,2,1,1989,0,0,0,0,0,0,0,0,0,0
390226,1,1,1989,20,0,0,0,0,0,0,0,0,0
390227,1,1,1989,0,0,0,0,0,0,0,0,0,0
390227,2,1,1989,0,0,0,0,0,0,0,0,0,0
390228,1,1,1989,20,20,20,20,20,20,20,20,20,20
390229,1,1,1989,0,0,0,0,0,0,0,0,0,0
390229,2,1,1989,22,22,22,22,22,22,22,22,22,22
390230,1,1,1989,21,21,21,21,21,21,21,21,21,21
390231,1,1,1989,0,0,0,0,0,0,0,0,0,0
390231,2,1,1989,0,0,0,0,0,0,0,0,0,0
390232,0,1,1989,2,2,2,2,2,2,2,2,2,2
390232,1,1,1989,0,0,0,0,0,0,0,0,0,0
390233,1,1,1989,15,15,15,15,15,15,15,15,15,15
390234,1,1,1989,0,17,0,0,0,0,0,0,0,0
390234,2,1,1989,0,18,0,7,0,33,0,0,0,4
390235,1,1,1989,0,13,0,0,0,0,0,0,30,5
390235,2,1,1989,0,0,0,0,0,0,0,0,0,0
390235,3,1,1989,24,18,0,0,0,0,0,0,0,0
390235,4,1,1989,0,0,0,0,0,0,0,0,0,0
390236,1,1,1989,17,17,17,17,17,17,17,17,17,17
390237,0,1,1989,21,21,14,19,12,0,0,22,21,23
390237,1,1,1989,0,0,0,0,0,0,0,0,0,0
390238,1,1,1989,23,23,23,23,23,23,23,23,23,23
390239,1,1,1989,24,24,24,24,24,24,24,24,24,24
390240,0,1,1989,8,18,11,0,13,4,14,9,11,5
390240,1,1,1989,0,0,0,0,0,0,0,0,0,0
390241,1,1,1989,0,0,0,0,0,0,9,0,0,0
390242,1,1,1989,0,0,0,0,0,0,0,0,0,0
390242,2,1,1989,0,0,0,0,0,0,0,0,0,0
390243,1,1,1989,5,5,5,5,5,5,5,5,5,5
390244,1,1,1989,0,0,0,0,0,0,0,0,0,0
390244,2,1,1989,15,0,0,0,0,0,0,0,0,0
390245,1,1,1989,27,27,27,27,27,27,27,27,27,27
390246,1,1,1989,17,17,17,17,17,17,17,17,17,17
390247,1,1,1989,7,7,7,7,7,7,7,7,7,7
390248,1,1,1989,0,0,0,0,0,0,0,0,0,0
390249,1,1,1989,0,0,0,0,0,0,0,0,0,0
390249,2,1,1989,0,0,0,0,0,0,0,0,0,0
390250,1,1,1989,21,21,21,21,21,21,21,21,21,21
390251,1,1,1989,0,0,0,0,4,0,0,0,0,0
390252,1,1,1989,0,0,0,0,0,0,0,0,0,0
390252,2,1,1989,0,0,0,0,0,0,0,0,0,0
390253,1,1,1989,0,0,0,0,0,0,0,0,0,0
390253,2,1,1989,0,0,0,0,0,0,0,0,0,0
390254,1,1,1989,0,0,0,0,0,0,0,0,0,0
390254,2,1,1989,0,0,0,0,0,0,0,0,0,0
390255,1,1,1989,0,0,0,0,0,0,0,0,0,0
390255,2,1,1989,0,0,19,0,0,0,0,0,0,0
390256,1,1,1989,0,0,0,0,0,0,0,0,0,0
390256,2,1,1989,0,0,0,0,0,0,13,0,0,20
390257,1,1,1989,0,0,0,0,0,0,0,0,0,19
390258,1,1,1989,0,0,0,4,0,0,0,9,0,0
390259,1,1,1989,23,23,23,23,23,23,23,23,23,23
390260,1,1,1989,7,7,7,7,7,7,7,7,7,7
390261,1,1,1989,13,13,13,13,13,13,13,13,13,13
390262,1,1,1989,0,0,0,0,0,0,0,0,0,0
390262,2,1,1989,0,0,0,0,0,0,0,0,0,0
390263,1,1,1989,19,19,19,19,19,19,19,19,19,19
390264,1,1,1989,13,13,13,13,13,13,13,13,13,13
390264,2,1,1989,0,0,0,0,0,0,0,0,0,0
390265,1,1,1989,0,0,0,0,0,0,0,0,0,0
390265,2,1,1989,0,0,0,0,0,0,0,0,0,0
390266,1,1,1989,0,0,0,0,0,0,0,0,0,0
390266,2,1,1989,0,0,0,0,0,0,0,20,0,0
390267,1,1,1989,15,23,17,6,11,10,37,12,32,27
390268,1,1,1989,0,0,0,0,0,0,0,0,0,0
390269,1,1,1989,0,0,0,0,0,0,0,0,0,0
390270,1,1,1989,0,0,0,0,0,0,0,0,0,0
390270,2,1,1989,0,0,0,0,0,0,0,0,0,0
390271,1,1,1989,0,0,0,0,0,0,0,0,0,0
390271,2,1,1989,0,0,0,18,0,0,0,0,0,0
390271,3,1,1989,0,0,0,0,0,0,0,0,0,0
390272,1,1,1989,37,8,46,24,14,29,17,10,11,25
390273,1,1,1989,16,16,16,16,16,16,16,16,16,16
390274,1,1,1989,14,14,14,14,14,14,14,14,14,14
390275,1,1,1989,15,15,15,15,15,15,15,15,15,15
390275,2,1,1989,0,0,0,0,0,0,0,0,0,0
390276,1,1,1989,28,12,17,19,22,28,37,15,2,16
390277,1,1,1989,25,25,25,25,25,25,25,25,25,25
390278,1,1,1989,0,0,0,0,0,0,0,0,0,0
390278,2,1,1989,23,22,10,4,0,21,18,13,27,13
390279,0,1,1989,14,0,0,0,0,0,0,0,0,0
390279,1,1,1989,0,0,0,0,0,0,0,0,0,0
390280,1,1,1989,0,0,0,0,0,0,0,0,18,0
390281,1,1,1989,0,0,0,0,0,0,0,0,0,0
390282,1,1,1989,0,0,0,0,0,0,0,0,0,0
390282,2,1,1989,18,18,18,18,18,18,18,18,18,18
390282,3,1,1989,0,0,0,0,0,0,0,0,0,0
390283,1,1,1989,29,29,29,29,29,29,29,29,29,29
390284,1,1,1989,0,0,0,0,0,0,0,0,0,0
390285,1,1,1989,0,0,0,0,0,0,0,0,0,0
390285,2,1,1989,0,0,0,12,0,0,0,9,0,0
390286,1,1,1989,0,0,0,0,0,0,0,0,0,0
390287,1,1,1989,23,23,23,23,23,23,23,23,23,23
390288,1,1,1989,0,0,0,0,0,0,6,0,0,0
390288,2,1,1989,0,0,0,0,0,0,0,0,0,0
390289,1,1,1989,0,0,0,0,0,0,0,0,0,0
390289,2,1,1989,0,0,0,0,0,0,0,0,0,0
390290,1,1,1989,0,0,0,0,0,0,0,0,0,0
390290,2,1,1989,0,0,0,0,0,0,0,0,0,0
390290,3,1,1989,0,0,0,0,0,0,0,0,0,0
390291,1,1,1989,37,0,22,22,18,19,11,0,0,25
390292,1,1,1989,0,0,0,12,0,0,0,0,0,11
390292,2,1,1989,0,0,0,0,0,0,0,0,0,0
390293,0,1,1989,8,12,0,14,16,16,0,20,7,0
390293,1,1,1989,4,0,0,3,0,0,0,9,0,0
390294,1,1,1989,22,25,23,19,7,20,22,20,0,16
390296,0,1,1989,25,25,25,25,25,25,25,25,25,25
390296,1,1,1989,0,0,0,0,0,0,0,0,0,0
390297,1,1,1989,0,0,0,0,0,0,0,0,0,0
390297,2,1,1989,0,0,0,0,0,0,0,0,0,0
390298,1,1,1989,17,15,26,16,8,0,26,2,12,17
390298,2,1,1989,0,0,0,0,0,0,0,0,0,0
390299,1,1,1989,0,0,0,0,0,0,0,0,0,0
390300,1,1,1989,0,0,0,19,0,0,0,0,0,20
390301,1,1,1989,0,0,0,0,0,0,0,0,0,0
390301,2,1,1989,29,29,29,29,29,29,29,29,29,29
390302,1,1,1989,0,0,0,0,0,0,0,0,0,0
390302,2,1,1989,0,0,0,0,0,0,0,0,0,0
390303,1,1,1989,0,0,0,0,0,0,0,0,0,0
390304,0,1,1989,21,21,21,21,21,21,21,21,21,21
390304,1,1,1989,15,20,0,21,0,8,0,0,0,0
390305,1,1,1989,0,0,0,0,0,0,0,0,0,0
390305,2,1,1989,0,0,0,0,0,0,0,0,0,0
390306,1,1,1989,24,24,24,24,24,24,24,24,24,24
390307,1,1,1989,8,0,0,0,0,0,4,0,0,0
390307,2,1,1989,0,0,0,0,0,0,0,0,0,0
390308,1,1,1989,11,18,34,22,16,8,4,7,17,10
390309,1,1,1989,21,21,21,21,21,21,21,21,21,21
390310,1,1,1989,0,0,0,0,0,0,0,0,0,0
390310,2,1,1989,0,0,0,0,0,0,0,0,0,0
390311,1,1,1989,0,0,0,0,0,0,0,0,0,0
390312,1,1,1989,0,0,0,0,0,0,0,0,0,0
390312,2,1,1989,24,0,0,0,0,0,0,0,0,0
390313,0,1,1989,0,0,0,0,0,0,0,0,0,0
390313,1,1,1989,0,0,0,0,0,0,0,0,0,0
390314,1,1,1989,0,0,0,0,0,0,0,0,0,0
390314,2,1,1989,0,0,0,0,0,0,0,0,0,0
390314,3,1,1989,0,0,0,0,0,0,0,0,0,0
390315,1,1,1989,0,0,0,0,0,0,0,0,0,0
390316,1,1,1989,0,0,20,0,18,11,0,0,0,0
390316,2,1,1989,0,0,0,0,0,0,5,0,0,0
390317,1,1,1989,30,13,21,16,28,32,13,17,29,0
390318,1,1,1989,0,0,0,0,0,0,0,0,0,0
390318,2,1,1989,0,0,0,0,0,0,0,0,0,0
390319,1,1,1989,19,0,0,0,0,0,0,0,0,0
390319,2,1,1989,0,0,0,0,0,0,0,0,0,0
390320,1,1,1989,3,3,3,3,3,3,3,3,3,3
390321,1,1,1989,0,0,0,0,0,0,0,0,0,0
390321,2,1,1989,25,25,25,25,25,25,25,25,25,25
390322,1,1,1989,4,4,4,4,4,4,4,4,4,4
390323,1,1,1989,0,0,0,0,0,0,0,0,0,0
390323,2,1,1989,0,0,0,0,0,0,0,0,0,0
390324,1,1,1989,0,19,0,0,0,0,6,0,0,0
390325,0,1,1989,24,24,24,24,24,24,24,24,24,24
390325,1,1,1989,0,0,0,0,0,16,5,18,0,23
390326,0,1,1989,0,0,0,0,0,0,0,0,0,0
390326,1,1,1989,0,0,31,0,0,0,0,0,0,0
390327,1,1,1989,0,0,0,0,0,0,0,0,0,0
390327,2,1,1989,18,0,0,0,16,0,10,13,0,0
390328,1,1,1989,13,13,13,13,13,13,13,13,13,13
390328,2,1,1989,0,0,0,0,11,0,0,0,0,0
390329,1,1,1989,7,7,7,7,7,7,7,7,7,7
390330,1,1,1989,0,0,0,0,0,0,0,0,0,0
390330,2,1,1989,0,0,0,0,0,0,0,0,0,0
390332,1,1,1989,19,43,7,17,18,6,6,18,31,7
390333,1,1,1989,7,7,7,7,7,7,7,7,7,7
390334,1,1,1989,19,12,12,22,14,20,30,19,16,18
390335,1,1,1989,0,0,0,0,0,0,0,0,0,0
390335,2,1,1989,0,0,0,0,0,0,0,0,0,9
390336,1,1,1989,0,0,0,0,0,0,0,0,0,0
390336,2,1,1989,0,0,0,0,0,0,0,0,0,0
390337,1,1,1989,0,0,0,0,0,0,6,0,3,0
390338,0,1,1989,0,0,0,0,0,0,0,0,0,0
390338,1,1,1989,0,0,0,0,0,0,12,14,0,0
390339,1,1,1989,21,21,21,21,21,21,21,21,21,21
390339,2,1,1989,0,0,0,0,0,0,28,0,0,0
390340,0,1,1989,0,0,0,0,0,0,0,0,0,0
390340,1,1,1989,0,0,10,8,0,10,21,0,10,13
390341,1,1,1989,29,29,29,29,29,29,29,29,29,29
390342,1,1,1989,6,6,6,6,6,6,6,6,6,6
390343,1,1,1989,0,0,0,0,0,0,0,0,0,0
390344,1,1,1989,20,12,14,19,15,24,23,21,19,13
390345,1,1,1989,0,0,0,0,0,0,0,0,0,0
390345,2,1,1989,0,0,0,0,0,0,0,0,18,0
390346,1,1,1989,0,12,21,0,19,0,0,0,0,0
390347,0,1,1989,13,13,13,13,13,13,13,13,13,13
390347,1,1,1989,0,0,0,6,0,0,0,0,0,17
390348,1,1,1989,0,0,0,0,0,0,0,0,0,0
390348,2,1,1989,13,0,0,0,0,0,0,0,0,0
390349,1,1,1989,13,0,13,23,11,28,17,12,24,13
390350,1,1,1989,23,23,23,23,23,23,23,23,23,23
390352,1,1,1989,0,9,0,0,0,18,0,0,0,0
390353,0,1,1989,0,0,24,43,0,0,0,0,0,0
390353,1,1,1989,0,0,0,0,0,0,10,0,0,0
390354,1,1,1989,0,0,0,0,0,0,0,27,0,0
390355,1,1,1989,0,0,0,0,0,0,0,0,0,0
390355,2,1,1989,0,0,0,0,0,0,0,22,0,11
390355,3,1,1989,0,0,0,6,13,0,0,0,0,0
390356,1,1,1989,29,27,15,22,14,35,19,15,27,22
390357,1,1,1989,0,0,0,0,0,0,0,0,0,0
390357,2,1,1989,22,12,17,16,21,0,28,7,13,8
390358,1,1,1989,0,0,0,0,0,0,0,0,0,0
390358,3,1,1989,0,0,0,0,0,0,0,0,0,0
390359,1,1,1989,0,0,0,0,5,0,0,0,0,0
390359,2,1,1989,0,0,0,0,0,0,0,0,5,0
390360,1,1,1989,0,0,0,0,0,0,0,0,0,0
390360,2,1,1989,0,12,23,38,27,0,12,11,19,13
390361,1,1,1989,0,0,0,20,0,0,28,16,8,10
390362,1,1,1989,18,18,18,18,18,18,18,18,18,18
390363,1,1,1989,13,13,13,13,13,13,13,13,13,13
390364,0,1,1989,0,0,0,0,0,0,0,0,0,0
390364,1,1,1989,0,0,0,0,0,0,0,0,0,0
390365,1,1,1989,1,1,1,1,1,1,1,1,1,1
390365,2,1,1989,0,0,12,0,0,0,0,0,0,0
390366,0,1,1989,0,0,30,18,20,21,39,9,0,0
390366,1,1,1989,0,0,0,0,0,0,0,0,0,0
390367,1,1,1989,23,23,23,23,23,23,23,23,23,23
390368,1,1,1989,23,23,20,22,18,19,14,0,8,15
390368,2,1,1989,16,13,4,3,13,13,7,16,9,6
390369,1,1,1989,0,0,0,0,0,0,0,0,0,0
390369,2,1,1989,0,0,0,0,0,0,0,0,0,0
390370,1,1,1989,25,25,25,25,25,25,25,25,25,25
390371,1,1,1989,8,8,8,8,8,8,8,8,8,8
390372,1,1,1989,10,29,26,12,15,27,10,43,8,16
390373,1,1,1989,34,0,18,0,0,0,0,0,0,0
390374,1,1,1989,0,0,0,28,0,0,0,0,0,0
390374,2,1,1989,0,0,0,0,0,0,0,0,0,0
390374,3,1,1989,0,0,0,0,0,0,0,0,0,0
390375,1,1,1989,0,0,0,0,0,0,0,0,0,0
390375,2,1,1989,0,0,0,0,0,0,0,0,0,0
390376,0,1,1989,0,0,0,0,0,0,0,0,0,0
390376,1,1,1989,17,0,0,0,0,0,2,0,0,0
390377,1,1,1989,0,0,0,0,0,0,0,0,0,0
390378,1,1,1989,0,0,0,0,0,0,0,0,0,0
390378,2,1,1989,0,0,0,0,0,0,0,0,0,0
390379,1,1,1989,9,9,9,9,9,9,9,9,9,9
390379,2,1,1989,0,0,0,0,0,0,0,0,0,0
390380,1,1,1989,19,19,19,19,19,19,19,19,19,19
390381,1,1,1989,0,0,0,0,0,0,0,0,0,0
390382,1,1,1989,14,19,5,21,16,12,25,15,17,19
390383,1,1,1989,0,0,0,0,0,0,0,0,0,0
390384,0,1,1989,25,0,0,31,0,0,30,0,17,0
390384,1,1,1989,0,0,0,0,0,0,0,0,0,0
390385,1,1,1989,0,0,0,0,0,0,0,0,0,0
390385,2,1,1989,0,0,0,0,0,0,0,0,0,0
390386,1,1,1989,0,0,0,0,0,0,0,0,0,0
390388,1,1,1989,0,10,5,0,0,0,0,0,0,0
390389,1,1,1989,0,0,0,0,0,0,0,0,0,0
390389,2,1,1989,4,4,4,4,4,4,4,4,4,4
390389,3,1,1989,0,12,0,0,0,0,0,0,14,0
390390,1,1,1989,9,18,10,27,23,16,20,0,0,3
390391,1,1,1989,16,9,0,12,0,0,8,22,20,16
390391,2,1,1989,0,0,0,0,0,0,0,0,0,0
390392,1,1,1989,0,0,0,0,0,0,0,0,0,0
390392,2,1,1989,0,0,0,0,0,0,0,0,0,0
390393,1,1,1989,0,0,0,0,0,0,0,0,0,0
390393,2,1,1989,0,0,0,0,0,0,0,0,0,0
390394,1,1,1989,4,4,4,4,4,4,4,4,4,4
390394,2,1,1989,23,23,23,23,23,23,23,23,23,23
390394,3,1,1989,5,0,7,27,25,14,17,17,15,23
390395,1,1,1989,0,0,0,0,0,0,0,0,0,0
390396,1,1,1989,19,19,19,19,19,19,19,19,19,19
390396,2,1,1989,0,0,0,0,0,0,0,0,0,0
390397,1,1,1989,24,24,24,24,24,24,24,24,24,24
390398,1,1,1989,14,14,14,14,14,14,14,14,14,14
390399,1,1,1989,21,0,0,0,0,0,0,0,0,0
390400,1,1,1989,0,0,9,0,0,0,0,0,0,0
390401,1,1,1989,0,0,0,0,0,0,0,0,0,0
390401,2,1,1989,0,0,0,0,0,0,0,0,0,0
390402,1,1,1989,0,0,0,0,0,0,0,0,0,0
390402,2,1,1989,0,0,0,0,0,0,0,0,0,0
390403,1,1,1989,10,10,10,10,10,10,10,10,10,10
390403,2,1,1989,0,0,0,0,0,0,0,0,0,0
390403,3,1,1989,16,0,0,0,0,0,0,0,14,0
390404,0,1,1989,21,21,21,21,21,21,21,21,21,21
390404,1,1,1989,7,0,0,16,0,0,0,0,0,0
390405,0,1,1989,0,0,14,0,0,0,0,0,32,0
390405,1,1,1989,0,0,0,0,0,0,0,0,0,0
390406,1,1,1989,9,0,23,20,8,11,0,0,6,19
390406,2,1,1989,18,0,0,27,3,0,27,0,17,0
390407,1,1,1989,0,0,0,0,0,0,0,0,0,0
390407,2,1,1989,0,0,0,0,0,0,0,0,0,0
390408,1,1,1989,0,0,0,0,0,0,0,0,0,0
390408,2,1,1989,2,2,2,2,2,2,2,2,2,2
390409,1,1,1989,23,23,23,23,23,23,23,23,23,23
390409,2,1,1989,24,15,18,11,28,9,13,14,26,16
390409,3,1,1989,12,0,0,0,0,0,0,0,0,0
390410,1,1,1989,0,0,0,19,0,15,0,0,0,0
390411,1,1,1989,12,12,12,12,12,12,12,12,12,12
390412,1,1,1989,35,0,0,0,0,0,12,16,0,0