ST_CASE,VEH_NO,PER_NO,YEAR,P1,P2,P3,P4,P5,P6,P7,P8,P9,P10
390702,1,1,1989,0,0,0,0,0,0,0,0,0,0
390703,1,1,1989,12,11,18,28,41,0,17,19,8,0
390704,1,1,1989,43,43,43,43,43,43,43,43,43,43
390705,1,1,1989,10,10,10,10,10,10,10,10,10,10
390706,1,1,1989,0,0,0,0,0,0,0,7,16,0
390707,1,1,1989,6,6,6,6,6,6,6,6,6,6
390708,1,1,1989,17,17,17,17,17,17,17,17,17,17
390710,1,1,1989,0,0,0,0,0,13,0,0,0,0
390712,1,1,1989,10,10,22,16,21,0,17,24,14,20
390713,0,1,1989,19,19,19,19,19,19,19,19,19,19
390713,1,1,1989,14,14,14,14,14,14,14,14,14,14
390714,1,1,1989,0,0,0,0,0,0,0,0,0,0
390714,2,1,1989,0,0,0,0,0,0,0,0,0,0
390716,1,1,1989,0,21,0,6,17,0,35,0,0,0
390717,1,1,1989,0,0,0,0,9,0,0,0,0,19
390717,2,1,1989,0,0,0,0,0,0,0,0,0,0
390718,1,1,1989,0,12,20,0,12,0,0,0,0,0
390718,2,1,1989,3,3,3,3,3,3,3,3,3,3
390719,1,1,1989,0,0,0,0,0,21,6,0,0,0
390719,2,1,1989,0,0,0,0,0,0,0,0,0,0
390720,1,1,1989,0,0,0,0,0,0,0,0,0,0
390723,1,1,1989,17,17,17,17,17,17,17,17,17,17
390724,0,1,1989,0,0,0,0,0,0,0,0,0,0
390724,0,2,1989,0,0,0,0,0,0,0,0,0,0
390724,1,1,1989,0,0,0,0,0,0,0,0,0,0
390724,2,1,1989,7,0,0,0,0,0,0,0,0,0
390725,1,1,1989,0,0,0,0,0,0,0,0,0,0
390725,2,1,1989,0,0,0,0,0,0,0,0,0,0
390725,3,1,1989,0,0,0,0,0,0,0,0,0,0
390727,1,1,1989,0,0,0,0,0,0,28,22,0,0
390728,1,1,1989,0,0,0,0,0,12,0,0,0,0
390728,2,1,1989,9,9,9,9,9,9,9,9,9,9
390729,1,1,1989,17,0,14,11,14,0,0,0,18,0
390729,2,1,1989,0,0,4,15,0,0,0,0,0,0
390730,1,1,1989,24,24,24,24,24,24,24,24,24,24
390731,1,1,1989,9,9,9,9,9,9,9,9,9,9
390733,1,1,1989,0,0,0,0,0,0,0,0,0,0
390733,2,1,1989,0,0,0,0,0,0,0,0,0,0
390734,1,1,1989,0,0,0,0,17,0,0,0,15,0
390734,2,1,1989,0,0,0,0,0,0,0,0,0,0
390735,1,1,1989,11,11,11,11,11,11,11,11,11,11
390736,1,1,1989,22,22,22,22,22,22,22,22,22,22
390737,1,1,1989,0,0,0,29,0,0,0,0,0,0
390737,2,1,1989,0,0,0,0,0,0,0,0,0,0
390738,1,1,1989,0,0,0,0,0,0,0,0,0,0
390739,1,1,1989,0,0,0,0,0,0,0,0,0,0
390739,2,1,1989,15,0,0,0,0,0,0,0,0,0
390740,0,1,1989,0,0,0,0,0,0,0,0,0,0
390740,1,1,1989,0,0,0,0,0,0,0,0,0,0
390741,1,1,1989,18,0,23,17,0,0,0,0,12,0
390741,2,1,1989,0,0,0,0,0,0,0,0,0,0
390742,1,1,1989,1,1,1,1,1,1,1,1,1,1
390743,0,1,1989,0,0,20,0,0,0,0,0,0,23
390743,1,1,1989,0,0,0,0,0,0,0,0,0,0
390744,0,1,1989,0,0,0,0,0,20,0,0,0,0
390744,1,1,1989,7,0,0,0,0,0,0,15,0,28
390745,1,1,1989,0,7,0,0,0,0,0,0,0,0
390746,1,1,1989,24,24,24,24,24,24,24,24,24,24
390747,1,1,1989,0,21,0,30,0,13,0,14,0,31
390748,1,1,1989,24,8,10,7,21,16,13,0,8,13
390749,1,1,1989,0,0,0,0,0,0,0,0,0,0
390750,0,1,1989,7,0,0,0,10,0,0,0,18,0
390750,2,1,1989,0,0,0,0,0,0,0,0,0,0
390751,1,1,1989,9,8,7,0,3,5,0,0,13,0
390752,1,1,1989,15,25,29,27,15,11,18,24,25,20
390753,1,1,1989,0,0,0,0,0,0,0,0,0,0
390753,2,1,1989,9,0,0,0,7,0,0,0,0,0
390754,1,1,1989,15,15,15,15,15,15,15,15,15,15
390755,1,1,1989,23,23,27,0,44,0,30,10,0,0
390756,1,1,1989,0,0,0,0,0,0,0,0,0,0
390757,1,1,1989,20,20,20,20,20,20,20,20,20,20
390758,1,1,1989,12,22,16,19,14,24,3,10,33,19
390759,1,1,1989,4,0,0,19,17,0,0,0,19,0
390760,1,1,1989,13,0,0,0,0,9,0,0,0,0
390761,1,1,1989,0,0,20,0,0,0,0,0,0,0
390761,2,1,1989,0,0,0,0,0,0,0,0,0,0
390762,1,1,1989,0,0,0,0,0,0,0,0,0,0
390762,2,1,1989,0,0,0,0,0,0,0,0,0,0
390762,3,1,1989,2,2,2,2,2,2,2,2,2,2
390763,1,1,1989,0,0,0,0,0,0,0,0,0,0
390763,2,1,1989,0,0,0,0,0,0,0,0,0,0
390764,1,1,1989,8,8,8,8,8,8,8,8,8,8
390765,1,1,1989,22,20,34,21,13,17,15,21,8,16
390766,1,1,1989,0,0,0,0,0,0,0,0,0,0
390767,1,1,1989,0,0,22,0,0,0,0,0,0,0
390767,2,1,1989,0,0,0,0,0,0,0,0,0,0
390767,3,1,1989,0,0,0,0,0,0,0,5,0,3
390768,0,1,1989,0,0,0,0,0,0,0,0,0,0
390768,1,1,1989,0,0,5,0,0,0,0,29,0,0
390769,1,1,1989,0,0,0,0,28,0,0,0,0,0
390769,2,1,1989,20,20,20,20,20,20,20,20,20,20
390769,3,1,1989,0,0,0,17,0,0,0,0,0,0
390770,1,1,1989,0,0,0,0,0,0,0,0,0,0
390770,2,1,1989,5,19,24,13,12,14,8,6,2,7
390771,1,1,1989,0,0,0,0,0,0,0,0,0,0
390772,1,1,1989,0,0,0,0,0,0,0,0,0,0
390773,1,1,1989,17,17,17,17,17,17,17,17,17,17
390774,1,1,1989,21,21,21,21,21,21,21,21,21,21
390775,1,1,1989,30,30,30,30,30,30,30,30,30,30
390776,1,1,1989,14,14,14,14,14,14,14,14,14,14
390776,2,1,1989,0,0,0,15,0,0,0,0,0,0
390777,1,1,1989,0,0,0,0,0,0,0,0,0,0
390777,2,1,1989,0,0,0,0,0,0,28,0,0,0
390777,3,1,1989,0,0,0,0,0,0,0,0,0,0
390777,4,1,1989,0,0,0,0,0,0,0,0,0,0
390777,5,1,1989,0,0,0,0,0,0,0,0,0,0
390777,6,1,1989,0,0,0,0,0,0,0,0,0,0
390777,7,1,1989,0,0,0,0,0,0,0,0,0,0
390777,8,1,1989,0,0,0,0,0,0,0,0,0,0
390777,9,1,1989,0,0,0,0,0,0,0,0,0,0
390778,1,1,1989,0,0,0,0,0,0,0,0,0,0
390778,2,1,1989,0,0,0,0,0,0,0,0,0,0
390779,1,1,1989,0,0,0,0,0,0,0,0,0,14
390779,2,1,1989,0,0,0,0,0,0,0,0,0,0
390780,1,1,1989,0,0,0,0,0,0,0,0,0,0
390780,2,1,1989,0,14,0,0,0,33,16,0,0,7
390782,1,1,1989,0,0,0,0,0,0,0,0,0,0
390782,2,1,1989,0,0,0,0,8,0,0,0,0,8
390783,1,1,1989,0,0,17,0,0,0,0,0,0,0
390784,1,1,1989,0,0,0,0,0,0,0,0,0,0
390784,2,1,1989,0,0,0,0,0,0,0,0,0,0
390785,1,1,1989,0,0,0,0,0,0,0,0,0,0
390785,2,1,1989,0,0,0,0,0,0,0,0,0,0
390786,1,1,1989,12,12,12,12,12,12,12,12,12,12
390787,1,1,1989,13,0,0,0,0,15,0,0,14,0
390787,2,1,1989,17,0,0,0,0,0,0,16,0,0
390788,1,1,1989,0,0,0,0,0,0,0,0,0,0
390788,2,1,1989,0,0,0,0,0,0,0,0,0,12
390788,3,1,1989,12,0,0,0,0,0,8,0,0,0
390789,1,1,1989,7,0,0,0,0,0,9,0,0,0
390789,2,1,1989,0,0,0,0,0,0,0,0,0,0
390789,3,1,1989,0,0,0,0,12,0,23,13,15,0
390790,1,1,1989,10,0,0,0,0,0,7,0,0,0
390791,1,1,1989,17,27,10,13,42,21,25,49,23,11
390791,2,1,1989,0,0,0,0,0,0,0,0,0,0
390792,1,1,1989,0,0,0,0,0,0,0,0,0,0
390793,1,1,1989,0,23,0,0,13,0,0,0,0,10
390793,2,1,1989,0,0,0,0,11,0,0,0,0,0
390794,1,1,1989,22,6,0,30,0,0,13,21,18,17
390794,2,1,1989,0,0,0,0,0,0,0,0,0,0
390795,1,1,1989,18,18,18,18,18,18,18,18,18,18
390796,1,1,1989,15,15,15,15,15,15,15,15,15,15
390797,1,1,1989,14,4,7,6,17,11,11,6,17,13
390798,1,1,1989,0,0,0,0,0,20,0,0,0,0
390799,1,1,1989,0,20,29,20,0,18,0,0,0,0
390800,0,1,1989,0,0,0,0,0,0,0,0,0,0
390800,1,1,1989,0,0,0,0,0,0,0,0,0,0
390801,1,1,1989,27,27,27,27,27,27,27,27,27,27
390802,1,1,1989,16,15,4,17,4,12,5,10,19,15
390802,2,1,1989,0,0,0,0,0,0,0,0,0,0
390803,1,1,1989,0,0,0,0,0,0,0,0,0,0
390803,2,1,1989,0,0,0,0,0,0,0,0,0,0
390804,1,1,1989,0,0,0,0,0,14,18,9,0,11
390805,1,1,1989,7,5,21,26,18,24,14,33,28,5
390806,1,1,1989,22,22,22,22,22,22,22,22,22,22
390807,1,1,1989,0,13,10,11,35,18,30,27,17,3
390808,1,1,1989,0,0,0,0,0,0,0,0,0,0
390809,1,1,1989,10,10,10,10,10,10,10,10,10,10
390810,1,1,1989,0,8,12,0,0,0,0,0,0,0
390811,1,1,1989,16,16,16,16,16,16,16,16,16,16
390812,1,1,1989,17,10,0,9,0,0,21,25,14,21
390813,1,1,1989,21,21,21,21,21,21,21,21,21,21
390814,1,1,1989,15,15,15,15,15,15,15,15,15,15
390814,2,1,1989,0,14,0,0,0,0,0,0,0,0
390814,3,1,1989,0,0,0,0,0,0,0,0,0,0
390815,1,1,1989,0,0,0,0,0,0,0,0,0,0
390815,2,1,1989,0,0,0,0,0,0,0,0,0,0
390816,1,1,1989,0,0,0,0,0,0,0,0,0,0
390816,2,1,1989,0,0,0,0,0,0,0,0,0,0
390817,1,1,1989,0,0,0,0,0,0,0,0,0,0
390817,2,1,1989,0,0,0,0,0,0,0,0,0,0
390818,1,1,1989,10,10,10,10,10,10,10,10,10,10
390819,1,1,1989,0,0,0,0,0,0,0,0,0,8
390820,1,1,1989,0,0,0,0,0,0,0,0,19,0
390820,2,1,1989,0,0,0,0,0,0,0,0,0,0
390821,0,1,1989,0,0,0,0,0,0,0,0,0,0
390821,1,1,1989,0,0,0,0,0,12,0,0,0,0
390822,1,1,1989,9,0,0,10,0,0,0,0,18,0
390822,2,1,1989,0,0,0,0,0,0,0,0,0,0
390823,1,1,1989,0,22,3,14,8,14,0,0,0,5
390823,2,1,1989,0,0,0,0,0,0,0,0,0,0
390824,1,1,1989,0,0,0,0,14,19,0,0,0,0
390824,2,1,1989,0,0,0,0,0,0,0,0,0,0
390825,0,1,1989,0,0,5,0,0,0,0,0,23,0
390825,2,1,1989,0,0,0,0,0,0,19,0,0,0
390825,3,1,1989,0,0,0,0,0,0,0,0,0,0
390827,1,1,1989,0,0,0,0,0,0,0,0,0,0
390827,2,1,1989,6,0,0,0,0,0,9,25,9,0
390828,1,1,1989,15,15,15,15,15,15,15,15,15,15
390829,1,1,1989,19,19,19,19,19,19,19,19,19,19
390829,2,1,1989,0,0,0,0,0,0,0,0,0,0
390830,0,1,1989,16,7,33,0,0,14,10,24,22,28
390830,1,1,1989,1,0,0,0,6,0,0,0,0,0
390831,1,1,1989,11,17,15,33,23,44,28,18,10,12
390832,1,1,1989,0,0,0,0,0,0,0,0,0,0
390832,2,1,1989,4,0,0,0,20,0,18,0,0,0
390833,0,1,1989,0,0,0,0,0,0,0,0,0,0
390833,1,1,1989,0,0,0,0,0,0,0,0,0,0
390835,1,1,1989,0,0,0,0,0,0,0,0,0,0
390836,1,1,1989,9,9,21,17,19,25,18,11,14,14
390837,1,1,1989,0,19,0,0,0,10,0,0,0,0
390837,2,1,1989,0,16,0,0,0,0,0,0,0,0
390838,1,1,1989,32,12,20,5,10,49,24,14,0,18
390838,2,1,1989,22,18,15,13,0,13,9,13,15,15
390839,1,1,1989,17,17,17,17,17,17,17,17,17,17
390840,1,1,1989,21,12,11,19,17,37,26,6,15,15
390841,1,1,1989,22,22,22,22,22,22,22,22,22,22
390841,2,1,1989,0,0,0,0,0,0,0,0,0,0
390842,1,1,1989,0,0,7,0,0,0,0,0,15,0
390842,2,1,1989,0,0,0,0,0,0,0,0,0,0
390843,1,1,1989,0,0,0,0,0,0,0,0,0,0
390843,2,1,1989,0,0,0,0,0,0,0,0,0,0
390844,1,1,1989,0,0,0,0,0,0,2,0,0,0
390844,2,1,1989,0,0,0,0,0,0,0,0,0,0
390845,1,1,1989,0,0,0,0,11,0,0,0,0,0
390847,1,1,1989,0,0,0,0,0,0,0,0,0,0
390847,2,1,1989,0,0,0,0,0,0,0,0,0,0
390848,1,1,1989,0,0,0,0,0,0,0,0,0,0
390849,1,1,1989,0,0,0,0,0,0,0,0,0,0
390849,2,1,1989,0,0,0,0,0,0,0,0,0,0
390850,0,1,1989,12,18,17,0,25,8,18,14,18,11
390850,1,1,1989,19,19,19,19,19,19,19,19,19,19
390851,0,1,1989,0,0,0,0,0,0,0,0,0,0
390851,1,1,1989,0,0,0,0,0,0,0,0,0,0
390852,1,1,1989,0,0,0,0,0,0,0,0,0,0
390853,0,1,1989,8,0,0,10,12,0,0,26,23,17
390853,0,2,1989,0,16,0,0,0,0,0,0,0,14
390853,0,3,1989,0,46,0,10,0,37,0,0,9,0
390853,1,1,1989,0,0,0,0,0,0,0,0,0,0
390855,1,1,1989,37,37,37,37,37,37,37,37,37,37
390856,1,1,1989,0,0,0,0,0,0,0,0,0,0
390857,1,1,1989,16,32,19,15,20,21,22,16,27,32
390858,0,1,1989,19,19,19,19,19,19,19,19,19,19
390858,1,1,1989,5,0,2,0,9,0,0,13,0,11
390859,1,1,1989,0,0,0,0,0,0,0,0,0,0
390859,2,1,1989,15,28,24,16,0,20,17,16,16,20
390860,1,1,1989,0,6,18,18,17,0,0,0,22,0
390861,1,1,1989,13,13,13,13,13,13,13,13,13,13
390862,1,1,1989,0,22,20,24,0,0,17,0,0,10
390863,1,1,1989,0,0,0,0,0,0,0,8,15,0
390863,2,1,1989,0,0,12,0,0,13,24,0,24,20
390864,0,1,1989,0,0,0,0,0,0,0,0,0,0
390864,1,1,1989,0,0,0,0,0,0,11,0,0,0
390865,1,1,1989,0,5,0,0,0,0,0,0,0,0
390865,2,1,1989,0,0,0,0,0,0,0,0,0,0
390866,1,1,1989,35,35,35,35,35,35,35,35,35,35
390867,1,1,1989,0,0,20,16,9,0,18,16,13,8
390868,1,1,1989,39,39,39,39,39,39,39,39,39,39
390868,2,1,1989,0,0,0,18,22,17,0,0,0,0
390869,1,1,1989,12,0,0,0,0,0,0,0,0,0
390869,2,1,1989,0,0,0,0,11,0,19,0,14,3
390871,1,1,1989,11,0,0,0,15,13,12,20,16,16
390872,1,1,1989,0,0,0,0,0,0,0,0,15,0
390874,1,1,1989,19,19,19,19,19,19,19,19,19,19
390874,2,1,1989,0,0,0,0,0,0,0,0,0,0
390875,1,1,1989,0,15,0,0,0,10,0,33,0,27
390876,0,1,1989,0,0,31,0,0,20,0,4,0,29
390876,0,2,1989,0,0,0,0,0,0,0,0,0,0
390876,0,3,1989,26,0,0,0,0,0,0,0,0,0
390876,1,1,1989,16,17,16,0,9,11,8,9,24,17
390877,1,1,1989,2,2,2,2,2,2,2,2,2,2
390877,2,1,1989,9,0,13,0,0,0,0,0,0,0
390878,1,1,1989,0,0,0,0,0,0,0,0,0,0
390879,1,1,1989,18,18,18,18,18,18,18,18,18,18
390880,1,1,1989,18,18,18,18,18,18,18,18,18,18
390881,1,1,1989,0,0,0,0,0,0,0,0,0,0
390881,2,1,1989,0,0,0,0,0,0,11,0,0,25
390882,0,1,1989,0,0,0,0,0,0,0,0,0,0
390882,1,1,1989,0,0,0,0,0,0,0,0,0,0
390883,1,1,1989,0,0,0,0,0,0,0,0,0,0
390884,1,1,1989,0,0,0,0,0,0,0,0,0,0
390885,1,1,1989,13,13,13,13,13,13,13,13,13,13
390886,1,1,1989,0,0,0,0,0,0,0,0,0,0
390886,2,1,1989,0,0,0,0,0,0,0,0,0,0
390887,1,1,1989,22,22,22,22,22,22,22,22,22,22
390887,2,1,1989,16,24,18,13,24,8,25,15,15,8
390888,1,1,1989,15,15,15,15,15,15,15,15,15,15
390889,1,1,1989,0,0,0,0,0,0,0,0,0,0
390889,2,1,1989,0,0,0,0,0,0,0,0,0,0
390890,1,1,1989,5,5,5,5,5,5,5,5,5,5
390891,1,1,1989,13,13,13,13,13,13,13,13,13,13
390892,1,1,1989,0,0,0,0,0,0,0,0,0,0
390892,2,1,1989,0,0,0,0,0,0,0,0,0,0
390893,1,1,1989,0,0,0,0,0,0,0,0,0,0
390894,1,1,1989,0,0,0,0,0,0,0,0,0,0
390895,1,1,1989,0,5,0,8,0,0,0,0,0,0
390895,2,1,1989,0,0,0,0,0,0,0,0,0,0
390896,1,1,1989,0,0,0,0,0,0,0,0,0,0
390896,2,1,1989,0,0,0,0,0,0,0,0,0,0
390897,1,1,1989,0,0,0,0,4,7,0,0,0,0
390898,1,1,1989,0,0,0,0,0,0,0,0,0,0
390898,2,1,1989,0,0,0,0,11,0,17,0,0,0
390899,1,1,1989,0,0,0,0,0,0,0,0,0,0
390899,2,1,1989,0,0,0,0,0,0,0,0,0,0
390899,3,1,1989,0,0,0,0,0,0,0,0,0,0
390900,0,1,1989,0,0,0,0,0,0,0,0,0,0
390900,1,1,1989,0,0,0,0,0,0,0,0,0,0
390901,1,1,1989,0,0,0,0,0,0,0,0,0,0
390901,2,1,1989,0,0,0,0,0,0,0,0,0,0
390902,1,1,1989,8,8,8,8,8,8,8,8,8,8
390902,2,1,1989,0,0,0,0,0,0,0,0,0,0
390903,1,1,1989,24,24,24,24,24,24,24,24,24,24
390904,1,1,1989,19,0,20,13,0,39,0,13,14,12
390905,1,1,1989,0,0,0,0,0,0,0,0,0,0
390905,2,1,1989,0,0,0,0,0,0,0,0,0,0
390906,1,1,1989,21,0,0,0,22,24,0,0,0,0
390907,1,1,1989,3,3,3,3,3,3,3,3,3,3
390908,1,1,1989,31,22,0,26,29,12,32,28,19,11
390909,1,1,1989,0,0,0,0,0,0,0,0,0,0
390910,1,1,1989,0,0,0,0,0,0,0,0,0,0
390910,2,1,1989,0,0,0,0,16,0,0,0,11,0
390912,1,1,1989,0,9,0,0,0,0,0,24,0,0
390913,1,1,1989,0,0,0,0,0,0,0,0,0,0
390913,2,1,1989,0,0,0,0,0,0,0,0,0,0
390914,1,1,1989,14,11,27,15,41,0,21,19,10,26
390915,0,1,1989,0,0,0,0,0,0,0,0,0,0
390915,1,1,1989,0,0,0,0,0,0,0,0,0,0
390916,1,1,1989,15,0,0,0,0,0,19,0,12,0
390917,1,1,1989,0,0,0,0,0,23,0,5,0,0
390917,2,1,1989,21,21,21,21,21,21,21,21,21,21
390918,1,1,1989,0,11,0,0,0,0,0,0,0,0
390919,1,1,1989,9,0,0,0,0,0,0,0,0,0
390919,2,1,1989,28,28,28,28,28,28,28,28,28,28
390920,1,1,1989,13,13,13,13,13,13,13,13,13,13
390920,2,1,1989,0,0,0,0,0,0,0,0,0,0
390921,1,1,1989,0,0,0,0,0,0,0,0,0,0
390921,2,1,1989,7,27,19,5,25,17,15,4,16,9
390922,1,1,1989,0,0,0,0,0,0,0,0,0,0
390922,2,1,1989,12,0,0,0,0,0,0,0,0,0
390922,3,1,1989,0,0,0,0,0,0,0,0,0,0
390923,1,1,1989,9,30,14,21,14,27,21,34,27,18
390924,1,1,1989,25,18,0,17,0,0,0,18,30,30
390925,1,1,1989,39,39,39,39,39,39,39,39,39,39
390926,1,1,1989,0,0,0,0,0,0,18,0,0,0
390926,2,1,1989,0,0,0,0,0,0,0,0,0,0
390927,1,1,1989,0,0,0,4,0,0,0,0,0,0
390927,2,1,1989,0,0,0,0,0,0,0,0,0,0
390928,1,1,1989,0,0,0,0,0,0,0,0,0,0
390928,2,1,1989,0,0,0,0,0,0,0,0,0,0
390929,1,1,1989,0,0,0,17,0,0,0,0,0,0
390930,0,1,1989,0,0,0,0,0,0,0,0,0,0
390930,1,1,1989,0,0,0,0,0,0,0,0,0,0
390931,0,1,1989,0,0,0,0,0,0,0,0,0,0
390931,1,1,1989,7,7,7,7,7,7,7,7,7,7
390932,1,1,1989,0,0,0,0,0,0,0,0,0,0
390933,1,1,1989,7,7,7,7,7,7,7,7,7,7
390934,0,1,1989,21,14,20,0,0,1,0,0,0,0
390934,1,1,1989,11,0,0,0,0,22,0,0,0,0
390936,1,1,1989,24,13,31,24,0,25,21,25,15,12
390937,1,1,1989,0,0,0,0,0,0,0,0,0,0
390937,2,1,1989,0,0,0,0,0,0,0,0,0,0
390938,1,1,1989,5,9,11,14,6,24,5,9,13,5
390939,1,1,1989,0,0,0,0,0,0,0,0,0,0
390939,2,1,1989,0,0,0,0,0,0,0,0,0,0
390940,1,1,1989,0,0,0,0,0,0,0,0,0,0
390940,2,1,1989,0,0,0,0,0,0,0,0,0,0
390941,1,1,1989,0,0,0,0,0,0,0,0,0,0
390941,2,1,1989,0,0,0,0,0,0,0,0,0,0
390942,1,1,1989,0,0,0,0,0,0,0,0,0,0
390944,1,1,1989,14,24,22,32,16,0,35,27,18,19
390945,0,1,1989,0,0,0,0,0,0,0,0,0,0
390945,1,1,1989,0,0,0,0,0,0,0,0,0,0
390946,1,1,1989,0,0,0,0,0,0,0,0,0,0
390946,2,1,1989,0,0,0,0,0,0,0,0,0,0
390946,3,1,1989,0,0,0,0,0,0,0,0,0,0
390947,1,1,1989,0,0,0,0,6,0,0,0,20,0
390947,2,1,1989,0,0,0,0,0,0,0,0,0,0
390948,1,1,1989,26,0,20,10,11,7,10,21,29,9
390949,0,1,1989,0,0,15,0,0,0,31,0,0,7
390949,1,1,1989,14,21,14,0,23,0,31,4,13,20
390950,1,1,1989,0,0,0,0,0,0,16,0,0,0
390950,2,1,1989,0,0,0,14,0,0,0,0,0,0
390951,1,1,1989,12,12,12,12,12,12,12,12,12,12
390952,0,1,1989,0,0,0,0,0,0,0,0,0,0
390952,1,1,1989,0,0,0,0,0,0,0,0,0,0
390953,1,1,1989,0,0,0,0,0,0,0,0,0,0
390953,2,1,1989,0,0,0,0,0,0,0,0,0,0
390954,1,1,1989,0,0,0,0,0,0,0,0,0,0
390954,2,1,1989,0,0,0,0,0,0,0,0,0,0
390955,1,1,1989,0,0,0,17,0,0,0,0,0,0
390956,1,1,1989,0,0,0,0,0,0,5,0,0,0
390956,2,1,1989,0,0,0,0,0,0,0,0,0,0
390957,1,1,1989,0,0,0,0,0,0,0,0,0,0
390958,1,1,1989,0,0,0,0,0,0,0,0,0,0
390958,2,1,1989,0,0,0,0,0,0,0,0,0,0
390959,1,1,1989,23,23,23,23,23,23,23,23,23,23
390960,1,1,1989,0,0,0,0,0,0,0,0,0,0
390960,2,1,1989,0,0,0,0,0,0,0,0,0,0
390961,0,1,1989,0,0,0,0,0,0,0,0,0,0
390961,1,1,1989,0,0,0,0,0,0,0,0,0,0
390962,1,1,1989,22,22,22,22,22,22,22,22,22,22
390962,2,1,1989,0,0,0,0,0,0,0,0,0,0
390963,0,1,1989,0,0,0,0,0,0,0,0,0,0
390963,1,1,1989,0,0,0,0,0,0,0,0,0,0
390964,1,1,1989,0,0,0,11,0,0,0,4,0,0
390964,2,1,1989,0,0,0,0,0,0,0,0,0,0
390966,1,1,1989,0,0,24,0,0,0,0,0,0,0
390966,2,1,1989,0,0,18,0,0,0,0,0,0,0
390967,1,1,1989,8,15,20,26,11,8,18,14,17,9
390967,2,1,1989,0,0,0,0,0,0,0,0,0,0
390968,1,1,1989,22,22,22,22,22,22,22,22,22,22
390969,1,1,1989,25,25,25,25,25,25,25,25,25,25
390970,1,1,1989,10,10,10,10,10,10,10,10,10,10
390971,1,1,1989,23,23,23,23,23,23,23,23,23,23
390972,1,1,1989,0,0,0,0,0,0,0,0,0,0
390972,2,1,1989,12,12,12,12,12,12,12,12,12,12
390972,3,1,1989,0,0,0,0,0,0,7,11,10,18
390973,1,1,1989,0,0,0,0,0,0,0,0,0,0
390973,2,1,1989,0,0,0,0,0,0,0,0,0,0
390973,3,1,1989,0,0,0,0,0,0,0,0,0,0
390974,0,1,1989,0,0,0,0,8,0,0,0,0,0
390974,1,1,1989,0,0,0,0,0,0,0,0,0,0
390974,2,1,1989,0,0,0,0,0,0,0,0,0,0
390975,1,1,1989,0,0,0,0,0,0,0,0,0,0
390975,2,1,1989,0,0,0,0,0,0,0,0,0,0
390978,1,1,1989,15,15,15,15,15,15,15,15,15,15
390979,1,1,1989,16,0,14,17,31,23,13,7,23,19
390980,1,1,1989,0,0,0,0,0,0,0,15,0,0
390980,2,1,1989,0,8,0,0,18,0,0,0,0,0
390981,1,1,1989,30,34,17,13,29,20,27,7,22,19
390982,0,1,1989,0,0,0,0,0,0,0,0,0,0
390982,1,1,1989,0,0,0,0,0,0,0,0,0,0
390983,1,1,1989,19,26,10,21,45,20,10,19,16,20
390984,0,1,1989,0,0,0,0,0,0,0,0,0,0
390984,1,1,1989,28,28,28,28,28,28,28,28,28,28
390985,1,1,1989,13,13,13,13,13,13,13,13,13,13
390985,2,1,1989,0,0,0,0,0,9,0,0,0,0
390986,1,1,1989,16,16,16,16,16,16,16,16,16,16
390986,2,1,1989,15,15,15,15,15,15,15,15,15,15
390987,1,1,1989,0,0,0,0,0,0,0,0,0,0
390988,1,1,1989,29,29,29,29,29,29,29,29,29,29
390990,1,1,1989,12,0,0,0,28,0,0,0,0,12
390991,1,1,1989,0,10,23,13,15,8,5,16,25,20
390992,1,1,1989,21,21,21,21,21,21,21,21,21,21
390993,1,1,1989,0,0,0,0,0,0,17,0,0,0
390994,1,1,1989,30,22,24,25,41,24,13,17,0,22
390995,1,1,1989,12,0,20,30,13,15,12,26,0,8
390996,1,1,1989,31,19,16,19,26,29,19,0,19,32
390997,1,1,1989,11,20,18,31,14,0,16,8,24,16
390998,0,1,1989,0,0,0,16,0,0,0,27,0,0
390998,1,1,1989,0,0,0,0,0,0,0,0,0,0
390999,1,1,1989,18,9,0,0,0,0,26,0,0,0
391000,1,1,1989,0,0,0,0,0,0,0,0,0,0
391001,1,1,1989,0,0,0,0,0,0,0,0,0,0
391001,2,1,1989,0,0,0,0,0,0,0,0,0,0
391002,1,1,1989,0,0,0,0,0,0,0,0,0,0
391003,1,1,1989,0,0,0,0,0,0,0,0,0,0
391003,2,1,1989,7,0,0,0,8,0,0,0,0,0
391004,1,1,1989,18,18,18,18,18,18,18,18,18,18
391004,2,1,1989,0,0,0,0,0,0,0,0,0,0
391005,0,1,1989,0,0,0,0,0,0,0,0,0,0
391005,1,1,1989,0,0,0,0,0,0,0,0,0,0
391006,1,1,1989,0,0,0,0,0,0,0,0,0,0
391006,2,1,1989,0,0,0,0,0,0,0,0,0,0
391007,1,1,1989,30,30,30,30,30,30,30,30,30,30
391007,2,1,1989,0,0,0,0,0,12,0,0,0,0
391009,1,1,1989,0,0,0,0,0,0,0,0,0,0
391009,2,1,1989,0,8,0,0,0,0,0,0,9,0
391010,1,1,1989,26,34,20,12,22,6,12,12,15,15
391010,2,1,1989,0,0,0,0,0,0,0,0,0,0