ST_CASE,VEH_NO,PER_NO,YEAR,P1,P2,P3,P4,P5,P6,P7,P8,P9,P10
391011,1,1,1989,0,0,0,0,0,0,0,0,0,0
391011,2,1,1989,0,0,0,0,0,0,0,0,0,0
391012,1,1,1989,0,0,0,0,0,0,0,0,0,0
391012,2,1,1989,19,19,19,19,19,19,19,19,19,19
391013,1,1,1989,0,0,0,0,0,0,0,0,0,0
391013,2,1,1989,10,10,10,10,10,10,10,10,10,10
391014,1,1,1989,0,0,0,0,0,0,0,0,0,0
391014,2,1,1989,0,0,0,0,0,0,0,0,0,0
391015,1,1,1989,0,0,0,0,0,0,0,0,0,0
391015,2,1,1989,13,7,10,27,20,6,18,17,18,0
391016,1,1,1989,15,0,0,0,0,0,14,0,0,22
391017,0,1,1989,0,0,0,0,0,0,0,0,0,0
391017,1,1,1989,0,0,0,0,0,0,0,0,0,0
391018,1,1,1989,0,31,0,0,10,26,26,12,17,0
391019,1,1,1989,0,0,0,0,0,0,0,0,0,0
391019,2,1,1989,0,0,0,0,0,0,0,0,0,0
391021,1,1,1989,1,1,1,1,1,1,1,1,1,1
391021,2,1,1989,0,0,0,0,0,0,0,0,0,0
391022,1,1,1989,0,0,0,0,0,0,0,0,0,0
391022,2,1,1989,0,0,0,0,0,0,0,0,0,0
391023,1,1,1989,13,13,48,15,30,8,19,11,20,32
391025,1,1,1989,0,0,0,0,0,0,0,0,0,0
391026,1,1,1989,35,0,21,23,25,21,17,23,16,19
391027,1,1,1989,0,0,0,0,0,0,0,0,0,9
391027,2,1,1989,0,4,0,0,0,0,0,0,0,0
391028,1,1,1989,0,0,0,0,0,0,0,0,0,0
391028,2,1,1989,0,0,0,0,0,0,0,0,0,0
391029,1,1,1989,14,14,25,15,16,13,27,11,32,7
391030,0,1,1989,0,0,0,0,0,0,20,16,32,0
391030,1,1,1989,0,0,15,0,0,26,22,30,0,34
391031,1,1,1989,13,6,28,10,23,9,16,0,9,7
391031,2,1,1989,15,23,0,0,18,0,20,18,0,11
391031,3,1,1989,0,8,25,11,29,0,18,16,0,15
391032,1,1,1989,20,20,20,20,20,20,20,20,20,20
391033,1,1,1989,0,0,0,0,0,0,0,0,0,0
391034,1,1,1989,0,0,0,0,0,0,0,0,0,0
391034,2,1,1989,0,0,0,0,0,0,0,0,0,0
391035,1,1,1989,0,0,0,0,0,0,0,0,0,0
391035,2,1,1989,0,0,0,0,0,0,0,0,0,0
391036,1,1,1989,0,0,0,0,0,0,0,0,0,0
391036,2,1,1989,21,16,0,29,22,6,0,12,16,0
391037,1,1,1989,19,9,19,20,17,12,24,16,16,14
391037,2,1,1989,0,0,0,0,0,0,0,0,0,0
391038,1,1,1989,14,14,14,14,14,14,14,14,14,14
391039,1,1,1989,0,0,0,0,0,0,0,0,0,0
391040,1,1,1989,20,20,20,20,20,20,20,20,20,20
391041,1,1,1989,6,0,0,29,33,11,19,31,25,22
391042,1,1,1989,20,0,0,0,0,0,0,0,0,0
391043,0,1,1989,0,0,10,0,0,12,11,0,0,13
391043,1,1,1989,2,0,19,0,0,0,14,0,0,4
391044,1,1,1989,24,9,34,10,13,26,16,21,7,33
391045,1,1,1989,0,15,21,16,29,29,0,23,22,0
391046,0,1,1989,0,0,0,0,0,0,0,0,0,0
391046,1,1,1989,0,0,0,0,0,0,0,0,0,0
391047,1,1,1989,0,0,0,0,0,0,0,0,14,0
391047,2,1,1989,0,0,0,0,0,0,0,0,0,0
391048,1,1,1989,0,0,0,0,0,0,0,0,0,0
391048,2,1,1989,0,0,0,0,0,0,0,0,0,0
391049,1,1,1989,0,0,0,0,0,0,0,0,0,0
391049,2,1,1989,0,0,0,19,0,0,0,0,0,0
391050,1,1,1989,15,0,0,0,0,0,17,10,0,0
391051,0,1,1989,16,39,13,8,0,22,21,20,16,33
391051,1,1,1989,0,0,0,0,8,0,0,0,0,23
391052,1,1,1989,12,8,0,0,18,21,25,0,0,11
391052,2,1,1989,0,0,0,0,0,0,0,0,0,0
391053,1,1,1989,0,0,0,0,0,0,0,0,0,0
391053,2,1,1989,18,18,18,18,18,18,18,18,18,18
391054,1,1,1989,0,0,0,0,0,0,0,0,0,0
391054,2,1,1989,0,0,0,0,0,0,0,0,0,0
391056,1,1,1989,22,15,16,20,17,16,14,16,17,15
391057,1,1,1989,28,28,28,28,28,28,28,28,28,28
391057,2,1,1989,0,0,0,31,17,0,0,6,26,21
391058,1,1,1989,0,0,0,0,0,0,0,0,0,0
391058,2,1,1989,0,0,0,0,0,0,0,0,0,0
391059,1,1,1989,29,29,29,29,29,29,29,29,29,29
391059,2,1,1989,0,0,0,0,0,0,0,0,0,0
391059,3,1,1989,0,0,0,0,0,0,0,0,24,0
391061,1,1,1989,21,21,21,21,21,21,21,21,21,21
391062,1,1,1989,0,0,0,0,0,0,0,0,0,8
391063,1,1,1989,8,8,8,8,8,8,8,8,8,8
391064,1,1,1989,0,0,0,0,0,0,0,0,0,0
391065,0,1,1989,16,16,16,16,16,16,16,16,16,16
391065,1,1,1989,0,0,0,0,0,0,0,0,0,0
391066,1,1,1989,16,16,9,9,6,0,29,15,14,24
391067,1,1,1989,11,28,22,18,5,28,13,8,23,25
391068,1,1,1989,21,21,21,21,21,21,21,21,21,21
391069,1,1,1989,0,0,16,0,0,12,0,32,0,21
391069,2,1,1989,0,17,0,0,0,0,0,0,0,0
391070,1,1,1989,0,0,0,0,0,0,0,0,0,0
391070,2,1,1989,0,0,0,0,0,0,0,0,0,0
391071,1,1,1989,0,0,0,0,0,0,0,0,0,0
391071,2,1,1989,0,0,0,0,0,0,0,0,0,0
391072,1,1,1989,0,0,0,0,0,0,0,0,0,0
391072,2,1,1989,0,0,0,0,0,0,0,0,0,0
391073,1,1,1989,0,15,23,0,21,0,16,0,18,0
391074,1,1,1989,21,21,21,21,21,21,21,21,21,21
391075,1,1,1989,17,18,22,25,8,28,5,19,16,32
391076,1,1,1989,0,0,0,0,0,0,0,0,0,0
391076,2,1,1989,0,0,0,0,0,0,0,0,0,0
391077,1,1,1989,0,0,0,0,0,0,0,0,0,0
391078,1,1,1989,0,0,0,0,0,0,0,0,0,0
391079,1,1,1989,0,0,0,0,0,18,0,0,11,0
391080,1,1,1989,0,0,0,0,0,0,0,0,0,0
391080,2,1,1989,0,0,0,0,0,0,0,0,0,0
391081,1,1,1989,17,15,16,13,32,0,10,34,16,18
391081,2,1,1989,0,0,0,0,0,0,0,0,19,16
391082,1,1,1989,15,15,15,15,15,15,15,15,15,15
391084,1,1,1989,16,19,21,20,13,14,24,18,3,7
391085,1,1,1989,5,5,5,5,5,5,5,5,5,5
391086,1,1,1989,0,0,0,0,0,0,0,0,0,0
391086,2,1,1989,4,0,12,18,0,12,18,18,19,0
391086,3,1,1989,0,0,0,0,0,0,0,0,0,0
391087,1,1,1989,0,0,0,0,0,0,0,0,0,0
391088,1,1,1989,0,0,0,0,0,0,0,0,0,0
391088,2,1,1989,0,0,0,0,0,0,0,0,0,0
391089,1,1,1989,0,0,0,0,0,0,0,0,0,0
391089,2,1,1989,0,0,0,0,0,0,0,0,0,0
391090,1,1,1989,0,0,0,0,0,0,0,0,0,0
391091,1,1,1989,0,0,0,0,0,0,0,0,0,0
391092,1,1,1989,0,0,0,0,0,0,0,0,0,0
391092,2,1,1989,0,0,0,0,0,0,0,0,0,0
391093,1,1,1989,23,23,23,23,23,23,23,23,23,23
391094,1,1,1989,0,0,0,0,0,6,0,0,0,0
391094,2,1,1989,0,0,0,0,0,0,0,0,0,0
391095,1,1,1989,0,0,0,0,0,0,0,0,0,0
391095,2,1,1989,0,0,0,0,0,0,6,0,0,0
391096,1,1,1989,18,18,18,18,18,18,18,18,18,18
391097,1,1,1989,0,0,0,0,0,0,0,0,0,0
391098,1,1,1989,4,4,4,4,4,4,4,4,4,4
391099,1,1,1989,0,0,0,0,0,0,0,0,0,0
391099,2,1,1989,0,0,0,0,0,0,0,0,0,0
391100,1,1,1989,0,0,0,0,0,0,0,0,0,0
391100,2,1,1989,0,0,0,0,0,0,0,0,0,0
391101,1,1,1989,17,0,19,0,24,20,14,5,0,17
391103,1,1,1989,0,23,6,0,12,2,0,17,9,0
391104,1,1,1989,15,0,0,17,0,0,0,23,16,19
391105,1,1,1989,14,0,0,46,15,0,0,0,8,0
391106,1,1,1989,25,25,25,25,25,25,25,25,25,25
391107,1,1,1989,32,0,13,24,8,0,0,0,8,0
391108,1,1,1989,0,0,0,0,0,0,0,0,0,0
391108,2,1,1989,0,0,0,0,0,0,0,0,0,0
391109,1,1,1989,8,24,21,7,15,33,20,23,7,25
391109,2,1,1989,0,0,0,11,18,0,0,0,0,22
391109,3,1,1989,0,0,0,0,0,0,0,0,0,0
391110,0,1,1989,0,0,0,0,0,0,16,7,0,0
391110,1,1,1989,0,0,0,0,0,0,0,0,0,0
391111,0,1,1989,0,0,0,0,0,0,10,0,29,27
391111,1,1,1989,0,0,0,9,0,13,8,29,0,0
391112,1,1,1989,0,0,0,11,0,0,0,0,0,0
391112,2,1,1989,0,0,0,0,0,0,0,0,0,0
391112,3,1,1989,0,14,0,0,0,17,0,8,10,0
391113,1,1,1989,10,0,0,0,0,0,0,0,0,0
391113,2,1,1989,0,0,0,0,0,0,0,0,0,0
391114,1,1,1989,18,30,21,34,23,0,45,28,22,20
391115,1,1,1989,0,0,0,0,0,0,0,0,0,0
391115,2,1,1989,0,0,0,0,0,0,0,0,0,0
391116,1,1,1989,0,0,0,0,0,23,0,0,0,0
391117,1,1,1989,0,0,0,0,0,0,0,0,21,0
391117,2,1,1989,0,29,0,0,0,0,0,0,0,0
391118,1,1,1989,0,0,0,28,0,0,0,0,0,0
391119,1,1,1989,18,8,25,21,26,0,22,14,40,15
391120,0,1,1989,0,15,0,25,32,0,0,0,16,0
391120,0,2,1989,0,0,0,0,0,0,0,0,0,0
391120,1,1,1989,35,0,0,0,16,14,0,0,0,8
391121,1,1,1989,0,0,0,0,0,0,0,0,0,0
391121,2,1,1989,0,0,0,0,0,0,0,0,0,0
391122,1,1,1989,15,15,15,15,15,15,15,15,15,15
391122,2,1,1989,18,0,0,0,0,0,0,0,0,0
391123,1,1,1989,6,19,19,15,14,14,10,0,18,17
391125,1,1,1989,0,12,0,0,0,0,0,0,0,0
391125,2,1,1989,0,0,0,0,0,0,0,0,32,0
391126,1,1,1989,0,0,0,0,14,0,0,0,0,0
391127,1,1,1989,0,0,0,0,0,0,0,0,0,0
391127,2,1,1989,0,0,0,0,0,0,0,0,0,0
391128,1,1,1989,27,27,27,27,27,27,27,27,27,27
391129,1,1,1989,0,0,0,0,0,0,0,0,0,0
391129,2,1,1989,0,0,0,0,0,0,0,0,0,0
391130,1,1,1989,0,0,0,0,0,0,0,0,0,0
391131,1,1,1989,0,0,0,0,0,0,0,0,0,0
391132,1,1,1989,0,0,0,0,0,0,0,0,0,0
391132,2,1,1989,29,13,17,20,31,25,23,34,28,20
391133,1,1,1989,0,17,0,0,0,0,26,0,0,0
391133,2,1,1989,0,0,0,0,0,0,0,0,0,0
391134,0,1,1989,0,0,0,0,0,9,0,0,0,0
391134,1,1,1989,0,0,0,0,0,0,0,0,0,0
391135,1,1,1989,32,32,32,32,32,32,32,32,32,32
391135,2,1,1989,0,0,0,0,0,0,0,0,0,0
391136,1,1,1989,0,0,0,0,0,0,0,0,0,0
391136,2,1,1989,0,0,0,0,0,0,0,0,0,0
391137,1,1,1989,0,0,0,0,0,5,0,0,0,0
391138,1,1,1989,15,15,15,15,15,15,15,15,15,15
391139,1,1,1989,0,0,0,0,0,0,0,0,0,0
391139,2,1,1989,0,0,0,3,0,0,0,0,0,0
391139,3,1,1989,0,0,0,0,0,0,0,0,0,0
391140,1,1,1989,0,0,0,0,0,0,0,0,0,0
391140,2,1,1989,0,0,0,0,0,0,0,0,0,0
391141,0,1,1989,18,0,0,0,0,0,7,0,0,0
391141,1,1,1989,0,0,0,0,0,0,0,0,0,0
391142,1,1,1989,14,14,14,14,14,14,14,14,14,14
391143,1,1,1989,0,10,18,18,24,0,0,15,0,0
391144,1,1,1989,28,20,17,15,10,25,22,16,18,21
391145,1,1,1989,0,0,0,0,0,0,0,0,0,0
391145,2,1,1989,0,0,0,0,0,0,0,0,0,0
391146,0,1,1989,21,21,21,21,21,21,21,21,21,21
391146,1,1,1989,16,0,22,0,20,24,7,9,11,9
391147,1,1,1989,18,18,18,18,18,18,18,18,18,18
391148,1,1,1989,0,0,0,0,6,0,0,0,0,0
391148,2,1,1989,0,0,0,0,0,0,0,0,0,0
391149,0,1,1989,0,0,0,0,25,0,0,0,0,0
391149,1,1,1989,0,0,0,0,0,0,0,0,0,0
391150,1,1,1989,0,0,0,34,0,0,0,0,0,0
391150,2,1,1989,0,0,0,0,0,0,0,0,0,0
391150,3,1,1989,20,7,11,29,0,23,16,22,25,33
391151,1,1,1989,0,0,0,0,0,0,0,0,0,0
391151,2,1,1989,0,0,0,0,0,0,0,0,0,0
391152,1,1,1989,11,0,0,0,16,0,27,17,0,0
391152,2,1,1989,0,0,0,0,0,0,0,0,0,0
391153,1,1,1989,0,0,0,0,0,0,0,0,0,0
391153,2,1,1989,6,6,6,6,6,6,6,6,6,6
391154,0,1,1989,0,0,0,0,0,0,0,0,0,14
391154,1,1,1989,0,0,0,0,0,0,0,0,0,0
391155,1,1,1989,0,0,0,0,0,7,0,0,14,0
391157,0,1,1989,0,0,0,0,0,0,0,0,0,0
391157,1,1,1989,0,0,0,0,0,0,0,0,0,0
391159,1,1,1989,0,0,0,0,0,0,0,0,19,0
391160,1,1,1989,0,0,0,0,0,0,0,0,0,0
391160,2,1,1989,0,0,0,0,0,0,0,0,0,0
391161,1,1,1989,26,26,26,26,26,26,26,26,26,26
391162,1,1,1989,25,25,25,25,25,25,25,25,25,25
391163,1,1,1989,28,28,28,28,28,28,28,28,28,28
391164,1,1,1989,0,11,0,0,0,0,0,0,0,0
391164,2,1,1989,0,0,0,0,0,0,0,0,0,0
391165,1,1,1989,0,0,0,0,0,0,0,0,0,0
391165,2,1,1989,0,0,0,0,0,0,7,0,14,5
391166,0,1,1989,0,0,0,0,0,0,0,0,7,0
391166,1,1,1989,0,0,0,0,0,0,0,0,0,0
391167,1,1,1989,0,0,0,0,0,0,0,0,0,0
391167,2,1,1989,0,0,0,0,0,0,0,0,0,0
391168,1,1,1989,13,24,17,10,18,22,0,15,13,0
391169,1,1,1989,18,18,18,18,18,18,18,18,18,18
391169,2,1,1989,0,0,0,0,0,0,0,0,0,0
391170,1,1,1989,0,0,0,0,0,0,0,0,0,0
391170,2,1,1989,0,0,0,0,0,0,0,0,0,0
391171,0,1,1989,0,17,12,0,20,0,0,19,10,0
391171,1,1,1989,0,0,21,12,0,0,0,0,0,0
391172,1,1,1989,9,9,9,9,9,9,9,9,9,9
391173,1,1,1989,0,11,0,12,0,0,0,0,0,0
391174,1,1,1989,6,6,6,6,6,6,6,6,6,6
391174,2,1,1989,0,0,0,0,0,0,0,9,0,0
391175,0,1,1989,17,17,17,17,17,17,17,17,17,17
391175,0,2,1989,0,0,0,0,2,23,0,18,12,10
391175,1,1,1989,0,0,0,0,0,0,0,0,0,0
391177,1,1,1989,15,15,15,15,15,15,15,15,15,15
391178,1,1,1989,15,28,2,23,24,23,24,7,18,4
391180,1,1,1989,22,22,22,22,22,22,22,22,22,22
391181,1,1,1989,13,13,13,13,13,13,13,13,13,13
391182,0,1,1989,0,0,0,0,0,0,0,0,0,0
391182,1,1,1989,0,0,0,0,0,0,0,0,0,0
391182,2,1,1989,0,0,0,5,14,0,0,0,0,0
391182,3,1,1989,0,0,0,0,0,0,0,0,0,0
391184,0,1,1989,2,2,2,2,2,2,2,2,2,2
391184,1,1,1989,16,0,0,0,33,0,0,0,0,0
391185,1,1,1989,15,15,15,15,15,15,15,15,15,15
391186,1,1,1989,11,11,11,11,11,11,11,11,11,11
391187,1,1,1989,0,0,0,0,0,0,0,0,0,0
391187,2,1,1989,0,0,0,0,0,0,0,0,0,0
391188,1,1,1989,0,0,0,0,15,0,0,0,0,0
391188,2,1,1989,0,0,0,0,0,0,0,0,0,0
391189,0,1,1989,0,0,0,0,0,0,0,0,0,0
391189,1,1,1989,0,0,0,0,0,0,0,0,0,0
391190,0,1,1989,33,12,0,13,37,11,14,10,6,9
391190,1,1,1989,0,0,0,0,0,0,0,0,0,0
391191,1,1,1989,28,23,6,59,20,29,25,31,13,19
391192,1,1,1989,0,0,0,0,15,0,0,0,0,0
391193,1,1,1989,0,0,0,0,0,0,0,0,0,0
391193,2,1,1989,18,0,8,34,17,0,36,0,0,0
391194,1,1,1989,0,0,0,0,0,0,0,0,0,0
391194,2,1,1989,0,0,0,0,0,0,0,0,0,0
391196,0,1,1989,17,17,17,17,17,17,17,17,17,17
391196,1,1,1989,0,0,0,0,0,0,2,0,0,0
391197,1,1,1989,0,0,0,0,0,0,13,0,0,0
391198,1,1,1989,39,11,31,23,16,22,29,27,45,8
391199,1,1,1989,0,0,0,0,0,0,0,0,0,0
391199,2,1,1989,19,19,20,0,28,21,27,6,19,16
391200,1,1,1989,20,20,20,20,20,20,20,20,20,20
391201,1,1,1989,0,0,0,0,0,0,0,0,6,0
391201,2,1,1989,3,3,3,3,3,3,3,3,3,3
391202,1,1,1989,23,0,22,0,19,11,0,9,0,19
391203,1,1,1989,0,0,0,0,0,0,0,0,0,0
391203,2,1,1989,0,0,0,0,0,0,0,0,0,0
391204,1,1,1989,0,0,0,0,0,0,0,0,0,0
391205,1,1,1989,0,0,0,0,0,0,0,0,0,0
391205,2,1,1989,0,0,0,0,0,0,0,0,0,0
391206,1,1,1989,0,0,0,0,0,0,0,0,0,0
391206,2,1,1989,0,0,0,0,0,12,0,0,0,0
391207,1,1,1989,16,0,0,0,0,0,0,0,0,0
391207,2,1,1989,0,0,0,0,0,0,0,0,0,0
391208,1,1,1989,10,25,5,17,18,0,20,15,17,20
391209,1,1,1989,0,25,4,0,16,28,0,11,27,9
391209,2,1,1989,0,0,0,0,0,0,0,0,0,0
391211,1,1,1989,0,0,0,0,0,0,0,0,0,0
391211,2,1,1989,0,0,0,0,0,0,24,0,0,0
391211,3,1,1989,0,0,0,0,0,0,0,0,0,0
391212,1,1,1989,0,0,0,0,0,0,0,0,0,0
391212,2,1,1989,0,0,0,0,0,0,0,0,11,0
391213,1,1,1989,0,0,12,0,13,9,0,4,0,0
391215,1,1,1989,18,18,18,18,18,18,18,18,18,18
391215,2,1,1989,0,0,0,13,0,0,0,0,0,0
391215,3,1,1989,0,0,0,0,0,0,0,0,0,0
391216,1,1,1989,12,12,12,12,12,12,12,12,12,12
391216,2,1,1989,10,0,0,0,0,0,28,0,0,0
391217,1,1,1989,0,0,8,0,0,10,0,0,0,0
391217,2,1,1989,0,0,0,0,0,0,0,0,0,0
391218,1,1,1989,0,0,0,0,0,0,0,0,0,0
391218,2,1,1989,0,0,0,0,0,0,0,0,0,0
391218,3,1,1989,0,0,0,0,0,0,0,15,0,0
391219,1,1,1989,9,28,0,22,11,25,25,23,10,32
391221,0,1,1989,0,0,0,0,0,0,0,0,0,0
391221,1,1,1989,0,0,0,0,0,0,0,0,0,0
391223,1,1,1989,0,0,0,0,0,0,0,0,0,0
391224,1,1,1989,0,0,0,0,0,0,0,0,0,0
391224,2,1,1989,37,37,37,37,37,37,37,37,37,37
391225,1,1,1989,0,0,0,0,0,0,0,0,0,0
391225,2,1,1989,0,0,0,0,0,0,0,0,0,0
391226,0,1,1989,0,0,20,0,15,18,12,10,0,0
391226,1,1,1989,0,0,0,0,0,0,0,0,0,0
391227,0,1,1989,13,28,9,22,18,73,22,19,22,34
391227,1,1,1989,0,0,0,0,0,0,0,0,14,16
391228,1,1,1989,0,0,0,0,0,0,0,0,0,0
391228,2,1,1989,0,0,0,0,0,0,0,0,20,0
391229,0,1,1989,0,0,0,0,0,0,0,0,0,0
391229,0,2,1989,0,0,0,0,0,0,0,0,0,0
391229,1,1,1989,0,0,0,0,0,0,0,0,0,0
391230,1,1,1989,0,19,14,15,24,0,0,0,0,0
391231,2,1,1989,2,25,0,0,0,16,0,0,0,0
391232,1,1,1989,0,0,13,0,0,0,0,0,0,0
391232,2,1,1989,34,20,13,0,18,0,15,0,0,0
391233,0,1,1989,0,0,0,0,0,0,0,0,0,0
391233,1,1,1989,0,0,0,23,0,0,0,0,0,0
391234,1,1,1989,0,0,0,0,0,0,0,0,0,0
391234,2,1,1989,0,0,0,0,0,0,0,0,0,0
391235,1,1,1989,0,0,0,15,0,0,0,0,0,0
391235,2,1,1989,0,0,0,0,0,0,0,0,0,0
391236,1,1,1989,0,0,0,0,0,0,0,0,0,0
391236,2,1,1989,21,0,12,8,0,0,0,0,0,0
391237,1,1,1989,0,0,0,0,0,0,0,0,0,0
391237,2,1,1989,0,0,0,0,0,15,0,17,0,0
391238,1,1,1989,15,16,0,0,16,0,0,0,0,0
391239,1,1,1989,21,0,0,0,0,0,0,12,0,0
391239,2,1,1989,22,13,15,0,0,0,0,18,0,0
391240,1,1,1989,0,0,0,0,0,0,0,0,0,0
391240,2,1,1989,0,0,0,0,0,0,0,0,0,0
391241,1,1,1989,29,12,14,15,16,8,20,24,0,9
391241,2,1,1989,0,0,0,0,0,0,0,11,0,0
391242,1,1,1989,4,15,0,0,0,0,0,0,0,0
391243,1,1,1989,0,0,14,16,26,27,25,0,15,17
391244,1,1,1989,26,26,26,26,26,26,26,26,26,26
391245,1,1,1989,0,0,0,0,0,0,0,17,0,0
391246,1,1,1989,22,0,0,14,11,0,14,0,0,0
391247,1,1,1989,0,0,0,3,20,0,20,0,0,0
391248,1,1,1989,0,0,0,28,26,0,6,0,0,0
391250,1,1,1989,0,0,0,0,0,0,0,0,0,0
391250,2,1,1989,0,0,0,0,0,21,0,0,0,0
391251,0,1,1989,21,20,19,22,24,0,32,24,17,0
391251,1,1,1989,0,0,0,0,0,0,0,0,0,0
391252,1,1,1989,0,0,0,0,0,0,0,0,0,0
391252,2,1,1989,19,19,19,19,19,19,19,19,19,19
391253,1,1,1989,0,0,0,0,0,0,0,0,0,5
391254,1,1,1989,0,0,0,0,0,0,0,0,0,0
391254,2,1,1989,0,0,0,0,0,0,0,0,0,0
391255,1,1,1989,16,16,16,16,16,16,16,16,16,16
391256,1,1,1989,0,0,0,15,0,11,0,4,0,0
391257,1,1,1989,0,0,0,0,0,0,0,0,0,0
391257,2,1,1989,0,0,0,0,0,0,0,0,0,0
391258,1,1,1989,23,23,23,23,23,23,23,23,23,23
391259,0,1,1989,23,23,23,23,23,23,23,23,23,23
391259,1,1,1989,0,0,0,0,0,0,0,0,0,0
391259,2,1,1989,0,0,0,0,0,0,0,0,0,0
391259,3,1,1989,0,0,0,0,0,0,3,0,0,0
391260,1,1,1989,35,35,35,35,35,35,35,35,35,35
391261,1,1,1989,24,24,24,24,24,24,24,24,24,24
391261,2,1,1989,0,11,7,0,0,19,0,16,0,0
391262,1,1,1989,16,19,39,17,16,20,16,24,24,20
391263,1,1,1989,0,0,0,0,0,0,0,0,0,0
391264,1,1,1989,21,0,16,10,0,0,0,0,0,0
391265,1,1,1989,0,0,0,0,0,0,0,0,0,0
391266,1,1,1989,0,0,0,0,0,0,0,0,0,0
391268,1,1,1989,0,0,0,0,0,0,10,0,2,19
391269,0,1,1989,0,0,0,0,0,0,0,0,0,0
391269,1,1,1989,0,0,0,0,0,0,0,0,0,0
391270,1,1,1989,0,0,0,19,0,0,0,0,0,0
391270,2,1,1989,22,22,22,22,22,22,22,22,22,22
391271,1,1,1989,0,0,0,0,0,0,0,0,0,0
391271,2,1,1989,0,0,0,0,0,0,0,0,0,0
391271,3,1,1989,0,0,0,0,0,0,0,0,0,0
391272,1,1,1989,22,22,22,22,22,22,22,22,22,22
391273,1,1,1989,0,0,0,0,0,0,16,0,0,0
391273,2,1,1989,0,0,0,0,0,0,19,0,0,16
391274,0,1,1989,0,0,0,0,0,0,0,0,0,0
391274,1,1,1989,0,0,0,0,0,0,0,0,0,0
391275,1,1,1989,0,0,0,0,0,0,0,0,0,0
391275,2,1,1989,0,0,0,0,0,0,0,0,0,0
391275,3,1,1989,0,0,0,0,0,0,0,0,0,0
391276,1,1,1989,0,0,0,0,0,0,0,0,0,0
391276,2,1,1989,0,0,0,0,0,0,0,0,0,0
391277,1,1,1989,21,21,21,21,21,21,21,21,21,21
391277,2,1,1989,0,0,0,0,0,0,0,0,0,0
391278,0,1,1989,0,16,0,0,0,0,0,0,0,0
391278,1,1,1989,0,0,0,0,0,0,0,0,0,0
391279,1,1,1989,0,0,0,0,0,0,0,0,0,0
391280,1,1,1989,10,26,0,11,19,19,25,13,0,6
391281,1,1,1989,0,0,0,0,0,0,0,0,0,0
391281,2,1,1989,0,0,0,0,0,0,0,0,19,0
391282,1,1,1989,0,0,0,0,0,0,0,0,0,0
391282,2,1,1989,0,0,0,0,0,0,0,0,0,0
391283,1,1,1989,14,15,19,2,2,17,10,5,24,15
391283,2,1,1989,0,0,0,0,0,23,0,0,0,0
391284,1,1,1989,0,0,0,0,0,0,0,0,0,0
391284,2,1,1989,0,0,0,0,0,0,0,0,0,0
391284,3,1,1989,0,0,0,0,0,0,0,0,0,0
391285,1,1,1989,22,22,22,22,22,22,22,22,22,22
391286,1,1,1989,18,18,18,18,18,18,18,18,18,18
391287,1,1,1989,0,0,0,0,0,0,0,0,0,0
391287,2,1,1989,0,0,0,0,0,0,0,0,0,0
391289,1,1,1989,18,16,20,18,11,38,15,10,19,15
391289,2,1,1989,0,0,0,0,0,0,0,0,0,0
391290,1,1,1989,0,0,0,0,0,0,0,0,0,0
391290,2,1,1989,0,0,0,0,0,0,0,0,0,0
391291,1,1,1989,2,23,20,17,29,19,24,20,10,5
391292,0,1,1989,25,25,25,25,25,25,25,25,25,25
391292,1,1,1989,0,0,0,0,0,0,0,0,0,0
391293,1,1,1989,32,32,32,32,32,32,32,32,32,32
391293,2,1,1989,0,0,0,0,0,0,0,0,0,0
391294,1,1,1989,11,11,11,11,11,11,11,11,11,11
391295,1,1,1989,0,0,0,0,0,0,0,0,0,0
391295,2,1,1989,0,0,0,0,0,0,0,0,0,0
391296,1,1,1989,0,0,0,0,0,0,0,0,0,0
391296,2,1,1989,0,0,0,0,0,0,0,13,0,17
391297,1,1,1989,14,14,14,14,14,14,14,14,14,14
391297,2,1,1989,0,0,0,0,0,0,0,0,0,0
391298,1,1,1989,0,0,0,0,0,0,0,0,0,0
391299,0,1,1989,0,0,0,0,0,0,0,0,0,0
391299,1,1,1989,0,0,0,0,0,0,0,0,0,0
391300,1,1,1989,0,0,0,0,0,0,0,0,0,0
391301,1,1,1989,0,21,0,0,37,38,0,22,14,0
391302,1,1,1989,0,0,0,23,0,0,22,18,33,0
391303,1,1,1989,12,12,12,12,12,12,12,12,12,12
391304,1,1,1989,9,0,0,10,15,18,0,0,9,0
391305,1,1,1989,16,16,16,16,16,16,16,16,16,16
391306,0,1,1989,0,0,0,0,0,0,0,0,0,0
391306,1,1,1989,0,0,0,0,0,0,0,0,0,0
391307,1,1,1989,16,16,16,16,16,16,16,16,16,16
391307,2,1,1989,0,0,0,0,0,0,0,0,0,0
391308,1,1,1989,27,27,27,27,27,27,27,27,27,27
391308,2,1,1989,0,0,0,0,0,0,0,0,0,0
391309,1,1,1989,0,0,0,0,0,0,17,0,0,11
391310,1,1,1989,0,0,0,0,0,0,0,0,0,0
391312,0,1,1989,0,0,0,0,0,0,0,0,0,0
391312,1,1,1989,0,0,0,0,0,0,0,0,0,0
391313,2,1,1989,16,16,16,16,16,16,16,16,16,16
391314,1,1,1989,0,0,0,0,0,12,18,10,0,10