ST_CASE,VEH_NO,PER_NO,YEAR,P1,P2,P3,P4,P5,P6,P7,P8,P9,P10
391599,1,1,1989,0,0,0,0,0,0,0,0,0,0
391600,1,1,1989,1,1,1,1,1,1,1,1,1,1
391601,0,1,1989,0,0,0,0,0,0,0,0,0,0
391601,1,1,1989,0,0,0,0,0,0,0,0,0,0
391602,1,1,1989,0,0,0,0,0,0,0,0,0,0
391602,2,1,1989,0,0,0,0,0,0,0,0,0,0
391603,1,1,1989,0,0,0,0,0,0,19,22,0,0
391604,1,1,1989,39,0,0,14,10,0,0,0,0,0
391604,2,1,1989,0,0,0,0,0,0,0,0,0,0
391604,3,1,1989,0,0,0,0,0,0,0,0,0,0
391605,0,1,1989,0,0,14,10,0,0,0,0,0,0
391605,1,1,1989,0,0,0,0,0,0,0,0,0,0
391606,1,1,1989,0,0,0,0,0,0,0,0,0,0
391606,2,1,1989,0,0,0,0,0,0,0,0,0,0
391606,3,1,1989,0,0,0,0,0,0,0,0,0,0
391606,4,1,1989,0,0,0,12,0,0,0,0,0,0
391607,1,1,1989,0,0,0,0,15,0,0,0,0,14
391607,2,1,1989,0,16,14,24,0,0,20,0,13,18
391608,1,1,1989,0,0,0,0,0,0,0,0,0,0
391608,2,1,1989,0,0,0,0,0,0,0,0,0,0
391609,1,1,1989,0,0,0,0,0,0,0,6,0,0
391609,2,1,1989,0,0,0,0,0,0,0,0,0,3
391609,3,1,1989,0,0,10,0,0,0,0,0,0,0
391609,4,1,1989,0,0,0,0,0,0,0,0,0,9
391609,5,1,1989,0,0,6,8,0,0,0,0,0,0
391609,6,1,1989,0,0,0,0,0,0,0,0,0,0
391609,7,1,1989,0,0,0,0,0,0,0,0,0,0
391610,1,1,1989,5,21,9,23,4,0,16,8,4,30
391611,1,1,1989,0,13,9,20,0,0,0,17,18,29
391613,1,1,1989,0,0,0,0,0,0,0,0,0,0
391613,2,1,1989,0,0,0,0,0,0,0,0,0,0
391615,1,1,1989,21,21,21,21,21,21,21,21,21,21
391616,1,1,1989,0,0,7,26,24,0,0,21,0,10
391617,1,1,1989,0,0,0,0,0,0,0,0,13,0
391618,1,1,1989,0,0,0,0,0,0,0,0,0,0
391618,2,1,1989,0,0,0,0,0,0,0,0,0,0
391619,1,1,1989,0,0,0,0,0,0,0,0,0,0
391619,2,1,1989,17,0,0,8,0,0,0,0,0,0
391620,1,1,1989,23,0,0,0,0,0,0,0,0,0
391620,2,1,1989,0,0,0,0,0,0,0,0,0,0
391621,1,1,1989,12,18,15,7,5,0,14,24,0,24
391622,1,1,1989,0,0,0,0,0,0,0,0,0,0
391622,2,1,1989,0,0,0,0,0,0,0,0,0,0
391623,1,1,1989,19,19,19,19,19,19,19,19,19,19
391624,1,1,1989,0,0,0,0,0,0,0,0,0,0
391625,1,1,1989,0,0,0,0,11,0,6,0,0,0
391626,1,1,1989,0,0,0,0,0,0,0,0,0,0
391626,2,1,1989,0,0,0,0,10,0,0,0,0,0
391627,1,1,1989,0,0,0,0,0,0,0,0,0,0
391628,1,1,1989,0,0,0,0,0,31,0,11,0,0
391628,2,1,1989,0,0,19,0,0,0,0,0,0,0
391629,0,1,1989,0,29,0,0,18,0,0,0,29,0
391629,1,1,1989,0,0,0,0,0,0,0,0,0,0
391630,1,1,1989,0,0,0,0,0,0,0,0,0,0
391630,2,1,1989,0,0,0,0,0,0,0,0,0,0
391630,3,1,1989,0,0,0,20,0,9,0,0,0,0
391630,4,1,1989,0,0,0,0,0,0,0,0,0,0
391631,1,1,1989,0,0,0,0,0,0,0,0,0,0
391631,2,1,1989,29,29,29,29,29,29,29,29,29,29
391632,0,1,1989,21,21,21,21,21,21,21,21,21,21
391633,1,1,1989,0,0,0,12,7,7,4,0,0,0
391633,2,1,1989,14,14,14,14,14,14,14,14,14,14
391634,1,1,1989,0,0,0,0,0,0,0,0,0,0
391634,2,1,1989,0,0,0,0,0,0,0,0,0,9
391635,0,1,1989,9,26,36,16,35,0,20,29,35,36
391636,1,1,1989,0,22,0,9,3,0,0,0,0,0
391637,1,1,1989,16,16,16,16,16,16,16,16,16,16
391638,0,1,1989,18,0,0,0,21,0,0,0,0,0
391638,1,1,1989,0,6,0,0,0,0,0,0,0,0
391639,1,1,1989,0,0,0,0,0,0,0,0,0,0
391640,0,1,1989,0,0,0,0,0,0,0,0,0,0
391641,0,1,1989,0,0,0,0,0,0,0,0,0,0
391641,1,1,1989,0,0,0,0,0,0,0,0,0,0
391641,2,1,1989,0,0,0,0,0,0,0,0,0,0
391641,3,1,1989,0,0,0,0,0,0,0,0,0,0
391642,1,1,1989,0,0,0,0,0,0,0,0,0,14
391642,2,1,1989,0,0,0,0,0,0,0,0,0,0
391643,1,1,1989,0,0,0,0,0,0,0,0,0,0
391643,2,1,1989,0,15,0,0,0,0,0,0,0,0
391644,1,1,1989,0,17,12,0,6,0,9,12,18,0
391645,1,1,1989,0,0,0,0,0,0,0,0,0,0
391645,2,1,1989,0,0,0,0,0,0,0,0,0,0
391646,1,1,1989,10,0,0,0,0,20,0,0,0,0
391647,1,1,1989,18,27,20,6,14,21,23,21,29,13
391648,0,1,1989,0,0,38,11,0,0,0,0,0,17
391648,1,1,1989,0,0,0,0,0,0,0,0,0,0
391649,1,1,1989,0,0,0,0,0,0,0,0,0,0
391649,2,1,1989,0,0,0,0,0,0,0,0,0,0
391650,1,1,1989,25,25,25,25,25,25,25,25,25,25
391651,1,1,1989,0,0,13,23,0,24,14,22,0,13
391652,1,1,1989,9,16,20,15,25,4,19,15,12,2
391652,2,1,1989,0,0,0,0,0,0,0,0,0,0
391653,0,1,1989,0,0,0,0,0,0,0,0,0,0
391653,0,2,1989,0,0,0,0,0,0,0,0,0,0
391653,1,1,1989,0,0,0,19,0,0,0,0,11,22
391654,1,1,1989,0,0,0,0,0,0,0,0,0,0
391654,2,1,1989,0,0,0,0,0,0,0,0,0,0
391655,1,1,1989,0,0,0,0,0,0,0,0,0,0
391656,0,1,1989,0,0,0,0,19,0,0,0,0,0
391656,0,2,1989,0,12,14,0,21,0,23,10,0,24
391656,1,1,1989,0,0,0,0,0,0,0,0,0,0
391657,1,1,1989,0,0,13,0,0,0,0,0,0,0
391657,2,1,1989,0,0,0,0,0,0,0,0,0,0
391658,1,1,1989,26,7,14,10,18,14,38,19,10,14
391659,1,1,1989,0,0,0,0,0,0,0,0,0,0
391659,2,1,1989,0,0,0,0,0,0,0,17,0,0
391660,1,1,1989,0,5,0,0,0,0,0,0,0,0
391660,2,1,1989,0,0,0,0,0,0,0,0,0,0
391661,1,1,1989,0,0,0,0,0,0,0,21,0,0
391661,2,1,1989,15,3,9,10,3,24,6,25,15,0
391662,0,1,1989,16,23,18,0,0,13,17,17,7,0
391662,1,1,1989,12,10,8,0,0,0,0,0,0,0
391663,1,1,1989,0,0,0,0,0,0,0,0,0,0
391663,2,1,1989,0,0,0,0,0,0,0,0,0,0
391664,0,1,1989,15,0,0,0,12,0,18,0,0,15
391664,2,1,1989,0,0,0,0,0,0,0,0,0,8
391665,1,1,1989,0,0,0,0,0,0,27,0,0,20
391665,2,1,1989,0,0,0,0,0,0,0,0,0,0
391666,1,1,1989,14,0,4,7,14,11,17,0,16,0
391667,1,1,1989,0,0,4,0,0,0,0,0,0,0
391667,2,1,1989,0,0,0,0,0,21,14,0,20,0
391668,1,1,1989,0,0,0,0,0,0,0,0,0,0
391668,2,1,1989,0,0,0,0,0,0,0,0,0,0
391669,1,1,1989,0,0,0,0,0,2,0,0,0,0
391669,2,1,1989,17,0,0,0,0,0,0,0,0,0
391669,3,1,1989,0,0,0,0,10,0,0,0,0,0
400001,1,1,1989,30,17,8,0,21,0,9,0,0,0
400001,2,1,1989,0,12,13,5,0,0,0,0,0,24
400002,1,1,1989,23,23,23,23,23,23,23,23,23,23
400003,1,1,1989,0,0,0,0,0,0,0,0,0,0
400003,2,1,1989,0,0,0,0,0,0,0,0,0,0
400004,1,1,1989,0,0,0,0,0,0,0,0,0,11
400004,2,1,1989,0,0,0,0,0,15,0,0,0,0
400005,1,1,1989,21,21,21,21,21,21,21,21,21,21
400005,2,1,1989,0,0,0,0,0,0,0,0,0,0
400006,1,1,1989,0,11,0,0,0,0,0,0,0,0
400007,0,1,1989,0,0,0,0,0,0,0,0,0,0
400007,1,1,1989,0,0,0,0,0,0,0,0,0,0
400008,0,1,1989,14,14,14,14,14,14,14,14,14,14
400008,1,1,1989,0,0,0,0,0,0,0,0,0,0
400009,1,1,1989,0,0,0,0,0,0,0,0,0,0
400010,1,1,1989,47,47,47,47,47,47,47,47,47,47
400011,1,1,1989,0,0,0,0,0,12,0,0,0,0
400011,2,1,1989,0,0,0,0,0,0,0,0,0,0
400011,3,1,1989,0,0,0,0,0,0,0,0,0,0
400012,1,1,1989,0,0,0,0,0,0,0,0,0,0
400013,0,1,1989,0,0,0,0,0,0,0,0,0,0
400013,1,1,1989,0,0,0,0,0,0,0,0,0,0
400013,2,1,1989,0,0,0,0,0,0,0,0,0,0
400014,1,1,1989,18,18,18,18,18,18,18,18,18,18
400014,2,1,1989,0,0,0,0,0,0,0,0,0,0
400015,1,1,1989,0,0,0,0,0,34,0,0,0,0
400015,2,1,1989,0,0,0,0,0,0,0,0,0,0
400016,1,1,1989,0,0,0,0,0,0,0,0,0,0
400017,1,1,1989,0,0,0,0,0,0,0,0,0,0
400018,1,1,1989,0,0,0,0,0,0,0,5,0,29
400018,2,1,1989,0,0,0,0,0,0,0,0,0,0
400019,1,1,1989,0,0,0,0,0,0,0,0,0,0
400020,1,1,1989,0,0,0,0,0,0,0,0,0,0
400021,1,1,1989,0,0,0,0,0,0,0,0,0,0
400022,1,1,1989,0,0,0,0,0,0,0,0,0,0
400022,2,1,1989,0,0,0,0,0,0,0,0,0,0
400023,1,1,1989,0,0,0,0,0,0,0,0,0,0
400024,1,1,1989,0,0,0,0,0,0,0,0,0,0
400024,2,1,1989,9,17,22,7,18,11,9,19,17,11
400025,0,1,1989,0,34,0,0,0,0,0,10,0,0
400025,1,1,1989,0,0,0,0,0,0,5,0,0,0
400026,1,1,1989,0,0,0,0,0,0,0,0,0,0
400027,1,1,1989,17,17,17,17,17,17,17,17,17,17
400027,2,1,1989,0,0,0,0,0,0,0,0,0,0
400028,1,1,1989,25,25,25,25,25,25,25,25,25,25
400029,1,1,1989,0,0,0,0,0,0,0,0,0,0
400030,1,1,1989,32,32,32,32,32,32,32,32,32,32
400031,1,1,1989,0,0,0,0,0,0,0,0,0,0
400031,2,1,1989,0,0,0,0,0,0,0,0,0,0
400032,1,1,1989,0,0,10,2,6,0,0,0,0,18
400033,1,1,1989,0,0,22,0,0,24,0,0,0,0
400034,1,1,1989,21,21,21,21,21,21,21,21,21,21
400034,2,1,1989,0,0,0,0,0,0,0,0,0,0
400035,1,1,1989,0,0,0,0,0,0,0,0,0,0
400036,1,1,1989,0,0,0,0,0,0,0,0,0,0
400036,2,1,1989,0,0,0,0,0,0,0,0,0,0
400037,1,1,1989,0,11,0,0,0,0,0,0,0,0
400037,2,1,1989,0,0,0,0,0,0,0,0,0,0
400038,1,1,1989,14,14,14,14,14,14,14,14,14,14
400038,2,1,1989,20,20,20,20,20,20,20,20,20,20
400039,1,1,1989,0,0,0,0,0,0,0,0,0,0
400040,0,1,1989,0,0,0,0,0,0,0,0,0,0
400040,1,1,1989,0,0,0,0,0,0,0,0,0,0
400041,1,1,1989,0,0,0,0,0,0,0,0,0,0
400041,2,1,1989,2,2,2,2,2,2,2,2,2,2
400042,1,1,1989,27,27,27,27,27,27,27,27,27,27
400043,1,1,1989,12,12,12,12,12,12,12,12,12,12
400044,1,1,1989,0,0,0,0,0,0,16,0,0,0
400045,1,1,1989,0,41,0,0,0,0,0,0,0,0
400045,2,1,1989,0,0,0,0,0,0,0,0,0,0
400046,1,1,1989,0,0,0,0,0,0,0,0,0,0
400046,2,1,1989,0,0,0,0,0,0,0,0,0,0
400047,1,1,1989,0,0,0,0,0,0,0,0,0,0
400047,2,1,1989,13,13,13,13,13,13,13,13,13,13
400048,1,1,1989,19,19,19,19,19,19,19,19,19,19
400049,0,1,1989,0,0,0,0,0,0,20,0,0,0
400050,1,1,1989,0,0,0,0,19,0,0,0,5,30
400050,2,1,1989,0,0,0,0,0,0,0,0,0,0
400051,1,1,1989,0,0,0,0,0,0,0,0,0,0
400051,2,1,1989,0,0,0,0,0,0,0,0,0,0
400052,1,1,1989,0,0,0,0,0,0,0,0,0,0
400052,2,1,1989,0,0,0,0,0,0,0,0,0,0
400052,3,1,1989,26,26,26,26,26,26,26,26,26,26
400053,1,1,1989,35,0,15,38,32,20,8,15,27,0
400054,1,1,1989,16,16,16,16,16,16,16,16,16,16
400055,1,1,1989,17,0,0,0,0,0,0,0,0,0
400055,2,1,1989,0,0,0,0,0,0,0,0,0,0
400056,1,1,1989,0,0,0,0,0,0,0,0,0,0
400056,2,1,1989,11,0,0,0,0,0,0,0,0,0
400057,1,1,1989,21,21,21,21,21,21,21,21,21,21
400058,1,1,1989,0,0,0,0,0,0,0,0,0,0
400059,1,1,1989,25,10,25,16,12,20,21,29,22,22
400059,2,1,1989,0,0,0,0,0,0,0,0,0,0
400060,1,1,1989,0,0,0,33,0,0,0,0,0,0
400061,1,1,1989,0,0,0,0,0,0,0,0,0,6
400061,2,1,1989,0,0,0,0,0,0,0,0,0,0
400062,1,1,1989,25,25,25,25,25,25,25,25,25,25
400062,2,1,1989,0,0,0,0,0,10,0,0,0,0
400063,1,1,1989,0,0,0,0,0,0,0,0,0,0
400063,2,1,1989,0,0,0,0,0,0,0,0,0,0
400063,3,1,1989,0,0,0,0,0,0,0,0,0,0
400064,1,1,1989,20,20,20,20,20,20,20,20,20,20
400064,2,1,1989,0,0,0,0,0,0,0,0,0,0
400065,1,1,1989,23,23,23,23,23,23,23,23,23,23
400066,1,1,1989,4,4,4,4,4,4,4,4,4,4
400066,2,1,1989,7,7,7,7,7,7,7,7,7,7
400067,1,1,1989,0,0,0,0,0,0,0,0,0,0
400067,2,1,1989,0,0,0,0,0,0,0,0,0,0
400068,1,1,1989,14,14,14,14,14,14,14,14,14,14
400069,1,1,1989,0,0,0,0,0,0,0,0,0,0
400070,1,1,1989,0,0,0,0,0,0,0,0,0,0
400071,1,1,1989,15,6,4,15,14,19,6,0,14,7
400072,1,1,1989,0,0,0,0,24,0,0,0,35,0
400073,1,1,1989,22,22,22,22,22,22,22,22,22,22
400073,2,1,1989,0,0,0,0,0,0,0,0,0,0
400074,0,1,1989,0,0,0,0,0,0,0,0,0,0
400074,1,1,1989,0,0,0,0,0,0,0,0,0,0
400075,1,1,1989,17,25,23,27,15,16,0,23,19,9
400076,0,1,1989,0,0,0,0,0,0,0,0,0,0
400076,1,1,1989,0,0,0,0,0,0,0,0,0,0
400077,1,1,1989,0,0,0,0,0,0,0,0,0,0
400078,1,1,1989,23,23,23,23,23,23,23,23,23,23
400079,0,1,1989,0,0,0,0,0,0,0,0,0,0
400079,1,1,1989,22,22,22,22,22,22,22,22,22,22
400080,1,1,1989,0,0,0,0,0,0,7,0,0,0
400081,1,1,1989,22,5,24,3,17,14,18,3,26,20
400082,1,1,1989,0,0,0,0,0,0,0,0,0,0
400082,2,1,1989,0,0,0,0,0,0,0,0,0,0
400082,3,1,1989,0,0,0,0,13,0,0,0,0,0
400083,1,1,1989,0,0,0,0,0,0,0,0,0,0
400083,2,1,1989,0,0,0,0,0,0,0,0,0,0
400084,1,1,1989,15,15,15,15,15,15,15,15,15,15
400084,2,1,1989,0,0,0,0,0,22,0,0,0,0
400085,1,1,1989,0,0,0,0,0,0,0,0,0,0
400086,1,1,1989,21,21,21,21,21,21,21,21,21,21
400087,0,1,1989,22,22,22,22,22,22,22,22,22,22
400087,1,1,1989,0,0,0,0,0,0,0,0,0,0
400088,1,1,1989,20,17,8,27,12,20,0,21,25,19
400088,2,1,1989,0,0,0,0,0,0,0,0,0,0
400089,1,1,1989,0,0,0,0,0,0,0,0,0,0
400090,1,1,1989,0,0,0,0,0,0,0,0,0,0
400091,1,1,1989,0,0,0,0,0,0,0,0,0,0
400092,1,1,1989,0,0,0,0,0,0,0,0,0,0
400093,1,1,1989,0,0,0,0,0,0,0,0,0,0
400093,2,1,1989,0,0,0,0,0,0,0,0,0,0
400093,3,1,1989,0,0,0,0,0,0,0,0,0,0
400094,0,1,1989,5,5,5,5,5,5,5,5,5,5
400094,1,1,1989,0,0,0,0,0,0,0,0,0,0
400095,1,1,1989,24,24,24,24,24,24,24,24,24,24
400096,1,1,1989,17,17,17,17,17,17,17,17,17,17
400096,2,1,1989,0,0,0,0,0,0,0,0,0,0
400097,0,1,1989,24,24,24,24,24,24,24,24,24,24
400097,1,1,1989,0,0,0,0,0,0,0,0,0,0
400098,1,1,1989,0,0,0,0,0,0,0,0,0,0
400098,2,1,1989,0,0,0,0,0,0,0,0,0,0
400099,1,1,1989,19,19,19,19,19,19,19,19,19,19
400100,1,1,1989,0,0,0,0,0,0,0,0,0,0
400101,1,1,1989,0,0,0,0,0,0,0,0,0,0
400102,1,1,1989,0,0,0,0,0,0,0,0,0,0
400103,1,1,1989,0,0,0,0,0,0,0,0,0,0
400104,1,1,1989,16,10,0,0,21,0,0,0,30,6
400105,1,1,1989,25,10,27,12,0,0,0,0,0,4
400106,1,1,1989,0,0,0,0,0,0,0,0,0,0
400106,2,1,1989,0,0,14,0,0,0,0,0,0,0
400107,1,1,1989,11,0,26,0,0,0,0,23,0,0
400108,1,1,1989,0,0,0,0,0,0,0,0,0,0
400109,1,1,1989,0,0,0,0,0,0,0,0,0,0
400109,2,1,1989,0,0,0,0,0,0,0,0,0,0
400110,1,1,1989,0,0,0,0,10,0,0,0,0,0
400110,2,1,1989,11,11,11,11,11,11,11,11,11,11
400111,1,1,1989,27,27,27,27,27,27,27,27,27,27
400111,2,1,1989,0,0,0,0,0,0,0,0,0,0
400112,1,1,1989,13,13,13,13,13,13,13,13,13,13
400113,1,1,1989,13,27,20,19,14,25,2,14,11,23
400114,1,1,1989,0,0,0,0,0,0,0,0,0,0
400115,0,1,1989,0,0,0,0,0,0,0,0,0,0
400115,1,1,1989,0,0,0,0,0,0,0,0,0,0
400116,1,1,1989,8,8,8,8,8,8,8,8,8,8
400117,1,1,1989,22,22,22,22,22,22,22,22,22,22
400117,2,1,1989,0,0,0,0,0,0,0,0,0,0
400118,1,1,1989,0,0,0,0,0,0,0,0,0,12
400119,1,1,1989,0,0,0,0,0,0,0,0,0,0
400120,1,1,1989,24,0,8,0,0,0,0,0,0,0
400121,1,1,1989,0,0,0,0,0,0,0,0,0,0
400121,2,2,1989,0,0,0,0,0,0,0,0,0,0
400122,1,1,1989,0,0,0,0,0,0,0,0,0,0
400122,2,1,1989,0,0,0,0,0,0,0,0,0,0
400123,1,1,1989,21,21,21,21,21,21,21,21,21,21
400124,1,1,1989,0,0,0,0,0,0,0,0,0,0
400124,2,1,1989,0,0,0,0,0,0,0,0,0,0
400125,1,1,1989,0,0,0,0,0,16,0,0,0,0
400126,0,1,1989,17,17,17,17,17,17,17,17,17,17
400126,1,1,1989,0,0,0,0,0,0,0,0,0,0
400127,1,1,1989,0,0,0,0,0,0,0,0,0,0
400127,2,1,1989,0,0,0,0,0,0,0,0,0,0
400128,1,1,1989,0,0,0,0,0,0,0,0,0,0
400129,1,1,1989,14,14,14,14,14,14,14,14,14,14
400130,0,1,1989,0,0,0,0,0,0,0,0,0,0
400130,1,1,1989,0,0,0,0,0,0,0,0,0,0
400131,0,1,1989,0,0,0,0,0,0,0,0,0,0
400131,1,1,1989,9,16,10,0,19,6,14,9,23,16
400132,0,1,1989,0,0,0,0,0,0,0,0,0,0
400132,1,1,1989,0,0,0,0,0,0,0,0,0,0
400133,1,1,1989,0,0,0,0,0,0,0,0,0,0
400134,1,1,1989,0,0,0,0,10,0,20,0,9,0
400135,0,1,1989,0,0,0,0,0,0,0,0,0,0
400135,1,1,1989,0,0,0,0,0,0,0,0,0,0
400136,1,1,1989,0,0,0,0,0,0,0,0,0,0
400136,2,1,1989,0,0,0,0,0,0,0,0,0,0
400137,1,1,1989,19,19,19,19,19,19,19,19,19,19
400138,1,1,1989,8,8,5,16,14,21,12,12,5,19
400139,1,1,1989,0,9,12,0,0,0,0,0,0,0
400140,1,1,1989,4,4,4,4,4,4,4,4,4,4
400141,0,1,1989,44,44,44,44,44,44,44,44,44,44
400141,1,1,1989,0,0,0,0,0,0,0,27,0,0
400141,2,1,1989,0,0,21,0,0,0,0,0,0,0
400142,1,1,1989,22,22,22,22,22,22,22,22,22,22
400142,2,1,1989,0,0,0,0,0,0,0,0,7,0
400143,1,1,1989,23,23,23,23,23,23,23,23,23,23
400144,1,1,1989,0,0,0,0,0,0,0,0,0,0
400144,2,1,1989,0,0,0,0,0,0,0,0,0,0
400145,0,1,1989,26,26,26,26,26,26,26,26,26,26
400145,1,1,1989,0,0,0,0,0,0,0,0,0,0
400146,1,1,1989,24,24,24,24,24,24,24,24,24,24
400147,1,1,1989,14,14,14,14,14,14,14,14,14,14
400148,1,1,1989,0,0,0,0,0,0,0,0,0,0
400148,2,1,1989,0,0,0,0,0,0,0,0,0,0
400149,1,1,1989,16,21,12,46,25,16,10,16,26,11
400150,1,1,1989,18,18,18,18,18,18,18,18,18,18
400151,0,1,1989,0,0,0,0,0,0,0,0,0,0
400151,1,1,1989,0,0,0,0,0,0,0,0,10,0
400152,1,1,1989,0,0,0,26,21,14,28,0,7,0
400154,0,1,1989,0,4,0,6,0,0,0,25,0,0
400154,0,2,1989,7,0,0,7,0,0,0,23,3,14
400154,1,1,1989,11,11,11,11,11,11,11,11,11,11
400155,1,1,1989,22,22,22,22,22,22,22,22,22,22
400155,2,1,1989,0,0,0,0,0,2,0,0,0,0
400156,1,1,1989,0,0,0,0,0,0,0,0,0,0
400157,1,1,1989,0,0,0,0,0,0,0,0,0,0
400157,2,1,1989,0,0,0,0,0,0,14,0,0,0
400158,0,1,1989,31,31,31,31,31,31,31,31,31,31
400158,1,1,1989,13,0,0,0,0,0,0,0,0,0
400159,1,1,1989,0,0,0,0,0,0,0,0,0,0
400160,1,1,1989,0,0,0,0,0,0,0,0,0,0
400161,1,1,1989,19,27,18,25,10,27,8,17,18,9
400162,1,1,1989,18,20,19,14,16,16,8,30,9,27
400163,1,1,1989,8,8,8,8,8,8,8,8,8,8
400164,1,1,1989,0,0,0,0,0,0,0,0,0,0
400164,2,1,1989,0,0,0,0,0,0,0,0,0,0
400165,0,1,1989,0,0,0,0,0,0,0,0,0,0
400166,0,1,1989,0,0,0,0,0,0,0,0,0,0
400166,1,1,1989,0,0,0,14,0,0,0,0,0,0
400167,1,1,1989,21,21,21,21,21,21,21,21,21,21
400168,1,1,1989,25,0,11,0,1,0,0,0,0,0
400169,1,1,1989,0,0,0,0,0,0,0,0,0,0
400169,2,1,1989,0,0,0,0,0,0,0,0,0,0
400170,1,1,1989,22,15,17,25,23,16,27,14,31,22
400170,2,1,1989,0,0,0,0,0,0,0,0,0,0
400171,1,1,1989,0,0,0,0,0,0,0,0,0,0
400171,2,1,1989,7,0,0,0,0,0,0,0,0,0
400172,1,1,1989,0,0,0,0,0,0,0,0,0,0
400173,1,1,1989,0,0,0,0,0,0,0,0,0,0
400173,2,1,1989,0,0,0,0,0,0,0,0,0,0
400174,1,1,1989,0,14,8,5,0,0,0,23,9,5
400174,2,1,1989,0,0,0,0,0,0,0,0,0,0
400175,1,1,1989,0,0,0,0,0,0,15,0,0,0
400175,2,1,1989,21,21,21,21,21,21,21,21,21,21
400176,1,1,1989,21,0,0,10,11,11,4,14,11,11
400176,2,1,1989,0,0,0,0,0,0,0,0,0,0
400177,1,1,1989,0,0,0,0,0,0,0,0,0,0
400177,2,1,1989,3,3,3,3,3,3,3,3,3,3
400177,3,1,1989,0,0,0,0,0,0,0,0,0,0
400178,1,1,1989,25,25,25,25,25,25,25,25,25,25
400178,2,2,1989,0,0,0,0,0,0,0,0,0,0
400179,1,1,1989,0,0,0,0,0,0,0,0,0,0
400180,1,1,1989,0,0,0,0,0,0,0,0,16,0
400181,1,1,1989,0,0,0,0,0,0,0,0,0,0
400181,2,1,1989,0,0,0,0,0,0,0,0,0,0
400182,1,1,1989,15,15,15,15,15,15,15,15,15,15
400183,1,1,1989,0,0,0,0,0,0,0,0,0,0
400184,1,1,1989,15,15,15,15,15,15,15,15,15,15
400185,1,1,1989,0,0,0,0,0,13,0,0,0,0
400186,1,1,1989,14,14,14,14,14,14,14,14,14,14
400186,2,1,1989,0,0,12,0,0,0,0,0,0,0
400187,1,1,1989,23,23,23,23,23,23,23,23,23,23
400187,2,1,1989,0,0,0,0,0,0,0,0,0,0
400188,0,1,1989,0,0,0,0,0,0,0,0,0,0
400188,0,2,1989,0,0,0,0,0,0,0,0,0,0
400188,1,1,1989,11,0,0,0,12,0,0,0,0,21
400189,0,1,1989,0,0,0,0,0,0,0,0,0,0
400189,1,1,1989,0,0,0,0,0,0,0,0,0,0
400190,1,1,1989,0,0,0,0,0,0,0,0,0,0
400191,1,1,1989,15,15,18,10,7,14,18,0,19,0
400192,1,1,1989,0,0,0,0,0,0,0,0,0,0
400193,1,1,1989,6,22,16,0,13,21,19,18,13,24
400194,1,1,1989,0,0,0,0,0,0,0,0,0,0
400194,2,1,1989,0,0,0,0,0,0,0,0,0,0
400195,1,1,1989,12,12,12,12,12,12,12,12,12,12
400196,1,1,1989,0,0,0,0,0,0,0,0,0,0
400196,2,1,1989,0,0,0,0,0,0,0,0,0,0
400197,1,1,1989,20,20,20,20,20,20,20,20,20,20
400198,1,1,1989,0,0,0,0,0,0,0,0,0,0
400198,2,1,1989,0,0,0,0,0,0,0,0,0,0
400199,1,1,1989,0,0,0,0,0,25,0,0,0,0
400200,1,1,1989,21,21,21,21,21,21,21,21,21,21
400201,1,1,1989,0,0,0,0,0,0,0,0,0,0
400201,2,1,1989,0,0,0,16,0,0,0,0,0,0
400202,1,1,1989,0,0,0,0,0,0,0,0,0,0
400202,2,1,1989,0,0,0,0,0,0,0,0,0,0
400203,0,1,1989,0,0,0,0,0,0,0,0,0,0
400203,1,1,1989,0,0,0,0,0,15,0,0,0,0
400204,1,1,1989,21,21,21,21,21,21,21,21,21,21
400204,2,1,1989,0,0,0,0,0,0,0,0,0,0
400205,1,1,1989,24,24,24,24,24,24,24,24,24,24
400206,0,1,1989,32,32,32,32,32,32,32,32,32,32
400206,1,1,1989,18,18,18,18,18,18,18,18,18,18
400207,1,1,1989,0,0,0,0,0,0,0,0,0,0
400207,2,1,1989,0,0,0,0,0,0,0,0,0,0
400208,1,1,1989,0,0,0,0,0,0,0,0,0,0
400208,2,1,1989,0,0,0,0,0,0,0,0,0,0
400209,0,1,1989,19,19,19,19,19,19,19,19,19,19
400209,1,1,1989,11,0,0,0,15,0,14,0,14,0
400210,0,1,1989,34,34,34,34,34,34,34,34,34,34
400210,1,1,1989,0,0,0,3,0,0,0,0,0,13
400212,1,1,1989,6,6,6,6,6,6,6,6,6,6
400213,1,1,1989,0,0,0,0,0,0,0,0,0,0
400213,2,1,1989,0,0,0,0,0,0,0,0,0,0
400214,1,1,1989,0,0,0,0,0,0,0,0,0,0
400215,0,1,1989,0,0,0,0,0,0,0,0,0,0
400215,1,1,1989,0,0,0,0,0,0,0,0,0,0
400216,1,1,1989,15,15,15,15,15,15,15,15,15,15
400216,2,1,1989,0,0,0,0,0,0,0,0,0,0
400217,1,1,1989,0,0,0,0,0,0,0,0,0,0
400217,2,1,1989,0,0,0,0,0,0,0,0,0,0
400218,1,1,1989,24,24,24,24,24,24,24,24,24,24
400219,1,1,1989,21,21,21,21,21,21,21,21,21,21
400219,2,1,1989,0,0,0,0,0,0,0,0,0,0