ST_CASE,VEH_NO,PER_NO,YEAR,P1,P2,P3,P4,P5,P6,P7,P8,P9,P10
400220,1,1,1989,15,15,15,15,15,15,15,15,15,15
400221,1,1,1989,0,0,0,0,0,0,0,0,0,0
400222,1,1,1989,0,0,0,0,0,0,0,0,0,0
400223,1,1,1989,10,10,10,10,10,10,10,10,10,10
400223,2,1,1989,0,0,0,0,0,0,0,0,0,0
400224,1,1,1989,9,9,9,9,9,9,9,9,9,9
400224,2,1,1989,0,0,0,0,0,0,0,0,0,0
400224,3,1,1989,0,0,0,0,0,0,0,0,0,0
400225,1,1,1989,0,0,0,0,0,0,0,0,0,0
400225,2,1,1989,0,0,0,0,0,0,0,0,0,0
400226,1,1,1989,0,0,0,0,0,0,0,0,0,0
400227,1,1,1989,0,0,0,0,0,0,0,0,0,0
400227,2,1,1989,0,0,0,0,0,0,0,0,0,0
400229,1,1,1989,0,0,0,0,0,0,0,0,0,0
400229,2,1,1989,0,0,0,0,0,0,0,0,0,0
400230,1,1,1989,37,37,37,37,37,37,37,37,37,37
400231,1,1,1989,10,10,10,10,10,10,10,10,10,10
400232,1,1,1989,0,0,0,0,0,0,0,0,0,0
400232,2,1,1989,0,0,0,0,0,0,0,0,0,0
400233,1,1,1989,34,34,34,34,34,34,34,34,34,34
400234,1,1,1989,0,0,0,0,0,0,0,0,0,0
400235,1,1,1989,17,17,17,17,17,17,17,17,17,17
400236,1,1,1989,0,0,0,0,0,0,0,0,0,0
400236,2,1,1989,11,0,0,0,0,0,0,0,0,0
400236,3,1,1989,0,0,0,0,0,0,0,0,0,0
400237,1,1,1989,0,0,0,0,0,0,0,0,0,0
400237,2,1,1989,0,0,0,0,0,0,0,0,0,0
400238,1,1,1989,0,0,0,0,0,0,0,0,0,0
400238,2,1,1989,0,0,0,0,0,0,0,0,0,0
400239,1,1,1989,0,0,11,0,0,0,0,0,0,0
400239,2,1,1989,0,0,0,0,0,0,0,0,0,0
400240,1,1,1989,18,18,18,18,18,18,18,18,18,18
400241,1,1,1989,34,34,34,34,34,34,34,34,34,34
400241,2,1,1989,0,0,0,0,0,0,0,0,0,0
400242,1,1,1989,0,0,0,0,0,0,0,0,0,0
400242,2,1,1989,0,0,0,0,0,0,0,0,0,0
400243,0,1,1989,0,0,0,0,0,0,0,0,0,0
400243,1,1,1989,0,0,0,0,0,0,0,0,0,0
400244,1,1,1989,25,25,25,25,25,25,25,25,25,25
400245,1,1,1989,13,13,13,13,13,13,13,13,13,13
400245,2,1,1989,10,28,16,27,20,16,15,10,12,4
400246,1,1,1989,8,3,32,24,7,29,26,22,39,37
400247,1,1,1989,24,24,24,24,24,24,24,24,24,24
400247,2,1,1989,0,0,0,0,0,0,0,0,0,0
400248,1,1,1989,0,0,0,0,0,0,0,0,0,0
400249,0,1,1989,33,33,33,33,33,33,33,33,33,33
400249,0,2,1989,42,13,6,23,0,7,0,0,9,0
400249,1,1,1989,0,0,0,0,0,0,0,0,0,0
400250,1,1,1989,0,0,0,0,0,0,0,0,11,0
400251,1,1,1989,18,18,18,18,18,18,18,18,18,18
400251,2,1,1989,0,0,25,0,0,0,0,0,0,0
400251,3,1,1989,0,0,0,0,0,0,0,0,0,0
400252,1,1,1989,0,0,0,0,0,0,0,0,0,0
400252,2,1,1989,0,0,0,0,0,0,0,0,0,0
400253,1,1,1989,0,0,0,0,0,0,0,0,0,0
400253,2,1,1989,0,0,0,0,0,0,0,0,0,0
400254,1,1,1989,11,11,11,11,11,11,11,11,11,11
400255,1,1,1989,12,7,0,26,0,0,0,14,0,0
400256,1,1,1989,0,0,0,0,0,0,0,0,0,0
400256,2,1,1989,0,0,0,0,0,0,0,0,0,0
400257,1,1,1989,10,10,10,10,10,10,10,10,10,10
400259,1,1,1989,0,0,0,0,0,0,0,0,0,0
400259,2,1,1989,0,0,0,0,0,0,0,0,0,0
400260,1,1,1989,0,0,0,0,0,0,0,0,0,0
400261,1,1,1989,20,20,20,20,20,20,20,20,20,20
400261,2,1,1989,9,9,9,9,9,9,9,9,9,9
400262,1,1,1989,15,15,15,15,15,15,15,15,15,15
400262,2,1,1989,0,0,0,0,0,0,0,0,0,0
400263,1,1,1989,0,0,0,0,0,0,0,0,0,0
400263,2,1,1989,0,0,0,0,0,0,0,0,0,0
400263,3,1,1989,0,0,0,0,0,0,0,0,0,0
400264,1,1,1989,27,27,27,27,27,27,27,27,27,27
400264,2,1,1989,0,0,0,0,0,0,0,0,0,0
400264,3,1,1989,0,0,0,0,5,0,0,0,0,0
400265,1,1,1989,0,0,0,0,0,0,0,0,0,0
400265,2,1,1989,0,0,0,0,0,0,0,0,0,0
400265,3,1,1989,0,0,0,0,0,0,0,0,0,0
400266,1,1,1989,0,28,0,0,0,0,0,0,0,0
400267,0,1,1989,0,0,0,0,0,0,0,0,0,0
400267,1,1,1989,0,27,0,0,12,0,0,0,11,0
400268,1,1,1989,7,7,7,7,7,7,7,7,7,7
400268,2,1,1989,0,0,0,0,0,0,0,0,0,0
400269,1,1,1989,0,0,0,0,0,0,0,0,0,0
400269,2,1,1989,0,0,0,0,0,0,0,0,0,0
400270,1,1,1989,0,0,0,0,0,0,0,0,0,0
400270,2,1,1989,0,0,0,0,0,0,0,0,0,0
400271,1,1,1989,0,0,0,10,0,20,0,24,27,0
400272,1,1,1989,0,0,0,0,0,0,7,0,32,0
400273,1,1,1989,0,0,0,0,0,0,0,0,0,0
400274,1,1,1989,0,0,0,0,0,0,0,0,0,0
400275,1,1,1989,0,0,0,0,0,0,0,0,0,0
400275,2,1,1989,0,0,0,0,0,0,0,0,0,0
400275,3,1,1989,0,0,0,0,0,0,0,0,0,0
400276,1,1,1989,0,0,0,9,0,0,0,0,0,0
400277,1,1,1989,0,0,0,0,0,0,0,0,0,0
400277,2,1,1989,21,21,21,21,21,21,21,21,21,21
400278,1,1,1989,0,0,0,0,0,0,0,0,0,0
400278,2,1,1989,0,0,0,0,0,0,0,0,0,0
400279,1,1,1989,25,25,25,25,25,25,25,25,25,25
400280,1,1,1989,0,0,0,0,0,0,0,0,0,0
400280,2,1,1989,0,0,0,0,0,0,0,0,0,0
400281,1,1,1989,28,0,0,0,0,31,8,0,0,0
400281,2,1,1989,0,0,0,0,0,0,0,0,0,0
400282,1,1,1989,0,0,0,0,0,0,0,0,0,0
400282,2,1,1989,0,0,0,0,0,0,0,0,0,0
400283,1,1,1989,18,3,8,6,8,30,18,18,0,12
400284,1,1,1989,0,0,0,0,0,0,0,0,0,0
400285,1,1,1989,19,19,19,19,19,19,19,19,19,19
400286,1,1,1989,12,12,12,12,12,12,12,12,12,12
400287,1,1,1989,0,0,0,0,0,0,0,0,0,0
400289,1,1,1989,0,0,0,0,0,0,0,0,0,0
400289,2,1,1989,0,0,0,0,0,0,0,0,0,0
400290,1,1,1989,14,14,14,14,14,14,14,14,14,14
400291,1,1,1989,16,16,16,16,16,16,16,16,16,16
400292,1,1,1989,0,0,0,0,0,0,0,0,0,0
400293,1,1,1989,18,18,18,18,18,18,18,18,18,18
400293,2,1,1989,0,0,0,0,0,0,0,0,0,0
400294,1,1,1989,16,16,16,16,16,16,16,16,16,16
400295,1,1,1989,15,0,0,0,0,0,0,0,0,0
400296,1,1,1989,0,0,0,0,0,0,0,0,0,0
400296,2,1,1989,0,0,0,0,0,0,0,0,0,0
400297,1,1,1989,18,18,18,18,18,18,18,18,18,18
400298,1,1,1989,0,0,0,0,0,0,0,0,0,0
400299,1,1,1989,0,25,0,0,0,0,0,0,0,8
400300,1,1,1989,0,0,0,0,0,0,0,0,0,0
400301,1,1,1989,18,18,18,18,18,18,18,18,18,18
400302,1,1,1989,9,5,17,13,13,5,24,20,17,32
400303,1,1,1989,0,0,0,0,14,0,11,0,0,0
400304,1,1,1989,0,0,0,0,0,0,0,0,0,0
400305,1,1,1989,0,0,0,0,0,0,0,0,0,0
400305,2,1,1989,0,0,0,0,0,0,0,0,0,0
400306,1,1,1989,0,0,0,0,0,0,0,0,0,0
400306,2,1,1989,0,0,0,0,0,0,0,12,0,19
400307,0,1,1989,0,0,0,0,0,0,0,0,0,0
400307,1,1,1989,0,0,0,0,0,0,0,0,0,0
400308,1,1,1989,17,17,17,17,17,17,17,17,17,17
400309,0,1,1989,0,0,0,0,0,0,0,0,0,0
400309,1,1,1989,0,0,0,0,0,0,0,0,0,0
400310,1,1,1989,0,0,0,0,0,0,0,0,0,0
400310,2,1,1989,0,0,0,0,0,0,0,0,0,12
400311,1,1,1989,0,0,0,0,0,0,0,0,0,0
400312,1,1,1989,0,0,0,0,0,9,0,0,0,0
400313,1,1,1989,0,0,14,0,0,0,0,0,0,0
400313,2,1,1989,0,0,0,0,0,0,0,0,0,0
400314,1,1,1989,0,3,0,0,0,0,0,0,0,0
400315,1,1,1989,30,30,30,30,30,30,30,30,30,30
400315,2,1,1989,0,0,0,0,0,0,0,0,0,0
400316,1,1,1989,0,0,0,0,0,0,0,0,0,0
400316,2,1,1989,0,0,0,0,0,0,0,0,0,0
400317,1,1,1989,10,0,2,16,0,0,19,0,21,0
400318,1,1,1989,24,24,24,24,24,24,24,24,24,24
400319,1,1,1989,0,0,0,0,0,0,0,0,0,0
400319,2,1,1989,0,0,0,0,0,0,0,0,0,0
400320,1,1,1989,0,0,0,0,0,0,0,0,0,0
400320,2,1,1989,0,0,0,0,0,0,0,0,0,0
400321,1,1,1989,0,0,0,0,0,0,0,0,0,0
400321,2,1,1989,0,0,0,0,0,0,0,0,0,0
400322,1,1,1989,13,13,13,13,13,13,13,13,13,13
400322,2,1,1989,3,3,3,3,3,3,3,3,3,3
400322,3,1,1989,0,0,0,20,0,0,19,0,0,0
400323,1,1,1989,0,0,0,0,0,0,0,0,0,0
400323,2,1,1989,0,0,0,0,0,0,0,0,0,18
400324,1,1,1989,21,21,21,21,21,21,21,21,21,21
400325,1,1,1989,27,27,27,27,27,27,27,27,27,27
400326,1,1,1989,0,0,0,0,0,0,0,0,0,0
400326,2,1,1989,0,0,0,0,0,0,0,0,0,0
400328,0,1,1989,5,29,0,33,19,18,12,0,30,9
400328,1,1,1989,0,0,0,0,0,0,0,0,0,0
400329,1,1,1989,0,0,0,0,0,0,0,0,0,0
400329,2,1,1989,0,0,0,0,11,0,0,0,0,0
400330,1,1,1989,0,0,0,0,0,0,0,0,0,0
400330,2,1,1989,0,0,0,0,0,0,0,0,0,0
400331,1,1,1989,0,0,0,0,0,0,0,0,0,0
400331,2,1,1989,0,0,0,0,0,0,0,0,0,0
400332,1,1,1989,6,8,8,0,7,10,16,26,14,16
400332,2,1,1989,0,0,0,0,0,0,0,0,0,0
400333,1,1,1989,6,10,9,0,0,24,0,0,13,7
400334,1,1,1989,0,0,0,0,0,0,0,0,0,0
400334,2,1,1989,0,0,0,0,0,0,0,0,0,0
400335,1,1,1989,0,0,0,0,0,0,0,0,0,0
400335,2,1,1989,0,0,0,0,0,0,0,0,0,0
400336,1,1,1989,24,24,24,24,24,24,24,24,24,24
400336,2,1,1989,13,0,0,0,0,0,0,0,0,0
400336,3,1,1989,0,0,0,0,0,0,0,0,0,0
400336,4,1,1989,0,0,0,0,0,0,0,0,13,0
400337,1,1,1989,0,23,0,0,0,22,0,22,0,21
400337,2,1,1989,0,0,18,0,0,0,0,0,0,0
400338,0,1,1989,0,0,0,0,0,0,0,0,0,0
400338,1,1,1989,0,0,9,0,0,0,0,0,0,0
400339,1,1,1989,0,0,0,0,0,0,0,0,0,0
400340,1,1,1989,13,11,9,17,0,0,13,7,13,0
400340,2,1,1989,0,0,0,7,0,14,21,0,0,0
400342,1,1,1989,0,0,0,0,0,0,0,0,0,0
400342,2,1,1989,0,0,0,0,0,0,0,5,0,0
400343,1,1,1989,0,0,0,0,0,0,0,0,0,0
400344,1,1,1989,0,0,0,0,0,0,0,0,10,0
400344,2,1,1989,0,0,0,0,0,0,0,0,0,0
400345,1,1,1989,0,0,0,0,0,0,0,0,0,0
400346,1,1,1989,8,0,0,0,0,0,29,0,31,0
400347,1,1,1989,27,27,27,27,27,27,27,27,27,27
400348,1,1,1989,0,0,0,0,0,0,0,0,0,0
400349,0,1,1989,0,0,0,0,0,0,0,0,0,0
400349,1,1,1989,0,0,0,0,0,0,0,0,19,0
400350,1,1,1989,0,0,0,0,0,0,0,0,0,0
400351,1,1,1989,0,0,0,0,0,0,0,0,0,0
400351,2,1,1989,0,0,0,0,0,0,0,0,0,0
400352,1,1,1989,0,0,0,0,0,0,0,0,0,0
400352,2,1,1989,0,0,8,0,0,0,0,0,0,0
400353,0,1,1989,22,24,31,16,21,21,17,28,25,27
400353,1,1,1989,0,0,0,0,0,0,0,0,0,0
400354,1,1,1989,1,1,1,1,1,1,1,1,1,1
400354,2,1,1989,0,0,0,0,21,0,0,0,0,0
400355,1,1,1989,0,0,0,0,0,0,19,0,0,0
400355,2,1,1989,11,0,0,0,0,0,0,0,0,0
400356,0,1,1989,0,0,0,0,0,0,0,25,15,13
400356,1,1,1989,0,0,0,0,0,0,0,0,0,0
400357,0,1,1989,0,0,0,0,0,0,0,0,0,0
400357,1,1,1989,0,0,0,0,0,0,0,0,0,0
400358,1,1,1989,0,10,0,0,0,11,0,0,0,0
400358,2,1,1989,0,0,0,0,0,0,0,0,0,0
400358,3,1,1989,0,0,0,0,0,0,0,0,0,0
400359,1,1,1989,0,0,0,0,0,0,0,0,0,0
400359,2,1,1989,0,0,0,0,0,0,0,0,0,0
400360,1,1,1989,0,0,0,0,0,0,0,0,0,0
400360,2,1,1989,24,24,24,24,24,24,24,24,24,24
400360,3,1,1989,0,0,0,0,0,0,0,0,0,0
400361,1,1,1989,0,0,0,0,0,0,0,0,0,0
400361,2,1,1989,14,14,14,14,14,14,14,14,14,14
400362,1,1,1989,14,14,14,14,14,14,14,14,14,14
400363,1,1,1989,18,18,18,18,18,18,18,18,18,18
400364,1,1,1989,0,0,0,0,0,0,0,0,0,0
400365,1,1,1989,0,0,0,0,0,0,0,0,0,0
400365,2,1,1989,0,11,0,0,0,0,0,0,0,0
400366,1,1,1989,0,0,0,0,0,0,0,0,0,0
400367,1,1,1989,0,0,0,0,0,0,0,0,0,0
400367,2,1,1989,0,0,0,0,0,0,0,0,0,0
400368,1,1,1989,2,2,2,2,2,2,2,2,2,2
400368,2,1,1989,0,0,0,0,0,0,0,0,0,0
400369,1,1,1989,0,0,0,0,0,0,0,0,0,0
400370,0,1,1989,35,8,22,33,19,19,18,12,0,37
400370,1,1,1989,0,17,0,0,14,11,0,0,0,0
400371,1,1,1989,9,9,9,9,9,9,9,9,9,9
400372,1,1,1989,0,0,0,0,0,0,0,0,0,0
400372,2,1,1989,0,0,0,0,0,0,0,0,0,0
400373,1,1,1989,13,13,13,13,13,13,13,13,13,13
400374,1,1,1989,0,0,0,0,0,0,0,0,0,0
400375,1,1,1989,0,0,0,0,0,0,0,0,0,0
400376,1,1,1989,16,23,7,12,2,10,0,3,10,8
400376,2,1,1989,0,0,16,32,0,0,0,0,0,0
400377,1,1,1989,0,33,6,0,30,0,0,0,8,13
400378,1,1,1989,19,19,19,19,19,19,19,19,19,19
400379,1,1,1989,0,0,0,0,0,0,0,0,0,0
400380,1,1,1989,0,0,0,0,0,0,0,0,0,0
400380,2,1,1989,0,0,0,0,0,0,0,0,0,0
400381,0,1,1989,0,0,0,0,0,0,0,0,0,0
400381,1,1,1989,0,18,0,0,0,0,0,0,0,0
400382,0,1,1989,0,10,0,21,0,0,0,0,0,22
400382,1,1,1989,0,0,0,0,0,0,0,0,0,0
400383,1,1,1989,0,0,0,0,0,0,0,0,0,0
400383,2,1,1989,0,0,0,0,0,0,0,0,0,0
400384,0,1,1989,0,0,0,0,0,0,0,0,0,0
400384,2,1,1989,0,0,0,0,0,0,0,0,0,0
400385,1,1,1989,22,22,22,22,22,22,22,22,22,22
400386,1,1,1989,0,0,0,0,0,0,0,0,0,0
400386,2,1,1989,0,0,0,0,0,0,0,0,0,0
400387,1,1,1989,10,10,10,10,10,10,10,10,10,10
400388,1,1,1989,0,0,0,0,0,0,0,0,0,0
400388,2,1,1989,0,0,0,0,0,0,0,0,0,0
400389,1,1,1989,23,23,23,23,23,23,23,23,23,23
400390,1,1,1989,6,0,0,4,0,0,0,0,16,0
400391,1,1,1989,0,0,0,0,0,0,0,0,0,0
400391,2,1,1989,0,0,0,0,0,0,0,0,0,0
400392,1,1,1989,0,0,0,0,0,0,0,0,0,14
400392,2,1,1989,0,0,0,0,0,0,0,0,0,0
400392,3,1,1989,0,0,0,0,0,0,0,0,0,0
400393,1,1,1989,23,23,23,23,23,23,23,23,23,23
400393,2,1,1989,0,0,0,0,0,0,0,0,0,10
400394,1,1,1989,0,0,0,0,0,0,0,0,0,0
400395,1,1,1989,10,10,10,10,10,10,10,10,10,10
400396,1,1,1989,25,25,25,25,25,25,25,25,25,25
400397,1,1,1989,19,19,19,19,19,19,19,19,19,19
400398,1,1,1989,27,27,27,27,27,27,27,27,27,27
400399,1,1,1989,0,0,0,0,0,0,0,0,0,0
400399,2,1,1989,0,0,0,0,0,0,0,0,0,0
400400,1,1,1989,27,27,27,27,27,27,27,27,27,27
400400,2,1,1989,0,0,0,0,0,0,0,0,0,0
400402,1,1,1989,19,19,19,19,19,19,19,19,19,19
400403,1,1,1989,0,0,0,0,0,0,0,0,0,0
400403,2,1,1989,0,0,0,0,0,0,0,0,0,0
400404,0,1,1989,0,0,0,0,0,0,0,0,0,0
400404,0,2,1989,0,0,8,19,0,23,10,15,0,0
400404,1,1,1989,0,0,0,0,0,0,0,0,0,0
400405,1,1,1989,1,1,1,1,1,1,1,1,1,1
400405,2,1,1989,0,0,0,0,0,0,0,0,0,0
400406,0,1,1989,15,15,15,15,15,15,15,15,15,15
400406,0,2,1989,0,15,25,0,5,18,0,16,17,0
400407,1,1,1989,0,0,0,0,0,0,0,0,0,0
400408,1,1,1989,11,11,11,11,11,11,11,11,11,11
400408,2,1,1989,0,0,0,0,0,0,0,0,0,0
400409,1,1,1989,0,0,0,0,0,0,0,0,0,0
400409,2,1,1989,0,0,0,0,0,0,0,0,0,0
400410,1,1,1989,0,0,0,0,0,0,0,0,0,0
400410,2,1,1989,0,0,0,0,0,0,16,0,0,0
400411,1,1,1989,0,0,0,0,0,0,0,0,0,0
400412,1,1,1989,22,0,0,0,0,17,0,0,0,0
400413,1,1,1989,0,0,0,0,0,0,0,0,0,0
400414,1,1,1989,0,0,0,0,0,0,0,0,0,0
400414,2,1,1989,0,0,0,0,0,0,0,0,0,0
400414,3,1,1989,0,14,6,0,0,0,0,0,13,0
400415,0,1,1989,0,0,0,0,0,0,0,0,0,0
400415,0,2,1989,0,0,0,0,0,29,0,0,9,0
400415,1,2,1989,0,0,0,0,0,0,0,0,0,0
400416,1,1,1989,33,33,33,33,33,33,33,33,33,33
400417,1,1,1989,0,0,0,0,0,0,0,0,0,0
400417,2,1,1989,0,0,0,0,0,0,0,0,0,0
400418,1,1,1989,20,11,32,21,14,28,14,5,19,29
400419,1,1,1989,0,0,0,0,0,0,0,0,0,0
400419,2,1,1989,0,0,0,0,0,0,0,0,0,0
400420,1,1,1989,0,0,0,0,0,0,0,0,0,0
400421,1,1,1989,18,18,18,18,18,18,18,18,18,18
400422,1,1,1989,12,12,12,12,12,12,12,12,12,12
400423,1,1,1989,18,18,18,18,18,18,18,18,18,18
400424,1,1,1989,0,0,0,0,0,0,0,0,0,0
400424,2,1,1989,0,0,0,0,0,0,0,0,0,0
400425,1,1,1989,0,0,0,0,0,0,0,0,0,0
400425,2,1,1989,0,0,0,0,0,0,0,0,0,0
400426,1,1,1989,8,8,8,8,8,8,8,8,8,8
400426,2,1,1989,0,0,0,0,0,0,0,0,0,0
400427,0,1,1989,8,8,8,8,8,8,8,8,8,8
400427,1,1,1989,24,6,0,11,5,9,16,25,13,6
400428,1,1,1989,0,0,0,0,0,0,0,0,0,0
400428,2,1,1989,0,0,0,0,0,0,0,0,0,0
400429,1,1,1989,0,0,0,0,0,0,0,0,0,0
400429,2,1,1989,0,0,0,0,0,0,0,0,0,0
400431,0,1,1989,0,0,0,0,0,0,0,0,0,0
400431,1,1,1989,0,0,0,0,0,0,0,0,0,0
400432,1,1,1989,24,24,24,24,24,24,24,24,24,24
400433,0,1,1989,0,0,0,0,13,0,0,8,22,0
400433,1,1,1989,0,0,0,0,0,0,0,0,0,0
400434,1,1,1989,0,22,0,0,0,0,0,27,18,0
400435,1,1,1989,13,13,13,13,13,13,13,13,13,13
400435,2,1,1989,0,0,7,0,0,0,0,0,0,0
400436,1,1,1989,0,0,0,0,0,0,0,0,0,0
400437,0,1,1989,0,0,0,0,0,0,0,0,0,0
400437,1,1,1989,0,0,31,0,0,0,0,0,0,0
400438,1,1,1989,0,10,0,0,0,0,0,0,0,0
400438,2,1,1989,0,0,0,0,0,0,0,0,0,0
400439,1,1,1989,0,0,0,0,0,0,0,0,0,0
400439,2,1,1989,0,0,0,0,0,0,0,0,0,0
400440,1,1,1989,0,0,0,0,0,0,0,0,0,0
400441,1,1,1989,10,13,20,32,10,19,7,4,11,15
400442,1,1,1989,26,26,26,26,26,26,26,26,26,26
400443,1,1,1989,0,0,0,0,0,0,0,0,0,4
400444,1,1,1989,10,10,10,10,10,10,10,10,10,10
400444,2,1,1989,0,0,0,0,0,0,0,0,0,0
400445,1,1,1989,6,6,6,6,6,6,6,6,6,6
400446,1,1,1989,12,12,12,12,12,12,12,12,12,12
400447,1,1,1989,19,19,19,19,19,19,19,19,19,19
400448,1,1,1989,33,16,17,22,25,28,0,0,30,24
400449,1,1,1989,0,0,0,0,0,0,0,0,0,0
400449,2,1,1989,0,0,0,0,0,0,0,0,0,0
400450,1,1,1989,20,20,20,20,20,20,20,20,20,20
400450,2,1,1989,0,0,0,0,0,0,0,0,0,0
400451,1,1,1989,21,21,21,21,21,21,21,21,21,21
400452,1,1,1989,0,0,0,0,0,17,0,0,0,0
400452,2,1,1989,0,0,0,0,0,0,0,0,0,0
400453,1,1,1989,19,19,19,19,19,19,19,19,19,19
400454,1,1,1989,16,16,16,16,16,16,16,16,16,16
400455,1,1,1989,0,0,0,0,0,0,0,0,0,0
400456,1,1,1989,0,0,0,0,0,0,0,0,0,0
400457,1,1,1989,0,0,0,0,0,0,0,0,0,0
400458,1,1,1989,0,0,0,23,0,0,0,0,0,0
400458,2,1,1989,0,0,0,0,0,0,0,0,0,0
400459,1,1,1989,23,23,23,23,23,23,23,23,23,23
400460,1,1,1989,6,6,6,6,6,6,6,6,6,6
400460,2,1,1989,0,0,0,0,0,0,0,0,0,0
400461,1,1,1989,0,0,0,0,0,0,0,0,0,0
400462,1,1,1989,0,0,17,0,0,0,0,0,0,0
400463,1,1,1989,0,0,0,0,0,0,0,0,0,0
400463,2,1,1989,0,0,0,0,0,0,0,0,0,0
400464,0,1,1989,0,0,0,0,0,0,0,0,0,0
400464,1,1,1989,0,0,0,0,0,0,0,0,0,0
400465,1,1,1989,0,0,0,0,0,0,0,0,0,0
400465,2,1,1989,0,0,0,0,0,0,0,0,0,0
400466,1,1,1989,14,14,14,14,14,14,14,14,14,14
400467,0,1,1989,0,0,0,0,0,0,0,0,0,0
400467,0,2,1989,0,15,28,0,0,0,30,0,0,0
400467,1,1,1989,0,0,0,0,0,0,0,0,0,0
400468,1,1,1989,0,0,0,0,0,0,0,0,0,0
400469,1,1,1989,14,14,14,14,14,14,14,14,14,14
400470,1,1,1989,0,0,0,0,0,0,0,0,0,0
400471,1,1,1989,28,28,28,28,28,28,28,28,28,28
400472,1,1,1989,0,12,0,21,0,18,0,0,0,0
400473,1,1,1989,0,0,0,0,0,0,0,0,0,0
400473,2,1,1989,0,0,0,0,0,0,0,0,0,0
400474,1,1,1989,2,2,2,2,2,2,2,2,2,2
400474,2,1,1989,17,17,17,17,17,17,17,17,17,17
400475,1,1,1989,0,0,0,0,0,0,0,0,0,0
400476,1,1,1989,0,0,0,0,0,0,0,0,0,0
400477,0,1,1989,22,22,22,22,22,22,22,22,22,22
400477,1,1,1989,0,0,0,0,0,0,0,0,0,0
400478,1,1,1989,0,0,0,0,0,0,0,0,0,0
400479,1,1,1989,0,0,0,0,0,0,0,0,0,0
400479,2,1,1989,4,4,4,4,4,4,4,4,4,4
400480,1,1,1989,26,26,26,26,26,26,26,26,26,26
400481,1,1,1989,23,23,23,23,23,23,23,23,23,23
400481,2,1,1989,0,0,0,0,0,0,0,0,0,0
400482,0,1,1989,0,0,11,0,0,0,0,0,38,0
400482,1,1,1989,0,0,0,0,0,0,0,0,0,0
400483,1,1,1989,0,0,0,0,0,0,0,0,0,0
400483,2,1,1989,16,0,18,0,0,0,0,0,0,0
400484,1,1,1989,0,0,0,0,0,0,0,0,0,0
400484,2,1,1989,0,0,14,0,16,0,14,0,0,0
400485,0,1,1989,0,0,0,0,0,0,0,0,0,0
400485,1,1,1989,0,0,0,0,0,0,0,0,0,0
400486,1,1,1989,27,27,27,27,27,27,27,27,27,27
400486,2,1,1989,0,0,0,0,0,0,0,0,0,0
400487,1,1,1989,0,0,0,0,0,0,0,0,0,0
400487,2,1,1989,0,0,0,0,0,0,0,0,0,0
400488,1,1,1989,0,0,0,0,0,0,0,0,10,0
400488,2,1,1989,0,0,0,0,0,0,0,0,0,0
400489,0,1,1989,28,28,28,28,28,28,28,28,28,28
400489,1,1,1989,0,0,0,0,0,0,0,0,0,0
400490,1,1,1989,15,0,0,0,0,0,0,0,0,0
400490,2,1,1989,0,0,0,0,0,0,0,0,0,0
400491,1,1,1989,21,21,21,21,21,21,21,21,21,21
400492,0,1,1989,0,0,0,0,0,0,0,0,0,0
400492,1,1,1989,0,0,0,0,0,0,0,0,0,0
400493,1,1,1989,0,0,0,0,0,0,0,0,0,0
400493,2,1,1989,0,0,0,0,0,0,0,0,0,0
400494,1,1,1989,0,0,0,0,0,0,0,0,0,0
400495,1,1,1989,0,0,0,0,0,0,0,0,0,0
400496,1,1,1989,27,27,27,27,27,27,27,27,27,27
400497,1,1,1989,0,0,0,0,0,0,0,0,0,0
400498,1,1,1989,24,24,24,24,24,24,24,24,24,24
400498,2,1,1989,0,0,0,0,0,0,0,0,0,0
400499,1,1,1989,9,0,0,13,22,0,32,0,7,0
400500,1,1,1989,24,24,24,24,24,24,24,24,24,24
400501,1,1,1989,0,0,0,0,0,0,0,0,0,0
400502,1,1,1989,0,0,0,0,0,0,0,0,0,0
400502,2,1,1989,0,0,10,0,0,0,0,17,0,0
400503,1,1,1989,0,0,0,0,0,0,0,0,0,0
400503,2,1,1989,0,0,0,0,0,0,0,0,0,0
400503,3,1,1989,0,0,0,0,0,0,0,0,0,0
400504,1,1,1989,26,26,26,26,26,26,26,26,26,26
400505,1,1,1989,0,0,0,0,0,0,0,0,0,0
400505,2,1,1989,0,0,0,0,0,0,0,0,0,0
400506,1,1,1989,27,0,20,25,0,13,0,14,13,11
400507,1,1,1989,0,0,3,24,9,12,0,0,22,10
400508,0,1,1989,0,0,0,0,0,0,0,0,0,0
400508,1,1,1989,0,0,0,14,0,0,0,0,0,0
400510,0,1,1989,16,0,0,0,0,0,0,0,9,0
400510,0,2,1989,0,0,0,0,11,0,0,0,0,0
400510,1,1,1989,15,15,15,15,15,15,15,15,15,15
400511,0,1,1989,44,16,15,30,26,14,23,12,0,0
400511,1,1,1989,0,15,0,0,0,0,0,0,0,0
400512,1,1,1989,12,12,12,12,12,12,12,12,12,12
400513,1,1,1989,38,38,38,38,38,38,38,38,38,38
400514,0,1,1989,6,6,6,6,6,6,6,6,6,6
400514,0,2,1989,11,24,0,0,30,0,20,14,14,20
400514,1,1,1989,15,15,15,15,15,15,15,15,15,15
400515,1,1,1989,0,0,0,0,0,0,0,0,0,0
400515,2,1,1989,0,0,0,0,0,0,0,0,0,0