ST_CASE,VEH_NO,PER_NO,YEAR,P1,P2,P3,P4,P5,P6,P7,P8,P9,P10
400516,1,1,1989,0,0,0,0,0,0,0,10,0,0
400517,0,1,1989,0,0,0,0,0,0,0,0,0,0
400517,1,1,1989,0,0,0,0,0,0,0,0,0,0
400518,1,1,1989,0,0,0,0,0,0,0,0,0,0
400518,2,1,1989,0,0,0,0,0,0,0,0,0,0
400519,1,1,1989,0,0,0,0,0,0,0,0,0,0
400520,1,1,1989,21,21,21,21,21,21,21,21,21,21
400521,1,1,1989,9,26,20,27,16,23,28,27,11,12
400523,1,1,1989,30,30,30,30,30,30,30,30,30,30
400524,1,1,1989,14,14,14,14,14,14,14,14,14,14
400524,2,1,1989,12,12,12,12,12,12,12,12,12,12
400525,1,1,1989,22,22,22,22,22,22,22,22,22,22
400525,2,1,1989,0,0,0,0,0,0,0,0,0,0
400526,1,1,1989,0,0,0,0,0,0,0,0,0,0
400526,2,1,1989,0,0,0,0,0,0,0,0,0,0
400527,1,1,1989,0,0,0,0,0,0,0,0,0,0
400528,0,1,1989,0,0,0,0,26,0,0,0,0,0
400528,1,1,1989,0,0,0,0,0,0,0,0,0,0
400530,1,1,1989,0,0,0,0,0,0,0,0,0,0
400530,2,1,1989,0,0,0,0,0,0,0,0,0,0
400531,1,1,1989,24,24,24,24,24,24,24,24,24,24
400532,1,1,1989,0,0,0,0,0,0,0,0,0,0
400533,0,1,1989,0,0,0,0,0,0,0,0,0,0
400533,1,1,1989,0,0,0,0,0,0,0,0,0,0
400534,1,1,1989,0,0,0,0,0,0,0,0,0,0
400535,1,1,1989,0,0,0,0,0,0,0,0,0,0
400536,0,1,1989,0,0,0,0,0,0,0,0,0,0
400536,1,1,1989,0,0,0,0,0,0,28,21,0,0
400537,1,1,1989,0,0,0,0,0,0,0,0,0,0
400537,2,1,1989,0,0,0,0,0,0,0,0,0,0
400538,1,1,1989,27,27,27,27,27,27,27,27,27,27
400538,2,1,1989,0,0,0,0,0,0,0,0,0,0
400539,0,1,1989,0,0,0,0,0,0,0,0,0,0
400539,1,1,1989,0,0,0,0,0,0,0,0,0,0
400540,1,1,1989,0,0,0,0,0,0,0,0,0,12
400541,1,1,1989,0,0,0,0,0,0,0,0,0,0
400541,2,1,1989,0,0,0,0,0,0,0,0,0,0
400542,1,1,1989,23,23,23,23,23,23,23,23,23,23
400543,1,1,1989,17,17,17,17,17,17,17,17,17,17
400544,1,1,1989,7,7,7,7,7,7,7,7,7,7
400544,2,1,1989,0,0,0,0,0,0,0,0,12,0
400545,1,1,1989,27,27,27,27,27,27,27,27,27,27
400546,1,1,1989,0,0,0,0,0,0,0,0,0,0
400547,1,1,1989,20,10,11,2,17,14,13,18,37,0
400548,1,1,1989,21,0,0,29,19,0,0,10,9,0
400549,1,1,1989,0,0,0,0,0,8,0,0,0,0
400550,1,1,1989,0,0,0,0,0,0,0,0,0,0
400550,2,1,1989,0,0,0,0,0,0,0,0,0,0
400551,0,1,1989,37,37,37,37,37,37,37,37,37,37
400551,1,1,1989,15,16,21,15,12,23,13,18,31,5
400552,0,1,1989,0,0,0,0,0,0,0,0,0,0
400552,1,1,1989,0,0,0,0,5,0,0,0,0,0
400553,1,1,1989,13,13,13,13,13,13,13,13,13,13
400553,2,1,1989,0,0,0,0,23,0,0,21,0,14
400554,1,1,1989,0,0,0,0,0,0,0,0,0,0
400554,2,1,1989,0,0,0,0,0,0,0,0,0,0
400555,1,1,1989,21,21,21,21,21,21,21,21,21,21
400556,1,1,1989,0,0,0,0,0,0,0,0,0,0
400556,2,1,1989,0,0,0,0,0,0,0,0,0,0
400557,1,1,1989,0,0,0,0,0,0,0,0,0,0
400558,1,1,1989,0,0,0,0,0,0,0,0,0,0
400558,2,1,1989,0,0,0,0,0,0,0,0,0,0
400559,1,1,1989,0,0,0,0,0,0,0,0,0,0
400559,2,1,1989,0,0,0,0,0,0,0,0,0,0
400560,1,1,1989,12,19,26,20,23,9,11,8,27,19
400561,1,1,1989,0,0,0,0,0,0,0,0,0,0
400562,1,1,1989,0,0,0,0,0,0,0,0,0,0
400563,1,1,1989,0,0,0,0,0,0,0,0,0,0
400563,2,1,1989,0,0,0,0,0,0,0,0,0,0
400563,3,1,1989,0,0,0,0,0,0,0,0,0,0
400563,4,1,1989,0,0,0,0,0,0,0,0,0,0
400564,0,1,1989,29,29,29,29,29,29,29,29,29,29
400564,1,1,1989,0,0,0,0,0,0,0,0,0,0
400565,1,1,1989,0,19,18,0,20,15,34,0,14,0
400566,1,1,1989,0,0,0,0,0,0,0,0,0,0
400566,2,1,1989,0,0,0,0,0,0,0,0,0,0
400567,1,1,1989,15,15,15,15,15,15,15,15,15,15
400568,1,1,1989,1,1,1,1,1,1,1,1,1,1
400570,1,1,1989,0,0,0,14,0,0,0,0,4,0
400570,2,1,1989,0,0,0,0,0,0,0,0,0,0
400571,1,1,1989,0,0,0,0,0,0,0,0,0,0
400571,2,1,1989,0,0,0,0,0,0,0,0,0,0
400572,1,1,1989,0,0,0,0,0,0,0,0,0,0
400573,1,1,1989,13,13,13,13,13,13,13,13,13,13
400574,1,1,1989,0,0,0,0,0,0,0,0,0,0
400575,1,1,1989,0,0,0,0,0,0,0,0,0,0
400576,1,1,1989,14,14,14,14,14,14,14,14,14,14
400576,2,1,1989,0,0,0,0,0,0,0,0,0,0
400578,1,1,1989,12,12,12,12,12,12,12,12,12,12
400579,1,1,1989,5,5,5,5,5,5,5,5,5,5
400579,2,1,1989,0,0,0,0,0,8,0,0,0,0
400580,1,1,1989,18,39,23,12,16,0,9,21,12,18
400580,2,1,1989,0,0,0,0,0,0,0,0,0,0
400581,1,1,1989,0,0,0,0,0,0,0,0,0,0
400581,2,1,1989,0,0,0,0,0,0,0,0,0,0
400582,1,1,1989,0,0,0,0,0,0,0,0,0,0
400584,1,1,1989,0,0,0,0,0,0,0,0,14,0
400584,2,1,1989,0,0,0,0,0,0,0,0,0,0
410002,0,1,1989,1,1,1,1,1,1,1,1,1,1
410002,1,1,1989,0,0,0,0,0,0,12,0,0,0
410003,1,1,1989,22,22,22,22,22,22,22,22,22,22
410004,0,1,1989,0,0,0,0,21,0,7,0,0,9
410004,1,1,1989,32,32,32,32,32,32,32,32,32,32
410005,1,1,1989,0,0,0,0,0,0,0,0,0,0
410005,2,1,1989,0,0,0,0,0,0,0,0,0,0
410006,1,1,1989,0,0,0,0,0,0,0,0,0,0
410007,0,1,1989,21,21,21,21,21,21,21,21,21,21
410007,1,1,1989,0,0,0,0,0,0,9,0,0,0
410008,1,1,1989,2,2,2,2,2,2,2,2,2,2
410008,2,1,1989,15,15,15,15,15,15,15,15,15,15
410009,0,1,1989,0,0,0,0,0,0,0,0,11,0
410009,1,1,1989,0,0,0,0,0,0,0,0,0,0
410010,1,1,1989,11,11,11,11,11,11,11,11,11,11
410010,2,1,1989,0,0,0,0,0,0,0,0,0,0
410011,1,1,1989,0,0,0,0,0,0,0,0,0,0
410011,2,1,1989,5,15,0,12,18,0,0,0,0,27
410012,1,1,1989,0,0,0,0,0,0,0,0,0,0
410013,1,1,1989,0,0,0,0,5,0,0,0,0,0
410013,2,1,1989,0,0,0,0,13,0,0,0,0,0
410014,1,1,1989,0,0,0,0,0,0,0,0,0,0
410014,2,1,1989,0,0,0,0,0,0,0,0,0,0
410015,1,1,1989,0,0,0,0,0,0,0,0,0,0
410016,1,1,1989,0,0,0,0,0,0,0,0,0,0
410016,2,1,1989,0,0,0,0,0,0,0,0,6,0
410017,1,1,1989,19,19,19,19,19,19,19,19,19,19
410018,1,1,1989,0,0,0,0,0,0,0,0,0,0
410019,1,1,1989,0,0,0,0,0,0,0,0,0,0
410019,2,1,1989,0,0,0,0,0,0,0,0,0,0
410020,1,1,1989,0,0,0,0,0,0,0,0,0,0
410020,2,1,1989,0,0,0,0,0,0,0,0,0,0
410021,0,1,1989,0,0,0,0,0,0,0,0,0,0
410021,1,1,1989,0,0,0,0,0,0,0,0,0,0
410022,1,1,1989,0,0,0,0,0,0,0,0,0,0
410023,1,1,1989,26,26,26,26,26,26,26,26,26,26
410023,2,1,1989,0,0,0,0,0,0,0,0,10,0
410024,1,1,1989,21,21,21,21,21,21,21,21,21,21
410025,1,1,1989,0,0,0,13,0,0,0,0,0,0
410025,2,1,1989,0,0,0,0,0,0,0,0,0,0
410026,1,1,1989,27,27,27,27,27,27,27,27,27,27
410026,2,1,1989,0,0,0,0,0,0,0,0,0,0
410027,1,1,1989,0,0,0,0,0,0,0,0,0,0
410027,2,1,1989,0,0,0,0,0,0,0,0,0,0
410028,1,1,1989,0,0,0,0,0,0,0,0,0,0
410028,2,1,1989,0,0,0,0,0,0,0,0,0,0
410029,1,1,1989,2,2,2,2,2,2,2,2,2,2
410030,1,1,1989,0,0,0,0,0,0,0,0,0,0
410030,2,1,1989,0,0,0,0,0,0,0,0,0,0
410031,0,1,1989,0,0,0,0,0,0,0,0,0,0
410031,1,1,1989,0,0,0,0,0,0,0,0,0,0
410032,1,1,1989,7,7,7,7,7,7,7,7,7,7
410033,1,1,1989,0,0,0,0,0,0,0,0,0,0
410034,1,1,1989,0,0,0,0,0,0,0,0,0,0
410034,2,1,1989,0,0,0,0,0,0,0,0,0,0
410035,1,1,1989,25,25,25,25,25,25,25,25,25,25
410036,1,1,1989,0,0,0,0,0,0,0,0,0,0
410037,1,1,1989,0,0,0,0,0,0,0,0,0,0
410038,1,1,1989,16,16,16,16,16,16,16,16,16,16
410038,2,1,1989,0,0,0,0,0,0,0,0,0,0
410039,1,1,1989,0,0,0,0,0,0,0,0,6,16
410039,2,1,1989,0,0,0,0,0,0,0,0,0,0
410040,1,1,1989,0,0,0,0,0,0,0,0,0,0
410040,2,1,1989,0,0,0,0,0,0,0,0,0,0
410041,1,1,1989,9,9,9,9,9,9,9,9,9,9
410042,1,1,1989,0,0,0,0,0,0,0,0,0,0
410043,0,1,1989,0,0,0,0,0,0,0,0,0,0
410043,1,1,1989,0,0,0,0,0,0,0,0,0,0
410044,1,1,1989,11,11,11,11,11,11,11,11,11,11
410044,2,1,1989,0,0,0,0,0,0,0,0,0,0
410045,1,1,1989,0,3,0,19,0,0,20,0,10,0
410045,2,1,1989,0,0,0,0,0,0,15,0,0,0
410046,1,1,1989,0,0,0,0,0,0,0,0,0,0
410046,2,1,1989,0,0,0,0,0,0,0,0,0,0
410047,1,1,1989,0,0,0,0,0,0,0,0,0,0
410047,2,1,1989,0,0,0,0,0,0,0,0,0,0
410047,3,1,1989,0,0,0,0,0,0,0,0,0,0
410048,1,1,1989,17,17,17,17,17,17,17,17,17,17
410048,2,1,1989,0,0,0,0,0,0,0,0,0,0
410049,1,1,1989,16,16,16,16,16,16,16,16,16,16
410049,2,1,1989,0,0,0,0,0,0,0,0,0,0
410050,1,1,1989,23,23,23,23,23,23,23,23,23,23
410050,2,1,1989,0,0,0,0,0,0,0,0,0,0
410050,3,1,1989,0,0,0,0,0,0,0,25,0,0
410051,1,1,1989,22,22,22,22,22,22,22,22,22,22
410051,2,1,1989,0,0,0,0,0,0,0,0,0,0
410052,1,1,1989,0,0,0,0,0,0,0,0,0,0
410053,0,1,1989,0,0,0,0,0,0,0,0,0,0
410053,1,1,1989,0,0,0,0,0,0,0,0,0,0
410054,0,1,1989,18,18,18,18,18,18,18,18,18,18
410054,1,1,1989,0,0,0,0,0,0,0,0,0,0
410055,1,1,1989,0,0,0,0,0,10,0,0,0,0
410055,2,1,1989,22,22,22,22,22,22,22,22,22,22
410056,1,1,1989,20,20,20,20,20,20,20,20,20,20
410057,1,1,1989,0,0,0,0,0,0,0,0,0,0
410057,2,1,1989,0,0,0,0,0,0,0,0,0,0
410058,1,1,1989,0,0,0,0,0,0,0,0,0,0
410059,0,1,1989,18,18,18,18,18,18,18,18,18,18
410059,1,1,1989,12,12,12,12,12,12,12,12,12,12
410060,1,1,1989,0,0,0,0,0,0,0,0,0,0
410060,2,1,1989,0,0,0,0,0,0,0,0,0,0
410061,1,1,1989,0,0,0,0,0,0,0,0,0,0
410061,2,1,1989,0,0,0,0,0,0,0,0,0,0
410062,1,1,1989,8,8,8,8,8,8,8,8,8,8
410063,1,1,1989,0,0,0,0,0,0,0,0,0,0
410063,2,1,1989,0,0,0,0,0,0,0,0,0,0
410064,1,1,1989,0,0,0,0,0,0,0,0,0,0
410064,2,1,1989,0,0,0,0,6,0,0,0,13,6
410065,1,1,1989,0,0,0,0,0,0,0,0,0,0
410065,2,1,1989,0,0,0,0,0,0,0,0,0,0
410066,1,1,1989,0,0,0,0,0,0,0,0,0,0
410066,2,1,1989,0,0,0,0,0,0,0,0,0,0
410067,1,1,1989,0,0,0,0,0,0,0,0,0,0
410068,1,1,1989,0,0,0,0,0,0,0,0,0,0
410068,2,1,1989,0,0,0,0,0,0,0,0,0,0
410069,0,1,1989,0,0,0,23,23,0,0,0,0,0
410069,1,1,1989,0,0,0,0,0,0,0,0,0,0
410070,1,1,1989,1,1,1,1,1,1,1,1,1,1
410070,2,1,1989,0,0,0,0,0,0,0,0,0,0
410071,0,1,1989,0,0,0,0,0,0,0,0,0,0
410071,0,2,1989,0,0,0,0,0,0,0,0,0,0
410071,1,1,1989,0,0,0,0,0,0,0,0,0,0
410072,1,1,1989,0,0,0,0,0,0,0,0,0,0
410073,1,1,1989,9,9,9,9,9,9,9,9,9,9
410074,1,1,1989,8,8,8,8,8,8,8,8,8,8
410075,1,1,1989,0,0,0,0,0,0,0,0,0,0
410075,2,1,1989,0,0,0,0,0,0,11,0,0,0
410076,1,1,1989,26,26,26,26,26,26,26,26,26,26
410076,2,1,1989,0,0,0,0,0,0,0,0,0,0
410077,1,1,1989,33,16,6,16,14,17,23,13,21,20
410077,2,1,1989,0,0,0,0,0,0,0,0,0,0
410078,1,1,1989,27,27,27,27,27,27,27,27,27,27
410079,1,1,1989,10,10,10,10,10,10,10,10,10,10
410080,0,1,1989,0,0,0,0,0,0,0,0,0,0
410080,1,1,1989,0,0,0,0,0,0,0,0,0,0
410081,1,1,1989,0,0,0,0,0,0,0,0,0,0
410081,2,1,1989,0,0,0,0,0,0,0,0,0,0
410082,1,1,1989,0,0,0,0,0,0,0,0,0,0
410084,1,1,1989,0,0,0,0,0,0,0,0,0,0
410085,0,1,1989,0,0,0,0,0,0,0,0,0,0
410085,1,1,1989,0,0,0,0,0,0,0,0,0,0
410086,1,1,1989,14,14,14,14,14,14,14,14,14,14
410087,1,1,1989,0,0,0,0,0,0,0,0,0,0
410087,2,1,1989,0,0,0,0,0,0,0,0,0,0
410088,1,1,1989,21,21,21,21,21,21,21,21,21,21
410088,2,1,1989,25,0,9,25,0,22,20,12,20,14
410089,0,1,1989,3,3,3,3,3,3,3,3,3,3
410089,1,1,1989,0,0,0,0,0,0,0,0,0,0
410090,1,1,1989,14,14,14,14,14,14,14,14,14,14
410090,2,1,1989,0,0,0,0,0,0,0,0,0,0
410090,3,1,1989,0,0,0,0,0,0,0,0,0,0
410091,1,1,1989,0,0,0,0,0,0,0,0,0,0
410091,2,1,1989,0,0,0,0,0,0,0,0,0,0
410092,0,1,1989,6,6,6,6,6,6,6,6,6,6
410092,0,2,1989,17,17,17,17,17,17,17,17,17,17
410092,1,1,1989,0,0,0,0,6,0,0,0,17,0
410093,1,1,1989,28,28,28,28,28,28,28,28,28,28
410093,2,1,1989,0,0,0,0,0,11,0,0,0,0
410094,1,1,1989,22,22,22,22,22,22,22,22,22,22
410094,2,1,1989,0,0,0,0,0,0,0,0,0,0
410095,1,1,1989,0,0,0,0,6,0,0,0,0,0
410095,2,1,1989,0,0,0,0,0,0,0,0,0,0
410095,3,1,1989,0,0,0,0,0,0,0,0,0,0
410096,1,1,1989,0,0,0,0,0,0,0,0,0,0
410096,2,1,1989,0,0,0,0,0,0,0,0,0,0
410097,1,1,1989,0,0,0,0,0,0,0,0,0,0
410098,1,1,1989,27,27,27,27,27,27,27,27,27,27
410099,1,1,1989,23,23,23,23,23,23,23,23,23,23
410100,1,1,1989,0,0,0,0,0,0,0,0,0,0
410100,2,1,1989,0,0,0,0,0,0,0,0,0,0
410101,1,1,1989,0,21,0,0,0,0,11,0,9,24
410102,1,1,1989,0,0,0,0,0,0,0,0,0,0
410102,2,1,1989,0,0,0,0,0,0,0,0,0,0
410102,3,1,1989,0,0,0,0,0,0,0,0,0,0
410104,1,1,1989,0,0,0,0,0,0,0,0,0,0
410104,2,1,1989,0,20,23,0,0,0,21,16,16,16
410105,1,1,1989,0,0,0,0,0,0,0,0,0,0
410105,2,1,1989,0,0,0,0,19,0,0,0,0,0
410105,3,1,1989,0,0,0,0,17,0,0,0,0,0
410107,1,1,1989,0,0,0,0,0,0,0,0,0,0
410108,1,1,1989,0,0,0,0,0,0,0,0,0,0
410108,2,1,1989,0,0,0,0,0,0,0,0,0,0
410109,0,1,1989,0,0,0,0,0,0,0,0,0,0
410109,1,1,1989,0,0,0,0,0,0,0,0,0,0
410110,1,1,1989,13,13,13,13,13,13,13,13,13,13
410112,1,1,1989,0,0,0,0,0,20,0,0,0,0
410112,2,1,1989,0,0,0,0,0,0,0,0,0,0
410113,1,1,1989,0,0,0,0,0,0,0,0,0,0
410113,2,1,1989,0,0,0,0,0,0,0,0,0,0
410114,0,1,1989,0,0,0,0,0,0,0,0,0,0
410114,1,1,1989,0,0,0,0,0,0,0,13,0,0
410115,1,1,1989,0,0,0,0,0,0,0,0,0,0
410115,2,1,1989,0,0,0,0,0,0,0,0,0,0
410116,1,1,1989,0,0,0,0,0,0,0,0,0,0
410116,2,1,1989,0,0,0,19,0,0,0,0,0,3
410117,1,1,1989,18,18,18,18,18,18,18,18,18,18
410117,2,1,1989,12,0,0,9,0,12,23,9,0,3
410118,1,1,1989,24,24,24,24,24,24,24,24,24,24
410118,2,1,1989,0,0,0,0,0,0,0,0,0,0
410119,1,1,1989,27,27,27,27,27,27,27,27,27,27
410120,1,1,1989,0,0,0,0,0,0,0,0,0,0
410120,2,1,1989,0,0,0,0,0,0,0,0,0,0
410121,1,1,1989,20,20,20,20,20,20,20,20,20,20
410122,1,1,1989,16,16,16,16,16,16,16,16,16,16
410123,1,2,1989,25,25,25,25,25,25,25,25,25,25
410124,1,1,1989,9,9,9,9,9,9,9,9,9,9
410125,1,1,1989,0,0,0,0,0,0,0,0,0,0
410126,0,1,1989,0,0,0,0,0,0,0,0,0,0
410126,1,1,1989,0,0,0,0,0,0,0,0,0,0
410126,2,1,1989,0,0,0,0,0,0,0,0,0,0
410127,1,1,1989,0,0,0,0,0,0,0,0,0,0
410128,1,1,1989,0,0,0,0,0,0,0,0,0,0
410128,2,1,1989,0,0,0,0,7,0,0,0,0,0
410129,1,1,1989,0,0,0,0,0,0,0,0,0,0
410129,2,1,1989,0,0,0,0,0,0,0,0,0,0
410130,1,1,1989,0,0,0,0,0,0,0,0,0,0
410130,2,1,1989,0,0,0,0,0,0,0,0,0,0
410131,1,1,1989,0,0,0,0,0,0,0,0,0,0
410132,1,1,1989,0,0,0,0,0,0,0,0,0,0
410132,2,1,1989,0,0,0,0,0,0,0,0,0,0
410133,1,1,1989,23,23,23,23,23,23,23,23,23,23
410133,2,1,1989,2,0,0,7,0,0,0,0,0,10
410134,1,1,1989,15,15,15,15,15,15,15,15,15,15
410135,1,1,1989,0,0,0,0,0,0,0,0,0,0
410136,1,1,1989,0,0,0,0,0,0,0,0,0,0
410136,2,1,1989,0,0,0,0,0,0,0,0,0,0
410136,3,1,1989,0,0,0,0,0,0,0,0,0,0
410137,1,1,1989,0,0,0,0,0,0,0,0,0,0
410137,2,1,1989,0,0,0,0,0,0,0,0,0,0
410138,1,1,1989,16,16,16,16,16,16,16,16,16,16
410139,1,1,1989,0,0,0,0,0,0,0,0,0,0
410139,2,1,1989,0,0,0,0,0,0,0,0,0,0
410140,1,1,1989,0,0,0,0,0,0,0,0,0,0
410141,1,1,1989,0,0,0,0,0,0,0,0,16,0
410142,1,1,1989,15,15,15,15,15,15,15,15,15,15
410143,1,1,1989,7,7,7,7,7,7,7,7,7,7
410144,1,1,1989,41,41,41,41,41,41,41,41,41,41
410145,1,1,1989,35,35,35,35,35,35,35,35,35,35
410145,2,1,1989,0,0,0,0,0,0,0,0,0,0
410146,1,1,1989,0,0,0,0,0,0,0,0,0,0
410146,2,1,1989,0,0,0,0,0,0,0,0,0,0
410147,1,1,1989,8,8,8,8,8,8,8,8,8,8
410148,1,1,1989,0,0,0,0,0,0,0,0,0,0
410148,2,1,1989,0,0,0,0,0,0,0,0,0,0
410149,0,1,1989,0,0,0,0,0,0,0,0,0,0
410149,1,1,1989,0,0,0,0,0,0,0,0,0,0
410151,1,1,1989,17,17,17,17,17,17,17,17,17,17
410152,1,1,1989,0,0,24,0,0,0,0,0,0,0
410153,1,1,1989,20,20,20,20,20,20,20,20,20,20
410154,0,1,1989,0,0,0,0,0,0,0,0,0,0
410154,1,1,1989,0,0,0,0,0,0,0,0,0,0
410155,1,1,1989,21,21,21,21,21,21,21,21,21,21
410156,0,1,1989,0,0,0,0,0,0,0,0,0,0
410156,1,1,1989,0,0,0,0,0,0,0,0,0,0
410157,1,1,1989,0,0,0,0,0,0,0,0,0,0
410157,2,1,1989,0,0,0,0,0,0,0,0,0,0
410158,1,1,1989,0,0,0,0,0,0,0,0,0,0
410159,1,1,1989,0,0,0,0,0,0,0,0,0,0
410159,2,1,1989,0,0,0,0,0,0,0,0,0,0
410160,2,1,1989,0,0,0,0,0,0,0,0,0,0
410161,1,2,1989,4,0,19,0,0,8,22,0,10,0
410162,1,1,1989,0,0,0,0,0,0,0,0,0,0
410162,2,1,1989,0,0,0,0,0,0,0,0,0,0
410163,1,1,1989,0,0,0,0,0,0,0,0,15,0
410164,1,1,1989,4,4,4,4,4,4,4,4,4,4
410164,2,1,1989,0,0,0,0,0,0,0,0,0,0
410165,1,1,1989,0,0,0,0,0,0,0,0,0,0
410165,2,1,1989,0,0,0,0,0,0,0,0,0,0
410166,1,1,1989,24,24,24,24,24,24,24,24,24,24
410167,1,1,1989,0,0,0,0,0,0,0,0,0,0
410167,2,1,1989,0,0,0,0,0,0,0,0,0,0
410168,1,1,1989,0,0,0,0,0,0,0,0,0,0
410168,2,1,1989,0,0,0,0,0,0,0,0,0,0
410169,0,1,1989,0,0,0,0,0,0,0,0,0,0
410169,1,1,1989,0,0,0,0,0,0,0,0,0,0
410170,1,1,1989,25,25,25,25,25,25,25,25,25,25
410172,1,1,1989,0,0,0,0,0,0,0,0,0,0
410172,2,1,1989,0,0,0,0,0,0,0,0,0,0
410173,1,1,1989,0,0,0,0,0,0,0,0,0,0
410173,2,1,1989,0,0,0,0,0,0,0,0,0,0
410173,3,1,1989,0,0,0,21,0,0,0,0,0,0
410174,1,1,1989,0,0,0,0,0,0,0,0,0,0
410174,2,1,1989,0,0,0,0,0,0,0,0,0,0
410175,1,1,1989,11,11,11,11,11,11,11,11,11,11
410176,1,1,1989,6,6,6,6,6,6,6,6,6,6
410177,1,1,1989,0,0,0,0,0,0,13,0,0,0
410178,0,1,1989,0,0,0,0,0,0,0,0,0,0
410178,1,1,1989,0,0,0,0,0,0,0,0,0,0
410179,1,1,1989,5,5,5,5,5,5,5,5,5,5
410180,1,1,1989,0,0,0,0,0,0,0,0,0,0
410180,2,1,1989,0,0,0,0,0,0,0,5,0,0
410181,1,1,1989,20,20,20,20,20,20,20,20,20,20
410182,1,1,1989,0,0,16,0,0,0,0,0,0,20
410182,2,1,1989,7,7,7,7,7,7,7,7,7,7
410183,1,1,1989,5,5,5,5,5,5,5,5,5,5
410183,2,1,1989,0,0,0,0,0,11,0,0,0,0
410184,1,1,1989,27,27,27,27,27,27,27,27,27,27
410185,1,1,1989,0,0,0,0,0,0,0,0,0,0
410186,0,1,1989,0,0,0,0,0,0,0,0,0,0
410186,1,1,1989,16,16,16,16,16,16,16,16,16,16
410187,1,1,1989,6,6,6,6,6,6,6,6,6,6
410187,2,1,1989,0,0,0,0,0,0,0,0,0,0
410187,3,1,1989,0,0,0,0,0,0,0,0,0,0
410188,1,1,1989,7,7,7,7,7,7,7,7,7,7
410189,1,1,1989,0,0,0,0,0,0,0,0,0,0
410189,2,1,1989,0,0,0,0,0,0,0,0,0,0
410189,3,1,1989,0,0,0,0,0,0,0,0,0,0
410190,1,1,1989,15,15,15,15,15,15,15,15,15,15
410191,1,1,1989,0,0,0,0,19,0,0,0,0,0
410191,2,1,1989,14,14,14,14,14,14,14,14,14,14
410192,1,1,1989,19,19,19,19,19,19,19,19,19,19
410193,1,1,1989,0,0,0,0,0,0,0,0,0,0
410194,1,1,1989,18,18,18,18,18,18,18,18,18,18
410195,1,1,1989,0,0,0,0,0,0,0,0,0,0
410195,2,1,1989,0,0,0,0,0,0,0,0,0,0
410196,1,1,1989,0,0,0,0,0,0,0,0,0,0
410197,1,1,1989,0,0,0,0,0,0,0,0,0,0
410198,1,1,1989,0,0,0,0,0,0,0,0,0,0
410198,2,1,1989,37,37,37,37,37,37,37,37,37,37
410199,1,1,1989,0,0,0,0,0,0,0,0,0,0
410200,1,1,1989,0,0,0,0,0,0,0,0,0,0
410201,1,1,1989,0,0,0,0,0,0,0,0,0,0
410201,2,1,1989,0,0,0,0,0,0,0,0,0,0
410201,3,1,1989,0,0,0,0,0,0,0,0,0,0
410202,1,1,1989,0,0,0,0,0,0,0,0,0,0
410202,2,1,1989,0,0,0,0,0,0,0,0,0,0
410203,1,1,1989,0,0,11,10,15,0,0,18,0,3
410204,1,1,1989,0,0,0,0,0,0,0,0,0,0
410204,2,1,1989,0,0,0,0,0,0,0,0,0,0
410205,1,1,1989,0,0,0,0,0,0,0,0,0,0
410205,2,1,1989,0,0,0,0,0,0,0,0,0,0
410206,0,1,1989,0,0,0,0,0,0,0,0,0,0
410206,1,1,1989,0,23,0,0,0,0,0,0,0,0
410207,0,1,1989,18,18,18,18,18,18,18,18,18,18
410207,1,1,1989,0,0,0,0,0,0,0,0,0,0
410208,1,1,1989,0,0,0,0,0,0,0,0,0,0
410209,1,1,1989,30,4,9,22,27,26,17,17,16,12
410210,1,1,1989,19,19,19,19,19,19,19,19,19,19
410211,1,1,1989,0,0,0,0,0,0,0,0,0,0
410212,1,1,1989,5,5,5,5,5,5,5,5,5,5
410213,1,1,1989,20,20,20,20,20,20,20,20,20,20
410214,1,1,1989,20,20,20,20,20,20,20,20,20,20
410214,2,1,1989,0,0,0,0,0,0,0,0,0,0
410215,1,1,1989,0,0,0,0,0,0,0,0,0,0
410216,1,1,1989,25,25,25,25,25,25,25,25,25,25
410216,2,1,1989,14,14,14,14,14,14,14,14,14,14
410217,1,1,1989,10,10,10,10,10,10,10,10,10,10
410218,1,1,1989,22,22,22,22,22,22,22,22,22,22
410219,1,1,1989,24,24,24,24,24,24,24,24,24,24
410220,1,1,1989,0,0,0,0,0,0,0,0,0,0
410220,2,1,1989,0,0,0,0,0,0,0,0,0,0
410221,1,1,1989,0,0,0,0,0,0,0,0,0,0
410222,1,1,1989,0,0,0,0,21,0,12,0,0,0
410222,2,1,1989,0,0,0,16,0,0,0,0,14,4
410223,1,1,1989,0,0,0,0,0,0,0,0,0,0
410224,1,1,1989,0,0,0,0,0,0,0,0,0,0
410224,2,1,1989,0,0,0,0,0,0,0,0,0,0
410224,3,1,1989,0,0,0,0,0,2,0,0,0,0
410224,4,1,1989,0,0,0,0,0,0,0,0,0,0
410226,1,1,1989,26,26,26,26,26,26,26,26,26,26
410227,1,1,1989,14,14,14,14,14,14,14,14,14,14
410228,1,1,1989,0,0,0,0,0,0,0,0,0,0
410229,1,1,1989,0,0,0,0,0,0,0,0,0,0
410229,2,1,1989,0,0,0,0,0,0,0,0,0,0
410230,1,1,1989,0,0,0,0,0,0,0,0,0,0
410230,2,1,1989,15,0,0,0,0,0,0,0,0,0
410231,0,1,1989,23,23,23,23,23,23,23,23,23,23