ST_CASE,VEH_NO,PER_NO,YEAR,P1,P2,P3,P4,P5,P6,P7,P8,P9,P10
410231,1,1,1989,0,0,0,0,0,0,0,0,0,0
410233,1,1,1989,0,0,0,0,0,0,0,0,0,0
410233,2,1,1989,0,0,0,0,0,0,0,0,0,0
410233,3,1,1989,0,0,0,0,0,0,0,0,0,0
410234,1,1,1989,29,29,29,29,29,29,29,29,29,29
410236,1,1,1989,0,0,0,0,0,0,0,0,0,0
410236,2,1,1989,0,0,0,0,0,0,0,0,0,0
410236,3,1,1989,0,0,0,0,0,0,0,0,0,0
410237,1,1,1989,21,21,21,21,21,21,21,21,21,21
410238,1,1,1989,34,34,34,34,34,34,34,34,34,34
410238,2,1,1989,0,0,0,0,0,0,0,0,0,0
410238,3,1,1989,0,0,0,0,0,0,0,0,0,0
410239,1,1,1989,0,0,0,0,0,0,0,0,0,0
410239,2,1,1989,0,0,0,0,0,0,0,0,0,0
410240,1,1,1989,34,11,12,20,13,8,0,25,8,24
410241,1,1,1989,0,0,0,0,0,0,0,0,0,0
410241,2,1,1989,14,0,0,2,0,0,0,0,0,0
410241,3,1,1989,0,0,0,0,0,0,0,0,0,0
410242,0,1,1989,0,0,0,0,0,0,0,0,0,0
410242,1,1,1989,0,0,0,0,0,0,0,0,0,0
410243,1,1,1989,8,8,8,8,8,8,8,8,8,8
410243,2,1,1989,0,0,0,0,0,0,0,0,0,0
410244,1,1,1989,21,21,21,21,21,21,21,21,21,21
410245,1,1,1989,0,0,0,0,0,0,0,0,0,0
410245,2,1,1989,0,0,0,0,0,0,0,0,0,0
410246,1,1,1989,0,0,0,0,0,0,0,0,0,0
410246,2,1,1989,0,0,0,0,0,0,0,0,0,0
410247,1,1,1989,0,0,0,0,0,0,0,0,0,0
410247,2,1,1989,0,0,0,0,0,0,0,0,0,0
410248,1,1,1989,14,14,14,14,14,14,14,14,14,14
410249,1,1,1989,0,0,0,0,0,0,0,0,0,0
410249,2,1,1989,0,0,0,0,0,0,0,0,0,0
410250,1,1,1989,0,0,0,0,0,0,0,0,4,11
410251,1,1,1989,24,24,24,24,24,24,24,24,24,24
410251,2,1,1989,0,0,0,0,0,0,0,0,0,0
410251,3,1,1989,0,0,0,0,0,0,0,0,0,0
410252,1,1,1989,23,23,23,23,23,23,23,23,23,23
410253,1,1,1989,0,0,0,0,0,0,0,0,0,0
410253,2,1,1989,0,0,0,0,0,0,0,0,0,0
410254,1,1,1989,0,0,0,0,0,0,0,0,0,0
410254,2,1,1989,0,0,0,0,0,0,0,0,0,0
410255,1,1,1989,0,0,0,0,0,0,0,0,0,0
410255,2,1,1989,0,0,0,0,0,0,0,0,0,0
410256,1,1,1989,0,0,0,0,0,0,0,0,0,0
410257,1,1,1989,0,0,0,0,0,0,0,0,0,0
410257,2,1,1989,19,12,14,17,25,20,16,11,20,21
410258,1,1,1989,0,0,0,0,0,0,0,0,0,0
410258,2,1,1989,0,0,0,0,0,0,0,0,0,0
410259,0,1,1989,0,0,0,0,0,0,0,0,0,0
410259,1,1,1989,0,0,0,0,0,0,0,0,0,0
410260,1,1,1989,17,17,17,17,17,17,17,17,17,17
410261,1,1,1989,0,0,0,0,0,0,25,0,0,0
410261,2,1,1989,0,0,0,0,0,0,0,0,0,0
410262,0,1,1989,0,0,0,0,0,0,0,0,0,0
410262,1,1,1989,0,0,0,0,0,23,0,0,0,0
410263,1,1,1989,0,0,0,0,0,0,0,0,0,0
410263,2,1,1989,0,0,0,0,0,0,0,0,0,0
410264,1,1,1989,0,0,0,0,0,0,0,0,0,0
410264,2,1,1989,0,0,0,0,0,0,0,0,0,0
410264,3,1,1989,0,0,0,0,0,0,0,0,0,0
410265,1,1,1989,0,0,0,0,0,0,0,0,0,0
410266,1,1,1989,15,15,15,15,15,15,15,15,15,15
410267,0,1,1989,0,0,0,0,0,0,0,0,0,0
410267,1,1,1989,0,0,0,0,0,0,0,0,0,0
410268,1,1,1989,0,0,0,0,0,0,0,0,0,0
410269,1,1,1989,5,5,5,5,5,5,5,5,5,5
410270,1,1,1989,2,2,2,2,2,2,2,2,2,2
410271,1,1,1989,6,6,6,6,6,6,6,6,6,6
410272,1,1,1989,0,0,0,0,0,0,0,0,0,0
410272,2,1,1989,0,0,0,0,0,0,0,0,0,0
410274,1,1,1989,0,0,0,0,0,0,0,0,0,0
410274,2,1,1989,0,0,0,0,0,0,0,0,0,0
410275,1,1,1989,26,26,26,26,26,26,26,26,26,26
410276,1,1,1989,0,0,0,0,0,0,0,0,0,0
410276,2,1,1989,25,12,13,5,21,13,28,0,16,19
410276,3,1,1989,0,0,0,0,0,0,0,0,0,0
410277,1,1,1989,19,19,19,19,19,19,19,19,19,19
410278,1,1,1989,0,0,0,0,0,0,0,0,0,0
410279,1,1,1989,0,0,0,0,0,0,0,0,0,0
410280,1,1,1989,0,0,0,0,0,0,0,0,0,0
410280,2,1,1989,0,0,0,0,0,0,0,0,0,0
410281,1,1,1989,3,3,3,3,3,3,3,3,3,3
410282,1,1,1989,18,18,18,18,18,18,18,18,18,18
410283,1,1,1989,0,0,0,0,0,0,0,0,0,0
410284,1,1,1989,0,0,0,0,0,0,0,0,0,0
410284,2,1,1989,19,0,0,0,0,0,0,0,0,0
410285,1,1,1989,0,0,0,0,0,0,0,0,0,0
410286,1,1,1989,7,7,7,7,7,7,7,7,7,7
410286,2,1,1989,19,0,0,21,0,0,0,0,0,0
410287,1,1,1989,0,0,0,0,0,0,0,0,0,0
410287,2,1,1989,0,0,0,0,0,0,4,0,0,0
410288,1,1,1989,0,0,0,0,0,0,0,0,0,0
410288,2,1,1989,17,17,17,17,17,17,17,17,17,17
410289,1,1,1989,27,27,27,27,27,27,27,27,27,27
410289,2,1,1989,7,7,7,7,7,7,7,7,7,7
410290,1,1,1989,18,18,18,18,18,18,18,18,18,18
410291,1,1,1989,0,0,0,0,0,0,0,0,0,0
410291,2,1,1989,0,0,0,0,0,0,0,0,0,0
410292,1,1,1989,0,0,0,0,0,0,0,0,0,0
410292,2,1,1989,0,0,0,0,0,0,0,0,0,0
410292,3,1,1989,0,0,0,0,0,0,0,0,0,0
410293,1,1,1989,0,0,0,0,0,0,0,0,0,0
410294,1,1,1989,19,19,19,19,19,19,19,19,19,19
410295,1,1,1989,27,27,27,27,27,27,27,27,27,27
410296,1,1,1989,0,0,0,0,0,0,0,0,0,0
410296,2,1,1989,0,0,0,0,0,0,0,0,0,0
410297,1,1,1989,0,0,0,0,0,0,0,0,0,0
410297,2,1,1989,0,0,0,0,0,0,0,0,0,0
410298,1,1,1989,0,0,0,0,0,0,0,0,0,0
410298,2,1,1989,0,0,0,0,0,0,0,0,0,0
410298,3,1,1989,0,0,0,0,0,0,0,0,0,0
410299,1,1,1989,21,21,21,21,21,21,21,21,21,21
410299,2,1,1989,0,0,0,0,0,0,0,0,0,0
410301,1,1,1989,0,0,0,0,0,0,0,0,0,0
410301,2,1,1989,0,0,0,0,0,0,0,0,0,0
410302,1,1,1989,0,0,0,0,0,0,0,0,0,0
410303,1,1,1989,26,26,26,26,26,26,26,26,26,26
410304,1,1,1989,0,0,0,0,0,0,0,0,0,0
410305,1,1,1989,22,22,22,22,22,22,22,22,22,22
410306,1,1,1989,0,0,0,0,0,0,0,0,0,0
410306,2,1,1989,0,0,0,0,0,0,0,0,0,0
410307,0,1,1989,0,0,0,0,0,0,0,0,0,0
410307,1,1,1989,0,0,0,0,0,0,0,0,0,0
410308,1,1,1989,24,24,24,24,24,24,24,24,24,24
410309,1,1,1989,14,14,14,14,14,14,14,14,14,14
410309,2,1,1989,0,0,0,0,0,0,0,0,0,0
410310,1,1,1989,39,39,39,39,39,39,39,39,39,39
410311,1,1,1989,0,0,0,0,0,0,0,0,0,0
410311,2,1,1989,0,0,0,0,9,0,0,0,0,0
410312,1,1,1989,13,13,13,13,13,13,13,13,13,13
410313,1,1,1989,0,0,0,0,0,0,0,0,0,0
410313,2,1,1989,0,0,0,0,0,0,0,0,0,0
410314,1,1,1989,15,13,10,16,23,22,32,7,43,24
410315,1,1,1989,0,0,0,0,0,0,0,0,0,0
410315,2,1,1989,0,0,0,0,0,0,0,0,0,0
410316,1,1,1989,6,0,32,0,0,20,9,5,0,5
410317,1,1,1989,0,0,0,0,0,0,0,0,0,0
410317,2,1,1989,0,0,0,0,0,0,0,0,0,0
410318,1,1,1989,33,33,33,33,33,33,33,33,33,33
410319,1,1,1989,0,0,0,0,0,0,0,0,0,0
410319,2,1,1989,0,0,0,0,0,0,0,0,0,0
410320,1,1,1989,0,0,0,0,0,0,0,0,0,0
410320,2,1,1989,0,0,0,0,0,0,0,0,0,0
410320,3,1,1989,0,0,0,0,0,21,0,0,0,0
410321,1,1,1989,0,0,0,0,11,0,0,0,0,0
410321,2,1,1989,0,0,0,0,0,0,0,0,0,0
410322,1,1,1989,0,0,0,0,0,0,0,0,0,0
410323,1,1,1989,11,11,11,11,11,11,11,11,11,11
410324,1,1,1989,21,21,21,21,21,21,21,21,21,21
410324,2,1,1989,0,0,0,0,0,0,0,0,0,0
410326,1,1,1989,0,0,0,0,0,0,0,0,0,0
410326,2,1,1989,0,0,0,0,0,0,0,0,0,0
410327,1,1,1989,0,0,0,0,0,0,0,0,0,0
410328,0,1,1989,29,29,29,29,29,29,29,29,29,29
410328,1,1,1989,0,0,0,0,0,0,0,0,0,0
410329,1,1,1989,0,0,0,0,0,0,0,0,0,0
410329,2,1,1989,0,0,0,0,0,0,0,0,0,0
410330,1,1,1989,0,0,0,0,0,0,0,0,0,0
410331,1,1,1989,0,0,0,0,0,0,0,0,0,0
410331,2,1,1989,0,0,0,0,0,0,0,0,0,0
410332,1,1,1989,0,0,0,0,0,0,0,0,0,0
410333,1,1,1989,0,0,0,0,0,0,0,0,0,0
410334,0,1,1989,0,0,0,0,0,14,7,0,0,0
410334,0,2,1989,20,20,20,20,20,20,20,20,20,20
410334,0,3,1989,0,0,0,0,0,0,25,0,33,6
410334,1,1,1989,0,0,0,0,0,0,0,0,0,0
410334,2,1,1989,0,0,0,0,0,0,0,0,0,0
410335,1,1,1989,29,29,29,29,29,29,29,29,29,29
410335,2,1,1989,0,0,0,0,0,0,0,0,0,0
410337,1,1,1989,0,0,0,0,0,0,0,0,0,0
410337,2,1,1989,0,0,0,0,0,0,0,0,0,0
410337,3,1,1989,0,0,0,0,0,0,0,0,0,0
410338,1,1,1989,22,22,22,22,22,22,22,22,22,22
410338,2,1,1989,0,0,0,0,0,0,0,0,0,0
410339,1,1,1989,20,20,20,20,20,20,20,20,20,20
410340,1,1,1989,10,10,10,10,10,10,10,10,10,10
410340,2,1,1989,0,0,0,0,0,0,0,0,0,0
410341,0,1,1989,0,0,0,0,0,0,0,0,0,0
410341,1,1,1989,20,20,20,20,20,20,20,20,20,20
410342,1,1,1989,0,0,0,0,0,0,0,0,0,0
410342,2,1,1989,0,0,0,0,0,0,0,0,0,0
410342,3,1,1989,0,0,0,0,0,0,0,0,0,0
410343,1,1,1989,0,0,0,0,0,0,0,0,0,0
410343,2,1,1989,20,0,28,0,0,0,20,0,0,0
410345,1,1,1989,0,0,0,0,0,0,0,0,0,0
410345,2,1,1989,17,17,17,17,17,17,17,17,17,17
410346,1,1,1989,0,0,0,0,0,0,0,0,0,0
410346,2,1,1989,5,0,0,0,0,0,0,0,0,0
410347,1,1,1989,8,8,8,8,8,8,8,8,8,8
410348,1,1,1989,0,0,0,0,0,0,0,0,0,0
410348,2,1,1989,0,0,0,0,0,0,0,0,0,0
410349,1,1,1989,35,35,35,35,35,35,35,35,35,35
410350,1,1,1989,0,0,0,0,0,0,0,0,0,0
410350,2,1,1989,0,0,0,0,0,0,0,0,0,0
410351,1,1,1989,0,0,13,0,0,0,0,0,0,0
410351,2,1,1989,0,0,0,0,0,0,0,0,0,0
410352,1,1,1989,0,0,0,0,0,0,0,0,0,0
410352,2,1,1989,0,0,0,0,0,0,0,0,0,0
410353,1,1,1989,18,18,18,18,18,18,18,18,18,18
410354,1,1,1989,34,34,34,34,34,34,34,34,34,34
410354,2,1,1989,0,0,0,0,0,0,0,0,0,0
410355,1,1,1989,0,0,0,0,0,0,0,0,0,0
410356,1,1,1989,26,26,26,26,26,26,26,26,26,26
410356,2,1,1989,0,0,0,0,0,37,0,0,0,0
410356,3,1,1989,0,0,0,0,0,0,0,0,0,0
410357,1,1,1989,0,0,0,0,0,0,0,0,0,0
410357,2,1,1989,0,0,0,0,0,0,0,0,0,0
410358,1,1,1989,5,5,5,5,5,5,5,5,5,5
410358,2,1,1989,0,0,0,0,0,0,0,0,0,0
410359,1,1,1989,0,0,0,0,0,0,0,0,0,0
410360,1,1,1989,22,22,22,22,22,22,22,22,22,22
410361,1,1,1989,0,0,0,0,0,0,0,0,0,0
410361,2,1,1989,0,0,0,0,17,0,0,0,0,0
410362,1,1,1989,20,20,20,20,20,20,20,20,20,20
410362,2,1,1989,14,14,14,14,14,14,14,14,14,14
410363,1,1,1989,0,0,0,0,0,0,0,0,0,0
410363,2,1,1989,0,0,0,0,0,0,0,0,0,0
410364,1,1,1989,0,0,0,0,0,0,0,0,0,0
410364,2,1,1989,4,4,4,4,4,4,4,4,4,4
410365,1,1,1989,24,24,24,24,24,24,24,24,24,24
410365,2,1,1989,0,0,0,0,0,0,0,0,0,0
410366,1,1,1989,16,16,16,16,16,16,16,16,16,16
410367,1,1,1989,0,0,0,0,0,0,0,0,0,0
410368,1,1,1989,0,0,0,0,0,0,0,0,0,0
410369,0,1,1989,0,0,0,0,0,0,0,0,0,0
410369,1,1,1989,0,0,0,0,0,0,0,0,0,0
410370,1,1,1989,4,4,4,4,4,4,4,4,4,4
410372,1,1,1989,0,0,0,0,0,0,0,0,0,0
410372,2,1,1989,0,0,0,0,0,0,0,0,0,0
410372,3,1,1989,0,0,0,0,0,0,0,0,0,0
410372,4,1,1989,13,13,13,13,13,13,13,13,13,13
410373,1,1,1989,24,24,24,24,24,24,24,24,24,24
410373,2,1,1989,0,21,12,22,22,6,24,12,22,24
410374,1,1,1989,0,0,0,0,0,0,0,0,0,0
410375,1,1,1989,0,0,0,0,0,0,0,0,0,0
410376,1,1,1989,0,0,0,0,0,0,0,0,0,0
410376,2,1,1989,0,0,0,0,0,0,0,0,0,0
410377,1,1,1989,9,9,9,9,9,9,9,9,9,9
410378,1,1,1989,0,0,0,0,0,0,0,0,0,0
410378,2,1,1989,0,0,0,0,0,0,0,0,0,0
410379,1,1,1989,0,0,0,0,0,0,0,0,0,0
410380,1,1,1989,16,16,16,16,16,16,16,16,16,16
410381,0,1,1989,0,0,0,0,0,0,0,0,0,0
410381,1,1,1989,0,0,0,0,0,0,0,0,0,0
410382,1,1,1989,0,0,0,0,0,0,0,0,0,0
410382,2,1,1989,0,0,0,0,0,0,0,0,0,0
410383,1,1,1989,21,21,21,21,21,21,21,21,21,21
410383,2,1,1989,0,0,0,0,0,0,0,0,0,0
410384,1,1,1989,15,15,15,15,15,15,15,15,15,15
410385,1,1,1989,28,28,28,28,28,28,28,28,28,28
410386,1,1,1989,11,11,11,11,11,11,11,11,11,11
410386,2,1,1989,1,1,1,1,1,1,1,1,1,1
410387,1,1,1989,42,42,42,42,42,42,42,42,42,42
410388,1,1,1989,0,0,0,0,0,0,0,0,0,0
410389,0,1,1989,18,18,18,18,18,18,18,18,18,18
410389,1,1,1989,0,21,0,27,0,0,0,0,0,21
410390,0,1,1989,27,27,27,27,27,27,27,27,27,27
410390,1,1,1989,0,0,0,14,0,0,0,17,0,0
410391,1,1,1989,1,1,1,1,1,1,1,1,1,1
410391,2,1,1989,0,0,0,0,0,0,0,0,0,0
410392,1,1,1989,18,18,18,18,18,18,18,18,18,18
410393,1,1,1989,0,0,0,0,0,0,0,0,0,0
410393,2,1,1989,0,0,0,0,0,0,0,0,0,0
410394,1,1,1989,0,0,0,0,0,0,0,0,0,0
410395,0,1,1989,0,0,0,0,0,0,0,0,0,0
410395,1,1,1989,0,0,0,0,0,0,0,0,0,0
410396,1,1,1989,0,0,0,0,0,0,0,0,0,0
410397,1,1,1989,20,20,20,20,20,20,20,20,20,20
410397,2,1,1989,3,3,3,3,3,3,3,3,3,3
410398,1,1,1989,5,5,5,5,5,5,5,5,5,5
410399,1,1,1989,17,17,17,17,17,17,17,17,17,17
410400,1,1,1989,16,16,16,16,16,16,16,16,16,16
410400,2,1,1989,0,0,0,0,0,11,0,0,0,0
410401,0,1,1989,0,0,0,0,0,0,0,0,0,0
410401,1,1,1989,0,0,0,0,0,0,0,0,0,0
410402,1,1,1989,0,0,0,0,0,0,0,0,0,0
410403,1,1,1989,0,0,0,0,0,0,0,0,0,0
410404,1,1,1989,0,0,0,0,0,0,0,0,0,0
410405,1,1,1989,0,0,0,0,0,0,0,0,0,0
410406,1,1,1989,0,0,0,0,0,0,0,3,0,0
410406,2,1,1989,0,14,0,0,0,0,0,0,0,0
410407,1,1,1989,0,0,0,0,0,0,0,0,0,0
410407,2,1,1989,0,0,0,0,0,0,0,0,0,0
410408,1,1,1989,22,22,22,22,22,22,22,22,22,22
410409,1,1,1989,0,0,0,0,0,0,0,0,0,0
410410,1,1,1989,0,0,0,0,0,0,0,0,0,0
410410,2,1,1989,0,0,0,0,0,0,0,0,0,0
410411,1,1,1989,0,0,0,0,0,0,0,0,0,0
410411,2,1,1989,12,16,0,13,29,0,0,0,17,16
410412,1,1,1989,0,0,0,0,0,0,0,0,0,0
410412,2,1,1989,0,7,0,10,0,0,14,0,0,0
410413,1,1,1989,4,4,4,4,4,4,4,4,4,4
410414,1,1,1989,0,0,0,0,0,0,0,0,0,0
410414,2,1,1989,0,0,0,0,0,0,0,0,0,0
410415,1,1,1989,0,0,19,0,0,0,0,0,0,0
410415,2,1,1989,0,0,0,0,0,0,0,0,18,0
410415,3,1,1989,0,0,0,0,0,0,0,0,0,0
410416,1,1,1989,30,30,30,30,30,30,30,30,30,30
410416,2,1,1989,0,0,0,0,0,0,0,0,0,0
410417,1,1,1989,16,16,16,16,16,16,16,16,16,16
410418,1,1,1989,0,0,0,0,0,0,0,0,0,0
410418,2,1,1989,0,0,0,0,0,0,0,0,0,0
410418,3,1,1989,0,0,0,0,0,0,0,0,0,0
410419,1,1,1989,0,0,0,0,0,0,0,0,0,0
410420,1,1,1989,0,0,0,0,0,0,0,0,0,0
410421,1,1,1989,0,0,0,0,0,0,0,0,0,0
410421,2,1,1989,0,0,14,0,29,0,0,0,0,0
410421,3,1,1989,0,0,0,0,0,0,0,0,0,0
410423,0,1,1989,0,0,0,0,0,0,0,0,0,0
410423,1,1,1989,0,0,0,0,0,0,0,0,0,0
410424,1,1,1989,0,0,0,0,0,0,0,0,0,0
410425,1,1,1989,16,16,25,11,13,5,19,14,18,9
410426,1,1,1989,10,0,0,0,12,0,0,9,0,16
410427,1,1,1989,0,0,0,0,0,0,0,0,0,0
410428,1,1,1989,16,16,16,16,16,16,16,16,16,16
410429,1,1,1989,0,0,0,0,0,0,0,0,0,0
410429,2,1,1989,0,0,0,0,0,0,0,0,0,0
410430,1,1,1989,0,0,10,0,0,0,0,0,0,0
410431,1,1,1989,21,21,21,21,21,21,21,21,21,21
410432,1,1,1989,11,11,11,11,11,11,11,11,11,11
410432,2,1,1989,0,0,0,0,0,0,0,0,0,0
410433,1,1,1989,17,17,17,17,17,17,17,17,17,17
410434,1,1,1989,20,20,20,20,20,20,20,20,20,20
410434,2,1,1989,0,0,37,0,0,0,13,0,0,0
410435,1,1,1989,28,28,28,28,28,28,28,28,28,28
410436,1,1,1989,3,3,3,3,3,3,3,3,3,3
410436,2,1,1989,0,0,0,0,0,0,0,0,0,0
410438,1,1,1989,13,13,13,13,13,13,13,13,13,13
410439,1,1,1989,22,0,0,30,11,17,27,17,23,33
410440,1,1,1989,0,0,0,0,0,0,0,28,0,0
410440,2,1,1989,0,0,0,0,0,0,0,0,0,0
410441,0,1,1989,0,0,0,0,0,0,0,0,0,0
410441,1,1,1989,0,0,0,0,0,0,0,0,0,0
410442,1,1,1989,0,0,0,0,0,0,0,0,0,0
410443,1,1,1989,8,8,8,8,8,8,8,8,8,8
410444,1,1,1989,0,0,0,0,0,0,0,0,0,0
410445,1,1,1989,13,13,13,13,13,13,13,13,13,13
410446,1,1,1989,0,0,0,0,0,0,0,0,0,0
410447,1,1,1989,27,27,27,27,27,27,27,27,27,27
410448,1,1,1989,7,7,7,7,7,7,7,7,7,7
410449,1,1,1989,7,7,7,7,7,7,7,7,7,7
410449,2,1,1989,2,2,2,2,2,2,2,2,2,2
410450,1,1,1989,0,0,0,0,0,0,0,0,0,0
410450,2,1,1989,0,0,0,0,0,0,0,0,0,0
410450,3,1,1989,0,0,0,0,0,0,0,0,0,0
410451,1,1,1989,0,0,0,0,0,0,0,0,0,0
410451,2,1,1989,0,0,0,0,0,0,0,0,0,0
410452,1,1,1989,0,0,0,0,0,0,0,0,0,0
410453,1,1,1989,0,0,0,0,0,0,0,0,0,0
410454,1,1,1989,0,0,0,0,0,0,0,13,18,0
410454,2,1,1989,0,0,0,0,0,0,0,0,0,0
410455,1,1,1989,0,0,0,0,0,0,0,0,0,0
410455,2,1,1989,0,0,0,0,0,0,0,0,0,0
410456,1,1,1989,25,0,0,0,12,24,0,29,26,17
410457,1,1,1989,0,0,0,0,0,0,0,0,0,0
410457,2,1,1989,0,0,0,0,0,0,0,0,0,0
410458,0,1,1989,4,4,4,4,4,4,4,4,4,4
410458,0,2,1989,0,14,0,18,0,9,0,0,0,0
410458,1,1,1989,0,0,0,0,0,0,0,0,0,0
410459,1,1,1989,17,17,17,17,17,17,17,17,17,17
410459,2,1,1989,9,9,9,9,9,9,9,9,9,9
410460,1,1,1989,20,20,20,20,20,20,20,20,20,20
410461,1,1,1989,38,38,38,38,38,38,38,38,38,38
410461,2,1,1989,0,0,0,0,0,0,0,0,0,0
410462,1,1,1989,11,11,11,11,11,11,11,11,11,11
410463,1,1,1989,17,17,17,17,17,17,17,17,17,17
410463,2,1,1989,0,0,0,0,0,0,0,0,0,0
410464,1,1,1989,0,0,0,0,0,0,0,0,27,0
410464,2,1,1989,0,0,0,0,0,0,0,0,0,0
410465,1,1,1989,29,29,29,29,29,29,29,29,29,29
410466,1,1,1989,0,0,0,0,0,0,0,0,0,0
410466,2,1,1989,0,0,0,0,0,0,0,0,0,0
410467,1,1,1989,20,20,20,20,20,20,20,20,20,20
410468,1,1,1989,20,20,20,20,20,20,20,20,20,20
410469,1,1,1989,0,0,0,0,0,0,0,0,0,0
410469,2,1,1989,0,0,0,0,0,0,0,0,0,0
410470,1,1,1989,0,0,0,0,0,0,0,0,0,0
410470,2,1,1989,0,0,0,0,0,0,0,0,0,0
410471,1,1,1989,0,0,0,0,0,0,0,0,0,0
410471,2,1,1989,0,0,0,0,0,0,0,0,0,0
410472,1,1,1989,0,0,0,13,0,0,0,0,0,0
410473,1,1,1989,0,0,0,0,0,0,0,18,0,0
410474,1,1,1989,3,3,3,3,3,3,3,3,3,3
410475,1,1,1989,11,11,11,11,11,11,11,11,11,11
410476,1,1,1989,15,19,17,0,24,20,26,21,0,26
410477,0,1,1989,0,0,0,0,0,0,0,0,0,0
410477,1,1,1989,0,0,0,0,0,0,0,0,0,0
410478,1,1,1989,0,0,0,0,0,0,0,0,0,0
410478,2,1,1989,0,0,0,0,0,0,0,0,0,0
410478,3,1,1989,0,0,0,0,0,0,0,0,0,0
410479,1,1,1989,0,0,0,0,0,0,0,0,0,0
410479,2,1,1989,0,0,0,0,0,0,0,0,0,0
410480,0,1,1989,28,28,28,28,28,28,28,28,28,28
410480,1,1,1989,0,0,0,0,0,0,0,0,0,0
410480,2,1,1989,0,0,0,0,0,0,0,0,0,0
410480,3,1,1989,0,0,0,0,0,0,0,0,0,0
410481,1,1,1989,10,19,4,13,27,4,17,13,18,5
410482,1,1,1989,0,0,0,0,0,0,0,0,0,0
410482,2,1,1989,0,0,0,0,0,0,0,0,0,0
410483,1,1,1989,11,11,11,11,11,11,11,11,11,11
410484,0,1,1989,0,0,0,0,0,0,0,0,0,0
410484,1,1,1989,0,0,0,0,0,0,0,0,0,0
410485,0,1,1989,0,0,0,0,0,0,0,0,0,0
410485,1,1,1989,0,0,0,0,0,0,0,0,0,0
410487,1,1,1989,0,0,0,0,0,0,0,0,0,0
410488,1,1,1989,0,0,0,0,0,0,0,0,0,0
410488,2,1,1989,0,0,0,0,0,0,0,0,0,0
410489,1,1,1989,0,0,0,0,0,0,0,0,0,0
410490,1,1,1989,0,0,0,0,0,0,0,0,0,0
410491,1,1,1989,20,20,20,20,20,20,20,20,20,20
410492,1,1,1989,23,23,23,23,23,23,23,23,23,23
410493,1,1,1989,0,0,0,0,0,0,0,0,0,0
410493,2,1,1989,15,15,15,15,15,15,15,15,15,15
410494,1,1,1989,0,0,0,0,0,0,0,0,0,0
410495,1,1,1989,0,0,0,0,0,0,0,0,0,0
410496,0,1,1989,0,0,0,0,0,0,0,0,0,0
410496,1,1,1989,5,8,7,0,0,18,0,0,0,7
410497,1,1,1989,0,0,0,0,0,0,0,0,0,21
410498,1,1,1989,0,0,0,0,0,0,0,0,0,0
410499,1,1,1989,0,0,0,0,0,0,0,0,0,0
410499,2,1,1989,7,7,7,7,7,7,7,7,7,7
410500,1,1,1989,0,0,0,0,0,0,0,0,0,0
410500,2,1,1989,0,0,0,0,0,0,0,0,0,0
410501,1,1,1989,20,20,20,20,20,20,20,20,20,20
410501,2,1,1989,0,0,12,0,0,0,0,0,36,12
410502,1,1,1989,0,0,0,0,0,0,0,0,0,0
410502,2,1,1989,0,0,0,0,0,0,0,0,0,0
410503,1,1,1989,0,0,0,0,0,0,0,0,0,0
410504,0,1,1989,0,0,0,0,0,0,0,0,0,0
410504,1,1,1989,0,0,0,0,0,0,0,0,0,0
410505,1,1,1989,0,0,0,0,0,0,0,0,0,0
410506,1,1,1989,0,0,0,0,0,0,0,0,0,0
410506,2,1,1989,0,0,0,0,0,0,0,0,0,0
410507,1,1,1989,0,0,0,0,0,0,0,0,0,0
410507,2,1,1989,0,0,0,0,0,0,0,0,0,0
410508,1,1,1989,0,0,0,0,0,0,0,0,0,0
410509,1,1,1989,17,17,17,17,17,17,17,17,17,17
410510,1,1,1989,24,24,24,24,24,24,24,24,24,24
410511,1,1,1989,0,0,0,0,0,0,0,0,0,0
410511,2,1,1989,0,0,0,0,0,0,0,0,0,0
410513,1,1,1989,0,0,0,0,0,0,0,0,0,0
410513,2,1,1989,0,0,0,0,0,0,0,0,0,0
410514,1,1,1989,13,13,13,13,13,13,13,13,13,13
410514,2,1,1989,0,0,0,0,0,0,0,0,0,0
410515,1,1,1989,0,0,0,0,0,0,0,0,0,0
410515,2,1,1989,0,0,0,0,0,0,0,0,0,0
410516,1,1,1989,0,0,0,0,0,0,7,0,0,0
410517,0,1,1989,0,0,0,0,0,0,0,0,0,0
410517,1,1,1989,9,16,7,16,4,8,0,9,18,2
410518,1,1,1989,12,12,12,12,12,12,12,12,12,12
410519,1,1,1989,0,0,0,0,0,0,0,0,0,0
410519,2,1,1989,0,0,0,0,0,0,0,0,0,0
410521,0,1,1989,0,0,0,0,0,0,0,0,0,0
410521,1,1,1989,0,0,0,0,0,0,0,0,0,0
410522,1,1,1989,0,0,0,0,0,0,0,0,0,0
410523,1,1,1989,21,21,21,21,21,21,21,21,21,21
410524,1,1,1989,3,3,3,3,3,3,3,3,3,3
410524,2,1,1989,0,0,0,0,0,0,0,0,0,0
410524,3,1,1989,6,0,0,0,0,0,8,0,0,0
410525,1,1,1989,13,13,13,13,13,13,13,13,13,13
410525,2,1,1989,8,8,8,8,8,8,8,8,8,8
410526,1,1,1989,0,0,0,0,0,0,0,0,0,0
410526,2,1,1989,0,11,0,0,0,0,18,0,0,0
410527,1,1,1989,22,22,22,22,22,22,22,22,22,22