ST_CASE,VEH_NO,PER_NO,YEAR,P1,P2,P3,P4,P5,P6,P7,P8,P9,P10
410528,1,1,1989,7,7,7,7,7,7,7,7,7,7
410528,2,1,1989,0,0,0,0,0,0,0,0,0,0
410529,0,1,1989,19,19,19,19,19,19,19,19,19,19
410529,1,1,1989,0,0,0,0,0,0,0,0,0,0
410530,1,1,1989,0,0,0,0,0,0,0,0,0,0
410530,2,1,1989,0,0,0,0,0,0,0,0,0,0
410531,0,1,1989,0,0,0,0,0,0,0,0,0,0
410531,1,1,1989,0,0,0,0,0,0,0,0,0,0
410532,1,1,1989,0,0,0,0,0,0,0,0,0,0
410533,1,1,1989,0,0,0,0,0,0,0,0,0,0
410533,2,1,1989,0,0,0,0,0,0,0,0,0,0
410534,0,1,1989,12,12,12,12,12,12,12,12,12,12
410534,1,1,1989,0,0,0,0,0,0,0,0,0,0
410534,2,1,1989,0,0,0,0,20,0,0,10,0,0
410535,0,1,1989,0,0,0,0,0,0,0,0,0,0
410535,1,1,1989,0,14,0,0,0,0,0,0,0,0
410536,1,1,1989,22,22,22,22,22,22,22,22,22,22
410537,1,1,1989,3,3,3,3,3,3,3,3,3,3
410538,1,1,1989,13,13,13,13,13,13,13,13,13,13
410539,1,1,1989,11,10,0,0,0,0,3,11,2,8
410540,0,1,1989,0,0,0,0,0,16,0,0,0,0
410540,1,1,1989,0,0,0,0,0,0,0,0,7,0
410541,1,1,1989,0,0,0,0,0,0,0,0,0,0
410542,0,1,1989,1,1,1,1,1,1,1,1,1,1
410542,1,1,1989,0,0,0,0,0,0,0,0,0,0
410543,1,1,1989,0,0,0,0,0,0,0,0,0,0
410543,2,1,1989,0,0,0,0,0,0,0,0,0,0
410544,1,1,1989,22,22,22,22,22,22,22,22,22,22
410545,1,1,1989,0,23,14,0,0,11,0,0,0,0
410546,0,1,1989,0,0,0,0,0,0,0,0,0,0
410546,1,1,1989,0,0,0,0,0,0,0,0,0,0
410546,2,1,1989,0,0,0,0,0,0,0,0,0,0
410547,1,1,1989,0,0,0,0,0,0,0,0,0,0
410548,1,1,1989,0,0,0,0,13,24,25,14,0,5
410548,2,1,1989,0,0,0,0,0,0,0,0,0,0
410548,3,1,1989,0,0,0,0,0,0,0,0,0,0
410548,4,1,1989,0,0,0,0,0,0,0,0,0,0
410550,1,1,1989,0,0,0,0,0,0,0,0,0,0
410550,2,1,1989,0,0,0,0,0,0,0,0,0,0
410551,1,1,1989,0,0,0,0,0,0,0,0,0,0
410551,2,1,1989,16,16,16,16,16,16,16,16,16,16
410552,0,1,1989,16,16,16,16,16,16,16,16,16,16
410552,1,1,1989,0,0,0,0,0,0,0,0,0,0
410553,0,1,1989,0,0,0,54,0,0,0,0,0,0
410553,1,1,1989,7,0,0,0,0,0,0,0,0,9
410554,1,1,1989,0,0,0,0,0,0,0,0,0,0
410554,2,1,1989,0,0,0,0,0,0,0,0,0,0
410554,3,1,1989,32,0,0,0,0,0,0,0,25,0
410554,4,1,1989,0,0,0,0,0,0,0,0,0,0
410555,1,1,1989,10,10,10,10,10,10,10,10,10,10
410555,2,1,1989,0,0,0,0,0,0,0,0,0,0
410556,1,1,1989,10,10,10,10,10,10,10,10,10,10
410557,0,1,1989,1,1,1,1,1,1,1,1,1,1
410557,1,1,1989,0,0,0,0,0,0,0,0,0,0
410558,1,1,1989,0,0,0,0,0,0,0,0,0,0
410558,2,1,1989,3,3,3,3,3,3,3,3,3,3
410559,0,1,1989,12,12,12,12,12,12,12,12,12,12
410559,1,1,1989,0,0,0,0,0,0,0,0,0,0
410560,1,1,1989,18,18,18,18,18,18,18,18,18,18
410561,0,1,1989,0,0,0,0,0,0,0,0,0,0
410561,1,1,1989,10,10,10,10,10,10,10,10,10,10
410562,1,1,1989,0,0,0,0,0,0,0,0,0,0
410562,2,1,1989,0,0,0,0,0,0,0,0,0,0
410563,1,1,1989,14,14,14,14,14,14,14,14,14,14
410564,1,1,1989,0,0,0,0,0,0,0,0,0,0
410564,2,1,1989,0,0,0,0,0,0,0,0,0,0
410566,1,1,1989,18,18,18,18,18,18,18,18,18,18
410566,2,1,1989,0,0,0,0,0,0,0,21,0,0
410566,3,1,1989,0,0,0,0,0,0,0,0,0,31
410566,4,1,1989,0,0,0,0,0,0,0,0,0,0
410567,1,1,1989,0,0,0,0,0,0,0,0,0,0
410567,2,1,1989,0,0,0,0,0,0,0,0,0,0
410568,1,1,1989,19,19,19,19,19,19,19,19,19,19
410569,1,1,1989,0,0,0,0,0,0,0,17,0,0
420001,1,1,1989,0,0,0,0,0,0,0,0,0,0
420003,1,1,1989,0,0,0,0,0,0,0,0,0,0
420003,2,1,1989,0,0,0,0,0,0,0,0,0,0
420004,1,1,1989,17,17,17,17,17,17,17,17,17,17
420004,2,1,1989,0,0,0,0,0,0,0,0,0,0
420005,0,1,1989,0,0,0,0,0,0,0,0,0,0
420005,1,1,1989,15,15,15,15,15,15,15,15,15,15
420006,0,1,1989,0,0,0,0,4,0,24,0,0,13
420006,0,2,1989,0,17,0,0,0,7,7,0,0,8
420006,1,1,1989,27,0,22,0,0,23,0,2,6,0
420007,1,1,1989,24,24,24,24,24,24,24,24,24,24
420008,1,1,1989,21,21,21,21,21,21,21,21,21,21
420009,1,1,1989,79,79,79,79,79,79,79,79,79,79
420010,0,1,1989,0,0,0,18,0,0,23,15,5,21
420010,1,1,1989,0,0,0,0,0,0,0,0,0,0
420011,1,1,1989,0,0,0,0,0,0,0,0,0,0
420011,2,1,1989,0,0,0,0,0,0,0,0,0,0
420011,3,1,1989,0,0,0,0,0,0,0,0,0,0
420012,0,1,1989,0,0,0,7,0,14,0,10,0,21
420012,0,2,1989,0,0,0,19,0,5,6,0,15,0
420012,1,1,1989,0,18,0,0,14,39,0,21,0,12
420013,1,1,1989,29,29,29,29,29,29,29,29,29,29
420013,2,1,1989,0,0,0,0,0,0,0,0,0,0
420014,1,1,1989,2,2,2,2,2,2,2,2,2,2
420014,2,1,1989,0,0,0,0,0,0,0,0,0,0
420015,1,1,1989,0,0,0,0,0,0,0,0,0,0
420015,2,1,1989,0,0,0,0,0,0,0,0,0,0
420016,1,1,1989,0,0,0,17,18,0,0,0,0,0
420017,1,1,1989,0,0,0,0,0,0,0,0,0,0
420017,2,1,1989,7,7,7,7,7,7,7,7,7,7
420017,3,1,1989,0,0,0,0,0,0,0,0,0,0
420017,4,1,1989,0,0,0,0,0,0,0,0,0,0
420017,5,1,1989,0,0,0,0,0,10,0,0,0,0
420017,6,1,1989,0,0,0,0,0,0,0,0,0,0
420018,1,1,1989,10,10,10,10,10,10,10,10,10,10
420018,2,1,1989,0,0,0,0,0,0,0,0,0,0
420019,0,1,1989,0,0,0,0,0,0,0,0,0,0
420019,1,1,1989,0,0,0,0,0,0,0,0,0,0
420020,0,1,1989,0,17,0,12,0,0,0,0,0,5
420020,1,1,1989,27,0,0,0,0,0,10,0,0,0
420021,1,1,1989,0,0,0,0,0,10,0,0,0,0
420021,2,1,1989,0,0,0,0,0,0,0,0,0,0
420022,1,1,1989,0,0,0,0,0,0,0,0,0,0
420023,1,1,1989,22,0,7,7,0,0,0,0,0,26
420023,2,1,1989,26,26,26,26,26,26,26,26,26,26
420023,3,1,1989,0,0,0,0,0,0,0,0,0,0
420024,0,1,1989,18,0,20,0,0,32,0,0,0,23
420024,1,1,1989,0,0,0,0,0,12,0,0,0,0
420025,1,1,1989,7,0,6,0,0,0,0,0,0,0
420025,2,1,1989,0,0,0,0,0,0,0,0,0,0
420026,1,1,1989,0,0,0,0,0,0,0,0,0,0
420026,2,1,1989,0,0,0,0,0,0,0,0,0,0
420027,0,1,1989,0,0,0,0,0,0,0,0,0,0
420027,1,1,1989,0,0,0,0,22,0,0,0,0,0
420028,1,1,1989,22,22,22,22,22,22,22,22,22,22
420029,0,1,1989,0,0,0,0,0,0,0,0,0,0
420029,1,1,1989,0,0,0,0,0,0,10,0,0,0
420030,1,1,1989,5,15,18,19,9,6,32,11,15,8
420031,0,1,1989,22,22,22,22,22,22,22,22,22,22
420031,1,1,1989,0,0,0,0,0,0,0,0,0,0
420032,1,1,1989,18,18,18,18,18,18,18,18,18,18
420033,1,1,1989,0,0,0,0,0,0,0,0,0,0
420033,2,1,1989,0,0,0,0,0,0,0,0,0,0
420033,3,1,1989,0,0,0,0,0,0,30,0,0,0
420034,1,1,1989,0,0,0,0,0,0,0,0,0,0
420035,1,1,1989,0,0,0,0,0,0,0,0,0,0
420035,2,1,1989,0,0,0,0,0,0,0,0,0,0
420036,1,1,1989,0,0,0,0,0,0,0,0,0,0
420037,0,1,1989,0,0,22,0,20,10,0,0,29,0
420037,1,1,1989,0,0,0,0,0,0,8,0,0,0
420038,1,1,1989,0,0,0,0,0,0,0,0,0,0
420039,1,1,1989,18,18,18,18,18,18,18,18,18,18
420040,1,1,1989,21,21,21,21,21,21,21,21,21,21
420040,2,1,1989,0,0,0,0,0,0,0,0,0,0
420041,1,1,1989,17,17,17,17,17,17,17,17,17,17
420042,1,1,1989,0,0,0,0,0,0,0,0,0,0
420042,2,1,1989,0,0,0,0,0,0,0,0,0,0
420043,1,1,1989,0,0,0,0,0,0,0,0,0,0
420043,2,1,1989,0,0,0,0,0,0,0,0,0,0
420044,1,1,1989,20,20,20,20,20,20,20,20,20,20
420045,1,1,1989,0,7,12,0,9,0,0,0,0,0
420045,2,1,1989,9,9,9,9,9,9,9,9,9,9
420046,1,1,1989,29,29,29,29,29,29,29,29,29,29
420046,2,1,1989,0,0,0,0,0,0,0,0,0,0
420047,1,1,1989,21,0,10,0,0,6,8,20,9,16
420048,1,1,1989,0,0,0,0,0,0,0,0,0,0
420048,2,1,1989,0,0,0,0,0,0,0,0,0,0
420049,1,1,1989,0,0,0,0,0,0,0,0,0,0
420049,2,1,1989,0,0,0,0,0,0,0,0,0,0
420050,1,1,1989,16,34,38,13,16,24,12,0,0,11
420051,1,1,1989,0,0,0,0,0,0,0,0,0,0
420051,2,1,1989,0,0,0,0,0,7,0,22,0,0
420052,1,1,1989,20,20,20,20,20,20,20,20,20,20
420052,2,1,1989,0,0,0,0,0,0,0,0,0,0
420053,0,1,1989,0,0,0,0,0,0,0,0,0,0
420053,1,1,1989,0,0,0,7,0,0,0,0,0,0
420054,1,1,1989,0,0,0,0,0,0,0,0,0,0
420054,2,1,1989,0,0,0,0,0,0,0,0,0,0
420055,1,1,1989,4,4,4,4,4,4,4,4,4,4
420055,2,1,1989,0,0,0,0,0,0,0,0,0,0
420055,3,1,1989,17,17,17,17,17,17,17,17,17,17
420055,4,1,1989,0,0,0,0,0,0,0,0,0,0
420056,1,1,1989,17,17,17,17,17,17,17,17,17,17
420057,1,1,1989,9,9,9,9,9,9,9,9,9,9
420058,1,1,1989,18,18,18,18,18,18,18,18,18,18
420059,1,1,1989,0,0,0,0,0,0,0,0,0,0
420059,2,1,1989,20,0,0,0,0,0,0,14,0,0
420059,3,1,1989,0,0,0,0,0,0,0,0,0,0
420060,0,1,1989,0,0,0,0,0,0,0,0,0,0
420060,0,2,1989,0,0,0,0,0,0,0,0,0,0
420060,1,1,1989,0,0,0,0,0,0,0,0,0,0
420061,1,1,1989,0,0,0,0,0,0,0,0,0,0
420061,2,1,1989,0,0,0,0,0,0,0,22,0,0
420062,1,1,1989,16,16,16,16,16,16,16,16,16,16
420063,1,1,1989,0,16,16,26,28,25,10,0,26,4
420064,1,1,1989,10,10,10,10,10,10,10,10,10,10
420064,2,1,1989,5,5,5,5,5,5,5,5,5,5
420065,1,1,1989,0,0,0,0,0,0,0,0,0,0
420065,2,1,1989,0,0,0,0,0,0,0,0,0,0
420066,1,1,1989,0,0,0,0,0,0,0,0,0,0
420066,2,1,1989,0,0,0,0,0,0,0,0,0,0
420067,1,1,1989,8,8,8,8,8,8,8,8,8,8
420068,1,1,1989,0,0,0,0,0,0,0,0,0,0
420068,2,1,1989,0,0,0,0,0,0,0,0,0,0
420069,1,1,1989,6,6,6,6,6,6,6,6,6,6
420069,2,1,1989,0,0,0,0,0,0,0,0,0,0
420070,1,1,1989,18,18,18,18,18,18,18,18,18,18
420071,1,1,1989,0,0,0,0,0,0,0,0,0,0
420071,2,1,1989,0,0,0,0,0,0,0,0,0,0
420072,0,1,1989,9,9,9,9,9,9,9,9,9,9
420072,1,1,1989,11,11,11,11,11,11,11,11,11,11
420073,1,1,1989,0,0,0,0,0,0,0,0,0,0
420074,1,1,1989,0,0,0,0,0,0,0,0,0,0
420074,2,1,1989,0,0,0,0,0,8,0,0,0,0
420075,1,1,1989,0,0,0,0,0,0,0,0,0,0
420075,2,1,1989,0,0,0,0,0,0,9,0,0,5
420076,1,1,1989,0,0,0,0,0,0,0,0,0,0
420076,2,1,1989,0,0,0,0,0,0,0,0,0,0
420077,1,1,1989,18,18,18,18,18,18,18,18,18,18
420077,2,1,1989,14,0,0,0,0,0,0,0,0,0
420078,1,1,1989,18,18,18,18,18,18,18,18,18,18
420078,2,1,1989,20,0,0,16,0,16,13,33,14,0
420079,1,1,1989,0,16,28,21,0,24,0,27,14,0
420079,2,1,1989,12,0,0,0,12,7,10,27,8,0
420080,1,1,1989,0,0,18,0,12,0,23,6,15,37
420081,1,1,1989,26,26,26,26,26,26,26,26,26,26
420082,0,1,1989,27,27,27,27,27,27,27,27,27,27
420082,1,1,1989,1,1,1,1,1,1,1,1,1,1
420083,1,1,1989,0,0,0,0,0,0,0,0,20,0
420083,2,1,1989,12,0,0,0,0,0,0,0,0,0
420083,3,1,1989,0,0,0,0,0,0,0,0,0,0
420084,1,1,1989,0,0,0,0,0,0,0,0,0,0
420086,1,1,1989,17,17,17,17,17,17,17,17,17,17
420087,1,1,1989,0,0,0,0,0,0,0,0,0,0
420087,2,1,1989,0,0,0,0,0,0,0,0,0,0
420088,1,1,1989,0,0,0,0,0,0,0,0,0,0
420088,2,1,1989,0,0,14,0,15,0,0,12,0,0
420089,1,1,1989,8,8,8,8,8,8,8,8,8,8
420090,1,1,1989,4,4,4,4,4,4,4,4,4,4
420090,2,1,1989,0,0,0,0,0,0,0,0,0,0
420091,1,1,1989,21,21,21,21,21,21,21,21,21,21
420092,1,1,1989,14,14,14,14,14,14,14,14,14,14
420093,0,1,1989,0,0,0,0,0,0,0,0,0,0
420093,0,2,1989,9,10,10,6,31,0,14,14,19,26
420093,1,1,1989,10,12,0,23,0,0,0,0,16,24
420094,1,1,1989,21,0,0,0,0,20,0,16,0,0
420094,2,1,1989,0,0,0,0,0,0,0,0,0,0
420095,0,1,1989,27,27,27,27,27,27,27,27,27,27
420095,1,1,1989,10,10,10,10,10,10,10,10,10,10
420096,1,1,1989,0,0,0,0,0,0,0,0,0,0
420096,2,1,1989,0,0,0,0,0,0,15,0,0,18
420097,1,1,1989,0,0,0,0,0,0,0,0,0,0
420097,2,1,1989,0,0,0,0,0,0,0,0,0,0
420097,3,1,1989,0,0,0,0,0,0,0,0,0,0
420098,0,1,1989,0,0,0,0,22,0,24,46,8,0
420098,1,1,1989,0,0,0,0,0,0,0,0,3,0
420099,1,1,1989,0,0,0,0,0,0,0,0,0,0
420099,2,1,1989,0,0,0,0,0,0,0,0,0,0
420100,1,1,1989,11,11,11,11,11,11,11,11,11,11
420100,2,1,1989,0,0,0,0,0,0,0,0,0,0
420101,1,1,1989,0,0,0,0,0,0,0,0,0,0
420101,2,1,1989,0,0,0,0,0,0,0,0,0,0
420102,1,1,1989,4,4,4,4,4,4,4,4,4,4
420102,2,1,1989,0,0,0,0,0,0,0,0,0,0
420102,3,1,1989,0,0,0,0,0,0,0,0,0,0
420103,1,1,1989,26,26,26,26,26,26,26,26,26,26
420103,2,1,1989,0,3,0,0,0,15,0,0,15,7
420104,1,1,1989,12,0,0,0,0,0,0,0,0,0
420104,2,1,1989,0,0,0,0,0,0,0,0,0,0
420105,1,1,1989,0,0,0,0,0,0,0,0,0,0
420106,1,1,1989,19,0,0,0,0,0,0,0,0,0
420106,2,1,1989,0,0,0,0,0,0,0,0,0,0
420107,1,1,1989,0,0,0,0,0,0,0,0,0,0
420107,2,1,1989,0,0,0,0,0,0,0,0,0,0
420108,1,1,1989,0,0,0,0,11,0,14,0,0,12
420108,2,1,1989,4,4,4,4,4,4,4,4,4,4
420109,1,1,1989,0,0,0,0,0,0,0,0,0,0
420109,2,1,1989,0,0,0,0,0,0,0,0,9,0
420110,1,1,1989,23,23,23,23,23,23,23,23,23,23
420110,2,1,1989,8,8,8,8,8,8,8,8,8,8
420111,1,1,1989,19,19,19,19,19,19,19,19,19,19
420112,1,1,1989,0,0,19,0,0,0,0,0,0,0
420112,2,1,1989,0,0,0,0,0,0,0,0,0,0
420113,0,1,1989,0,0,0,0,0,0,0,0,0,0
420113,1,1,1989,0,0,0,0,0,0,0,0,0,0
420114,1,1,1989,0,0,0,0,0,0,0,0,0,0
420115,1,1,1989,0,0,0,0,0,0,0,0,0,0
420115,2,1,1989,6,0,0,0,0,0,0,0,0,0
420115,3,1,1989,0,0,0,0,0,0,0,0,0,0
420116,1,1,1989,5,5,5,5,5,5,5,5,5,5
420117,1,1,1989,29,29,29,29,29,29,29,29,29,29
420118,0,1,1989,0,0,0,0,0,0,0,0,0,0
420118,1,1,1989,0,0,0,0,0,12,0,0,0,0
420119,1,1,1989,0,0,0,0,0,0,0,0,0,0
420119,2,1,1989,7,7,7,7,7,7,7,7,7,7
420120,0,1,1989,6,6,6,6,6,6,6,6,6,6
420120,1,1,1989,0,0,0,0,0,0,0,0,0,0
420121,1,1,1989,14,12,8,15,13,0,4,0,0,12
420122,1,1,1989,0,0,0,0,0,0,0,0,0,0
420123,1,1,1989,0,0,0,0,0,0,0,0,0,0
420123,2,1,1989,0,0,0,0,5,0,0,0,0,0
420124,1,1,1989,24,24,24,24,24,24,24,24,24,24
420124,2,1,1989,0,0,0,0,0,0,0,0,0,0
420125,1,1,1989,40,40,40,40,40,40,40,40,40,40
420125,2,1,1989,0,0,0,0,0,0,0,0,0,0
420126,1,1,1989,22,22,22,22,22,22,22,22,22,22
420127,1,1,1989,0,0,0,0,0,0,0,0,0,0
420127,2,1,1989,0,0,0,0,0,0,0,0,0,0
420128,1,1,1989,33,33,33,33,33,33,33,33,33,33
420129,1,1,1989,0,0,0,0,0,0,0,0,0,0
420129,2,1,1989,0,0,0,0,0,0,0,0,0,0
420130,1,1,1989,20,8,11,20,10,0,18,20,8,17
420130,2,1,1989,4,4,4,4,4,4,4,4,4,4
420131,1,1,1989,11,0,0,0,15,18,0,27,25,0
420132,0,1,1989,0,0,0,0,0,0,0,0,0,0
420132,1,1,1989,0,0,0,0,0,0,0,0,0,0
420133,1,1,1989,0,0,0,0,0,0,0,0,21,0
420133,2,1,1989,12,0,0,0,0,0,0,0,0,0
420134,1,1,1989,0,0,0,0,0,0,0,0,0,0
420134,2,1,1989,0,0,0,13,0,11,0,0,0,0
420135,1,1,1989,24,24,24,24,24,24,24,24,24,24
420136,1,1,1989,0,0,0,0,0,0,0,0,0,0
420136,2,1,1989,12,0,0,8,0,0,0,0,14,10
420137,1,1,1989,18,18,18,18,18,18,18,18,18,18
420138,1,1,1989,0,0,0,0,0,0,0,0,0,0
420138,2,1,1989,0,0,0,0,0,0,0,0,0,0
420139,1,1,1989,0,0,0,0,0,0,0,0,0,0
420139,2,1,1989,0,0,0,0,0,6,0,0,0,0
420140,1,1,1989,0,0,0,0,0,0,0,0,0,0
420141,1,1,1989,17,17,17,17,17,17,17,17,17,17
420142,0,1,1989,0,0,0,0,0,0,0,0,0,0
420142,1,1,1989,0,0,0,0,0,0,0,0,0,0
420143,1,1,1989,25,25,25,25,25,25,25,25,25,25
420143,2,1,1989,0,0,0,0,0,0,0,0,0,0
420143,3,1,1989,0,0,0,0,0,0,0,0,0,0
420144,1,1,1989,0,0,0,0,0,0,0,0,0,0
420144,2,1,1989,0,0,18,0,0,16,0,0,16,0
420145,0,1,1989,19,0,0,0,0,0,0,34,8,0
420145,1,1,1989,0,0,0,0,23,0,0,0,0,0
420146,1,1,1989,21,21,21,21,21,21,21,21,21,21
420146,2,1,1989,0,0,0,0,0,0,0,0,0,0
420147,1,1,1989,32,17,21,6,11,4,0,24,7,9
420148,1,1,1989,0,0,0,0,0,0,0,0,0,0
420148,2,1,1989,0,0,0,0,0,22,0,0,0,0
420149,1,1,1989,0,0,0,0,0,0,0,0,0,0
420150,1,1,1989,25,25,25,25,25,25,25,25,25,25
420151,0,1,1989,19,19,19,19,19,19,19,19,19,19
420151,1,1,1989,0,0,0,0,0,0,0,0,0,0
420152,1,1,1989,0,0,0,0,0,0,0,0,0,0
420152,2,1,1989,0,0,0,0,0,0,0,0,0,0
420153,1,1,1989,8,8,8,8,8,8,8,8,8,8
420154,1,1,1989,15,15,15,15,15,15,15,15,15,15
420155,1,1,1989,0,0,0,0,0,0,0,0,0,0
420155,2,1,1989,0,0,0,0,0,0,0,0,0,0
420156,1,1,1989,20,20,20,20,20,20,20,20,20,20
420157,1,1,1989,23,20,0,14,26,8,0,14,16,6
420158,1,1,1989,15,15,15,15,15,15,15,15,15,15
420159,1,1,1989,0,0,0,0,0,0,0,0,0,0
420159,2,1,1989,0,0,0,0,0,0,0,0,0,0
420159,3,1,1989,0,0,0,0,0,0,0,0,0,0
420160,1,1,1989,27,27,27,27,27,27,27,27,27,27
420161,0,1,1989,0,0,0,0,0,0,0,0,0,0
420161,1,1,1989,0,0,0,0,0,0,0,0,0,0
420162,1,1,1989,0,0,0,0,15,0,0,0,0,0
420162,2,1,1989,12,0,26,0,0,0,0,0,0,0
420163,0,1,1989,38,38,38,38,38,38,38,38,38,38
420163,1,1,1989,7,7,7,7,7,7,7,7,7,7
420164,1,1,1989,0,0,0,0,0,0,0,0,0,0
420165,1,1,1989,0,0,0,0,0,0,0,0,0,0
420165,2,1,1989,0,0,14,0,0,0,0,0,0,0
420166,1,1,1989,0,0,0,0,0,0,0,0,0,0
420166,2,1,1989,0,0,0,0,0,0,0,0,0,0
420167,1,1,1989,0,0,0,0,0,0,0,0,7,0
420167,2,1,1989,0,0,0,0,0,0,0,0,0,0
420168,1,1,1989,8,8,8,8,8,8,8,8,8,8
420169,1,1,1989,9,9,9,9,9,9,9,9,9,9
420170,1,1,1989,0,0,0,0,0,0,0,0,0,0
420170,2,1,1989,0,0,0,0,0,0,0,0,0,0
420171,1,1,1989,20,20,20,20,20,20,20,20,20,20
420172,1,1,1989,44,44,44,44,44,44,44,44,44,44
420172,2,1,1989,0,0,0,0,0,0,0,0,0,0
420173,1,1,1989,0,0,0,0,0,0,0,0,0,0
420174,1,1,1989,4,4,4,4,4,4,4,4,4,4
420175,1,1,1989,18,18,18,18,18,18,18,18,18,18
420176,1,1,1989,27,27,27,27,27,27,27,27,27,27
420177,1,1,1989,0,0,0,0,0,0,0,0,0,0
420178,1,1,1989,0,0,0,0,0,0,0,0,0,0
420178,2,1,1989,0,0,18,0,0,0,0,0,0,0
420179,1,1,1989,0,0,0,0,0,0,0,0,0,0
420179,2,1,1989,0,0,0,0,0,0,0,0,0,0
420180,1,1,1989,0,0,0,0,0,0,0,0,0,0
420180,2,1,1989,0,0,0,0,0,0,0,0,0,0
420181,1,1,1989,0,0,0,0,0,0,0,0,0,0
420181,2,1,1989,0,0,0,0,0,0,0,0,0,0
420182,1,1,1989,0,0,0,0,0,0,0,0,0,0
420183,1,1,1989,0,0,0,0,0,0,0,0,0,0
420184,1,1,1989,0,0,0,0,0,0,0,0,0,0
420184,2,1,1989,0,0,0,0,0,0,0,0,0,0
420185,0,1,1989,19,19,19,19,19,19,19,19,19,19
420185,1,1,1989,2,0,2,10,10,0,5,5,10,0
420186,0,1,1989,0,0,0,0,0,0,0,0,0,0
420186,1,1,1989,0,0,0,0,0,0,0,0,0,0
420187,1,1,1989,19,19,19,19,19,19,19,19,19,19
420187,2,1,1989,0,14,15,0,7,0,0,0,0,0
420187,3,1,1989,0,0,0,0,0,24,0,0,10,0
420188,1,1,1989,0,0,0,0,0,0,0,0,0,0
420188,2,1,1989,0,0,0,0,0,0,0,0,0,0
420189,0,1,1989,26,26,26,26,26,26,26,26,26,26
420189,1,1,1989,0,12,0,0,0,0,0,0,0,21
420189,2,1,1989,0,0,0,0,18,0,0,0,10,0
420190,1,1,1989,28,28,28,28,28,28,28,28,28,28
420190,2,1,1989,0,0,0,0,0,0,0,0,0,0
420191,1,1,1989,0,0,0,0,0,0,0,0,0,0
420191,2,1,1989,0,0,0,0,0,0,0,0,0,0
420192,1,1,1989,21,21,21,21,21,21,21,21,21,21
420193,1,1,1989,13,13,13,13,13,13,13,13,13,13
420194,0,1,1989,0,0,0,0,0,0,0,0,0,0
420194,1,1,1989,0,0,0,20,0,0,0,0,0,21
420195,0,1,1989,38,29,24,0,24,23,4,17,28,0
420195,1,1,1989,0,0,0,0,13,0,0,0,0,0
420196,1,1,1989,0,26,30,0,0,15,21,14,37,34
420197,1,1,1989,0,0,0,0,0,0,0,0,0,0
420198,1,1,1989,0,28,18,0,14,12,15,16,7,16
420198,2,1,1989,6,0,0,0,0,0,0,0,0,0
420199,1,1,1989,0,0,0,0,0,0,0,0,0,0
420199,2,1,1989,0,0,0,0,0,0,0,0,0,0
420199,3,1,1989,0,0,0,0,0,0,0,0,0,0
420199,4,1,1989,0,0,0,0,0,0,0,0,24,0
420199,5,1,1989,0,0,0,0,0,0,0,0,0,0
420199,6,1,1989,0,0,0,0,0,0,0,0,0,0
420199,7,1,1989,0,0,0,0,0,0,0,0,0,0
420199,8,1,1989,0,0,0,0,0,0,0,0,0,0
420199,9,1,1989,0,0,0,0,0,0,0,0,0,0
420199,10,1,1989,0,0,0,0,0,0,0,0,0,0
420200,1,1,1989,0,0,0,0,0,16,0,0,0,0
420200,2,1,1989,0,0,0,0,0,0,0,0,0,0
420200,3,1,1989,0,0,0,0,0,0,0,0,0,0
420201,0,1,1989,0,0,0,0,0,0,0,0,0,0
420201,1,1,1989,0,11,11,0,0,0,0,0,0,27
420202,0,1,1989,0,0,0,0,0,0,0,0,0,0
420202,1,1,1989,0,0,0,0,0,0,0,0,0,0
420203,1,1,1989,0,11,8,13,19,17,0,0,0,0
420203,2,1,1989,4,4,4,4,4,4,4,4,4,4
420203,3,1,1989,0,0,0,0,0,32,12,0,0,0
420205,1,1,1989,30,0,10,0,0,0,12,0,20,28
420206,1,1,1989,27,27,27,27,27,27,27,27,27,27
420206,2,1,1989,0,0,0,0,0,0,0,0,0,0
420206,3,1,1989,15,9,0,0,5,0,0,0,0,0
420207,1,1,1989,28,37,17,18,31,23,8,9,22,21
420208,1,1,1989,21,21,21,21,21,21,21,21,21,21
420210,1,1,1989,13,13,13,13,13,13,13,13,13,13
420210,2,1,1989,31,0,8,0,20,0,21,0,0,0
420210,3,1,1989,0,13,0,0,0,3,14,5,24,0
420210,4,1,1989,0,0,0,19,23,0,22,4,0,13
420211,1,1,1989,13,13,13,13,13,13,13,13,13,13
420212,1,1,1989,0,0,0,0,0,0,0,0,0,0
420212,2,1,1989,0,0,0,0,0,0,0,0,0,0
420213,0,1,1989,6,6,6,6,6,6,6,6,6,6
420213,1,1,1989,24,24,24,24,24,24,24,24,24,24
420214,1,1,1989,20,20,20,20,20,20,20,20,20,20
420214,2,1,1989,0,0,0,0,0,0,0,0,0,0
420215,1,1,1989,23,23,23,23,23,23,23,23,23,23
420215,2,1,1989,0,0,0,0,0,0,0,0,0,0
420216,1,1,1989,12,12,12,12,12,12,12,12,12,12
420217,1,1,1989,0,0,0,0,0,0,0,0,0,0
420217,2,1,1989,0,0,0,0,0,0,0,0,0,0
420218,1,1,1989,7,7,7,7,7,7,7,7,7,7
420219,1,1,1989,0,0,0,0,0,0,0,0,0,0