ST_CASE,VEH_NO,PER_NO,YEAR,P1,P2,P3,P4,P5,P6,P7,P8,P9,P10
420219,2,1,1989,9,0,0,0,0,0,0,11,0,0
420220,1,1,1989,19,19,19,19,19,19,19,19,19,19
420221,0,1,1989,0,0,0,0,0,0,0,0,0,0
420221,1,1,1989,0,0,0,0,0,0,0,0,0,0
420222,1,1,1989,0,0,0,0,0,0,0,0,0,0
420223,1,1,1989,0,0,0,0,11,0,0,0,0,0
420223,2,1,1989,0,0,0,0,0,0,0,0,0,0
420224,0,1,1989,0,0,0,0,0,0,0,0,0,0
420224,1,1,1989,0,0,0,0,0,0,0,0,0,0
420225,1,1,1989,0,0,0,0,0,0,0,0,0,0
420225,2,1,1989,0,0,0,0,0,0,0,0,0,0
420225,3,1,1989,0,0,0,0,0,0,0,0,0,0
420226,1,1,1989,0,0,0,0,0,0,0,0,0,0
420227,1,1,1989,0,0,0,0,0,0,0,0,0,0
420228,1,1,1989,9,9,9,9,9,9,9,9,9,9
420229,1,1,1989,0,0,0,0,0,0,0,0,0,0
420229,2,1,1989,0,0,0,0,0,11,0,0,0,9
420229,3,1,1989,0,0,0,0,15,0,15,0,0,0
420230,1,1,1989,18,18,18,18,18,18,18,18,18,18
420231,1,1,1989,0,0,0,0,0,0,0,0,0,0
420231,2,1,1989,0,0,0,0,0,0,0,0,0,0
420232,1,1,1989,11,17,23,20,18,14,30,12,9,20
420233,0,1,1989,0,0,0,0,0,0,0,0,0,0
420233,1,1,1989,11,11,11,11,11,11,11,11,11,11
420233,2,1,1989,0,0,0,0,0,0,0,0,0,11
420234,1,1,1989,22,22,22,22,22,22,22,22,22,22
420235,1,1,1989,12,35,21,9,12,16,12,20,6,17
420236,1,1,1989,0,0,0,0,0,0,0,0,0,0
420236,2,1,1989,0,0,0,0,0,0,0,19,0,0
420237,0,1,1989,0,0,12,0,15,13,0,9,0,24
420237,1,1,1989,1,1,1,1,1,1,1,1,1,1
420238,1,1,1989,0,0,0,0,0,0,0,0,0,0
420238,2,1,1989,0,0,0,0,0,0,0,0,0,0
420239,0,1,1989,0,0,0,0,0,0,0,0,0,0
420239,1,1,1989,0,0,0,0,0,0,0,0,0,0
420240,1,1,1989,27,27,27,27,27,27,27,27,27,27
420241,1,1,1989,0,0,0,0,0,0,0,0,0,0
420241,2,1,1989,2,2,2,2,2,2,2,2,2,2
420242,1,1,1989,12,12,12,12,12,12,12,12,12,12
420243,1,1,1989,17,17,17,17,17,17,17,17,17,17
420244,1,1,1989,15,15,15,15,15,15,15,15,15,15
420244,2,1,1989,0,0,0,0,0,0,0,0,0,0
420245,1,1,1989,0,0,0,0,0,0,0,0,0,0
420245,2,1,1989,0,0,0,0,0,0,15,0,0,25
420246,1,1,1989,28,28,28,28,28,28,28,28,28,28
420247,0,1,1989,0,19,19,0,8,8,11,34,14,29
420247,1,1,1989,0,0,0,0,0,0,0,0,0,0
420248,0,1,1989,28,29,17,17,27,0,0,33,23,0
420248,1,1,1989,8,0,0,22,44,0,19,9,0,22
420249,0,1,1989,0,18,0,47,16,14,0,0,9,25
420249,1,1,1989,0,8,0,0,0,0,0,0,0,15
420250,1,1,1989,18,0,17,0,0,22,0,10,0,0
420250,2,1,1989,0,0,0,0,0,0,0,0,6,4
420251,1,1,1989,0,0,0,0,0,0,0,0,0,0
420251,2,1,1989,0,0,0,0,0,0,0,0,0,0
420252,1,1,1989,10,0,0,0,0,23,0,4,0,0
420252,2,1,1989,0,0,0,11,0,0,16,0,21,0
420253,1,1,1989,23,23,23,23,23,23,23,23,23,23
420254,1,1,1989,0,0,0,0,0,0,0,0,0,0
420254,2,1,1989,0,0,0,0,0,0,0,0,0,0
420255,1,1,1989,23,23,23,23,23,23,23,23,23,23
420256,1,1,1989,0,0,0,0,0,0,0,0,0,0
420256,2,1,1989,0,0,0,0,0,0,0,0,0,0
420257,1,1,1989,0,0,0,0,0,0,0,0,0,0
420258,1,1,1989,31,31,31,31,31,31,31,31,31,31
420259,1,1,1989,19,0,0,0,0,22,6,0,0,0
420259,2,1,1989,0,0,0,0,0,0,0,0,0,0
420260,1,1,1989,0,0,0,0,0,0,0,0,0,0
420260,2,1,1989,0,0,0,0,0,0,0,0,0,0
420261,0,1,1989,0,0,0,0,0,0,0,0,0,0
420261,1,1,1989,0,0,0,0,0,0,0,0,0,0
420262,0,1,1989,26,26,26,26,26,26,26,26,26,26
420262,1,1,1989,0,0,0,0,0,0,0,0,0,0
420262,2,1,1989,0,0,0,0,0,0,7,0,0,0
420262,3,1,1989,0,0,0,0,9,20,0,31,20,0
420263,1,1,1989,0,0,0,0,0,0,0,0,0,0
420263,2,1,1989,0,0,0,0,0,0,0,0,0,0
420264,1,1,1989,16,16,16,16,16,16,16,16,16,16
420265,1,1,1989,15,15,15,15,15,15,15,15,15,15
420265,2,1,1989,0,0,0,0,0,0,0,12,0,0
420266,1,1,1989,0,0,0,0,0,0,0,0,0,0
420266,2,1,1989,0,0,0,0,0,0,0,0,0,0
420267,1,1,1989,14,0,0,15,0,0,0,0,0,0
420268,1,1,1989,5,5,5,5,5,5,5,5,5,5
420269,1,1,1989,0,0,0,0,0,0,0,0,0,0
420270,0,1,1989,11,0,0,17,37,0,8,0,19,47
420270,1,1,1989,24,0,0,0,0,0,0,0,9,0
420271,1,1,1989,26,26,26,26,26,26,26,26,26,26
420271,2,1,1989,0,0,0,0,0,0,0,0,0,0
420272,0,1,1989,0,0,0,0,0,0,0,0,0,0
420272,1,1,1989,0,0,0,0,0,0,0,0,0,0
420273,1,1,1989,20,20,20,20,20,20,20,20,20,20
420274,1,1,1989,0,0,0,0,0,0,0,0,0,0
420275,1,1,1989,0,0,0,0,0,0,28,0,0,0
420275,2,1,1989,0,0,0,0,0,0,0,0,0,0
420276,1,1,1989,13,13,13,13,13,13,13,13,13,13
420277,0,1,1989,0,0,0,0,0,0,0,0,0,0
420277,2,1,1989,0,0,0,0,0,0,0,0,0,0
420278,1,1,1989,0,0,0,0,0,0,0,0,0,0
420278,2,1,1989,0,0,0,0,0,0,0,0,0,0
420279,1,1,1989,0,0,0,0,0,0,0,0,0,0
420279,2,1,1989,0,0,0,0,0,0,0,0,0,0
420280,1,1,1989,9,9,9,9,9,9,9,9,9,9
420280,2,1,1989,0,0,0,0,0,0,0,0,0,0
420281,1,1,1989,2,2,2,2,2,2,2,2,2,2
420282,1,1,1989,0,0,0,0,0,0,0,0,0,0
420283,1,1,1989,0,0,0,0,0,0,0,0,0,0
420283,2,1,1989,0,0,0,0,0,0,0,0,0,0
420284,0,1,1989,0,0,0,0,0,0,0,0,0,0
420284,1,1,1989,0,0,0,0,0,0,0,0,0,0
420285,1,1,1989,0,18,0,0,0,19,0,0,0,8
420286,0,1,1989,0,0,0,0,26,0,0,0,0,0
420286,1,1,1989,27,27,27,27,27,27,27,27,27,27
420287,1,1,1989,0,0,0,0,0,0,0,0,0,0
420287,2,1,1989,14,14,14,14,14,14,14,14,14,14
420288,1,1,1989,23,23,23,23,23,23,23,23,23,23
420289,1,1,1989,0,0,0,0,0,0,0,0,0,0
420289,2,1,1989,0,0,0,0,0,0,0,0,0,0
420290,1,1,1989,0,27,0,0,0,11,21,0,0,16
420291,1,1,1989,0,0,0,0,0,0,0,0,0,0
420292,1,1,1989,0,0,0,0,0,0,0,0,0,0
420292,2,1,1989,0,0,0,0,0,0,0,0,0,15
420293,0,1,1989,0,0,0,0,0,0,0,0,10,0
420293,1,1,1989,0,0,0,0,0,0,0,0,0,0
420294,0,1,1989,0,0,0,0,0,0,0,0,10,0
420294,1,1,1989,0,0,0,0,0,0,0,0,0,0
420295,1,1,1989,27,27,27,27,27,27,27,27,27,27
420295,2,1,1989,26,18,20,19,19,14,19,8,9,16
420296,1,1,1989,15,15,15,15,15,15,15,15,15,15
420296,2,1,1989,0,0,0,0,14,0,15,0,0,0
420297,1,1,1989,10,10,10,10,10,10,10,10,10,10
420297,2,1,1989,0,0,0,0,0,0,0,0,0,0
420298,1,1,1989,0,10,16,24,7,19,12,25,24,15
420298,2,1,1989,4,4,4,4,4,4,4,4,4,4
420298,3,1,1989,0,24,0,0,0,13,0,12,11,0
420299,1,1,1989,0,0,0,0,0,0,0,0,0,0
420299,2,1,1989,0,0,0,0,0,13,0,0,0,0
420300,1,1,1989,0,0,0,0,0,0,0,0,0,0
420301,1,1,1989,26,26,26,26,26,26,26,26,26,26
420302,1,1,1989,18,13,0,12,0,0,0,0,12,0
420303,1,1,1989,27,27,27,27,27,27,27,27,27,27
420303,2,1,1989,0,0,0,0,0,0,0,0,0,0
420304,0,1,1989,31,31,31,31,31,31,31,31,31,31
420304,1,1,1989,0,0,0,0,0,0,0,0,0,0
420305,1,1,1989,15,15,15,15,15,15,15,15,15,15
420306,1,1,1989,28,28,28,28,28,28,28,28,28,28
420307,1,1,1989,0,0,0,0,0,0,0,0,0,0
420307,2,1,1989,0,0,0,0,0,0,0,0,0,0
420308,1,1,1989,0,0,0,0,0,0,0,0,0,0
420308,2,1,1989,0,0,0,0,0,0,0,0,0,0
420309,1,1,1989,21,21,21,21,21,21,21,21,21,21
420310,0,1,1989,1,1,1,1,1,1,1,1,1,1
420310,1,1,1989,0,0,0,0,0,0,0,0,0,0
420311,1,1,1989,8,8,8,8,8,8,8,8,8,8
420311,2,1,1989,0,0,0,0,0,0,0,0,0,0
420312,1,1,1989,17,17,17,17,17,17,17,17,17,17
420312,2,1,1989,0,0,0,0,0,0,0,0,0,0
420313,1,1,1989,15,15,15,15,15,15,15,15,15,15
420313,2,1,1989,0,0,0,0,0,0,0,0,0,0
420314,0,1,1989,0,0,0,0,0,0,0,0,0,0
420314,1,1,1989,0,0,0,0,0,0,0,0,0,17
420315,1,1,1989,0,0,0,0,0,0,0,0,0,0
420315,2,1,1989,0,0,0,0,0,0,0,0,0,0
420316,1,1,1989,0,0,0,0,0,0,0,0,0,0
420316,2,1,1989,0,0,0,0,0,0,0,0,0,0
420317,1,1,1989,33,33,33,33,33,33,33,33,33,33
420318,1,1,1989,25,25,25,25,25,25,25,25,25,25
420318,2,1,1989,0,0,0,0,0,0,0,0,0,0
420319,1,1,1989,7,7,7,7,7,7,7,7,7,7
420320,1,1,1989,14,14,14,14,14,14,14,14,14,14
420320,2,1,1989,0,0,0,0,0,0,0,0,0,0
420321,1,1,1989,17,0,23,13,0,3,0,0,0,8
420322,1,1,1989,0,0,0,0,0,0,0,0,0,0
420322,2,1,1989,0,0,0,0,0,0,0,0,0,0
420323,1,1,1989,20,20,20,20,20,20,20,20,20,20
420324,1,1,1989,0,0,0,0,0,0,0,0,0,0
420325,1,1,1989,0,0,0,0,0,0,0,0,0,0
420325,2,1,1989,21,21,21,21,21,21,21,21,21,21
420326,1,1,1989,0,0,0,0,0,0,0,0,0,0
420326,2,1,1989,0,0,0,0,0,16,0,0,0,0
420327,1,1,1989,0,0,0,0,0,0,0,0,0,0
420328,0,1,1989,0,0,0,0,0,0,0,0,0,0
420328,1,1,1989,0,0,8,0,0,0,5,6,0,17
420329,1,1,1989,12,12,12,12,12,12,12,12,12,12
420329,2,1,1989,0,0,0,0,0,0,0,0,0,0
420330,1,1,1989,25,25,25,25,25,25,25,25,25,25
420331,1,1,1989,0,0,0,0,0,0,0,0,0,0
420332,1,1,1989,0,0,0,0,0,0,0,0,0,0
420333,1,1,1989,0,14,0,0,14,0,2,9,0,15
420334,1,1,1989,18,18,18,18,18,18,18,18,18,18
420335,1,1,1989,15,15,15,15,15,15,15,15,15,15
420336,1,1,1989,0,0,0,0,0,0,0,0,0,0
420336,2,1,1989,0,0,0,0,0,0,0,0,0,0
420336,3,1,1989,0,0,0,0,0,0,0,0,0,0
420337,1,1,1989,16,42,15,16,4,23,0,17,22,7
420338,1,1,1989,26,26,26,26,26,26,26,26,26,26
420339,1,1,1989,0,0,0,0,0,0,0,0,0,0
420340,1,1,1989,9,9,9,9,9,9,9,9,9,9
420341,1,1,1989,38,38,38,38,38,38,38,38,38,38
420342,1,1,1989,24,33,34,32,30,12,0,28,34,20
420343,1,1,1989,21,22,0,5,19,12,17,15,18,16
420343,2,1,1989,0,0,0,0,0,0,0,0,0,0
420344,1,1,1989,23,23,23,23,23,23,23,23,23,23
420344,2,1,1989,13,13,13,13,13,13,13,13,13,13
420345,1,1,1989,0,0,0,0,0,0,0,0,0,0
420345,2,1,1989,0,0,0,0,0,0,0,0,0,0
420346,0,1,1989,23,23,23,23,23,23,23,23,23,23
420346,1,1,1989,0,0,0,0,0,0,0,0,0,0
420347,0,1,1989,0,0,0,0,0,0,0,0,0,0
420347,1,1,1989,3,4,0,0,21,18,0,0,0,0
420348,1,1,1989,0,0,0,0,0,0,0,0,0,0
420348,2,1,1989,0,0,0,0,0,0,0,0,0,0
420348,3,1,1989,0,0,0,0,0,0,0,0,0,0
420348,4,1,1989,0,0,0,0,0,0,0,0,0,0
420349,1,1,1989,29,29,29,29,29,29,29,29,29,29
420350,1,1,1989,3,3,3,3,3,3,3,3,3,3
420350,2,1,1989,0,0,0,0,0,0,0,0,0,0
420351,0,1,1989,29,29,29,29,29,29,29,29,29,29
420351,1,1,1989,0,0,0,0,19,0,0,0,0,0
420352,1,1,1989,15,15,15,15,15,15,15,15,15,15
420352,2,1,1989,0,0,0,0,0,0,0,0,0,0
420353,1,1,1989,0,0,0,0,0,0,0,0,0,0
420353,2,1,1989,0,0,0,0,0,0,0,0,0,0
420354,1,1,1989,26,26,26,26,26,26,26,26,26,26
420355,0,1,1989,0,0,0,0,0,0,0,0,0,0
420355,1,1,1989,0,0,0,0,0,19,0,0,0,0
420356,1,1,1989,0,0,0,0,0,0,0,0,0,0
420357,1,1,1989,0,0,0,0,0,12,0,0,0,0
420357,2,1,1989,0,0,0,0,0,0,0,0,0,0
420358,1,1,1989,15,15,15,15,15,15,15,15,15,15
420358,2,1,1989,0,0,0,0,0,0,0,0,0,0
420359,1,1,1989,0,0,0,0,0,0,0,0,0,0
420359,2,1,1989,0,0,0,0,0,0,0,0,0,0
420359,3,1,1989,0,0,0,0,0,0,0,0,7,0
420360,0,1,1989,0,0,0,0,0,0,0,0,0,0
420360,1,1,1989,0,0,0,0,0,0,0,0,0,0
420361,1,1,1989,0,0,0,0,0,0,0,0,0,0
420362,1,1,1989,5,5,5,5,5,5,5,5,5,5
420363,1,1,1989,0,0,0,0,0,0,0,0,0,0
420363,2,1,1989,0,0,0,0,0,13,0,0,19,0
420364,1,1,1989,0,0,0,0,0,0,0,0,0,0
420364,2,1,1989,0,0,0,0,0,0,0,0,0,0
420365,1,1,1989,19,19,19,19,19,19,19,19,19,19
420365,2,1,1989,0,0,0,14,18,8,0,23,8,0
420366,1,1,1989,0,0,0,0,0,0,0,0,0,0
420366,2,1,1989,10,0,0,0,6,0,0,0,0,0
420367,0,1,1989,0,0,0,0,0,0,0,0,0,0
420367,0,2,1989,0,0,0,11,0,0,0,0,0,0
420367,1,1,1989,0,0,0,0,0,0,0,0,0,0
420368,1,1,1989,0,0,0,0,0,0,0,0,0,0
420368,2,1,1989,0,0,0,0,0,0,0,0,0,0
420369,1,1,1989,22,22,22,22,22,22,22,22,22,22
420370,0,1,1989,15,15,15,15,15,15,15,15,15,15
420370,1,1,1989,0,0,0,0,0,0,0,0,0,0
420371,1,1,1989,15,15,15,15,15,15,15,15,15,15
420371,2,1,1989,0,0,0,0,0,0,0,0,0,0
420372,0,1,1989,0,0,0,0,0,0,0,0,0,0
420372,1,1,1989,0,0,0,0,0,0,0,0,0,0
420373,1,1,1989,0,0,13,0,0,14,8,0,2,7
420373,2,1,1989,0,0,0,0,0,0,0,0,0,0
420374,1,1,1989,0,0,0,0,0,0,0,0,0,0
420374,2,1,1989,0,0,0,0,0,0,0,0,0,0
420375,1,1,1989,0,19,24,0,0,0,14,0,0,0
420375,2,1,1989,0,7,0,0,0,0,0,0,0,0
420376,1,1,1989,24,24,24,24,24,24,24,24,24,24
420377,1,1,1989,16,16,16,16,16,16,16,16,16,16
420378,1,1,1989,0,15,0,0,16,12,6,0,23,0
420379,1,1,1989,0,0,0,0,0,0,0,18,0,0
420379,2,1,1989,0,0,0,0,0,0,0,0,0,0
420380,1,1,1989,1,1,1,1,1,1,1,1,1,1
420380,2,1,1989,0,0,0,0,0,0,0,0,0,0
420381,0,1,1989,40,40,40,40,40,40,40,40,40,40
420381,1,1,1989,0,19,26,0,11,0,0,0,24,0
420382,1,1,1989,0,0,0,0,0,0,0,0,0,0
420382,2,1,1989,0,0,0,0,0,0,0,0,0,0
420383,1,1,1989,23,23,23,23,23,23,23,23,23,23
420384,1,1,1989,0,0,0,0,0,0,0,0,0,0
420384,2,1,1989,0,0,0,0,0,0,0,0,0,0
420385,1,1,1989,0,0,0,0,0,0,0,0,0,0
420385,2,1,1989,0,0,0,0,0,0,0,0,0,0
420386,1,1,1989,0,0,0,0,0,0,0,0,0,0
420386,2,1,1989,0,0,0,0,0,0,0,0,0,0
420387,1,1,1989,20,20,20,20,20,20,20,20,20,20
420387,2,1,1989,0,0,0,0,0,0,0,0,0,0
420387,3,1,1989,0,0,0,0,0,0,0,0,0,12
420387,4,1,1989,0,0,0,0,0,0,0,0,0,0
420388,1,1,1989,0,0,0,0,0,0,0,0,0,0
420388,2,1,1989,0,0,0,0,0,0,0,0,0,21
420389,1,1,1989,0,25,24,16,0,14,15,26,19,0
420390,1,1,1989,14,14,14,14,14,14,14,14,14,14
420391,1,1,1989,0,0,11,12,27,20,0,26,9,4
420392,1,1,1989,0,0,0,0,0,0,0,0,0,0
420393,1,1,1989,21,6,0,0,24,15,19,18,0,27
420393,2,1,1989,0,0,0,0,0,0,0,0,0,0
420393,3,1,1989,0,0,0,0,0,0,0,0,0,0
420394,1,1,1989,9,11,35,0,25,7,0,20,5,28
420395,0,1,1989,0,0,0,0,0,0,0,0,0,0
420395,1,1,1989,0,0,0,0,0,0,0,0,0,17
420396,1,1,1989,20,20,20,20,20,20,20,20,20,20
420397,1,1,1989,0,0,0,0,0,0,0,0,0,0
420398,0,1,1989,0,0,0,0,0,0,0,0,0,0
420398,1,1,1989,0,0,0,0,0,0,0,0,0,0
420399,1,1,1989,0,0,0,0,0,0,0,0,0,0
420399,2,1,1989,0,0,0,0,0,0,0,0,0,0
420400,1,1,1989,0,0,0,0,0,0,0,0,0,0
420401,1,1,1989,19,19,19,19,19,19,19,19,19,19
420402,1,1,1989,0,0,0,0,0,0,0,0,0,0
420402,2,1,1989,0,0,0,0,0,0,0,0,0,0
420403,1,1,1989,23,23,23,23,23,23,23,23,23,23
420404,1,1,1989,0,0,0,0,0,0,0,0,0,0
420404,2,1,1989,0,0,0,0,0,0,0,0,0,0
420405,1,1,1989,15,15,15,15,15,15,15,15,15,15
420406,1,1,1989,0,0,0,0,0,0,0,0,0,0
420406,2,1,1989,0,0,0,0,0,0,0,0,0,0
420407,1,1,1989,0,0,0,0,0,0,0,0,0,0
420407,2,1,1989,0,0,0,0,0,0,0,0,0,0
420408,0,1,1989,26,12,36,26,0,8,0,27,0,22
420408,1,1,1989,13,0,0,21,0,0,9,0,0,17
420409,0,1,1989,0,0,0,0,0,0,0,0,0,0
420409,1,1,1989,8,0,0,0,13,0,0,0,0,0
420410,1,1,1989,21,21,21,21,21,21,21,21,21,21
420411,1,1,1989,33,33,33,33,33,33,33,33,33,33
420412,0,1,1989,31,31,31,31,31,31,31,31,31,31
420412,1,1,1989,0,0,0,0,24,0,0,0,0,0
420413,1,1,1989,16,16,16,16,16,16,16,16,16,16
420414,1,1,1989,21,21,21,21,21,21,21,21,21,21
420415,1,1,1989,0,0,0,0,22,0,0,0,0,0
420416,0,1,1989,15,15,15,15,15,15,15,15,15,15
420416,1,1,1989,5,0,0,3,0,0,0,0,0,0
420417,1,1,1989,0,0,0,0,0,0,0,0,0,0
420417,2,1,1989,0,0,0,0,0,0,0,0,11,0
420417,3,1,1989,0,0,0,0,0,0,0,0,0,0
420418,1,1,1989,0,0,0,0,0,0,0,0,0,0
420419,1,1,1989,0,0,0,0,0,0,0,0,0,0
420419,2,1,1989,0,0,0,0,0,0,0,0,0,0
420420,1,1,1989,0,13,0,0,0,0,0,0,0,0
420420,2,1,1989,0,0,0,0,0,0,0,0,0,0
420420,3,1,1989,0,0,0,0,0,0,0,0,0,0
420420,4,1,1989,15,0,0,0,0,0,0,0,0,0
420421,1,1,1989,0,0,0,0,0,0,0,0,0,0
420421,2,1,1989,0,0,0,0,0,0,0,0,0,0
420422,1,1,1989,0,0,0,0,0,0,0,0,0,0
420423,1,1,1989,17,17,17,17,17,17,17,17,17,17
420423,2,1,1989,0,0,0,0,0,0,0,0,0,0
420424,1,1,1989,0,0,0,0,0,0,0,0,0,0
420425,0,1,1989,17,17,17,17,17,17,17,17,17,17
420425,1,1,1989,0,0,0,0,0,0,0,0,0,0
420426,1,1,1989,0,0,0,0,0,0,0,0,0,0
420427,0,1,1989,0,0,0,0,2,0,0,0,0,0
420427,1,1,1989,0,0,0,0,0,0,0,0,0,0
420428,1,1,1989,0,0,0,0,0,0,0,0,0,0
420428,2,1,1989,0,0,0,0,0,0,0,0,0,0
420429,1,1,1989,20,20,20,20,20,20,20,20,20,20
420430,1,1,1989,0,0,0,0,0,0,0,0,0,0
420431,0,1,1989,0,0,0,0,0,0,0,0,0,0
420431,1,1,1989,15,15,15,15,15,15,15,15,15,15
420432,1,1,1989,0,0,0,0,0,0,0,0,0,0
420433,1,1,1989,4,4,4,4,4,4,4,4,4,4
420434,1,1,1989,18,18,18,18,18,18,18,18,18,18
420434,2,1,1989,34,34,34,34,34,34,34,34,34,34
420435,1,1,1989,0,0,0,0,0,0,0,0,0,0
420436,1,1,1989,13,13,13,13,13,13,13,13,13,13
420437,1,1,1989,0,0,0,0,0,0,0,0,0,0
420437,2,1,1989,0,17,22,0,0,0,6,0,0,0
420438,1,1,1989,17,17,17,17,17,17,17,17,17,17
420439,1,1,1989,0,0,0,0,0,0,0,0,0,0
420439,2,1,1989,0,0,0,0,0,0,0,0,0,0
420440,1,1,1989,40,40,40,40,40,40,40,40,40,40
420441,1,1,1989,0,0,0,0,0,0,0,0,0,0
420441,2,1,1989,0,0,0,0,0,0,0,0,0,0
420442,0,1,1989,0,0,0,0,0,0,0,0,0,0
420442,1,1,1989,0,0,0,0,0,0,0,0,0,0
420443,0,1,1989,18,18,18,18,18,18,18,18,18,18
420443,1,1,1989,0,0,11,0,0,0,16,0,0,0
420444,1,1,1989,18,18,18,18,18,18,18,18,18,18
420445,1,1,1989,0,0,0,0,0,0,0,0,0,0
420445,2,1,1989,0,0,0,0,0,0,0,0,14,12
420446,0,1,1989,0,0,0,0,0,0,0,0,0,0
420446,1,1,1989,0,0,0,0,0,0,0,0,0,0
420447,1,1,1989,25,25,25,25,25,25,25,25,25,25
420447,2,1,1989,0,0,0,0,0,0,0,0,0,0
420448,1,1,1989,16,16,16,16,16,16,16,16,16,16
420449,1,1,1989,0,0,0,0,0,0,0,0,0,0
420450,1,1,1989,19,19,19,19,19,19,19,19,19,19
420450,2,1,1989,0,0,0,0,0,0,0,0,0,0
420451,1,1,1989,0,0,0,0,0,0,0,0,0,0
420451,2,1,1989,0,0,0,0,0,0,0,0,0,0
420452,1,1,1989,0,0,0,0,0,0,0,0,0,0
420452,2,1,1989,0,0,0,0,0,0,0,0,0,0
420452,3,1,1989,0,0,0,0,0,0,0,0,0,0
420453,1,1,1989,27,27,27,27,27,27,27,27,27,27
420453,2,1,1989,0,0,0,31,0,0,0,0,0,0
420454,1,1,1989,0,0,0,0,0,0,0,0,0,0
420454,2,1,1989,0,0,0,0,0,0,0,0,0,0
420455,1,1,1989,15,15,15,15,15,15,15,15,15,15
420456,1,1,1989,0,0,0,0,0,0,0,0,0,0
420456,2,1,1989,0,0,0,0,0,0,0,0,0,0
420456,3,1,1989,0,0,0,0,0,0,0,0,0,0
420456,4,1,1989,0,0,0,0,0,0,0,0,0,0
420457,1,1,1989,0,0,0,0,0,0,0,0,0,0
420458,1,1,1989,0,0,0,0,0,0,0,6,0,24
420459,1,1,1989,0,0,0,0,0,0,0,0,0,0
420459,2,1,1989,0,0,0,0,0,0,0,0,0,0
420460,1,1,1989,14,14,14,14,14,14,14,14,14,14
420460,2,1,1989,0,0,0,0,0,0,0,0,0,0
420461,1,1,1989,14,14,14,14,14,14,14,14,14,14
420462,1,1,1989,22,22,22,22,22,22,22,22,22,22
420462,2,1,1989,0,0,0,11,0,0,0,0,0,0
420463,1,1,1989,23,23,23,23,23,23,23,23,23,23
420464,1,1,1989,14,14,14,14,14,14,14,14,14,14
420465,1,1,1989,0,0,27,14,0,20,23,0,0,10
420465,2,1,1989,0,0,0,0,0,0,0,0,0,0
420466,1,1,1989,31,31,31,31,31,31,31,31,31,31
420467,1,1,1989,26,0,0,0,0,0,0,22,0,0
420467,2,1,1989,0,0,0,0,0,0,0,0,0,0
420468,0,1,1989,0,0,0,0,0,0,0,0,0,0
420468,1,1,1989,0,0,0,16,0,0,0,0,0,0
420469,1,1,1989,0,0,0,0,0,0,15,0,14,0
420469,2,1,1989,0,0,0,0,0,0,0,0,0,0
420470,1,1,1989,20,20,20,20,20,20,20,20,20,20
420471,1,1,1989,11,11,11,11,11,11,11,11,11,11
420472,1,1,1989,19,19,19,19,19,19,19,19,19,19
420472,2,1,1989,0,0,0,0,0,0,0,0,0,0
420473,1,1,1989,26,26,26,26,26,26,26,26,26,26
420474,1,1,1989,22,22,22,22,22,22,22,22,22,22
420475,0,1,1989,0,0,0,0,0,0,0,0,0,0
420475,1,1,1989,0,0,0,0,0,0,0,0,0,0
420476,1,1,1989,3,3,3,3,3,3,3,3,3,3
420477,1,1,1989,14,14,14,14,14,14,14,14,14,14
420479,1,1,1989,28,7,7,15,12,17,18,26,19,24
420480,1,1,1989,14,14,14,14,14,14,14,14,14,14
420481,0,1,1989,0,0,0,0,0,0,0,0,0,0
420481,1,1,1989,14,0,0,0,0,0,0,0,10,0
420482,1,1,1989,25,25,25,25,25,25,25,25,25,25
420483,1,1,1989,0,0,0,0,0,0,0,0,0,0
420483,2,1,1989,0,0,0,0,0,0,0,0,0,0
420484,1,1,1989,0,0,0,0,0,0,0,0,0,0
420484,2,1,1989,0,0,0,0,0,0,0,0,0,0
420485,1,1,1989,10,10,10,10,10,10,10,10,10,10
420486,1,1,1989,0,0,0,0,0,0,0,0,0,0
420487,1,1,1989,0,0,0,0,0,0,0,0,0,0
420488,0,1,1989,0,0,0,0,0,24,0,0,0,0
420488,1,1,1989,0,0,0,0,0,0,0,0,0,0
420489,1,1,1989,0,0,0,0,0,0,0,0,0,0
420489,2,1,1989,18,12,18,17,9,26,0,0,0,0
420490,1,1,1989,17,17,17,17,17,17,17,17,17,17
420491,1,1,1989,9,19,0,15,0,20,22,0,3,17
420491,2,1,1989,0,0,0,0,0,0,0,0,0,0
420491,3,1,1989,0,0,0,0,14,0,0,0,0,0
420492,1,1,1989,0,0,0,0,0,0,0,0,0,0
420492,2,1,1989,0,0,0,0,0,0,0,0,0,0
420493,1,1,1989,18,0,0,0,0,0,0,0,0,21
420493,2,1,1989,0,0,0,0,0,0,0,0,0,0
420494,1,1,1989,12,0,0,0,0,0,0,0,0,0
420494,2,1,1989,17,21,13,13,18,18,20,22,33,20
420495,1,1,1989,25,25,25,25,25,25,25,25,25,25
420495,2,1,1989,0,0,0,0,0,0,0,0,0,0
420495,3,1,1989,0,0,0,0,0,0,0,0,0,0