ST_CASE,VEH_NO,PER_NO,YEAR,P1,P2,P3,P4,P5,P6,P7,P8,P9,P10
420496,1,1,1989,23,23,23,23,23,23,23,23,23,23
420497,1,1,1989,0,0,0,0,0,0,0,0,0,0
420498,1,1,1989,0,0,0,0,0,0,0,0,0,0
420498,2,1,1989,0,0,0,0,0,0,0,0,0,0
420499,1,1,1989,16,16,16,16,16,16,16,16,16,16
420500,0,1,1989,25,25,25,25,25,25,25,25,25,25
420500,1,1,1989,0,0,0,0,0,0,0,0,0,0
420501,0,1,1989,28,28,28,28,28,28,28,28,28,28
420501,1,1,1989,0,0,0,0,0,0,19,0,0,0
420502,0,1,1989,17,17,17,17,17,17,17,17,17,17
420502,1,1,1989,0,0,0,0,0,0,0,0,0,0
420503,1,1,1989,20,20,20,20,20,20,20,20,20,20
420504,0,1,1989,0,0,0,0,0,0,0,0,0,0
420504,1,1,1989,0,0,0,0,0,0,17,14,0,0
420505,1,1,1989,16,32,0,0,9,16,22,0,5,5
420506,1,1,1989,0,0,0,0,0,0,0,0,0,0
420506,2,1,1989,0,0,0,0,0,0,0,0,0,0
420507,1,1,1989,0,0,0,0,0,0,0,0,0,0
420507,2,1,1989,0,0,0,0,0,0,0,0,0,0
420508,1,1,1989,0,0,0,0,0,0,0,0,0,0
420508,2,1,1989,0,0,0,0,0,0,0,0,0,0
420509,1,1,1989,0,18,0,0,6,0,0,0,0,0
420509,2,1,1989,0,0,0,0,0,0,0,0,0,0
420510,0,1,1989,0,0,0,0,0,0,0,0,0,0
420510,1,1,1989,0,0,0,0,0,0,0,0,17,0
420511,1,1,1989,19,19,19,19,19,19,19,19,19,19
420512,1,1,1989,6,6,6,6,6,6,6,6,6,6
420512,2,1,1989,0,0,0,0,0,0,0,0,0,0
420513,1,1,1989,0,0,0,0,0,0,0,0,0,0
420514,1,1,1989,0,0,0,0,0,0,0,0,0,0
420515,1,1,1989,11,19,31,17,8,32,11,13,12,11
420515,2,1,1989,0,0,0,0,0,0,0,0,0,0
420516,1,1,1989,15,15,15,15,15,15,15,15,15,15
420517,1,1,1989,9,9,9,9,9,9,9,9,9,9
420517,2,1,1989,0,0,0,0,0,0,0,0,0,0
420518,1,1,1989,0,0,0,0,0,0,0,0,0,0
420518,2,1,1989,0,0,0,0,0,0,0,0,0,0
420519,1,1,1989,17,17,17,17,17,17,17,17,17,17
420519,2,1,1989,0,10,0,0,0,16,0,0,0,0
420520,1,1,1989,21,21,21,21,21,21,21,21,21,21
420521,1,1,1989,0,0,0,0,0,0,0,0,0,0
420522,1,1,1989,8,8,8,8,8,8,8,8,8,8
420523,0,1,1989,0,0,0,0,0,0,0,0,0,0
420523,1,1,1989,0,0,0,0,0,0,0,0,0,0
420524,0,1,1989,0,0,0,0,0,0,0,0,0,0
420524,1,1,1989,0,0,0,0,0,0,20,0,0,0
420525,0,1,1989,0,16,0,0,0,0,0,0,0,0
420525,1,1,1989,0,0,0,0,0,0,0,0,0,0
420526,1,1,1989,19,19,19,19,19,19,19,19,19,19
420527,1,1,1989,14,0,0,0,0,9,0,0,0,0
420527,2,1,1989,0,0,0,0,0,0,0,0,0,0
420527,3,1,1989,0,0,0,0,0,0,0,0,0,0
420528,0,1,1989,8,8,8,8,8,8,8,8,8,8
420528,1,1,1989,0,0,0,0,0,0,0,0,0,0
420529,1,1,1989,20,10,23,2,14,9,13,14,12,10
420530,1,1,1989,0,0,0,24,0,0,0,0,0,0
420530,2,1,1989,0,0,0,0,0,0,0,0,0,0
420531,0,1,1989,0,0,0,0,0,0,0,0,0,0
420531,1,1,1989,0,0,0,0,0,5,0,0,0,0
420532,0,1,1989,0,0,0,0,0,0,0,0,0,0
420532,1,1,1989,0,0,0,0,0,0,0,0,0,0
420533,1,1,1989,26,26,26,26,26,26,26,26,26,26
420534,1,1,1989,0,0,0,0,0,0,0,0,0,0
420534,2,1,1989,0,0,0,0,0,0,0,0,0,0
420535,1,1,1989,0,0,11,4,28,18,7,19,24,20
420536,1,1,1989,15,15,15,15,15,15,15,15,15,15
420536,2,1,1989,9,18,24,15,11,33,16,5,19,16
420537,1,1,1989,0,0,0,0,0,0,0,0,0,6
420537,2,1,1989,0,0,0,0,0,0,0,0,0,0
420538,1,1,1989,86,86,86,86,86,86,86,86,86,86
420539,1,1,1989,0,0,0,0,0,0,0,0,0,0
420539,2,1,1989,0,0,0,0,0,0,0,0,0,0
420540,1,1,1989,14,14,14,14,14,14,14,14,14,14
420540,2,1,1989,0,0,10,0,0,0,0,0,20,0
420541,1,1,1989,0,0,0,0,0,0,0,0,0,0
420542,0,1,1989,0,0,0,22,0,16,0,0,22,0
420542,0,2,1989,0,0,0,0,0,0,0,0,0,0
420542,0,3,1989,45,10,28,0,0,21,0,16,0,0
420542,1,1,1989,0,0,0,0,0,0,0,0,0,0
420543,1,1,1989,20,20,20,20,20,20,20,20,20,20
420544,1,1,1989,5,5,5,5,5,5,5,5,5,5
420545,1,1,1989,0,0,0,0,0,0,0,0,0,0
420545,2,1,1989,0,0,0,0,0,0,0,0,0,12
420546,1,1,1989,0,0,0,0,0,0,0,0,0,0
420546,2,1,1989,0,0,0,21,17,11,7,23,0,30
420547,1,1,1989,16,16,16,16,16,16,16,16,16,16
420548,1,1,1989,21,21,21,21,21,21,21,21,21,21
420549,1,1,1989,0,0,0,0,0,0,0,0,0,0
420549,2,1,1989,0,0,0,0,0,0,0,0,0,0
420550,1,1,1989,21,10,3,18,34,24,0,19,32,7
420550,2,1,1989,0,0,0,11,20,0,18,8,0,0
420551,1,1,1989,15,15,15,15,15,15,15,15,15,15
420551,2,1,1989,0,0,0,0,0,0,0,0,0,0
420552,1,1,1989,0,0,0,0,0,0,0,0,0,0
420553,1,1,1989,15,15,15,15,15,15,15,15,15,15
420553,2,1,1989,13,13,13,13,13,13,13,13,13,13
420554,1,1,1989,0,0,0,0,0,0,0,0,0,0
420554,2,1,1989,0,0,0,0,9,0,0,0,0,0
420555,0,1,1989,13,13,13,13,13,13,13,13,13,13
420555,1,1,1989,0,0,0,0,0,0,0,0,0,0
420556,0,1,1989,0,0,0,0,0,0,0,0,0,0
420556,1,1,1989,18,0,14,0,0,0,22,37,7,3
420557,1,1,1989,0,0,0,0,0,0,0,0,0,0
420557,2,1,1989,0,0,0,0,0,0,0,0,0,0
420558,0,1,1989,10,10,10,10,10,10,10,10,10,10
420558,0,2,1989,28,28,28,28,28,28,28,28,28,28
420558,0,3,1989,28,28,28,28,28,28,28,28,28,28
420558,1,1,1989,0,0,0,0,0,0,0,0,0,0
420559,1,1,1989,0,0,0,0,0,0,0,0,0,0
420560,1,1,1989,14,14,14,14,14,14,14,14,14,14
420561,1,1,1989,7,7,7,7,7,7,7,7,7,7
420561,2,1,1989,15,5,13,15,12,0,8,4,16,12
420562,1,1,1989,0,0,0,0,0,0,0,0,0,0
420562,2,1,1989,0,0,0,0,0,0,0,0,0,0
420563,1,1,1989,0,0,0,0,0,0,0,0,0,0
420564,1,1,1989,20,20,20,20,20,20,20,20,20,20
420565,1,1,1989,0,0,0,0,0,0,0,0,0,0
420565,2,1,1989,0,0,0,0,0,0,0,0,0,0
420566,0,1,1989,0,0,0,0,0,0,0,0,0,0
420566,1,1,1989,0,0,0,0,0,0,0,0,0,0
420567,1,1,1989,0,0,0,0,0,0,0,0,0,0
420569,1,1,1989,0,0,0,0,0,0,0,0,0,0
420569,2,1,1989,0,0,0,0,0,0,0,0,0,0
420570,1,1,1989,18,18,18,18,18,18,18,18,18,18
420571,0,1,1989,29,29,29,29,29,29,29,29,29,29
420571,1,1,1989,0,0,0,0,0,0,0,0,0,0
420572,1,1,1989,14,14,14,14,14,14,14,14,14,14
420573,1,1,1989,23,23,23,23,23,23,23,23,23,23
420574,1,1,1989,9,9,9,9,9,9,9,9,9,9
420574,2,1,1989,23,19,0,0,0,0,0,0,19,11
420575,1,1,1989,0,0,0,0,0,0,0,0,0,0
420575,2,1,1989,0,0,0,0,0,0,0,0,0,0
420576,1,1,1989,0,0,0,0,0,0,0,0,0,0
420576,2,1,1989,0,0,0,0,13,0,0,0,0,0
420577,0,1,1989,0,0,0,0,0,3,0,18,6,0
420577,1,1,1989,20,20,20,20,20,20,20,20,20,20
420577,2,1,1989,6,6,6,6,6,6,6,6,6,6
420578,1,1,1989,14,14,14,14,14,14,14,14,14,14
420579,1,1,1989,6,6,6,6,6,6,6,6,6,6
420579,2,1,1989,11,11,11,11,11,11,11,11,11,11
420580,1,1,1989,0,4,8,0,4,0,27,0,14,0
420580,2,1,1989,0,0,0,24,0,18,11,0,0,0
420581,1,1,1989,19,19,19,19,19,19,19,19,19,19
420582,1,1,1989,0,0,0,0,0,0,0,0,0,0
420582,2,1,1989,0,0,0,0,0,0,0,0,0,0
420583,1,1,1989,0,0,0,0,0,0,0,0,0,0
420583,2,1,1989,0,0,0,0,0,0,0,0,0,0
420583,3,1,1989,0,0,0,0,0,0,0,16,0,0
420584,1,1,1989,11,11,11,11,11,11,11,11,11,11
420585,1,1,1989,22,22,22,22,22,22,22,22,22,22
420586,1,1,1989,17,17,17,17,17,17,17,17,17,17
420587,1,1,1989,12,12,12,12,12,12,12,12,12,12
420588,1,1,1989,0,0,0,0,0,0,0,0,0,0
420588,2,1,1989,0,0,0,0,0,0,0,0,0,0
420588,3,1,1989,0,0,0,0,0,0,0,0,0,0
420588,4,1,1989,0,0,0,0,0,0,0,0,0,0
420589,1,1,1989,0,0,0,0,0,0,0,0,0,0
420590,1,1,1989,0,0,0,0,0,0,0,0,0,0
420591,1,1,1989,20,20,20,20,20,20,20,20,20,20
420592,1,1,1989,18,18,18,18,18,18,18,18,18,18
420593,1,1,1989,21,21,21,21,21,21,21,21,21,21
420594,1,1,1989,0,0,0,0,0,0,0,0,0,0
420594,2,1,1989,0,0,0,0,0,0,0,0,0,0
420595,1,1,1989,10,10,10,10,10,10,10,10,10,10
420596,1,1,1989,8,8,8,8,8,8,8,8,8,8
420597,1,1,1989,30,30,30,30,30,30,30,30,30,30
420597,2,1,1989,0,0,0,0,0,0,0,0,0,0
420598,1,1,1989,0,0,0,0,0,0,0,0,0,0
420598,2,1,1989,0,0,0,0,0,0,0,0,0,0
420599,0,1,1989,5,25,12,0,0,2,11,10,10,0
420599,1,1,1989,13,13,13,13,13,13,13,13,13,13
420600,1,1,1989,8,12,13,15,12,16,17,13,31,23
420600,2,1,1989,0,0,0,0,0,9,0,0,15,0
420601,1,1,1989,5,5,5,5,5,5,5,5,5,5
420602,1,1,1989,0,0,0,0,0,0,0,0,0,0
420603,1,1,1989,16,16,16,16,16,16,16,16,16,16
420604,1,1,1989,23,23,23,23,23,23,23,23,23,23
420605,1,1,1989,26,26,26,26,26,26,26,26,26,26
420606,0,1,1989,0,0,0,0,0,0,0,0,0,0
420606,1,1,1989,0,0,0,0,0,0,0,0,0,0
420606,2,1,1989,0,0,0,0,0,0,0,0,0,0
420607,1,1,1989,18,18,18,18,18,18,18,18,18,18
420608,0,1,1989,25,25,25,25,25,25,25,25,25,25
420608,1,1,1989,0,0,0,0,0,0,0,0,0,0
420609,0,1,1989,15,15,15,15,15,15,15,15,15,15
420609,1,1,1989,9,9,9,9,9,9,9,9,9,9
420610,1,1,1989,16,16,16,16,16,16,16,16,16,16
420610,2,1,1989,0,0,0,0,0,0,0,0,0,0
420611,1,1,1989,20,26,15,28,29,22,34,19,12,17
420612,1,1,1989,0,0,0,0,0,0,0,0,0,0
420612,2,1,1989,0,0,0,0,0,0,0,0,0,0
420613,1,1,1989,16,16,16,16,16,16,16,16,16,16
420613,2,1,1989,0,0,33,0,0,0,0,34,0,0
420614,1,1,1989,0,0,0,0,0,0,0,0,0,0
420614,2,1,1989,0,0,0,0,0,0,0,28,0,0
420615,1,1,1989,0,0,0,0,0,0,0,0,0,0
420615,2,1,1989,0,0,21,0,0,0,0,0,0,0
420615,3,1,1989,0,0,0,0,0,0,0,0,0,0
420616,1,1,1989,0,0,0,0,0,0,0,0,0,0
420616,2,1,1989,0,0,0,0,0,0,0,0,0,0
420617,1,1,1989,0,0,0,0,0,0,0,0,0,0
420618,1,1,1989,0,0,0,0,0,0,20,0,0,5
420618,2,1,1989,0,0,0,0,0,0,0,0,0,0
420619,0,1,1989,0,0,0,0,0,0,0,0,0,0
420619,1,1,1989,0,0,0,0,0,0,0,0,0,0
420620,0,1,1989,0,0,22,0,19,32,23,19,11,19
420620,1,1,1989,0,0,0,0,14,0,0,0,27,0
420621,1,1,1989,0,0,0,0,0,0,0,0,0,0
420621,2,1,1989,0,0,0,0,0,0,0,0,0,0
420622,1,1,1989,34,20,28,7,23,20,10,26,21,15
420622,2,1,1989,14,6,0,0,0,0,17,0,0,9
420623,1,1,1989,8,0,0,0,0,0,0,0,0,0
420623,2,1,1989,0,0,0,0,0,0,0,0,0,0
420624,1,1,1989,7,26,0,0,0,31,0,6,5,0
420624,2,1,1989,11,11,11,11,11,11,11,11,11,11
420625,1,1,1989,19,19,19,19,19,19,19,19,19,19
420625,2,1,1989,0,0,0,0,0,0,0,0,0,0
420626,1,1,1989,0,0,0,0,0,24,0,0,0,0
420626,2,1,1989,17,17,17,17,17,17,17,17,17,17
420627,1,1,1989,12,12,12,12,12,12,12,12,12,12
420628,1,1,1989,0,0,0,0,0,0,0,0,0,0
420629,1,1,1989,18,9,16,32,14,25,23,14,13,31
420630,1,1,1989,12,12,12,12,12,12,12,12,12,12
420630,2,1,1989,23,8,11,8,14,0,15,0,29,0
420631,0,1,1989,33,33,33,33,33,33,33,33,33,33
420631,1,1,1989,0,0,0,0,0,0,0,0,0,0
420632,1,1,1989,0,0,0,0,0,0,0,0,0,0
420633,1,1,1989,0,0,18,0,0,0,0,7,0,13
420633,2,1,1989,13,13,13,13,13,13,13,13,13,13
420634,1,1,1989,0,0,0,0,0,0,0,0,0,0
420635,1,1,1989,0,17,0,0,0,30,0,0,0,18
420635,2,1,1989,0,0,0,0,0,0,0,0,0,0
420635,3,1,1989,11,10,16,8,19,0,6,0,0,31
420635,4,1,1989,0,0,0,0,0,0,0,0,0,0
420635,5,1,1989,0,0,0,15,0,10,0,0,23,0
420635,6,1,1989,0,0,0,0,0,0,0,0,0,0
420636,0,1,1989,9,9,9,9,9,9,9,9,9,9
420636,1,1,1989,0,4,14,0,0,5,0,0,0,0
420636,2,1,1989,0,0,4,6,13,0,0,0,16,0
420637,1,1,1989,13,13,13,13,13,13,13,13,13,13
420637,2,1,1989,0,4,0,0,0,0,0,0,0,0
420638,1,1,1989,14,14,14,14,14,14,14,14,14,14
420638,2,1,1989,0,0,0,0,0,0,0,0,0,0
420639,1,1,1989,0,0,0,0,0,0,0,0,0,0
420639,2,1,1989,0,0,0,0,0,0,0,0,0,0
420640,1,1,1989,0,0,0,0,0,0,0,0,0,0
420641,1,1,1989,0,0,0,0,0,0,0,0,0,0
420641,2,1,1989,0,0,0,0,0,0,0,0,0,0
420642,1,1,1989,0,0,0,0,0,0,12,0,0,0
420642,2,1,1989,0,0,0,0,0,0,0,0,0,0
420643,0,1,1989,0,0,0,0,0,0,0,0,0,0
420643,1,1,1989,0,0,0,14,0,0,0,0,0,0
420644,0,1,1989,0,0,0,0,0,0,0,0,0,0
420644,1,1,1989,0,0,0,0,0,0,0,0,0,0
420645,1,1,1989,28,28,28,28,28,28,28,28,28,28
420645,2,1,1989,32,28,0,0,0,23,0,0,0,0
420646,1,1,1989,0,0,0,0,0,0,0,0,0,0
420647,1,1,1989,19,19,19,19,19,19,19,19,19,19
420647,2,1,1989,16,16,16,16,16,16,16,16,16,16
420648,1,1,1989,0,0,0,0,0,0,0,0,0,0
420648,2,1,1989,0,0,0,0,0,0,0,0,0,0
420649,1,1,1989,0,0,0,0,0,0,0,0,0,0
420649,2,1,1989,0,0,0,19,8,16,16,0,0,6
420650,1,1,1989,0,0,0,0,0,0,0,0,0,0
420650,2,1,1989,0,0,0,0,0,0,0,0,0,0
420651,1,1,1989,12,12,12,12,12,12,12,12,12,12
420652,1,1,1989,20,20,20,20,20,20,20,20,20,20
420653,0,1,1989,0,0,0,0,0,0,0,0,0,0
420653,1,1,1989,0,0,0,0,0,0,0,0,0,0
420654,1,1,1989,0,0,0,0,0,0,0,0,0,0
420654,2,1,1989,0,0,0,0,0,0,0,0,0,0
420655,1,1,1989,23,0,0,0,22,6,21,25,0,0
420655,2,1,1989,0,0,0,0,0,0,0,0,0,0
420656,1,1,1989,0,0,0,0,14,0,0,0,0,0
420656,2,1,1989,0,0,0,0,0,0,0,0,0,0
420657,1,1,1989,8,8,8,8,8,8,8,8,8,8
420658,1,1,1989,0,0,0,0,0,0,0,0,0,0
420658,2,1,1989,0,0,0,0,0,0,0,0,0,0
420658,3,1,1989,0,0,0,0,0,0,0,0,0,0
420659,1,1,1989,0,0,0,0,0,0,0,0,0,0
420660,1,1,1989,22,22,22,22,22,22,22,22,22,22
420661,1,1,1989,0,0,0,0,0,0,0,0,0,0
420661,2,1,1989,0,19,22,14,0,0,0,18,0,0
420662,1,1,1989,0,0,0,0,0,0,0,11,0,0
420662,2,1,1989,0,0,0,0,0,0,0,0,0,0
420662,3,1,1989,0,0,0,0,0,0,0,0,0,0
420663,0,1,1989,14,14,14,14,14,14,14,14,14,14
420663,1,1,1989,0,0,0,0,0,0,0,0,0,0
420664,1,1,1989,7,0,0,0,0,0,0,0,0,0
420664,2,1,1989,0,0,0,0,0,0,0,0,0,0
420665,1,1,1989,0,0,0,0,0,0,0,0,0,0
420666,0,1,1989,18,18,18,18,18,18,18,18,18,18
420666,1,1,1989,0,0,0,0,8,0,0,0,0,0
420667,1,1,1989,15,15,15,15,15,15,15,15,15,15
420668,1,1,1989,1,1,1,1,1,1,1,1,1,1
420669,1,1,1989,0,0,0,0,0,0,0,0,0,0
420670,1,1,1989,18,18,18,18,18,18,18,18,18,18
420670,2,1,1989,0,0,0,0,0,0,0,0,0,0
420671,1,1,1989,6,6,6,6,6,6,6,6,6,6
420672,1,1,1989,0,0,0,0,0,0,6,0,0,0
420672,2,1,1989,10,10,10,10,10,10,10,10,10,10
420673,0,1,1989,12,14,10,39,0,26,20,0,23,38
420673,1,1,1989,12,25,5,7,11,0,8,12,17,8
420674,1,1,1989,0,0,0,0,0,0,0,0,0,0
420674,2,1,1989,0,0,0,0,0,0,0,0,0,0
420675,1,1,1989,0,0,0,0,0,0,0,0,0,0
420675,2,1,1989,0,0,0,0,0,0,0,0,0,0
420676,1,1,1989,0,0,0,0,0,0,0,0,0,0
420676,2,1,1989,0,0,0,0,0,0,0,0,0,0
420676,3,1,1989,0,0,0,0,0,0,0,0,0,0
420676,4,1,1989,0,0,0,0,0,0,0,0,0,0
420677,1,1,1989,18,18,18,18,18,18,18,18,18,18
420677,2,1,1989,0,0,0,0,0,0,0,0,0,0
420678,1,1,1989,19,19,19,19,19,19,19,19,19,19
420678,2,1,1989,0,0,0,5,0,0,0,0,0,0
420679,1,1,1989,0,9,28,20,13,19,0,20,22,32
420680,1,1,1989,22,22,22,22,22,22,22,22,22,22
420681,1,1,1989,0,0,0,0,0,0,0,0,0,0
420681,2,1,1989,0,0,0,0,0,0,0,0,0,0
420681,3,1,1989,0,0,0,0,0,0,0,0,0,0
420682,1,1,1989,0,0,0,0,0,0,0,0,0,0
420683,0,1,1989,15,15,15,15,15,15,15,15,15,15
420683,1,1,1989,12,22,0,22,13,17,30,0,13,21
420684,0,1,1989,0,0,0,0,0,0,0,0,0,0
420684,0,2,1989,0,0,0,0,0,0,0,0,0,0
420684,1,1,1989,0,0,32,0,0,0,0,0,0,0
420685,1,1,1989,13,13,13,13,13,13,13,13,13,13
420686,1,1,1989,19,0,30,20,11,0,12,11,0,19
420686,2,1,1989,0,0,0,0,0,0,0,0,0,0
420687,1,1,1989,15,15,15,15,15,15,15,15,15,15
420687,2,1,1989,0,0,0,0,0,0,0,0,0,0
420688,1,1,1989,0,0,0,0,0,0,0,0,0,0
420688,2,1,1989,0,0,0,0,0,0,0,0,0,0
420688,3,1,1989,23,20,0,0,0,0,17,0,0,0
420689,0,1,1989,0,0,0,0,0,0,0,0,0,0
420689,1,1,1989,0,0,12,27,24,0,33,0,7,0
420690,1,1,1989,14,14,14,14,14,14,14,14,14,14
420690,2,1,1989,0,0,0,0,0,0,0,0,0,0
420691,1,1,1989,6,6,6,6,6,6,6,6,6,6
420692,1,1,1989,20,20,20,20,20,20,20,20,20,20
420693,1,1,1989,23,23,23,23,23,23,23,23,23,23
420694,1,1,1989,0,0,0,0,0,0,0,0,0,0
420694,2,1,1989,0,0,0,0,0,0,0,0,0,0
420694,3,1,1989,0,0,0,0,0,0,0,0,0,0
420695,1,1,1989,0,0,0,0,0,0,0,0,0,0
420695,2,1,1989,0,0,0,0,0,0,0,0,0,0
420696,1,1,1989,34,34,34,34,34,34,34,34,34,34
420697,1,1,1989,0,0,0,0,0,0,0,0,0,0
420698,1,1,1989,20,20,20,20,20,20,20,20,20,20
420699,1,1,1989,17,17,17,17,17,17,17,17,17,17
420700,1,1,1989,25,25,25,25,25,25,25,25,25,25
420701,1,1,1989,0,0,0,0,0,0,0,12,0,0
420702,1,1,1989,0,0,0,0,0,0,0,0,0,0
420702,2,1,1989,0,0,0,0,0,0,0,0,0,0
420703,1,1,1989,0,0,0,0,0,0,0,0,0,0
420704,1,1,1989,17,17,17,17,17,17,17,17,17,17
420705,1,1,1989,0,0,0,0,0,0,0,0,0,0
420706,1,1,1989,19,19,19,19,19,19,19,19,19,19
420706,2,1,1989,0,0,0,0,0,0,0,0,0,0
420707,1,1,1989,0,0,0,0,0,0,0,0,0,0
420707,2,1,1989,0,0,0,0,0,0,0,0,0,0
420708,1,1,1989,0,0,0,0,0,0,0,0,0,0
420708,2,1,1989,0,0,0,0,0,0,0,0,0,0
420709,1,1,1989,0,0,0,0,0,0,0,0,0,0
420709,2,1,1989,0,3,0,0,19,0,0,25,0,0
420710,1,1,1989,0,0,10,0,0,0,5,0,0,0
420711,1,1,1989,0,4,0,0,0,0,0,0,24,0
420711,2,1,1989,0,15,0,0,13,0,19,0,0,0
420712,1,1,1989,18,18,18,18,18,18,18,18,18,18
420713,1,1,1989,30,30,30,30,30,30,30,30,30,30
420714,1,1,1989,0,0,0,0,0,0,0,0,0,0
420714,2,1,1989,12,0,0,0,0,0,0,8,0,0
420715,1,1,1989,17,28,6,21,28,0,17,10,16,0
420715,2,1,1989,0,0,0,0,0,0,0,0,0,0
420716,1,1,1989,0,0,0,0,0,0,0,0,0,0
420716,2,1,1989,0,0,0,0,0,0,12,0,0,0
420717,1,1,1989,0,0,0,0,13,0,0,0,0,0
420718,1,1,1989,0,0,0,0,0,0,0,0,0,0
420718,2,1,1989,0,0,0,0,0,0,0,0,0,0
420718,3,1,1989,0,0,0,0,0,0,0,0,0,0
420719,1,1,1989,13,13,13,13,13,13,13,13,13,13
420720,1,1,1989,13,13,13,13,13,13,13,13,13,13
420720,2,1,1989,0,0,0,0,0,0,0,0,0,0
420722,0,1,1989,4,4,4,4,4,4,4,4,4,4
420722,1,1,1989,0,0,0,0,0,0,0,0,0,0
420723,0,1,1989,40,40,40,40,40,40,40,40,40,40
420723,1,1,1989,0,0,0,0,0,5,10,0,0,0
420724,1,1,1989,28,7,22,24,18,11,11,0,40,9
420725,1,1,1989,0,0,0,0,0,0,0,0,0,0
420726,0,1,1989,0,0,0,0,0,0,0,0,0,0
420726,1,1,1989,0,0,0,0,0,0,0,0,0,0
420728,1,1,1989,0,0,0,0,0,0,0,0,0,0
420729,1,1,1989,17,17,17,17,17,17,17,17,17,17
420730,1,1,1989,14,14,14,14,14,14,14,14,14,14
420731,1,1,1989,21,21,21,21,21,21,21,21,21,21
420731,2,1,1989,0,0,0,0,0,0,0,0,0,0
420732,1,1,1989,19,19,19,19,19,19,19,19,19,19
420733,1,1,1989,0,0,0,0,0,0,0,0,0,0
420733,2,1,1989,0,0,0,0,0,0,0,0,0,0
420734,1,1,1989,0,0,0,0,0,0,0,0,0,0
420734,2,1,1989,0,0,0,0,0,0,0,0,0,0
420735,1,1,1989,21,4,20,28,10,20,17,21,19,27
420735,2,1,1989,0,0,0,0,0,0,0,0,0,0
420736,1,1,1989,0,0,10,0,0,0,0,0,0,0
420736,2,1,1989,0,0,0,0,0,0,0,0,0,0
420737,0,1,1989,39,0,0,0,0,22,0,0,0,19
420737,1,1,1989,0,0,8,21,0,23,14,0,0,5
420738,1,1,1989,0,0,0,0,0,0,0,0,0,0
420738,2,1,1989,0,0,0,0,0,0,0,0,0,0
420739,1,1,1989,30,30,30,30,30,30,30,30,30,30
420740,1,1,1989,0,0,0,0,0,0,0,0,0,0
420741,1,1,1989,31,31,31,31,31,31,31,31,31,31
420742,0,1,1989,0,0,0,0,0,0,0,0,0,0
420742,1,1,1989,0,0,0,0,0,0,0,0,0,0
420743,1,1,1989,26,26,26,26,26,26,26,26,26,26
420743,2,1,1989,0,0,0,0,0,0,0,0,0,0
420744,1,1,1989,20,20,20,20,20,20,20,20,20,20
420744,2,1,1989,0,0,0,0,0,0,0,0,0,0
420745,1,1,1989,17,17,17,17,17,17,17,17,17,17
420746,1,1,1989,0,0,0,0,0,0,0,0,0,0
420746,2,1,1989,0,0,0,0,0,0,0,0,0,0
420747,1,1,1989,0,0,0,0,0,0,0,0,0,0
420747,2,1,1989,17,0,15,0,14,11,29,0,17,10
420748,1,1,1989,0,0,0,0,0,0,0,0,0,0
420748,2,1,1989,0,0,0,0,0,0,0,0,0,0
420749,1,1,1989,24,24,24,24,24,24,24,24,24,24
420750,1,1,1989,5,5,5,5,5,5,5,5,5,5
420750,2,1,1989,0,0,0,0,0,0,0,0,0,0
420751,1,1,1989,0,0,0,0,0,0,0,0,0,0
420751,2,1,1989,0,0,0,0,0,0,0,0,0,0
420752,1,1,1989,0,0,0,0,0,0,0,0,0,0
420753,1,1,1989,16,16,16,16,16,16,16,16,16,16
420754,1,1,1989,0,0,0,0,0,0,0,0,0,0
420755,1,1,1989,26,26,26,26,26,26,26,26,26,26
420756,1,1,1989,0,0,0,0,0,0,0,0,0,0
420756,2,1,1989,0,0,0,0,0,0,0,0,0,0
420757,1,1,1989,19,0,22,0,7,24,12,14,0,31
420758,1,1,1989,0,0,0,0,0,0,0,0,0,0
420758,2,1,1989,16,16,16,16,16,16,16,16,16,16
420759,1,1,1989,0,0,0,0,0,0,0,0,0,0
420759,2,1,1989,0,0,0,0,0,0,0,0,0,0
420760,1,1,1989,0,0,0,0,0,0,0,0,0,0
420761,1,1,1989,27,27,27,27,27,27,27,27,27,27
420762,1,1,1989,24,24,24,24,24,24,24,24,24,24
420763,1,1,1989,0,0,0,0,0,0,0,0,0,0
420764,0,1,1989,0,0,0,0,0,0,0,0,0,0
420764,1,1,1989,0,0,0,0,25,0,0,0,0,0
420765,0,1,1989,20,0,0,0,0,0,0,0,19,0
420765,1,1,1989,0,0,0,0,0,0,0,0,0,0
420766,1,1,1989,0,0,0,0,0,0,0,0,0,0
420766,2,1,1989,0,0,0,0,0,0,0,0,0,0
420767,1,1,1989,0,0,0,0,0,0,0,0,0,0
420767,2,1,1989,0,0,0,0,0,0,0,0,0,0
420768,1,1,1989,13,13,13,13,13,13,13,13,13,13
420769,1,1,1989,0,0,0,0,0,0,0,0,0,0