ST_CASE,VEH_NO,PER_NO,YEAR,P1,P2,P3,P4,P5,P6,P7,P8,P9,P10
421047,1,1,1989,0,0,0,0,0,0,0,0,0,0
421047,2,1,1989,0,0,0,0,0,0,0,0,0,0
421048,1,1,1989,19,21,22,15,5,20,0,20,0,9
421049,1,1,1989,0,0,0,0,0,0,0,0,0,0
421049,2,1,1989,0,0,0,0,0,0,0,0,0,0
421050,1,1,1989,0,0,0,0,0,0,0,0,0,0
421050,2,1,1989,0,0,0,0,14,0,0,0,0,0
421051,1,1,1989,0,0,0,0,0,0,0,0,0,0
421051,2,1,1989,0,0,0,0,0,0,0,0,0,0
421052,1,1,1989,0,0,0,0,0,0,0,0,0,0
421052,2,1,1989,0,0,0,0,0,0,0,0,0,0
421053,1,1,1989,0,0,0,0,0,0,0,0,0,0
421053,2,1,1989,0,0,0,0,0,0,0,0,0,0
421054,1,1,1989,0,0,0,0,0,0,0,0,0,0
421055,1,1,1989,0,0,0,0,0,0,0,0,0,0
421055,2,1,1989,0,0,0,0,0,0,0,0,0,0
421056,1,1,1989,15,15,15,15,15,15,15,15,15,15
421057,1,1,1989,0,0,0,0,0,0,0,0,0,0
421057,2,1,1989,0,0,0,0,0,0,0,0,0,0
421058,1,1,1989,16,30,14,9,13,5,10,9,16,20
421058,2,1,1989,0,0,0,0,0,0,0,0,0,0
421059,1,1,1989,0,0,0,0,0,0,0,0,0,0
421060,1,1,1989,5,0,9,0,20,17,0,9,7,3
421060,2,1,1989,0,0,0,0,0,0,0,0,0,0
421061,1,1,1989,0,0,0,0,0,0,0,0,0,0
421061,2,1,1989,0,0,0,0,0,0,0,0,0,0
421062,1,1,1989,26,26,26,26,26,26,26,26,26,26
421063,1,1,1989,19,17,13,22,30,0,0,10,6,0
421063,2,1,1989,0,0,0,0,0,0,0,0,0,0
421064,1,1,1989,0,0,0,0,0,0,0,0,0,0
421064,2,1,1989,0,0,0,0,0,0,0,47,0,0
421065,1,1,1989,18,18,18,18,18,18,18,18,18,18
421066,1,1,1989,15,15,15,15,15,15,15,15,15,15
421066,2,1,1989,0,0,0,0,0,0,0,0,0,0
421067,1,1,1989,0,0,0,0,0,0,0,0,0,0
421068,0,1,1989,0,0,0,0,0,0,0,0,0,0
421068,1,1,1989,0,0,0,0,0,0,19,0,0,0
421069,1,1,1989,0,0,0,0,0,0,0,0,0,0
421070,1,1,1989,19,19,19,19,19,19,19,19,19,19
421071,1,1,1989,0,0,0,0,0,0,0,0,0,0
421071,2,1,1989,0,0,0,0,0,0,0,0,0,0
421072,1,1,1989,0,0,0,0,0,0,0,0,0,0
421073,0,1,1989,30,30,30,30,30,30,30,30,30,30
421073,1,1,1989,0,0,0,0,0,0,0,0,0,0
421074,1,1,1989,19,19,19,19,19,19,19,19,19,19
421075,1,1,1989,0,0,0,0,0,0,0,0,0,0
421076,1,1,1989,0,0,0,0,0,0,0,0,0,0
421076,2,1,1989,0,0,0,0,0,0,0,0,0,0
421077,0,1,1989,29,0,27,0,22,0,0,15,0,40
421077,1,1,1989,0,0,0,0,0,0,0,0,0,0
421078,0,1,1989,0,0,0,0,0,0,0,0,0,0
421078,0,2,1989,0,13,0,10,0,8,29,0,16,5
421078,1,1,1989,14,14,14,14,14,14,14,14,14,14
421079,1,1,1989,26,26,26,26,26,26,26,26,26,26
421080,0,1,1989,35,35,35,35,35,35,35,35,35,35
421080,1,1,1989,0,0,0,0,0,22,0,0,0,0
421081,1,1,1989,7,6,13,11,9,12,7,20,13,15
421082,0,1,1989,15,15,0,39,16,13,0,13,19,0
421082,1,1,1989,0,0,0,8,0,0,17,16,0,0
421083,1,1,1989,0,0,0,0,0,0,0,0,0,0
421084,1,1,1989,8,9,8,7,15,23,14,11,13,10
421085,1,1,1989,0,0,0,0,0,0,0,21,0,0
421086,1,1,1989,0,0,0,0,0,0,0,0,0,0
421086,2,1,1989,0,0,0,0,0,0,0,0,0,0
421086,3,1,1989,1,1,1,1,1,1,1,1,1,1
421087,1,1,1989,21,21,21,21,21,21,21,21,21,21
421087,2,1,1989,27,0,0,0,0,0,0,0,0,0
421088,1,1,1989,0,0,0,0,0,0,0,0,0,0
421088,2,1,1989,0,0,0,0,0,0,0,0,0,0
421089,1,1,1989,0,0,0,0,0,0,0,0,0,0
421089,2,1,1989,0,0,0,0,0,0,0,0,0,0
421090,1,1,1989,0,0,0,0,0,0,0,0,0,0
421090,2,1,1989,0,0,0,0,0,0,0,0,0,0
421091,1,1,1989,17,17,17,17,17,17,17,17,17,17
421092,0,1,1989,0,0,0,0,10,35,0,0,22,0
421092,1,1,1989,0,0,0,0,0,0,0,0,0,0
421093,1,1,1989,18,18,18,18,18,18,18,18,18,18
421094,1,1,1989,11,11,11,11,11,11,11,11,11,11
421094,2,1,1989,14,14,14,14,14,14,14,14,14,14
421095,1,1,1989,1,1,1,1,1,1,1,1,1,1
421095,2,1,1989,0,0,0,0,0,0,0,0,0,0
421096,0,1,1989,0,0,0,0,0,0,0,0,0,0
421096,1,1,1989,0,0,0,0,0,0,0,0,0,0
421097,1,1,1989,16,16,16,16,16,16,16,16,16,16
421097,2,1,1989,0,0,0,0,0,0,0,0,0,0
421098,1,1,1989,22,22,22,22,22,22,22,22,22,22
421098,2,1,1989,0,0,0,0,0,0,0,0,9,0
421099,1,1,1989,0,0,0,9,0,0,0,8,19,0
421099,2,1,1989,0,0,0,0,0,0,7,0,0,0
421100,1,1,1989,18,18,18,18,18,18,18,18,18,18
421101,1,1,1989,0,0,0,0,0,0,0,0,0,0
421102,1,1,1989,0,0,0,0,0,0,0,24,11,0
421103,1,1,1989,0,0,0,0,0,0,0,0,0,0
421103,2,1,1989,0,0,0,0,0,0,0,0,0,0
421104,1,1,1989,11,11,11,11,11,11,11,11,11,11
421104,2,1,1989,26,0,0,0,0,0,0,0,22,0
421105,0,1,1989,0,0,0,0,0,0,0,0,0,0
421105,1,1,1989,0,0,0,0,0,0,0,0,0,0
421106,1,1,1989,0,0,0,0,0,0,0,0,0,0
421106,2,1,1989,0,0,0,0,0,0,0,0,0,0
421106,3,1,1989,5,0,0,16,0,0,0,0,0,0
421107,1,1,1989,11,19,34,14,15,10,34,18,22,33
421108,1,1,1989,24,24,24,24,24,24,24,24,24,24
421109,0,1,1989,0,0,0,0,0,0,0,0,0,0
421109,1,1,1989,0,0,0,0,0,0,0,0,0,0
421110,1,1,1989,9,0,0,0,0,0,0,0,0,0
421110,2,1,1989,0,0,0,0,0,0,0,0,0,0
421111,0,1,1989,14,14,14,14,14,14,14,14,14,14
421111,1,1,1989,13,25,28,17,41,23,15,18,0,21
421112,1,1,1989,0,0,0,0,0,0,0,0,0,0
421113,1,1,1989,0,0,0,0,0,0,3,0,0,0
421113,2,1,1989,0,0,0,0,0,0,0,0,0,0
421113,3,1,1989,0,0,0,0,0,0,0,0,0,0
421114,1,1,1989,18,18,18,18,18,18,18,18,18,18
421115,0,1,1989,0,0,0,29,39,11,18,0,48,0
421115,0,2,1989,0,21,26,38,0,5,12,18,3,16
421115,1,1,1989,0,0,0,0,0,0,0,0,0,0
421116,0,1,1989,0,0,0,0,0,0,0,0,0,0
421116,1,1,1989,0,0,0,0,0,0,0,0,0,0
421117,1,1,1989,22,22,22,22,22,22,22,22,22,22
421118,1,1,1989,12,0,29,10,16,3,0,0,0,0
421118,2,1,1989,16,16,16,16,16,16,16,16,16,16
421119,1,1,1989,0,0,0,0,0,0,0,0,0,0
421120,1,1,1989,0,0,0,0,0,0,0,0,0,0
421120,2,1,1989,22,0,0,0,0,0,0,0,0,0
421121,0,1,1989,30,22,23,24,15,23,26,22,36,12
421121,1,1,1989,0,0,0,0,0,0,0,0,0,0
421122,0,1,1989,0,0,0,0,0,0,0,0,0,0
421122,1,1,1989,0,0,0,0,0,0,0,0,0,0
421123,0,1,1989,0,0,0,0,0,0,0,0,0,0
421123,1,1,1989,0,0,0,0,0,0,0,0,0,0
421124,1,1,1989,9,9,9,9,9,9,9,9,9,9
421125,1,1,1989,0,0,0,0,14,18,0,23,11,12
421126,1,1,1989,21,21,21,21,21,21,21,21,21,21
421126,2,1,1989,0,0,0,0,0,0,0,0,0,0
421127,1,1,1989,0,0,0,0,0,0,0,0,0,0
421127,2,1,1989,14,0,0,0,0,0,0,0,0,0
421128,1,1,1989,0,0,0,0,0,0,0,0,0,0
421128,2,1,1989,0,0,0,0,0,0,0,0,0,0
421129,1,1,1989,0,0,0,0,0,0,0,0,0,0
421130,1,1,1989,0,0,0,0,0,0,0,0,0,0
421131,1,1,1989,23,0,0,14,16,9,20,0,17,7
421132,1,1,1989,0,10,0,10,16,0,0,0,0,15
421133,0,1,1989,0,0,0,0,0,0,0,0,0,0
421133,1,1,1989,0,0,0,0,0,0,13,0,0,0
421134,1,1,1989,0,0,0,0,0,0,0,0,0,0
421134,2,1,1989,0,25,0,13,0,0,0,0,7,0
421135,1,1,1989,25,20,16,20,0,0,28,0,36,26
421136,1,1,1989,0,0,0,0,0,9,0,0,0,0
421136,2,1,1989,4,0,0,0,0,0,0,0,0,0
421137,1,1,1989,0,0,0,0,0,0,0,0,0,0
421138,1,1,1989,0,0,0,0,0,0,0,0,0,0
421138,2,1,1989,0,0,0,0,0,0,0,0,0,0
421139,1,1,1989,0,0,0,0,0,0,0,0,0,0
421140,0,1,1989,9,9,9,9,9,9,9,9,9,9
421140,1,1,1989,0,0,0,0,0,0,20,0,0,11
421141,1,1,1989,0,0,0,0,0,0,0,0,0,0
421142,1,1,1989,0,0,0,0,0,24,0,0,0,0
421142,2,1,1989,0,0,0,0,0,0,0,0,0,0
421143,1,1,1989,0,0,0,0,0,0,0,0,0,0
421143,2,1,1989,0,0,0,0,0,0,0,0,0,0
421144,0,1,1989,0,0,0,0,0,0,0,0,0,0
421144,1,1,1989,9,9,9,9,9,9,9,9,9,9
421145,1,1,1989,0,23,0,0,0,14,0,0,0,12
421145,2,1,1989,0,0,0,0,0,0,0,0,0,0
421146,1,1,1989,15,15,15,15,15,15,15,15,15,15
421147,1,1,1989,16,16,16,16,16,16,16,16,16,16
421148,1,1,1989,17,17,17,17,17,17,17,17,17,17
421149,0,1,1989,36,36,36,36,36,36,36,36,36,36
421149,1,1,1989,0,8,0,0,0,0,20,0,0,0
421150,1,1,1989,3,3,3,3,3,3,3,3,3,3
421151,1,1,1989,13,13,13,13,13,13,13,13,13,13
421152,1,1,1989,0,0,0,0,0,0,0,0,0,0
421152,2,1,1989,0,0,0,33,8,15,16,10,16,32
421153,1,1,1989,4,4,4,4,4,4,4,4,4,4
421154,1,1,1989,0,0,0,0,0,0,0,0,0,0
421155,1,1,1989,0,0,0,0,0,0,0,0,0,0
421155,2,1,1989,5,27,0,12,14,0,0,26,0,7
421156,1,1,1989,31,31,31,31,31,31,31,31,31,31
421157,1,1,1989,22,22,22,22,22,22,22,22,22,22
421157,2,1,1989,13,0,12,11,22,13,7,11,11,13
421158,1,1,1989,0,0,0,0,0,0,0,0,0,0
421158,2,1,1989,0,0,0,0,0,0,0,0,0,0
421159,0,1,1989,0,0,0,0,0,0,0,0,0,0
421159,1,1,1989,0,0,0,14,0,16,0,0,0,0
421160,1,1,1989,0,0,0,0,0,0,0,0,0,0
421160,2,1,1989,0,0,0,0,0,0,0,0,0,0
421161,1,1,1989,0,0,0,0,0,0,0,0,0,0
421161,2,1,1989,0,0,0,0,0,0,0,0,0,0
421162,1,1,1989,0,0,0,0,17,0,0,0,0,0
421162,2,1,1989,0,0,0,0,0,0,0,0,0,0
421163,1,1,1989,0,0,0,0,0,0,0,0,0,0
421163,2,1,1989,0,0,0,0,0,0,0,0,0,0
421164,1,1,1989,15,20,0,28,12,0,33,16,20,8
421165,1,1,1989,20,20,20,20,20,20,20,20,20,20
421166,1,1,1989,13,13,13,13,13,13,13,13,13,13
421166,2,1,1989,0,0,0,20,0,0,0,0,0,6
421167,1,1,1989,14,14,14,14,14,14,14,14,14,14
421168,1,1,1989,19,19,19,19,19,19,19,19,19,19
421169,1,1,1989,0,0,0,0,0,0,0,0,0,0
421170,1,1,1989,0,0,0,0,0,0,0,0,0,0
421170,2,1,1989,0,0,0,0,0,0,0,0,0,0
421170,3,1,1989,0,0,0,0,0,0,0,0,0,0
421171,1,1,1989,18,18,18,18,18,18,18,18,18,18
421172,1,1,1989,0,0,0,0,0,0,0,0,0,0
421173,1,1,1989,12,22,9,14,15,10,4,22,22,32
421174,1,1,1989,0,0,0,0,0,0,0,0,0,0
421174,2,1,1989,0,0,0,0,0,0,0,0,0,0
421174,3,1,1989,0,0,0,0,0,0,0,0,3,0
421174,4,1,1989,0,0,0,0,0,0,0,0,0,0
421175,1,1,1989,0,0,0,0,0,0,0,0,0,0
421176,0,1,1989,5,5,5,5,5,5,5,5,5,5
421176,1,1,1989,0,0,17,0,0,0,0,0,0,0
421177,1,1,1989,0,0,0,0,0,0,0,0,0,0
421177,2,1,1989,0,0,0,0,0,0,0,0,0,0
421178,1,1,1989,18,18,18,18,18,18,18,18,18,18
421179,1,1,1989,6,6,6,6,6,6,6,6,6,6
421180,1,1,1989,25,25,25,25,25,25,25,25,25,25
421181,1,1,1989,0,0,0,0,0,0,0,0,0,0
421181,2,1,1989,0,0,0,0,0,0,0,0,0,0
421182,1,1,1989,9,9,9,9,9,9,9,9,9,9
421183,1,1,1989,15,15,15,15,15,15,15,15,15,15
421183,2,1,1989,3,3,3,3,3,3,3,3,3,3
421184,1,1,1989,20,20,20,20,20,20,20,20,20,20
421184,2,1,1989,0,0,0,0,0,0,0,0,0,0
421185,1,1,1989,0,0,0,0,0,0,0,0,0,0
421185,2,1,1989,0,0,0,0,0,0,0,0,0,0
421186,1,1,1989,3,3,3,3,3,3,3,3,3,3
421186,2,1,1989,18,19,18,19,0,10,0,32,0,6
421187,0,1,1989,3,16,20,17,13,11,32,28,22,11
421187,1,1,1989,17,17,17,17,17,17,17,17,17,17
421188,1,1,1989,0,0,0,0,0,0,0,0,0,0
421189,1,1,1989,15,15,15,15,15,15,15,15,15,15
421190,1,1,1989,0,0,0,0,0,0,0,0,0,0
421191,1,1,1989,17,17,17,17,17,17,17,17,17,17
421192,1,1,1989,0,0,0,0,0,0,0,0,0,0
421193,0,1,1989,0,0,0,0,0,0,0,0,0,0
421193,1,1,1989,0,0,0,0,0,0,0,0,0,0
421194,0,1,1989,0,0,0,0,0,0,0,0,0,0
421194,1,1,1989,0,0,0,0,0,0,0,0,0,0
421195,1,1,1989,0,0,0,0,0,0,0,0,0,0
421195,2,1,1989,0,0,0,0,0,0,0,0,0,0
421196,1,1,1989,0,0,0,0,0,0,0,0,0,0
421196,2,1,1989,0,0,0,0,0,0,0,0,0,0
421197,0,1,1989,0,0,0,0,0,0,0,0,0,0
421197,1,1,1989,0,0,0,0,0,0,0,0,0,0
421198,1,1,1989,0,0,0,0,0,0,0,0,0,0
421199,1,1,1989,0,0,0,0,0,0,0,0,0,0
421199,2,1,1989,0,14,0,0,0,0,0,0,0,0
421200,1,1,1989,21,18,0,0,0,13,0,0,0,0
421200,2,1,1989,0,9,0,10,0,0,0,0,0,12
421201,1,1,1989,0,0,0,0,0,0,0,0,0,0
421201,2,1,1989,0,0,0,0,0,0,0,0,0,0
421202,1,1,1989,0,0,0,0,0,15,0,0,0,0
421202,2,1,1989,0,0,0,0,0,0,0,0,19,0
421202,3,1,1989,0,0,0,0,0,0,0,0,15,0
421203,1,1,1989,0,0,0,0,0,0,0,0,0,0
421203,2,1,1989,0,0,0,0,0,0,0,0,0,0
421204,1,1,1989,12,12,12,12,12,12,12,12,12,12
421205,1,1,1989,30,30,30,30,30,30,30,30,30,30
421206,1,1,1989,15,15,15,15,15,15,15,15,15,15
421206,2,1,1989,8,8,8,8,8,8,8,8,8,8
421206,3,1,1989,0,0,11,0,0,0,0,0,0,0
421207,1,1,1989,16,16,16,16,16,16,16,16,16,16
421208,1,1,1989,17,17,17,17,17,17,17,17,17,17
421208,2,1,1989,0,0,0,0,9,0,0,0,0,0
421209,1,1,1989,0,0,0,0,0,0,0,0,0,0
421209,2,1,1989,0,0,0,0,0,15,0,0,0,0
421210,1,1,1989,19,19,19,19,19,19,19,19,19,19
421210,2,1,1989,0,0,11,12,0,9,21,0,0,0
421211,1,1,1989,0,0,0,0,0,0,0,0,0,0
421211,2,1,1989,0,0,0,0,0,0,0,0,0,0
421211,3,1,1989,0,0,0,0,0,20,0,0,0,0
421211,4,1,1989,0,0,0,0,0,0,0,0,0,0
421212,1,1,1989,0,0,0,0,0,0,0,0,0,0
421213,1,1,1989,27,15,13,10,13,10,15,9,23,11
421213,2,1,1989,0,0,0,0,0,0,0,0,0,0
421214,1,1,1989,17,13,20,10,12,19,18,13,11,9
421214,2,1,1989,0,0,0,0,0,0,0,0,0,0
421215,1,1,1989,12,0,15,0,0,22,0,0,0,0
421216,1,1,1989,0,0,0,0,0,0,0,0,0,0
421216,2,1,1989,0,0,0,0,0,0,0,0,0,0
421217,1,1,1989,26,26,26,26,26,26,26,26,26,26
421217,2,1,1989,0,0,0,0,0,0,0,0,0,0
421217,3,1,1989,0,0,0,0,16,0,0,0,0,0
421218,1,1,1989,0,0,0,0,0,0,0,0,0,0
421218,2,1,1989,0,0,0,0,0,0,0,0,0,0
421219,1,1,1989,0,0,0,0,0,0,0,0,0,0
421219,2,1,1989,0,0,0,0,0,0,0,0,0,0
421220,1,1,1989,20,20,20,20,20,20,20,20,20,20
421220,2,1,1989,0,0,0,0,0,0,0,0,0,0
421221,1,1,1989,22,22,22,22,22,22,22,22,22,22
421222,1,1,1989,0,0,0,0,0,0,0,0,0,0
421222,2,1,1989,0,0,0,0,0,0,0,0,0,0
421223,1,1,1989,0,0,0,0,0,0,0,0,0,0
421224,1,1,1989,15,15,15,15,15,15,15,15,15,15
421224,2,1,1989,0,0,0,0,0,0,0,0,0,0
421225,0,1,1989,0,0,0,0,0,0,0,0,10,0
421225,1,1,1989,0,0,0,0,0,0,0,0,0,0
421226,1,1,1989,28,28,28,28,28,28,28,28,28,28
421227,1,1,1989,0,0,0,0,0,0,0,0,0,0
421227,2,1,1989,0,0,0,0,0,0,0,0,0,0
421228,1,1,1989,34,34,34,34,34,34,34,34,34,34
421229,1,1,1989,12,12,12,12,12,12,12,12,12,12
421230,1,1,1989,9,9,9,9,9,9,9,9,9,9
421230,2,1,1989,11,11,11,11,11,11,11,11,11,11
421231,1,1,1989,10,13,15,12,0,8,0,18,4,23
421231,2,1,1989,10,0,0,0,19,12,0,17,0,0
421232,1,1,1989,28,28,28,28,28,28,28,28,28,28
421232,2,1,1989,0,24,0,0,0,0,12,0,0,15
421232,3,1,1989,0,0,0,0,0,0,0,0,0,0
421233,0,1,1989,9,9,9,9,9,9,9,9,9,9
421233,1,1,1989,16,0,14,13,0,13,0,0,0,0
421234,1,1,1989,15,15,15,15,15,15,15,15,15,15
421234,2,1,1989,0,0,0,0,0,0,0,0,0,0
421234,3,1,1989,0,0,0,0,0,0,0,0,0,0
421235,1,1,1989,4,4,4,4,4,4,4,4,4,4
421236,1,1,1989,0,0,0,0,0,0,0,0,0,0
421236,2,1,1989,0,0,0,8,0,0,0,0,0,0
421237,1,1,1989,28,0,0,0,0,0,0,0,0,0
421237,2,1,1989,0,0,0,0,0,0,0,0,0,0
421238,1,1,1989,0,0,0,19,8,0,8,7,0,0
421239,1,1,1989,16,16,16,16,16,16,16,16,16,16
421240,1,1,1989,0,0,0,0,0,0,0,0,0,0
421240,2,1,1989,0,0,0,0,0,0,0,0,0,0
421241,1,1,1989,0,0,0,0,0,0,0,0,0,0
421241,2,1,1989,0,0,0,0,0,0,0,0,0,0
421242,1,1,1989,0,0,0,0,0,0,0,0,0,0
421242,2,1,1989,0,0,0,0,0,0,0,0,0,0
421243,1,1,1989,0,0,0,0,0,0,0,0,0,0
421243,2,1,1989,0,0,0,0,0,0,0,0,0,0
421244,0,1,1989,4,4,4,4,4,4,4,4,4,4
421244,1,1,1989,19,0,0,12,0,9,8,0,0,0
421245,1,1,1989,19,19,19,19,19,19,19,19,19,19
421247,0,1,1989,16,0,0,0,11,7,0,21,0,0
421247,0,2,1989,15,13,0,0,0,0,0,32,0,0
421247,0,3,1989,20,21,16,2,28,24,0,10,29,20
421247,1,1,1989,0,0,0,0,0,0,0,0,0,0
421247,2,1,1989,0,0,0,0,0,0,0,0,0,0
421248,1,1,1989,0,0,0,0,0,0,0,0,0,0
421249,1,1,1989,6,6,6,6,6,6,6,6,6,6
421250,1,1,1989,0,0,0,0,0,0,0,9,0,0
421250,2,1,1989,0,0,15,0,0,0,0,0,0,0
421250,3,1,1989,0,0,0,0,0,0,0,0,0,0
421251,1,1,1989,11,11,11,11,11,11,11,11,11,11
421252,0,1,1989,0,0,0,0,0,0,0,0,0,0
421252,1,1,1989,24,0,0,0,0,0,0,13,0,0
421253,1,1,1989,6,30,20,30,24,0,17,6,8,4
421253,2,1,1989,0,0,0,0,0,0,0,0,0,0
421254,1,1,1989,0,0,0,0,0,0,0,0,0,0
421254,2,1,1989,26,0,0,0,0,0,0,0,0,0
421255,1,1,1989,0,0,0,0,0,0,13,31,0,14
421255,2,1,1989,0,0,0,0,0,13,26,0,24,0
421256,1,1,1989,19,19,19,19,19,19,19,19,19,19
421257,1,1,1989,17,21,32,20,15,5,31,10,18,16
421258,1,1,1989,0,0,0,0,0,0,0,0,0,0
421259,1,1,1989,0,0,0,0,0,0,0,0,0,0
421259,2,1,1989,0,0,0,0,0,0,0,0,0,0
421259,3,1,1989,0,0,0,0,0,0,0,0,0,0
421260,1,1,1989,1,1,1,1,1,1,1,1,1,1
421260,2,1,1989,1,1,1,1,1,1,1,1,1,1
421261,1,1,1989,0,0,0,0,0,0,0,0,0,0
421261,2,1,1989,0,0,0,0,0,0,0,0,0,0
421262,1,1,1989,0,13,0,23,17,26,15,18,27,31
421263,0,1,1989,0,0,0,0,0,0,0,0,0,0
421263,1,1,1989,1,1,1,1,1,1,1,1,1,1
421264,1,1,1989,15,15,15,15,15,15,15,15,15,15
421264,2,1,1989,39,0,0,0,0,0,0,0,0,0
421265,1,1,1989,0,0,0,0,0,0,0,0,0,0
421266,1,1,1989,0,0,0,0,0,0,0,0,0,0
421266,2,1,1989,0,0,0,0,0,0,0,11,0,4
421267,1,1,1989,0,0,0,0,0,0,0,0,0,0
421267,2,1,1989,0,0,0,0,0,0,0,0,0,0
421268,1,1,1989,0,0,0,0,0,0,0,0,0,0
421268,2,1,1989,0,0,0,0,13,0,0,0,0,0
421269,1,1,1989,21,21,21,21,21,21,21,21,21,21
421269,2,1,1989,0,0,20,13,0,0,11,0,8,0
421270,1,1,1989,17,17,17,17,17,17,17,17,17,17
421271,1,1,1989,16,16,16,16,16,16,16,16,16,16
421272,1,1,1989,0,0,0,0,0,0,0,0,0,0
421273,0,1,1989,16,16,16,16,16,16,16,16,16,16
421273,1,1,1989,13,13,13,13,13,13,13,13,13,13
421274,1,1,1989,20,20,20,20,20,20,20,20,20,20
421275,1,1,1989,4,4,4,4,4,4,4,4,4,4
421276,1,1,1989,0,0,0,0,19,0,0,10,3,0
421276,2,1,1989,0,0,0,0,0,6,12,0,0,0
421277,1,1,1989,24,24,24,24,24,24,24,24,24,24
421278,1,1,1989,11,11,11,11,11,11,11,11,11,11
421278,2,1,1989,0,0,0,0,0,0,0,0,0,0
421279,1,1,1989,13,13,13,13,13,13,13,13,13,13
421280,1,1,1989,25,25,25,25,25,25,25,25,25,25
421281,1,1,1989,12,12,12,12,12,12,12,12,12,12
421282,1,1,1989,10,10,10,10,10,10,10,10,10,10
421282,2,1,1989,0,0,0,0,0,0,0,0,0,0
421283,1,1,1989,22,22,22,22,22,22,22,22,22,22
421284,0,1,1989,19,19,19,19,19,19,19,19,19,19
421284,1,1,1989,13,13,13,13,13,13,13,13,13,13
421285,1,1,1989,16,11,0,5,6,0,12,0,0,0
421286,1,1,1989,23,23,23,23,23,23,23,23,23,23
421286,2,1,1989,0,0,0,0,0,0,0,0,0,0
421287,1,1,1989,24,24,24,24,24,24,24,24,24,24
421288,1,1,1989,0,0,0,0,0,0,0,0,0,0
421289,1,1,1989,25,0,14,0,13,12,15,10,5,0
421289,2,1,1989,17,15,16,6,9,0,0,0,11,12
421290,1,1,1989,0,0,0,4,0,0,0,0,0,0
421290,2,1,1989,0,0,0,0,0,0,0,0,0,0
421290,3,1,1989,0,0,0,0,0,0,0,0,0,0
421290,4,1,1989,0,0,0,0,0,0,0,0,0,0
421291,1,1,1989,24,24,24,24,24,24,24,24,24,24
421291,2,1,1989,0,0,0,0,0,0,0,29,0,0
421292,1,1,1989,0,0,0,0,0,0,0,0,0,0
421292,2,1,1989,0,0,0,0,0,0,0,0,0,0
421293,1,1,1989,0,0,0,0,0,0,0,0,0,0
421293,2,1,1989,0,0,0,0,0,0,0,0,0,0
421294,0,1,1989,0,0,0,0,0,0,0,0,0,0
421294,1,1,1989,0,0,0,0,0,0,0,0,0,0
421295,1,1,1989,0,0,0,0,0,0,0,0,0,0
421295,2,1,1989,0,0,0,0,0,0,0,0,0,0
421296,1,1,1989,27,27,27,27,27,27,27,27,27,27
421297,1,1,1989,10,10,10,10,10,10,10,10,10,10
421298,0,1,1989,0,0,0,0,0,26,10,0,0,0
421298,1,1,1989,0,18,0,0,0,0,0,0,0,0
421299,1,1,1989,0,0,0,0,0,0,0,0,0,0
421299,2,1,1989,16,21,27,0,31,16,17,0,14,23
421300,1,1,1989,17,17,17,17,17,17,17,17,17,17
421301,1,1,1989,10,10,10,10,10,10,10,10,10,10
421302,1,1,1989,22,22,22,22,22,22,22,22,22,22
421302,2,1,1989,0,0,0,0,0,0,0,0,0,0
421303,1,1,1989,9,9,9,9,9,9,9,9,9,9
421303,2,1,1989,0,0,0,0,0,0,0,0,0,0
421304,1,1,1989,10,9,16,7,35,19,8,16,0,15
421304,2,1,1989,0,25,25,32,29,16,0,0,28,0
421304,3,1,1989,0,27,0,5,0,44,0,22,0,0
421305,1,1,1989,10,10,10,10,10,10,10,10,10,10
421306,1,1,1989,26,26,26,26,26,26,26,26,26,26
421306,2,1,1989,0,0,0,0,0,0,0,0,0,0
421307,0,1,1989,0,0,0,0,0,0,0,0,0,0
421307,1,1,1989,0,0,0,0,0,0,0,0,0,0
421307,2,1,1989,0,0,0,0,0,0,0,0,0,0
421308,1,1,1989,17,17,17,17,17,17,17,17,17,17
421308,2,1,1989,0,0,0,0,0,0,0,0,0,0
421309,1,1,1989,0,0,0,0,0,0,0,0,0,0
421309,2,1,1989,0,0,0,0,0,0,0,0,0,0
421310,1,1,1989,28,28,28,28,28,28,28,28,28,28
421310,2,1,1989,0,0,0,0,0,0,0,0,0,0
421311,1,1,1989,0,0,0,0,0,0,0,0,0,0
421312,1,1,1989,27,27,27,27,27,27,27,27,27,27
421313,1,1,1989,19,19,19,19,19,19,19,19,19,19
421313,2,1,1989,0,0,0,0,0,0,0,0,0,0
421314,1,1,1989,0,0,0,0,0,22,0,0,0,0
421314,2,1,1989,0,7,0,15,0,0,0,0,0,0
421315,1,1,1989,16,16,16,16,16,16,16,16,16,16
421316,1,1,1989,0,0,0,0,0,0,0,0,0,0
421316,2,1,1989,0,0,0,0,0,0,0,0,0,0
421317,1,1,1989,22,22,22,22,22,22,22,22,22,22
421318,1,1,1989,0,0,0,0,0,0,0,0,0,0
421319,1,1,1989,7,30,22,16,7,25,12,17,7,19