ST_CASE,VEH_NO,PER_NO,YEAR,P1,P2,P3,P4,P5,P6,P7,P8,P9,P10
421589,0,1,1989,14,14,14,14,14,14,14,14,14,14
421589,1,1,1989,14,14,14,14,14,14,14,14,14,14
421590,0,1,1989,8,8,8,8,8,8,8,8,8,8
421590,1,1,1989,0,0,0,0,0,0,0,0,0,13
421591,0,1,1989,3,3,3,3,3,3,3,3,3,3
421591,1,1,1989,0,0,0,0,0,0,0,8,19,0
421592,1,1,1989,0,0,0,0,0,0,0,0,0,0
421593,1,1,1989,22,0,24,15,0,0,0,17,17,0
421594,1,1,1989,0,0,0,0,0,0,0,0,0,0
421595,1,1,1989,0,0,0,0,0,0,0,0,0,0
421595,2,1,1989,0,0,0,0,0,0,0,0,0,0
421596,1,1,1989,0,0,0,0,0,0,0,0,0,0
421596,2,1,1989,0,0,0,0,0,0,0,0,0,0
421597,1,1,1989,0,0,0,0,0,0,0,0,0,4
421597,2,1,1989,0,0,0,0,0,0,0,0,0,0
421598,1,1,1989,22,22,22,22,22,22,22,22,22,22
421599,1,1,1989,0,0,0,0,0,0,0,0,0,0
421599,2,1,1989,0,0,0,0,0,0,0,0,0,0
421600,1,1,1989,0,0,0,0,0,0,0,0,0,0
421600,2,1,1989,0,0,0,0,0,0,0,0,0,0
421601,1,1,1989,0,0,0,0,0,0,0,0,0,0
421601,2,1,1989,0,0,0,0,0,0,0,0,0,0
421602,1,1,1989,5,9,14,26,12,22,18,16,10,6
421603,1,1,1989,8,8,8,8,8,8,8,8,8,8
421603,2,1,1989,0,0,0,0,0,0,0,0,0,0
421604,1,1,1989,0,0,0,0,0,0,0,0,0,0
421605,1,1,1989,25,25,25,25,25,25,25,25,25,25
421605,2,1,1989,0,0,0,0,0,0,0,0,0,0
421606,1,1,1989,0,0,0,0,0,0,0,0,0,0
421606,2,1,1989,0,0,0,0,0,0,0,0,0,0
421606,3,1,1989,0,0,0,0,0,0,0,0,0,0
421606,4,1,1989,0,0,0,0,0,11,0,10,0,0
421606,5,1,1989,0,0,0,0,0,0,0,0,0,0
421607,1,1,1989,0,0,0,0,0,0,0,0,0,0
421607,2,1,1989,0,0,0,0,0,0,0,0,0,0
421608,1,1,1989,20,20,20,20,20,20,20,20,20,20
421608,2,1,1989,0,0,0,0,0,0,0,0,0,0
421609,1,1,1989,0,0,0,0,0,11,0,0,0,0
421609,2,1,1989,26,26,26,26,26,26,26,26,26,26
421610,1,1,1989,42,42,42,42,42,42,42,42,42,42
421611,1,1,1989,0,0,0,0,0,0,0,0,0,0
421612,1,1,1989,0,0,0,0,0,0,0,0,0,0
421612,2,1,1989,0,0,0,0,0,0,0,0,0,0
421613,1,1,1989,0,0,0,0,0,0,0,0,0,0
421613,2,1,1989,0,0,0,0,0,0,0,0,0,0
421614,1,1,1989,9,9,9,9,9,9,9,9,9,9
421614,2,1,1989,0,0,0,0,0,0,0,0,0,0
421615,1,1,1989,20,20,20,20,20,20,20,20,20,20
421615,2,1,1989,24,24,24,24,24,24,24,24,24,24
421616,1,1,1989,0,0,0,0,0,0,0,0,0,0
421616,2,1,1989,0,0,0,0,0,0,0,0,0,0
421617,1,1,1989,29,29,29,29,29,29,29,29,29,29
421617,2,1,1989,0,0,0,0,0,0,0,0,0,0
421618,1,1,1989,10,10,10,10,10,10,10,10,10,10
421619,1,1,1989,0,0,0,0,0,10,0,0,0,0
421620,1,1,1989,25,25,25,25,25,25,25,25,25,25
421621,1,1,1989,0,0,0,0,0,0,0,0,0,0
421621,2,1,1989,0,0,0,0,0,0,0,0,0,0
421622,1,1,1989,0,0,0,0,0,0,0,0,0,0
421622,2,1,1989,0,0,0,0,0,0,0,0,0,0
421623,1,1,1989,0,0,0,0,0,0,0,0,0,0
421623,2,1,1989,0,0,0,0,0,0,0,0,0,0
421624,1,1,1989,30,30,30,30,30,30,30,30,30,30
421624,2,1,1989,0,0,0,0,0,0,0,0,0,0
421625,1,1,1989,0,0,0,0,0,0,0,0,0,0
421625,2,1,1989,0,0,0,0,0,0,0,0,0,0
421626,1,1,1989,0,0,0,0,0,0,0,0,0,0
421626,2,1,1989,0,0,0,0,0,0,0,0,0,0
421627,1,1,1989,14,14,14,14,14,14,14,14,14,14
421628,1,1,1989,22,22,22,22,22,22,22,22,22,22
421629,1,1,1989,16,16,16,16,16,16,16,16,16,16
421629,2,1,1989,0,0,0,0,0,0,0,0,0,0
421630,0,1,1989,0,0,0,0,0,0,0,0,0,0
421630,1,1,1989,0,0,0,0,0,0,0,0,0,0
421631,1,1,1989,0,13,12,13,0,0,0,0,0,0
421631,2,1,1989,0,0,0,0,0,0,0,0,0,0
421632,1,1,1989,15,15,15,15,15,15,15,15,15,15
421633,1,1,1989,0,0,0,0,0,0,0,0,0,0
421633,2,1,1989,0,0,0,0,0,0,0,0,0,0
421634,0,1,1989,4,4,4,4,4,4,4,4,4,4
421634,1,1,1989,0,0,0,0,0,0,0,0,0,0
421635,1,1,1989,0,0,0,0,0,0,0,0,0,0
421636,1,1,1989,0,0,0,0,0,0,0,0,0,0
421636,2,1,1989,0,0,0,0,19,0,11,23,11,0
421636,3,1,1989,13,0,0,0,0,15,0,0,0,0
421636,4,1,1989,0,0,0,0,0,0,0,0,0,0
421636,5,1,1989,0,19,0,0,0,0,0,0,32,0
421637,1,1,1989,0,0,0,0,0,0,0,0,0,0
421637,2,1,1989,3,3,3,3,3,3,3,3,3,3
421637,3,1,1989,1,1,1,1,1,1,1,1,1,1
421637,4,1,1989,0,17,18,3,0,13,0,12,0,16
421638,1,1,1989,18,15,43,9,15,6,27,16,28,13
421639,1,1,1989,21,15,10,0,9,6,17,0,0,0
421640,1,1,1989,0,0,0,0,0,0,0,0,0,0
421641,1,1,1989,19,19,19,19,19,19,19,19,19,19
421642,1,1,1989,0,0,0,0,0,0,0,15,0,0
421642,2,1,1989,0,0,0,0,0,0,0,0,0,0
421643,0,1,1989,0,17,0,0,0,0,0,0,0,0
421643,1,1,1989,0,0,0,0,0,0,0,0,0,0
421644,1,1,1989,16,16,16,16,16,16,16,16,16,16
421644,2,1,1989,22,0,0,0,0,0,21,0,0,0
421645,0,1,1989,0,0,0,0,0,0,0,0,0,0
421645,1,1,1989,0,0,0,0,0,0,0,0,0,0
421646,1,1,1989,4,0,0,0,24,0,0,0,0,0
421647,0,1,1989,0,12,0,17,0,28,0,0,26,11
421647,1,1,1989,0,0,14,0,0,0,0,0,0,0
421648,1,1,1989,14,13,31,17,11,24,5,15,0,18
421649,1,1,1989,0,0,0,0,21,0,0,0,16,0
421650,1,1,1989,0,0,0,0,0,0,0,0,0,0
421651,0,1,1989,28,28,28,28,28,28,28,28,28,28
421651,1,1,1989,0,0,0,0,0,0,0,0,0,0
421652,1,1,1989,0,0,0,0,0,0,0,0,0,0
421653,0,1,1989,4,43,0,0,0,0,0,0,27,0
421653,1,1,1989,0,0,0,0,0,0,0,0,0,0
421654,1,1,1989,9,9,9,9,9,9,9,9,9,9
421654,2,1,1989,0,0,0,0,0,0,0,0,0,0
421655,1,1,1989,0,0,0,0,0,0,0,0,0,0
421655,2,1,1989,0,0,0,0,0,0,0,8,0,0
421656,1,1,1989,11,11,11,11,11,11,11,11,11,11
421656,2,1,1989,17,16,17,11,15,0,20,0,13,0
421657,1,1,1989,10,10,10,10,10,10,10,10,10,10
421657,2,1,1989,0,0,0,0,0,8,0,13,18,6
421658,1,1,1989,0,0,0,0,0,0,0,0,0,0
421659,0,1,1989,0,0,0,0,0,0,0,0,0,0
421659,0,2,1989,0,0,0,0,0,0,0,0,0,0
421659,1,1,1989,0,0,0,0,0,0,0,0,0,0
421660,0,1,1989,0,0,0,0,0,0,0,0,0,0
421660,1,1,1989,0,0,22,0,0,0,16,9,0,0
421661,1,1,1989,0,0,0,0,0,0,0,0,0,0
421662,0,1,1989,2,2,2,2,2,2,2,2,2,2
421662,1,1,1989,15,7,0,0,0,0,0,23,0,14
421663,1,1,1989,15,0,0,18,5,15,17,0,12,0
421664,0,1,1989,0,0,0,0,0,0,0,0,0,0
421664,1,1,1989,0,0,0,0,0,0,0,0,0,0
421665,1,1,1989,0,0,0,0,0,0,0,0,0,0
421666,1,1,1989,12,12,12,12,12,12,12,12,12,12
421667,1,1,1989,0,0,0,0,23,0,0,0,0,0
421667,2,1,1989,0,0,0,0,0,0,0,0,0,0
421668,1,1,1989,0,0,0,0,0,0,0,0,0,0
421668,2,1,1989,0,0,0,0,0,0,0,0,0,0
421669,0,1,1989,0,0,0,0,0,0,0,0,0,0
421669,1,1,1989,8,8,8,8,8,8,8,8,8,8
421670,0,1,1989,0,0,0,0,0,0,0,0,0,0
421670,1,1,1989,0,0,0,15,0,0,0,0,0,0
421671,1,1,1989,0,0,0,0,0,0,0,0,0,0
421671,2,1,1989,11,0,0,0,0,0,0,0,0,0
421672,1,1,1989,8,8,8,8,8,8,8,8,8,8
421672,2,1,1989,10,0,0,0,0,0,0,0,0,0
421673,1,1,1989,0,0,0,0,0,0,0,0,0,0
421674,0,1,1989,0,0,0,0,0,0,0,0,0,0
421674,1,1,1989,0,0,0,0,0,0,0,0,0,0
421675,1,1,1989,18,18,18,18,18,18,18,18,18,18
421675,2,1,1989,0,0,0,0,0,0,0,0,0,0
421675,3,1,1989,0,0,0,0,0,0,0,0,0,0
421676,1,1,1989,25,25,25,25,25,25,25,25,25,25
421676,2,1,1989,17,17,17,17,17,17,17,17,17,17
421677,1,1,1989,19,27,20,7,0,31,14,20,21,15
421678,1,1,1989,0,0,0,0,0,0,0,0,0,0
421678,2,1,1989,0,0,0,0,0,0,0,0,0,0
421679,1,1,1989,0,0,0,0,0,0,0,0,0,0
421680,0,1,1989,0,0,0,0,28,0,0,0,24,8
421680,1,1,1989,0,0,0,0,0,0,0,0,0,0
421681,1,1,1989,11,11,11,11,11,11,11,11,11,11
421682,1,1,1989,17,17,17,17,17,17,17,17,17,17
421682,2,1,1989,0,0,0,0,0,0,0,0,0,0
421683,1,1,1989,0,0,0,0,0,0,0,0,0,0
421684,1,1,1989,19,19,19,19,19,19,19,19,19,19
421685,0,1,1989,0,0,0,0,0,0,0,0,0,0
421685,1,1,1989,18,18,18,18,18,18,18,18,18,18
421685,2,1,1989,11,8,0,13,0,0,6,8,24,0
421686,1,1,1989,0,0,0,0,0,0,0,0,0,0
421686,2,1,1989,0,0,0,0,12,0,0,0,0,0
421687,1,1,1989,0,17,14,26,0,28,16,32,0,5
421688,1,1,1989,13,8,16,7,20,11,25,39,15,12
421689,0,1,1989,0,0,0,0,0,0,0,0,0,0
421689,1,1,1989,0,0,0,0,0,0,0,0,0,0
421690,1,1,1989,0,0,0,0,0,0,0,0,0,0
421690,2,1,1989,0,0,0,0,0,0,0,0,0,0
421691,1,1,1989,20,10,0,23,0,18,8,14,26,17
421692,1,1,1989,24,24,24,24,24,24,24,24,24,24
421692,2,1,1989,26,26,26,26,26,26,26,26,26,26
421693,1,1,1989,0,0,0,0,0,0,0,0,0,0
421694,1,1,1989,7,7,7,7,7,7,7,7,7,7
421695,1,1,1989,15,15,15,15,15,15,15,15,15,15
421697,0,1,1989,0,0,0,0,0,0,0,0,0,0
421697,1,1,1989,0,10,0,0,0,0,0,0,16,0
421698,1,1,1989,0,0,0,0,0,0,0,0,0,0
421698,2,1,1989,0,0,0,0,0,0,0,0,0,0
421699,1,1,1989,26,26,26,26,26,26,26,26,26,26
421700,1,1,1989,25,25,25,25,25,25,25,25,25,25
421700,2,1,1989,0,0,0,0,17,14,27,0,4,0
421701,0,1,1989,0,0,0,0,14,0,0,0,0,0
421701,1,1,1989,0,0,0,0,0,0,0,0,0,0
421702,1,1,1989,15,15,15,15,15,15,15,15,15,15
421702,2,1,1989,5,5,5,5,5,5,5,5,5,5
421703,1,1,1989,21,21,21,21,21,21,21,21,21,21
421704,1,1,1989,0,0,0,0,0,0,0,0,0,0
421705,1,1,1989,0,0,0,0,0,0,0,0,0,0
421705,2,1,1989,0,0,0,0,0,0,0,0,0,0
421706,1,1,1989,0,0,0,0,0,0,0,19,0,0
421706,2,1,1989,0,0,0,0,0,0,0,0,0,0
421707,0,1,1989,0,9,0,14,7,0,13,18,15,10
421707,1,1,1989,0,0,0,0,0,0,0,0,0,0
421708,1,1,1989,6,6,6,6,6,6,6,6,6,6
421708,2,1,1989,0,0,0,0,0,0,0,0,0,0
421709,1,1,1989,0,0,0,0,0,14,0,0,0,0
421710,1,1,1989,26,17,31,17,13,27,15,25,26,31
421711,1,1,1989,0,0,0,0,0,0,0,0,0,0
421711,2,1,1989,0,0,0,0,0,0,0,0,0,0
421712,1,1,1989,1,1,1,1,1,1,1,1,1,1
421713,1,1,1989,0,0,0,0,0,0,0,0,0,0
421713,2,1,1989,0,0,0,0,0,0,0,0,0,0
421714,1,1,1989,0,0,0,0,0,0,0,0,0,0
421714,2,1,1989,0,0,0,0,0,0,0,0,0,0
421715,0,1,1989,0,0,0,0,0,0,0,0,0,0
421715,1,1,1989,0,0,0,0,0,0,0,0,0,0
421716,0,1,1989,0,43,0,0,0,0,0,0,40,23
421716,1,1,1989,0,0,0,0,0,0,31,0,0,0
421717,1,1,1989,0,0,0,0,0,0,0,0,0,0
421717,2,1,1989,0,0,0,0,0,0,0,12,0,0
421718,1,1,1989,0,0,0,0,0,0,0,0,0,0
421718,2,1,1989,0,0,0,0,0,0,0,0,0,0
421719,1,1,1989,30,30,30,30,30,30,30,30,30,30
421720,1,1,1989,8,23,14,23,0,0,0,13,26,0
421720,2,1,1989,14,14,14,14,14,14,14,14,14,14
421720,3,1,1989,0,0,0,0,0,19,0,0,0,0
421721,1,1,1989,0,0,0,0,0,0,0,0,0,0
421721,2,1,1989,0,0,0,0,0,16,0,0,0,0
421722,1,1,1989,10,0,24,0,25,0,15,16,9,9
421722,2,1,1989,7,0,0,11,11,9,20,0,0,0
421722,3,1,1989,0,0,10,0,0,0,0,0,0,0
421723,1,1,1989,4,4,4,4,4,4,4,4,4,4
421724,1,1,1989,16,16,16,16,16,16,16,16,16,16
421724,2,1,1989,0,0,0,0,0,0,0,0,0,0
421725,1,1,1989,13,15,32,5,14,15,19,33,20,30
421725,2,1,1989,0,0,0,0,0,0,0,0,0,0
421725,3,1,1989,0,0,0,0,0,0,0,0,0,0
421726,1,1,1989,22,22,22,22,22,22,22,22,22,22
421726,2,1,1989,1,1,1,1,1,1,1,1,1,1
421727,0,1,1989,0,0,0,0,0,0,0,0,0,0
421727,1,1,1989,0,0,0,0,0,0,0,0,0,0
421727,2,1,1989,0,0,0,0,0,0,0,0,0,0
421728,0,1,1989,25,25,25,25,25,25,25,25,25,25
421728,1,1,1989,5,0,0,0,4,0,0,15,10,3
421729,0,1,1989,0,0,0,0,0,0,0,0,0,0
421729,1,1,1989,0,0,0,0,0,0,0,0,0,0
421731,1,1,1989,0,0,0,0,0,0,0,0,0,0
421731,2,1,1989,0,0,0,0,0,0,0,0,0,0
421731,3,1,1989,7,0,0,0,0,0,0,0,0,0
421731,4,1,1989,0,0,0,0,0,0,9,0,0,0
421731,5,1,1989,0,0,0,0,17,0,0,0,0,0
421731,6,1,1989,0,18,0,0,20,6,0,0,0,0
421731,7,1,1989,0,0,11,0,0,0,17,0,0,0
421731,8,1,1989,0,0,0,0,0,0,9,0,0,0
421731,9,1,1989,0,10,0,0,0,0,0,0,0,0
421732,1,1,1989,16,17,26,20,6,6,0,17,25,18
421732,2,1,1989,0,0,11,0,0,23,0,0,0,0
421732,3,1,1989,0,0,0,0,0,0,0,0,0,0
421733,0,1,1989,0,0,0,0,0,0,0,0,0,0
421733,1,1,1989,0,0,0,0,0,0,16,0,21,9
421734,0,1,1989,0,0,0,0,0,0,0,0,0,0
421734,1,1,1989,14,11,8,16,16,11,0,14,14,22
440001,1,1,1989,6,6,6,6,6,6,6,6,6,6
440001,2,1,1989,0,11,0,0,0,0,0,0,0,0
440002,1,2,1989,20,16,11,14,18,13,12,5,2,8
440003,1,1,1989,0,0,0,0,0,0,0,0,0,0
440003,2,1,1989,0,0,0,0,0,0,0,0,0,0
440004,1,1,1989,0,0,0,0,0,0,0,0,0,0
440005,1,1,1989,0,0,0,0,0,0,0,0,0,0
440005,2,1,1989,11,0,0,0,0,0,0,0,0,0
440006,1,1,1989,0,0,0,0,0,0,0,0,0,0
440006,2,1,1989,0,0,0,0,0,0,0,0,6,0
440007,1,1,1989,32,32,32,32,32,32,32,32,32,32
440007,2,1,1989,0,0,0,0,0,0,0,0,0,0
440008,1,1,1989,15,15,15,15,15,15,15,15,15,15
440008,2,1,1989,0,0,0,0,0,0,0,0,0,0
440009,1,2,1989,10,10,10,10,10,10,10,10,10,10
440010,1,1,1989,0,0,0,0,0,0,0,0,0,0
440011,1,1,1989,0,0,0,0,0,0,0,0,0,0
440011,2,1,1989,0,0,0,0,0,0,0,0,19,0
440011,3,1,1989,0,0,0,22,0,0,0,0,0,0
440012,1,2,1989,0,0,0,0,0,0,0,0,0,0
440013,1,1,1989,23,23,23,23,23,23,23,23,23,23
440014,0,1,1989,0,0,0,0,0,0,0,0,0,0
440014,1,1,1989,0,0,0,0,0,0,0,0,0,0
440015,1,2,1989,0,0,0,0,0,0,0,0,0,0
440015,2,1,1989,0,0,0,0,0,10,0,0,0,0
440017,0,1,1989,7,7,7,7,7,7,7,7,7,7
440017,0,2,1989,0,10,14,0,5,14,6,6,14,19
440017,0,3,1989,0,13,0,19,0,2,0,21,6,0
440017,1,1,1989,0,13,0,0,6,13,14,0,8,0
440018,1,1,1989,0,0,0,0,0,0,0,0,0,0
440018,2,1,1989,0,0,0,0,0,0,0,0,0,0
440019,1,1,1989,0,0,0,0,0,0,0,0,0,0
440019,2,1,1989,0,0,0,0,0,0,0,0,0,0
440020,1,1,1989,23,23,23,23,23,23,23,23,23,23
440021,0,1,1989,15,15,15,15,15,15,15,15,15,15
440021,1,1,1989,0,0,0,0,0,0,0,0,0,0
440022,1,1,1989,30,30,30,30,30,30,30,30,30,30
440023,1,1,1989,0,0,0,0,0,0,0,0,0,0
440023,2,1,1989,19,0,0,0,0,0,0,0,0,0
440024,1,1,1989,14,14,14,14,14,14,14,14,14,14
440025,1,1,1989,27,27,27,27,27,27,27,27,27,27
440026,1,1,1989,0,0,0,0,0,0,0,0,0,0
440026,2,1,1989,0,0,0,0,0,0,0,0,0,0
440027,1,1,1989,0,0,0,0,0,0,0,0,0,0
440028,1,1,1989,36,36,36,36,36,36,36,36,36,36
440028,2,1,1989,0,0,0,0,0,0,0,0,0,0
440029,1,1,1989,0,0,0,0,0,0,0,0,0,0
440029,2,1,1989,0,0,0,0,0,0,0,0,0,0
440030,1,1,1989,3,3,3,3,3,3,3,3,3,3
440031,1,1,1989,0,0,0,0,0,0,0,0,0,0
440031,2,1,1989,0,0,0,0,0,0,0,0,0,0
440032,1,1,1989,39,39,39,39,39,39,39,39,39,39
440033,1,1,1989,23,23,23,23,23,23,23,23,23,23
440034,1,1,1989,0,0,0,0,0,0,0,0,0,0
440035,0,1,1989,0,0,0,0,0,0,0,0,0,0
440035,1,1,1989,0,0,0,0,0,0,0,0,0,0
440036,1,1,1989,24,24,24,24,24,24,24,24,24,24
440036,2,1,1989,0,0,0,0,0,0,0,0,0,0
440037,1,2,1989,12,3,8,28,17,4,22,17,6,18
440037,2,1,1989,21,0,0,0,0,0,0,0,0,0
440038,1,1,1989,22,22,22,22,22,22,22,22,22,22
440039,1,1,1989,0,0,0,0,0,0,0,0,0,0
440040,1,2,1989,0,0,0,0,0,0,0,0,0,0
440041,1,1,1989,13,13,13,13,13,13,13,13,13,13
440042,1,1,1989,0,0,0,0,0,0,0,0,0,0
440042,2,1,1989,0,0,0,0,0,0,0,0,0,0
440043,1,1,1989,0,0,0,0,0,0,0,0,0,0
440043,2,1,1989,0,0,0,0,0,0,0,0,0,0
440044,0,1,1989,8,8,8,8,8,8,8,8,8,8
440044,1,1,1989,0,0,0,0,0,0,17,0,0,0
440045,1,1,1989,19,19,19,19,19,19,19,19,19,19
440046,1,1,1989,0,0,0,0,0,0,0,0,0,0
440046,2,1,1989,0,0,0,0,0,0,0,0,0,0
440047,1,2,1989,0,0,0,0,0,0,0,0,27,0
440048,1,1,1989,0,0,0,0,0,0,0,0,0,0
440048,2,1,1989,0,0,0,0,0,0,0,0,0,0
440048,3,1,1989,0,0,0,0,0,0,0,0,10,0
440049,1,1,1989,0,0,0,0,0,0,0,0,0,0
440049,2,1,1989,0,0,0,36,0,0,0,0,0,0
440050,1,1,1989,0,0,0,0,0,0,0,0,0,0
440051,1,1,1989,0,0,0,0,0,0,0,0,0,0
440051,2,1,1989,0,0,0,0,0,0,0,0,0,0
440052,1,1,1989,0,0,0,0,0,0,0,0,0,0
440053,1,1,1989,0,0,0,0,0,0,0,0,0,0
440053,2,1,1989,0,0,0,0,0,0,0,0,0,0
440054,1,1,1989,21,21,21,21,21,21,21,21,21,21
440055,0,1,1989,0,0,0,0,0,0,0,0,0,0
440055,1,1,1989,0,0,0,0,0,0,0,0,0,0
440056,1,2,1989,8,24,8,17,10,20,21,22,11,14
440057,1,1,1989,0,0,0,0,0,0,0,0,0,0
440057,2,1,1989,19,15,24,21,12,11,23,17,17,9
440058,1,1,1989,0,0,0,0,0,0,0,0,0,0
440058,2,1,1989,0,0,0,0,0,0,0,0,0,0
440059,1,1,1989,0,0,0,0,0,0,0,0,0,0
440059,2,1,1989,0,0,12,0,0,0,0,0,0,0
440060,1,1,1989,0,0,0,0,0,0,0,0,0,0
440060,2,1,1989,0,0,13,0,0,0,0,0,0,0
440061,1,1,1989,0,0,0,0,0,0,0,0,0,0
440062,1,2,1989,0,0,0,0,0,0,0,0,0,0
440062,2,1,1989,3,11,17,15,11,5,8,17,14,14
440063,0,1,1989,0,0,0,0,0,0,0,0,0,0
440063,1,1,1989,0,0,0,0,0,0,0,0,0,0
440064,1,1,1989,6,6,6,6,6,6,6,6,6,6
440065,1,1,1989,25,25,25,25,25,25,25,25,25,25
440066,1,1,1989,33,33,33,33,33,33,33,33,33,33
440067,1,1,1989,28,28,28,28,28,28,28,28,28,28
440068,1,1,1989,0,0,0,0,0,0,0,0,0,0
440069,1,2,1989,6,18,0,16,21,0,0,10,0,15
440070,1,1,1989,20,20,20,20,20,20,20,20,20,20
440071,1,1,1989,0,0,0,0,0,0,0,0,0,0
440071,2,1,1989,0,0,0,0,0,0,0,0,10,0
440072,1,2,1989,18,15,0,6,21,35,9,4,10,2
440073,1,1,1989,32,30,12,12,22,13,32,10,29,6
440073,2,1,1989,12,18,8,14,14,9,8,12,7,0
440074,0,1,1989,0,0,0,0,0,0,0,0,0,0
440074,1,1,1989,15,0,11,0,0,30,0,0,0,0
440075,1,2,1989,0,0,0,0,0,0,0,0,0,0
440076,0,1,1989,0,0,0,0,0,0,0,0,0,0
440076,0,2,1989,0,0,0,0,0,0,0,0,10,0
440076,1,1,1989,0,0,26,0,13,26,18,0,0,0
440077,1,1,1989,0,0,0,0,0,0,0,0,0,0
440077,2,1,1989,15,0,0,0,0,0,0,0,0,0
440078,0,1,1989,28,28,28,28,28,28,28,28,28,28
440078,1,1,1989,0,7,0,0,0,0,10,0,0,0
440079,1,2,1989,4,9,8,16,9,12,13,19,10,17
440080,1,1,1989,0,0,0,0,0,0,0,0,0,0
440080,2,1,1989,0,0,0,17,0,0,0,0,0,0
440080,3,1,1989,0,0,0,0,0,0,0,0,0,23
440080,4,1,1989,0,0,0,0,0,0,0,0,0,0
440080,5,1,1989,0,0,0,0,0,0,0,0,0,0
440081,1,1,1989,19,19,19,19,19,19,19,19,19,19
440082,1,2,1989,0,0,0,0,0,0,0,0,0,0
440082,2,1,1989,0,0,0,0,0,0,0,0,0,0
440082,3,1,1989,0,0,0,0,0,0,0,0,0,0
440083,1,1,1989,20,20,20,20,20,20,20,20,20,20
440084,1,1,1989,19,19,19,19,19,19,19,19,19,19
440084,2,1,1989,0,0,0,4,0,0,8,0,0,24
440085,1,1,1989,17,17,17,17,17,17,17,17,17,17
440086,1,1,1989,17,17,17,17,17,17,17,17,17,17
440086,2,1,1989,0,0,0,0,23,0,0,0,0,0
440087,1,1,1989,0,0,0,0,0,0,0,0,0,0
440087,2,1,1989,0,0,0,0,0,0,0,0,0,0
440087,3,1,1989,0,20,23,0,0,21,24,0,0,0
440088,1,2,1989,14,14,14,14,14,14,14,14,14,14
440089,1,2,1989,0,0,0,0,0,0,0,0,0,0
440089,2,1,1989,0,0,0,0,0,0,0,0,0,0
440090,1,2,1989,0,0,0,0,0,0,0,0,0,8
440091,1,1,1989,0,0,0,0,0,0,0,0,0,0
440091,2,1,1989,0,0,0,0,0,0,0,0,0,0
440092,1,1,1989,26,26,26,26,26,26,26,26,26,26
440093,1,1,1989,0,0,0,0,0,0,0,0,0,0
440094,0,1,1989,0,0,0,0,0,0,0,0,0,0
440094,1,1,1989,23,23,23,23,23,23,23,23,23,23
440095,1,1,1989,0,0,0,0,0,0,0,0,0,0
440095,2,1,1989,0,0,0,0,0,0,0,0,0,0
440096,0,1,1989,0,0,0,0,0,0,0,0,0,0
440096,1,1,1989,0,0,0,0,0,0,0,0,0,0
440097,1,1,1989,0,0,0,0,0,0,0,0,0,0
440098,0,1,1989,0,0,0,0,0,0,0,0,0,0
440098,1,1,1989,0,0,0,0,0,0,0,0,0,0
450001,1,1,1989,0,0,0,0,0,0,0,0,0,0
450002,1,1,1989,0,8,0,0,18,18,5,10,24,13
450003,1,1,1989,0,0,0,0,0,0,0,0,0,0
450004,1,1,1989,26,21,20,20,38,20,21,0,14,0
450005,1,1,1989,0,0,0,0,0,0,0,0,0,0
450006,0,1,1989,0,0,0,0,0,0,0,0,0,0
450006,1,1,1989,12,0,0,0,0,0,0,0,0,0
450007,1,1,1989,0,0,0,0,0,0,0,0,0,0
450007,2,1,1989,27,27,27,27,27,27,27,27,27,27
450007,3,1,1989,0,12,0,0,0,0,0,0,0,0
450008,1,1,1989,0,0,0,30,0,17,0,0,0,0
450008,2,1,1989,0,0,0,0,0,0,0,0,0,0
450009,1,1,1989,30,30,30,30,30,30,30,30,30,30
450009,2,2,1989,0,0,0,0,0,0,0,0,0,0
450010,1,1,1989,28,11,0,34,9,18,19,10,0,13
450011,0,1,1989,0,0,0,0,0,0,0,0,0,0
450011,1,1,1989,0,0,0,13,0,14,0,17,12,0
450012,1,1,1989,0,0,0,0,0,0,0,0,0,0
450013,1,1,1989,0,0,0,0,0,0,0,0,0,0
450013,2,1,1989,17,16,9,0,21,18,0,0,19,13
450014,1,1,1989,0,0,0,0,0,0,0,0,0,0
450014,2,1,1989,0,0,0,0,0,0,0,0,0,0
450015,1,1,1989,0,0,0,0,0,0,0,0,0,0
450016,1,1,1989,0,32,30,16,27,0,31,0,22,0
450016,2,1,1989,33,15,17,14,4,23,0,0,25,23
450017,1,1,1989,0,0,0,0,0,0,0,0,0,0
450017,2,1,1989,0,0,0,0,0,0,0,0,0,0
450018,0,1,1989,0,0,0,0,0,0,0,0,0,0
450018,1,1,1989,23,0,0,0,0,0,0,0,0,0
450019,1,1,1989,7,7,7,7,7,7,7,7,7,7
450019,2,1,1989,0,0,0,0,0,0,0,0,0,0
450020,0,1,1989,0,0,0,0,0,0,0,0,0,0
450020,1,1,1989,12,4,0,15,3,0,0,0,0,0
450021,0,1,1989,0,0,0,0,0,0,0,0,0,0
450021,1,1,1989,0,0,0,0,0,0,17,0,0,0
450022,1,1,1989,0,0,0,0,0,0,0,0,0,0
450023,1,1,1989,0,0,0,0,0,0,0,0,0,0
450024,1,1,1989,0,0,0,0,0,0,0,0,0,0
450025,1,1,1989,0,0,0,0,0,0,0,0,0,0
450026,1,1,1989,0,0,0,0,0,0,0,0,0,0
450026,2,1,1989,0,0,0,0,0,0,0,0,0,0
450027,1,1,1989,28,29,28,14,13,25,20,19,9,21