ST_CASE,VEH_NO,PER_NO,YEAR,P1,P2,P3,P4,P5,P6,P7,P8,P9,P10
450028,0,1,1989,0,0,0,0,0,0,0,0,0,0
450028,1,1,1989,0,0,0,0,0,0,0,0,0,0
450029,1,1,1989,0,0,0,0,0,0,0,0,0,0
450030,1,1,1989,0,0,12,0,0,14,17,0,20,12
450031,1,1,1989,0,0,0,0,0,0,0,0,0,0
450032,1,1,1989,30,30,30,30,30,30,30,30,30,30
450032,2,1,1989,0,0,0,0,0,0,0,0,0,0
450033,1,1,1989,0,13,9,0,0,16,0,0,15,12
450033,2,1,1989,18,0,0,16,0,0,0,0,17,0
450034,1,1,1989,18,18,18,18,18,18,18,18,18,18
450035,0,1,1989,30,30,30,30,30,30,30,30,30,30
450035,1,1,1989,0,0,0,0,0,0,22,9,12,0
450036,1,1,1989,37,0,23,9,22,38,20,28,15,15
450037,1,1,1989,0,0,0,0,0,0,0,0,0,0
450039,1,1,1989,31,10,21,33,14,14,17,17,18,29
450039,2,1,1989,0,0,0,0,0,0,0,0,0,0
450040,0,1,1989,18,18,18,18,18,18,18,18,18,18
450040,1,1,1989,0,0,0,0,0,0,0,0,0,23
450041,1,1,1989,15,15,15,15,15,15,15,15,15,15
450042,0,1,1989,0,0,0,0,0,0,0,0,0,0
450042,2,1,1989,0,0,0,0,0,0,0,0,0,0
450043,1,1,1989,0,0,0,0,0,0,0,0,0,0
450044,0,1,1989,0,0,0,0,0,0,0,0,0,0
450044,1,1,1989,11,0,0,27,0,0,0,0,0,0
450045,1,1,1989,0,0,0,0,21,0,0,0,0,0
450045,2,1,1989,0,0,0,0,0,0,0,0,0,0
450045,3,1,1989,0,0,0,0,0,0,0,0,0,0
450046,1,1,1989,0,0,21,12,26,9,14,19,31,38
450047,0,1,1989,0,0,0,21,0,0,0,0,0,0
450047,1,1,1989,0,0,0,0,0,0,0,0,0,0
450048,1,1,1989,17,17,17,17,17,17,17,17,17,17
450049,1,1,1989,9,22,23,16,17,22,18,0,16,31
450050,1,1,1989,18,18,18,18,18,18,18,18,18,18
450051,1,1,1989,32,32,32,32,32,32,32,32,32,32
450052,1,1,1989,0,0,0,0,0,10,0,10,0,0
450053,0,1,1989,0,0,0,0,0,0,0,0,0,0
450054,1,1,1989,0,0,0,0,0,0,0,0,0,0
450054,2,1,1989,0,0,0,0,0,0,0,0,0,0
450056,1,1,1989,0,0,0,0,0,0,0,0,0,0
450056,2,1,1989,0,0,0,0,0,0,0,0,0,0
450057,1,1,1989,0,0,0,0,0,0,0,0,0,0
450058,1,1,1989,0,0,0,0,0,0,0,0,0,0
450058,2,1,1989,0,0,0,0,0,0,0,0,0,0
450059,0,1,1989,39,39,39,39,39,39,39,39,39,39
450059,1,1,1989,13,13,13,13,13,13,13,13,13,13
450060,1,1,1989,0,0,0,0,0,0,0,0,0,0
450061,1,1,1989,17,17,17,17,17,17,17,17,17,17
450062,1,1,1989,0,0,0,0,0,0,0,0,0,0
450063,1,1,1989,0,35,15,20,17,27,22,31,0,0
450064,1,1,1989,0,0,0,0,0,0,0,0,0,0
450065,1,1,1989,0,17,8,2,8,0,18,33,0,0
450066,0,1,1989,0,0,0,0,0,0,0,0,0,0
450066,1,1,1989,0,0,0,0,13,0,0,9,0,0
450067,1,1,1989,0,0,0,0,0,0,0,0,0,0
450067,2,1,1989,0,0,0,0,0,0,0,0,0,0
450068,1,1,1989,0,0,0,0,0,0,0,0,0,0
450069,1,1,1989,0,0,0,0,0,0,0,0,0,0
450069,2,1,1989,10,0,0,14,0,0,23,0,0,0
450070,1,1,1989,6,6,6,6,6,6,6,6,6,6
450070,2,1,1989,0,0,0,0,0,0,0,0,0,0
450071,1,1,1989,0,0,0,0,0,0,0,0,0,0
450071,2,1,1989,0,0,6,0,17,0,0,0,0,0
450071,3,1,1989,10,9,0,0,0,0,12,0,0,0
450072,1,1,1989,0,0,0,0,0,0,0,0,0,0
450072,2,1,1989,0,0,0,9,0,0,0,0,0,0
450073,1,1,1989,0,0,0,0,0,0,0,0,0,0
450073,2,1,1989,0,0,0,0,0,0,0,0,0,0
450074,1,1,1989,24,24,24,24,24,24,24,24,24,24
450075,1,1,1989,16,23,15,42,15,7,10,22,0,16
450076,1,1,1989,0,0,0,0,0,0,0,0,0,0
450076,2,1,1989,0,0,0,0,0,0,0,0,0,0
450077,1,1,1989,0,0,0,0,0,0,0,0,0,0
450078,1,1,1989,0,0,0,0,0,0,0,0,0,0
450079,1,1,1989,8,0,0,12,0,20,16,0,0,0
450079,2,1,1989,0,0,0,0,0,0,0,0,0,0
450080,1,2,1989,0,0,0,0,0,0,0,0,0,0
450080,2,1,1989,0,0,0,0,0,0,0,0,0,0
450081,1,1,1989,0,0,0,0,0,0,0,0,0,0
450083,1,1,1989,8,7,7,7,11,8,13,20,24,18
450084,0,1,1989,0,0,0,0,0,0,0,0,0,0
450084,1,1,1989,0,0,14,0,0,0,0,0,0,0
450085,1,1,1989,0,0,0,0,0,0,20,0,0,0
450085,2,1,1989,0,0,24,0,0,0,21,22,20,0
450086,1,1,1989,0,0,0,0,0,0,0,0,0,0
450086,2,1,1989,0,0,0,0,0,0,0,0,0,0
450087,1,1,1989,0,0,0,0,0,0,0,0,0,0
450087,2,1,1989,0,0,0,0,0,0,0,0,0,0
450088,1,1,1989,21,21,21,21,21,21,21,21,21,21
450089,1,1,1989,14,14,14,14,14,14,14,14,14,14
450090,1,1,1989,0,0,0,24,21,0,9,0,0,0
450090,2,1,1989,19,19,19,19,19,19,19,19,19,19
450091,0,1,1989,26,26,26,26,26,26,26,26,26,26
450091,1,1,1989,20,20,20,20,20,20,20,20,20,20
450092,1,1,1989,25,12,0,14,7,0,0,22,25,0
450093,1,1,1989,0,0,0,0,0,0,0,0,0,0
450094,1,1,1989,18,18,18,18,18,18,18,18,18,18
450095,1,1,1989,0,8,0,0,0,0,0,0,0,0
450096,1,1,1989,19,25,12,27,9,31,0,18,26,0
450097,1,1,1989,0,27,22,9,50,19,0,17,0,26
450098,0,1,1989,37,22,0,0,15,0,12,0,15,14
450098,1,1,1989,0,0,0,0,0,0,0,0,0,0
450099,1,1,1989,0,0,0,0,0,0,0,0,0,0
450099,2,1,1989,0,0,0,0,0,0,0,15,0,0
450101,1,1,1989,9,9,9,9,9,9,9,9,9,9
450101,2,1,1989,0,0,0,0,0,0,0,0,0,0
450102,1,1,1989,0,0,0,0,0,0,0,0,0,0
450103,1,1,1989,7,7,7,7,7,7,7,7,7,7
450104,0,1,1989,0,0,0,0,0,0,0,0,0,0
450104,0,2,1989,0,10,0,0,0,0,0,4,0,0
450104,1,1,1989,9,0,0,6,20,0,0,10,0,0
450105,1,1,1989,0,0,0,0,0,0,0,0,0,0
450106,1,1,1989,0,0,0,0,0,0,0,0,0,0
450107,1,2,1989,18,9,0,0,0,0,16,0,12,16
450108,1,1,1989,11,17,28,14,13,16,18,19,20,9
450109,0,1,1989,0,0,0,0,0,0,0,0,0,0
450109,1,1,1989,11,11,11,11,11,11,11,11,11,11
450110,1,1,1989,0,0,0,0,0,0,0,0,0,0
450110,2,1,1989,10,0,0,0,33,0,25,0,27,0
450111,1,1,1989,29,18,0,0,0,0,0,0,0,0
450112,1,1,1989,25,26,19,22,19,8,0,0,28,21
450113,1,1,1989,0,0,0,0,0,0,0,0,0,0
450113,2,1,1989,15,0,0,0,0,0,0,16,0,0
450114,1,1,1989,0,0,0,0,0,0,0,0,0,0
450114,2,1,1989,0,0,7,0,0,0,0,0,0,0
450115,1,2,1989,0,0,0,0,0,0,0,0,0,0
450116,1,1,1989,0,0,0,0,0,0,0,0,0,0
450116,2,1,1989,0,0,0,0,0,0,0,0,0,0
450117,1,1,1989,0,29,0,0,21,0,11,14,19,0
450118,1,1,1989,17,6,16,8,10,4,7,19,19,5
450118,2,1,1989,24,17,0,25,10,0,0,0,0,20
450119,1,1,1989,0,0,0,0,0,0,0,0,0,0
450119,2,1,1989,0,0,0,0,0,0,0,0,0,0
450119,3,1,1989,7,7,7,7,7,7,7,7,7,7
450120,1,1,1989,0,0,0,0,0,0,0,0,0,0
450121,1,1,1989,0,0,0,0,0,0,0,0,0,0
450121,2,1,1989,0,0,0,0,0,0,0,0,0,0
450121,3,1,1989,0,0,0,0,0,0,0,0,0,0
450121,4,1,1989,17,0,25,0,0,13,0,0,0,0
450122,1,1,1989,0,0,0,0,0,0,0,0,0,0
450122,2,1,1989,0,0,0,0,0,0,0,0,0,0
450123,0,1,1989,0,0,0,0,0,0,0,0,0,0
450123,1,1,1989,0,0,0,0,0,0,0,0,0,0
450124,1,1,1989,0,0,0,0,0,0,0,0,0,0
450124,2,1,1989,0,0,0,0,0,0,0,0,0,0
450124,3,1,1989,0,0,0,0,0,0,0,0,0,0
450125,1,1,1989,0,0,0,0,0,0,0,0,0,0
450125,2,1,1989,0,0,0,0,0,0,0,0,0,0
450126,1,1,1989,13,27,24,12,16,26,26,24,0,14
450127,1,1,1989,0,0,0,0,0,0,0,0,0,0
450127,2,1,1989,18,18,18,18,18,18,18,18,18,18
450128,1,1,1989,0,0,0,0,21,0,0,18,0,0
450130,1,1,1989,28,0,0,16,0,28,0,9,0,0
450130,2,1,1989,0,0,0,0,0,0,0,0,0,0
450131,1,1,1989,0,0,0,11,0,13,12,0,20,16
450131,2,1,1989,17,0,0,12,0,0,0,0,0,0
450132,1,1,1989,6,6,6,6,6,6,6,6,6,6
450133,1,1,1989,0,0,0,0,0,0,0,0,0,0
450133,2,1,1989,15,15,15,15,15,15,15,15,15,15
450134,1,1,1989,3,3,3,3,3,3,3,3,3,3
450135,1,1,1989,0,0,12,0,0,0,0,0,0,0
450136,0,1,1989,0,0,0,0,0,0,0,0,0,0
450136,1,1,1989,0,0,0,0,0,0,0,0,0,0
450138,1,1,1989,0,0,0,0,0,0,0,0,0,0
450138,2,1,1989,0,19,0,21,24,6,13,21,9,0
450139,1,1,1989,0,0,0,0,0,0,0,0,0,0
450139,2,1,1989,0,0,0,0,0,0,0,0,0,0
450140,1,1,1989,17,7,22,22,9,29,26,22,14,13
450141,1,1,1989,0,0,0,0,0,0,0,0,0,0
450142,1,1,1989,21,34,0,0,21,12,22,25,0,16
450143,1,1,1989,16,18,8,18,6,14,6,14,0,0
450144,1,1,1989,0,0,0,0,0,14,17,0,31,0
450145,0,1,1989,0,0,0,0,0,0,0,0,0,0
450145,1,1,1989,0,0,0,0,0,0,0,0,0,0
450145,2,1,1989,0,0,0,0,10,0,0,15,15,9
450146,1,1,1989,0,0,0,20,13,0,25,0,20,6
450147,1,1,1989,0,0,0,0,0,0,0,0,0,0
450147,2,1,1989,0,0,0,0,0,0,0,0,0,0
450150,1,1,1989,0,22,0,0,0,0,0,0,0,0
450151,1,1,1989,0,0,0,0,0,0,0,0,0,0
450151,2,1,1989,0,0,0,0,0,0,0,0,0,0
450152,1,1,1989,0,0,0,0,0,0,0,0,0,21
450153,1,1,1989,0,0,0,0,0,0,0,0,0,0
450153,2,1,1989,0,0,0,0,0,0,0,0,0,0
450154,1,1,1989,0,0,0,0,0,0,0,0,0,0
450154,2,1,1989,1,1,1,1,1,1,1,1,1,1
450155,1,1,1989,18,18,18,18,18,18,18,18,18,18
450156,1,1,1989,21,20,21,16,33,42,0,0,24,9
450157,1,1,1989,0,0,0,0,0,0,0,0,0,0
450157,2,1,1989,12,0,4,8,0,16,0,7,0,0
450158,1,1,1989,0,0,0,0,0,0,0,0,0,0
450158,2,1,1989,0,0,0,0,0,0,0,0,0,26
450159,1,1,1989,0,0,0,0,0,0,0,0,0,0
450160,1,1,1989,0,23,16,13,20,13,10,13,7,9
450161,1,1,1989,0,0,0,0,0,0,0,0,0,0
450162,1,1,1989,0,19,0,19,0,0,0,0,0,12
450163,1,1,1989,0,0,0,0,0,0,0,34,0,0
450163,2,1,1989,0,0,0,0,0,0,0,0,0,0
450164,1,1,1989,17,17,17,17,17,17,17,17,17,17
450165,1,1,1989,27,27,27,27,27,27,27,27,27,27
450166,1,1,1989,21,23,17,0,29,0,0,0,27,0
450167,1,1,1989,0,0,0,0,0,19,0,0,10,19
450168,1,1,1989,27,0,0,14,0,0,0,0,28,0
450169,1,1,1989,10,10,10,10,10,10,10,10,10,10
450170,0,1,1989,32,0,0,14,19,0,0,19,34,25
450170,1,1,1989,0,25,0,0,0,0,0,0,0,12
450171,0,1,1989,0,0,0,0,17,0,0,0,0,0
450171,1,1,1989,0,0,0,0,0,0,0,6,0,0
450172,1,1,1989,4,0,15,0,0,0,0,0,0,0
450173,1,1,1989,0,0,0,0,0,0,0,0,11,16
450174,1,1,1989,24,13,0,21,14,41,0,0,0,28
450175,1,1,1989,16,37,27,11,0,0,13,11,0,20
450176,1,1,1989,21,21,21,21,21,21,21,21,21,21
450177,1,1,1989,2,2,2,2,2,2,2,2,2,2
450177,2,1,1989,0,0,0,0,0,0,0,0,0,0
450178,1,1,1989,26,26,26,26,26,26,26,26,26,26
450180,1,1,1989,0,0,0,0,0,0,0,0,0,0
450181,1,1,1989,22,22,22,22,22,22,22,22,22,22
450182,1,1,1989,0,0,0,0,0,0,0,0,0,0
450182,2,1,1989,0,0,0,0,0,0,0,0,0,0
450183,1,1,1989,0,0,0,0,0,0,0,0,0,0
450183,2,1,1989,0,0,0,0,0,0,0,0,0,0
450184,1,1,1989,0,0,29,0,0,0,18,0,15,0
450184,2,1,1989,0,11,0,24,0,8,18,0,0,0
450185,1,1,1989,12,0,18,0,15,0,6,14,17,0
450186,1,1,1989,0,0,0,0,0,0,0,0,0,0
450187,0,1,1989,17,33,6,28,16,23,17,5,24,24
450187,1,1,1989,0,0,0,0,0,0,0,0,0,0
450188,1,1,1989,8,0,0,4,0,0,23,0,0,0
450188,2,1,1989,13,0,0,0,0,0,5,0,0,0
450189,0,1,1989,0,0,0,0,0,0,0,0,0,0
450189,1,1,1989,0,0,0,0,0,0,0,0,0,0
450190,1,1,1989,0,0,0,0,0,0,0,0,0,0
450190,2,1,1989,23,0,0,21,29,12,15,0,0,0
450191,1,1,1989,0,0,0,0,0,0,0,0,0,0
450191,2,1,1989,11,11,11,11,11,11,11,11,11,11
450192,1,1,1989,0,0,0,0,0,0,0,0,0,0
450192,2,1,1989,0,0,0,0,0,0,0,0,0,0
450193,1,1,1989,20,20,20,20,20,20,20,20,20,20
450194,1,1,1989,0,0,11,0,0,16,0,0,15,0
450194,2,1,1989,0,0,18,0,0,0,0,18,24,0
450195,1,1,1989,0,16,2,18,7,22,21,17,14,26
450195,2,1,1989,0,0,0,0,0,0,0,0,0,0
450196,1,1,1989,10,0,0,0,17,0,17,0,0,11
450197,1,1,1989,25,20,24,25,16,37,18,17,20,26
450198,0,1,1989,39,39,39,39,39,39,39,39,39,39
450198,1,1,1989,21,0,0,0,0,0,0,16,0,0
450199,1,1,1989,0,0,0,0,0,0,0,0,0,0
450199,2,1,1989,14,20,17,1,9,8,22,0,0,20
450200,1,1,1989,0,22,0,0,0,0,0,6,0,0
450201,1,1,1989,23,23,23,23,23,23,23,23,23,23
450201,2,1,1989,0,0,0,0,0,0,0,0,0,0
450202,1,1,1989,0,0,19,16,0,12,0,21,0,0
450203,1,1,1989,0,0,0,0,0,0,0,0,0,0
450203,2,1,1989,0,0,0,0,0,0,0,0,0,0
450204,0,1,1989,16,16,16,16,16,16,16,16,16,16
450204,1,1,1989,0,0,0,0,0,0,0,0,0,0
450205,1,1,1989,0,0,0,0,0,0,0,0,0,0
450206,1,1,1989,15,15,15,15,15,15,15,15,15,15
450207,1,1,1989,0,0,0,0,0,0,0,0,0,0
450207,2,1,1989,0,0,0,0,0,0,0,0,0,0
450208,0,1,1989,3,3,3,3,3,3,3,3,3,3
450208,1,1,1989,0,0,0,0,12,0,0,0,0,0
450209,0,1,1989,18,18,18,18,18,18,18,18,18,18
450209,1,1,1989,0,0,0,0,9,0,0,0,0,0
450210,1,1,1989,0,0,0,0,0,0,0,0,0,0
450210,2,1,1989,20,20,20,20,20,20,20,20,20,20
450210,3,1,1989,0,0,0,0,0,0,0,0,0,0
450211,0,1,1989,0,0,0,0,0,0,0,0,0,0
450211,1,1,1989,0,0,0,0,22,0,0,0,0,0
450212,1,3,1989,0,0,0,0,0,0,0,0,0,0
450212,2,1,1989,25,25,25,25,25,25,25,25,25,25
450214,1,1,1989,0,0,0,0,0,0,0,0,0,0
450215,1,1,1989,15,15,15,15,15,15,15,15,15,15
450216,0,1,1989,17,15,23,22,18,23,23,0,0,31
450216,1,1,1989,0,0,0,0,8,0,24,0,0,0
450217,1,1,1989,0,0,0,0,0,0,0,0,0,0
450217,2,1,1989,0,0,0,0,0,0,0,0,0,0
450218,1,1,1989,24,24,24,24,24,24,24,24,24,24
450218,2,1,1989,0,0,0,0,0,0,0,0,0,10
450219,1,1,1989,0,0,0,0,0,0,0,0,0,0
450219,2,1,1989,0,0,0,0,0,0,0,0,0,0
450220,1,1,1989,0,0,0,0,0,0,0,0,0,0
450220,2,1,1989,0,0,0,0,0,0,0,8,0,0
450221,1,1,1989,0,0,0,0,0,0,0,0,0,0
450222,1,1,1989,21,21,21,21,21,21,21,21,21,21
450223,1,1,1989,0,0,0,0,0,0,0,0,0,0
450223,2,1,1989,0,0,0,0,0,0,0,0,0,0
450224,1,1,1989,5,0,0,0,0,0,0,6,0,0
450225,1,1,1989,0,0,0,0,0,0,0,0,0,0
450225,2,1,1989,8,0,0,0,0,0,0,0,0,0
450226,1,1,1989,22,22,22,22,22,22,22,22,22,22
450227,1,1,1989,0,0,0,0,0,0,0,0,0,0
450227,2,1,1989,0,0,0,0,0,0,0,0,0,0
450228,1,1,1989,0,0,0,0,0,0,0,0,0,0
450229,1,1,1989,0,0,0,0,0,0,0,0,0,0
450229,2,1,1989,0,0,0,0,0,0,0,0,0,0
450229,3,1,1989,0,0,0,0,0,0,0,0,0,0
450230,1,1,1989,0,0,0,0,0,0,0,0,0,0
450231,1,1,1989,0,0,0,0,0,0,0,0,0,0
450232,1,1,1989,26,26,26,26,26,26,26,26,26,26
450233,1,1,1989,0,0,0,0,0,27,0,0,0,0
450234,1,1,1989,0,0,0,0,0,0,0,0,0,0
450234,2,1,1989,0,0,11,10,0,17,0,0,0,0
450235,1,1,1989,10,0,0,0,0,0,0,0,0,0
450237,1,1,1989,10,10,10,10,10,10,10,10,10,10
450238,1,1,1989,0,0,0,0,0,0,0,0,0,14
450238,2,1,1989,0,0,0,0,0,0,17,0,0,0
450239,0,1,1989,10,21,0,14,28,0,30,20,0,0
450239,1,1,1989,0,0,9,3,7,0,0,6,0,0
450240,1,1,1989,6,6,6,6,6,6,6,6,6,6
450240,2,1,1989,0,0,0,0,0,0,0,0,0,0
450242,0,1,1989,0,0,0,0,0,0,0,0,0,0
450242,1,1,1989,0,19,0,12,0,0,0,0,0,0
450243,0,1,1989,0,0,0,0,0,0,0,0,0,0
450243,1,1,1989,17,0,10,0,5,0,0,0,0,0
450244,1,1,1989,0,0,0,0,0,0,0,0,0,0
450245,1,1,1989,0,0,0,18,0,0,0,12,0,0
450246,1,1,1989,16,0,0,15,0,0,20,0,0,0
450246,2,1,1989,6,20,17,0,0,0,9,14,0,15
450247,1,1,1989,0,0,0,0,0,0,0,0,0,0
450247,2,1,1989,0,0,0,0,0,0,0,0,0,0
450248,1,1,1989,0,0,0,0,0,0,0,0,0,0
450248,2,1,1989,6,0,0,0,0,0,0,0,0,0
450249,1,1,1989,21,21,21,21,21,21,21,21,21,21
450250,1,1,1989,18,18,18,18,18,18,18,18,18,18
450251,1,1,1989,17,0,13,13,0,0,0,18,14,5
450251,2,1,1989,14,8,30,0,19,0,0,30,0,0
450251,3,1,1989,0,0,0,0,0,0,0,0,0,0
450252,1,1,1989,21,21,21,21,21,21,21,21,21,21
450253,1,1,1989,0,0,0,0,0,0,0,0,0,0
450253,2,1,1989,0,0,0,0,0,0,26,0,0,0
450254,1,1,1989,0,0,0,0,0,0,0,0,0,0
450255,1,1,1989,0,0,0,0,0,0,0,0,0,0
450255,2,1,1989,9,12,0,14,14,0,23,0,2,0
450256,1,1,1989,14,24,6,14,27,29,31,15,28,8
450257,1,1,1989,10,10,10,10,10,10,10,10,10,10
450258,1,1,1989,17,24,12,25,10,25,0,18,10,28
450259,1,1,1989,0,0,0,0,0,0,0,0,0,0
450259,2,1,1989,0,0,12,25,0,0,0,25,21,11
450260,1,1,1989,0,0,0,0,5,0,0,0,0,0
450260,2,1,1989,0,0,0,0,0,0,0,0,0,0
450261,1,1,1989,0,0,0,26,0,0,0,0,0,13
450261,2,1,1989,0,0,0,0,0,0,0,0,0,0
450263,1,1,1989,0,0,0,0,0,0,0,30,27,0
450263,2,1,1989,0,14,0,12,0,0,8,0,14,0
450264,1,1,1989,0,0,0,0,0,0,0,0,0,0
450264,2,1,1989,0,0,0,0,0,0,0,0,0,0
450264,3,1,1989,0,0,0,0,0,0,0,0,0,0
450265,1,1,1989,0,0,0,0,0,0,0,0,0,0
450265,2,1,1989,14,14,14,14,14,14,14,14,14,14
450266,1,1,1989,13,13,13,13,13,13,13,13,13,13
450267,0,1,1989,23,23,23,23,23,23,23,23,23,23
450267,1,1,1989,11,13,25,0,7,20,35,0,28,0
450268,0,1,1989,7,0,0,32,23,10,21,14,28,17
450268,1,1,1989,7,20,17,0,20,0,20,17,0,0
450269,1,1,1989,0,0,0,0,0,0,0,0,0,0
450269,2,1,1989,0,0,17,0,0,0,0,16,22,0
450269,3,1,1989,0,0,0,0,0,0,0,0,19,0
450270,1,1,1989,18,18,18,18,18,18,18,18,18,18
450271,1,1,1989,0,0,0,0,0,0,0,0,0,0
450271,2,1,1989,0,0,0,0,0,0,0,0,0,0
450272,1,1,1989,0,15,19,18,28,9,0,11,15,11
450273,1,1,1989,23,23,23,23,23,23,23,23,23,23
450274,0,1,1989,0,0,0,0,0,0,0,0,0,0
450274,1,1,1989,0,0,0,0,0,0,11,0,0,0
450275,0,1,1989,0,0,0,0,0,0,0,0,0,0
450275,1,1,1989,0,0,0,0,0,0,0,0,0,0
450276,1,1,1989,16,16,16,16,16,16,16,16,16,16
450277,1,1,1989,0,0,0,0,0,0,0,0,0,0
450278,1,1,1989,17,0,11,11,0,24,0,0,0,0
450279,1,1,1989,11,11,11,11,11,11,11,11,11,11
450280,1,1,1989,0,0,0,0,0,0,0,0,0,0
450283,1,1,1989,0,0,0,0,0,0,0,0,0,0
450283,2,1,1989,11,11,11,11,11,11,11,11,11,11
450284,1,1,1989,14,14,14,14,14,14,14,14,14,14
450285,1,1,1989,0,25,0,0,0,0,0,0,0,0
450285,2,1,1989,0,0,0,0,0,0,0,0,0,0
450286,1,1,1989,0,0,0,0,0,0,0,0,0,0
450286,2,1,1989,35,15,0,0,0,0,0,0,0,0
450287,1,1,1989,0,0,0,0,0,0,0,0,0,0
450287,2,1,1989,0,0,0,0,0,0,0,0,0,0
450288,1,1,1989,15,19,0,19,0,17,0,21,0,0
450288,2,1,1989,13,0,0,0,7,0,0,0,0,0
450289,1,1,1989,0,0,0,0,0,0,0,0,0,0
450290,1,1,1989,8,8,8,8,8,8,8,8,8,8
450291,1,1,1989,8,8,8,8,8,8,8,8,8,8
450291,2,1,1989,0,0,0,0,0,0,0,0,0,0
450291,3,1,1989,7,0,0,0,0,0,0,12,0,0
450292,1,1,1989,0,0,0,33,20,0,9,0,0,11
450292,2,1,1989,24,24,24,24,24,24,24,24,24,24
450293,1,1,1989,3,3,3,3,3,3,3,3,3,3
450294,1,1,1989,0,0,12,0,0,0,0,0,0,0
450294,2,1,1989,21,0,0,0,20,0,0,0,0,0
450294,3,1,1989,0,0,0,0,0,6,0,0,0,0
450295,1,1,1989,0,16,28,12,34,0,17,0,26,23
450296,1,1,1989,13,13,13,13,13,13,13,13,13,13
450297,1,1,1989,0,0,0,0,16,0,0,0,0,0
450298,1,1,1989,10,12,0,20,20,23,24,24,0,0
450298,2,1,1989,0,0,0,0,0,0,0,0,0,0
450299,1,1,1989,0,0,0,0,0,0,0,0,0,0
450299,2,1,1989,0,0,0,0,0,0,0,0,0,0
450300,1,1,1989,22,22,22,22,22,22,22,22,22,22
450301,1,1,1989,25,18,16,12,37,0,21,38,9,16
450302,0,1,1989,0,0,0,0,0,0,0,0,0,0
450302,1,1,1989,0,0,0,0,0,0,0,0,0,0
450303,1,1,1989,19,23,18,0,0,0,19,19,41,35
450303,2,1,1989,0,0,0,0,0,0,0,0,0,0
450304,1,1,1989,0,13,14,18,11,0,27,0,28,14
450304,2,1,1989,18,0,0,0,0,0,0,0,0,10
450305,1,1,1989,0,0,0,0,0,0,0,0,0,0
450305,2,1,1989,18,18,18,18,18,18,18,18,18,18
450306,1,1,1989,6,6,6,6,6,6,6,6,6,6
450307,1,1,1989,18,0,4,0,0,28,0,0,0,0
450307,2,1,1989,0,0,0,0,0,0,0,0,0,2
450308,1,1,1989,0,0,0,0,0,0,0,0,0,0
450308,2,1,1989,0,0,0,0,0,0,0,0,0,0
450309,0,1,1989,0,0,0,14,0,0,0,0,0,0
450310,0,1,1989,5,5,5,5,5,5,5,5,5,5
450310,1,1,1989,17,7,29,0,0,0,0,27,31,0
450311,0,1,1989,27,27,27,27,27,27,27,27,27,27
450311,0,2,1989,23,5,28,8,3,13,13,0,5,0
450311,1,1,1989,22,22,22,22,22,22,22,22,22,22
450312,0,1,1989,0,0,0,0,0,0,0,0,0,0
450312,1,1,1989,0,0,0,0,12,0,17,17,0,0
450313,1,1,1989,0,0,0,0,0,0,0,0,0,0
450313,2,1,1989,0,0,0,0,0,0,0,0,0,0
450313,3,1,1989,0,0,0,0,0,0,0,0,0,0
450314,1,1,1989,0,0,0,0,0,0,0,0,0,0
450314,2,1,1989,10,10,10,10,10,10,10,10,10,10
450315,1,1,1989,0,0,0,0,0,0,0,0,0,0
450316,1,1,1989,31,7,17,0,28,12,19,20,4,21
450317,1,1,1989,0,0,0,0,0,0,0,0,0,0
450317,2,1,1989,0,0,0,0,0,0,0,0,0,0
450317,3,1,1989,0,11,6,0,14,0,0,0,0,0
450318,1,1,1989,0,0,0,0,0,0,0,0,0,0
450319,1,1,1989,0,18,0,31,0,0,25,25,0,16
450320,1,1,1989,0,0,0,0,0,0,0,0,0,0
450320,2,1,1989,0,0,0,22,0,0,0,0,22,0
450321,1,1,1989,0,0,0,0,0,0,0,0,0,0
450321,2,1,1989,0,25,0,0,0,0,0,0,11,4
450321,3,1,1989,0,0,0,0,0,0,0,0,0,0
450322,0,1,1989,0,0,0,0,0,0,0,0,0,0
450322,1,1,1989,0,0,0,0,0,0,0,0,0,0
450323,1,1,1989,0,0,0,0,0,0,0,0,0,0
450323,2,1,1989,0,0,0,0,0,24,0,0,0,0
450324,1,1,1989,27,27,27,27,27,27,27,27,27,27
450325,1,1,1989,12,12,12,12,12,12,12,12,12,12
450326,1,1,1989,13,13,13,13,13,13,13,13,13,13
450327,1,1,1989,0,0,0,0,0,0,0,0,0,0
450328,1,1,1989,27,27,27,27,27,27,27,27,27,27
450328,2,1,1989,0,0,0,0,0,0,0,0,0,0
450329,1,1,1989,0,0,0,0,0,0,0,0,0,0
450329,2,1,1989,0,0,0,0,0,0,0,0,0,0
450329,3,4,1989,0,0,0,0,0,0,0,0,0,0
450330,1,1,1989,0,0,0,0,0,0,0,0,0,0
450330,2,1,1989,12,0,0,0,0,0,0,0,0,0
450331,1,1,1989,0,0,0,0,0,0,0,0,0,0
450331,2,1,1989,0,0,0,0,0,0,0,0,0,0
450332,1,1,1989,0,0,0,0,0,0,0,0,0,0