ST_CASE,VEH_NO,PER_NO,YEAR,P1,P2,P3,P4,P5,P6,P7,P8,P9,P10
450635,1,1,1989,28,28,28,28,28,28,28,28,28,28
450635,2,1,1989,0,0,5,0,0,0,0,7,12,0
450636,1,1,1989,0,0,0,0,0,0,0,0,0,0
450637,1,1,1989,0,23,28,0,0,0,0,0,0,0
450638,0,1,1989,0,0,0,0,0,0,29,8,0,0
450638,1,1,1989,0,0,0,0,0,15,0,0,0,0
450639,1,1,1989,0,0,0,0,0,0,0,0,0,0
450639,2,1,1989,0,0,0,0,0,0,0,0,0,0
450640,1,1,1989,0,0,0,0,0,0,0,0,0,0
450642,0,1,1989,12,12,12,12,12,12,12,12,12,12
450642,1,1,1989,17,0,0,0,0,0,0,0,9,0
450643,1,1,1989,0,0,0,0,9,0,0,0,0,0
450643,2,1,1989,0,0,0,0,0,0,0,0,0,0
450644,1,1,1989,19,19,19,19,19,19,19,19,19,19
450644,2,1,1989,0,0,0,0,0,6,9,0,0,0
450645,1,1,1989,0,0,0,0,0,0,0,0,0,0
450646,1,1,1989,0,0,0,0,0,8,0,0,0,0
450646,2,1,1989,28,28,28,28,28,28,28,28,28,28
450647,1,1,1989,13,13,13,13,13,13,13,13,13,13
450648,1,1,1989,0,0,0,0,0,0,0,0,0,0
450649,1,1,1989,0,0,0,0,0,0,0,0,0,0
450650,1,1,1989,0,0,0,0,0,0,0,0,0,0
450651,1,1,1989,20,0,0,0,0,0,0,0,0,0
450651,2,1,1989,0,0,0,0,0,0,0,14,0,0
450652,1,1,1989,0,0,7,0,0,15,0,0,24,0
450654,1,1,1989,0,0,0,0,0,0,0,0,0,0
450654,2,1,1989,28,0,15,26,28,20,19,23,6,21
450655,1,1,1989,0,0,0,0,0,0,0,0,0,0
450656,1,1,1989,19,19,19,19,19,19,19,19,19,19
450657,1,1,1989,10,10,10,10,10,10,10,10,10,10
450657,2,1,1989,20,20,20,20,20,20,20,20,20,20
450659,1,1,1989,0,0,0,21,18,0,0,0,0,0
450660,0,1,1989,21,0,0,20,0,0,0,13,11,0
450660,1,1,1989,5,5,5,5,5,5,5,5,5,5
450661,1,1,1989,7,7,7,7,7,7,7,7,7,7
450662,1,1,1989,0,0,0,0,27,0,0,0,0,0
450663,0,1,1989,0,0,0,0,0,0,0,0,0,0
450663,1,1,1989,0,0,0,0,0,0,0,0,0,0
450665,0,1,1989,0,0,0,0,0,0,0,0,0,0
450665,1,1,1989,0,0,0,0,0,0,0,0,0,0
450667,1,1,1989,0,0,0,0,0,0,0,0,0,0
450668,1,1,1989,0,0,0,0,0,0,0,0,0,0
450668,2,1,1989,0,0,0,0,0,13,0,0,24,0
450669,1,1,1989,10,5,12,6,15,19,11,15,4,19
450670,1,1,1989,2,12,0,0,0,0,29,18,29,14
450670,2,1,1989,0,0,0,0,21,0,0,0,0,0
450671,1,1,1989,0,0,0,0,0,0,0,0,0,0
450673,1,1,1989,0,0,0,0,0,0,0,0,0,0
450673,2,1,1989,29,13,20,0,23,26,21,23,14,33
450674,1,1,1989,0,0,0,0,0,0,0,0,0,0
450674,2,1,1989,0,0,11,0,0,0,0,0,10,0
450675,0,1,1989,0,0,0,0,0,15,2,37,21,21
450675,1,1,1989,0,0,0,0,0,0,0,0,0,0
450676,1,1,1989,0,0,0,0,0,0,0,0,0,0
450676,2,1,1989,0,0,0,0,0,0,0,0,0,0
450677,1,1,1989,8,8,8,8,8,8,8,8,8,8
450678,1,1,1989,0,0,0,0,0,0,0,0,0,0
450678,2,1,1989,0,0,0,0,0,0,0,0,0,0
450679,1,1,1989,0,0,0,0,0,0,0,0,0,0
450680,1,1,1989,20,15,11,15,33,10,12,10,0,18
450681,0,1,1989,3,3,3,3,3,3,3,3,3,3
450681,1,1,1989,0,0,0,0,0,0,0,0,0,0
450682,1,1,1989,6,6,6,6,6,6,6,6,6,6
450682,2,1,1989,6,6,6,6,6,6,6,6,6,6
450683,1,1,1989,19,19,19,19,19,19,19,19,19,19
450684,0,1,1989,6,6,6,6,6,6,6,6,6,6
450684,1,1,1989,0,0,0,0,0,0,4,0,0,0
450685,1,1,1989,0,0,0,0,0,0,0,0,0,0
450685,2,1,1989,0,0,0,0,0,0,0,0,0,0
450686,1,1,1989,21,21,21,21,21,21,21,21,21,21
450687,1,1,1989,0,0,0,0,0,0,0,0,0,0
450688,0,1,1989,40,40,40,40,40,40,40,40,40,40
450688,1,1,1989,0,0,0,0,0,0,0,0,14,0
450689,1,1,1989,0,0,0,0,0,0,0,0,0,0
450689,2,1,1989,0,0,0,0,0,0,20,0,0,0
450690,1,1,1989,0,0,0,0,0,0,0,0,0,0
450690,2,1,1989,16,0,0,18,18,10,0,11,0,0
450692,1,1,1989,0,0,0,0,0,0,0,0,0,0
450693,1,1,1989,0,0,0,0,0,0,0,0,0,0
450694,1,1,1989,0,21,0,0,0,0,0,0,25,0
450694,2,1,1989,27,27,27,27,27,27,27,27,27,27
450695,1,1,1989,11,11,16,18,13,26,18,18,26,4
450697,0,1,1989,31,31,31,31,31,31,31,31,31,31
450697,1,1,1989,0,0,0,0,0,0,0,0,0,0
450698,1,1,1989,0,0,0,0,0,0,0,0,0,0
450698,2,1,1989,0,0,0,0,0,0,0,0,0,0
450700,1,1,1989,0,0,0,0,0,0,0,0,0,0
450700,2,1,1989,0,0,0,0,0,0,0,0,0,0
450701,1,1,1989,0,0,0,0,0,0,0,14,23,19
450701,2,1,1989,30,30,30,30,30,30,30,30,30,30
450702,0,1,1989,10,10,10,10,10,10,10,10,10,10
450702,1,1,1989,0,0,0,0,18,0,0,12,0,0
450703,1,1,1989,0,0,0,0,0,0,0,0,0,0
450704,1,1,1989,0,0,0,0,0,0,0,0,0,0
450705,1,1,1989,0,0,0,0,0,0,0,0,0,0
450705,2,1,1989,0,0,0,0,0,0,0,0,0,0
450706,1,1,1989,0,0,0,0,0,0,0,0,0,0
450706,2,1,1989,0,0,0,0,0,0,0,0,0,0
450707,1,1,1989,17,17,17,17,17,17,17,17,17,17
450708,1,1,1989,0,0,0,0,0,0,0,0,0,0
450709,1,1,1989,6,6,6,6,6,6,6,6,6,6
450710,1,1,1989,26,0,27,28,40,25,25,15,11,35
450711,0,1,1989,0,0,0,0,0,0,0,0,0,0
450711,1,1,1989,0,0,0,0,0,0,0,0,0,0
450712,1,1,1989,17,17,17,17,17,17,17,17,17,17
450712,2,1,1989,0,0,0,0,0,0,0,0,0,0
450713,1,1,1989,17,17,17,17,17,17,17,17,17,17
450714,1,1,1989,0,0,0,0,0,0,0,0,0,0
450715,1,1,1989,25,25,25,25,25,25,25,25,25,25
450715,2,1,1989,7,0,23,0,0,0,0,0,0,0
450716,1,1,1989,31,31,31,31,31,31,31,31,31,31
450717,1,1,1989,17,17,17,17,17,17,17,17,17,17
450718,1,1,1989,0,0,0,0,0,0,0,0,0,0
450719,1,1,1989,0,26,0,0,6,23,11,0,21,0
450720,1,1,1989,11,21,4,2,8,10,31,29,15,16
450721,1,1,1989,0,0,0,0,0,0,0,0,0,0
450722,1,1,1989,0,0,0,0,0,0,0,0,0,0
450722,2,1,1989,0,0,0,0,0,0,0,0,0,0
450723,1,1,1989,3,3,3,3,3,3,3,3,3,3
450724,1,1,1989,0,0,0,10,0,0,0,20,0,17
450724,2,1,1989,0,0,0,0,0,0,0,0,0,0
450725,0,1,1989,0,0,0,0,0,0,0,0,0,0
450725,1,1,1989,14,14,14,14,14,14,14,14,14,14
450726,1,1,1989,25,30,0,15,26,0,25,28,16,29
450727,0,1,1989,0,0,0,0,0,0,0,0,0,0
450727,1,1,1989,0,0,0,0,0,0,0,0,0,0
450728,1,1,1989,0,0,0,0,0,0,0,0,0,0
450728,2,1,1989,0,0,0,0,15,0,0,0,0,0
450729,1,1,1989,16,16,16,16,16,16,16,16,16,16
450730,1,1,1989,0,0,0,0,0,0,0,0,0,0
450730,2,1,1989,0,19,0,0,0,0,9,11,19,23
450731,0,1,1989,17,17,17,17,17,17,17,17,17,17
450731,1,1,1989,0,0,0,0,0,0,0,0,0,5
450733,1,1,1989,0,0,0,0,0,0,0,0,0,0
450733,2,1,1989,12,12,12,12,12,12,12,12,12,12
450734,1,1,1989,15,15,15,15,15,15,15,15,15,15
450734,2,1,1989,0,0,0,0,0,0,0,0,0,0
450735,1,1,1989,0,0,0,0,0,0,0,0,0,0
450736,1,1,1989,0,0,0,0,0,0,0,0,0,0
450736,2,1,1989,0,0,0,0,0,0,0,0,0,0
450737,1,1,1989,0,6,19,0,18,12,15,14,18,18
450738,1,1,1989,0,0,0,0,0,22,0,0,0,0
450739,1,1,1989,15,15,15,15,15,15,15,15,15,15
450739,2,1,1989,9,9,9,9,9,9,9,9,9,9
450740,0,1,1989,28,28,28,28,28,28,28,28,28,28
450740,1,1,1989,0,0,0,0,0,0,0,0,0,0
450742,1,1,1989,0,0,0,0,0,0,0,0,0,0
450742,2,1,1989,18,18,18,18,18,18,18,18,18,18
450743,0,1,1989,17,17,17,17,17,17,17,17,17,17
450743,1,1,1989,0,0,0,0,0,0,0,0,0,0
450745,1,1,1989,0,0,0,0,0,0,0,0,0,0
450745,2,1,1989,0,0,0,0,0,0,0,0,0,0
450746,1,1,1989,7,7,7,7,7,7,7,7,7,7
450747,0,1,1989,36,36,36,36,36,36,36,36,36,36
450747,1,1,1989,12,12,12,12,12,12,12,12,12,12
450748,1,1,1989,0,0,0,0,0,0,0,0,0,0
450749,1,1,1989,22,22,22,22,22,22,22,22,22,22
450750,1,2,1989,0,0,0,0,0,0,0,0,0,0
450750,2,1,1989,10,10,10,10,10,10,10,10,10,10
450751,1,1,1989,0,0,0,0,0,0,0,0,0,0
450751,2,1,1989,0,11,0,0,16,0,0,0,37,14
450753,0,1,1989,10,10,10,10,10,10,10,10,10,10
450753,1,1,1989,0,0,0,0,24,0,0,0,0,0
450754,1,1,1989,0,0,0,0,0,0,0,0,0,0
450754,2,1,1989,0,0,0,0,0,0,0,0,0,0
450755,1,1,1989,7,0,0,0,0,0,0,0,0,0
450755,2,1,1989,0,0,13,0,0,0,0,0,0,0
450755,3,1,1989,0,0,0,0,0,0,0,0,0,0
450756,1,1,1989,7,7,7,7,7,7,7,7,7,7
450757,0,1,1989,0,0,0,0,0,0,0,0,0,0
450757,1,1,1989,0,0,0,0,0,0,16,0,0,0
450758,1,1,1989,33,33,33,33,33,33,33,33,33,33
450759,1,1,1989,17,17,17,17,17,17,17,17,17,17
450759,2,1,1989,0,0,0,0,0,0,0,0,0,0
450760,1,1,1989,0,0,0,0,0,0,0,0,0,0
450760,2,1,1989,0,0,0,24,0,0,0,0,0,8
450760,3,1,1989,0,10,0,14,0,0,0,0,0,0
450761,1,1,1989,10,10,10,10,10,10,10,10,10,10
450762,1,1,1989,27,27,27,27,27,27,27,27,27,27
450763,1,1,1989,0,0,0,0,0,0,0,0,0,0
450763,2,1,1989,0,0,0,0,0,0,0,0,0,0
450765,1,1,1989,12,12,12,12,12,12,12,12,12,12
450766,0,1,1989,0,0,0,0,0,0,0,0,0,0
450766,1,1,1989,0,0,0,0,0,0,0,0,0,20
450767,1,1,1989,0,0,0,0,0,0,0,0,0,0
450768,1,1,1989,0,0,0,0,0,12,0,4,0,0
450768,2,1,1989,0,0,0,0,0,0,0,0,0,0
450770,1,1,1989,10,10,10,10,10,10,10,10,10,10
450771,1,1,1989,0,0,0,0,0,0,0,0,0,0
450771,2,1,1989,0,0,0,0,0,0,0,0,0,0
450772,0,1,1989,19,19,19,19,19,19,19,19,19,19
450772,1,2,1989,6,13,37,28,34,23,10,23,22,18
450773,1,1,1989,0,0,0,0,0,0,0,0,0,0
450773,2,1,1989,5,5,5,5,5,5,5,5,5,5
450775,1,1,1989,17,17,17,17,17,17,17,17,17,17
450776,1,1,1989,13,13,13,13,13,13,13,13,13,13
450777,1,1,1989,0,0,0,0,0,0,0,0,0,0
450777,2,1,1989,15,15,15,15,15,15,15,15,15,15
450778,1,1,1989,0,16,0,0,0,0,0,0,0,0
450778,2,1,1989,17,17,17,17,17,17,17,17,17,17
450779,1,1,1989,0,0,0,0,0,7,0,0,10,0
450779,2,1,1989,0,0,0,0,0,0,0,0,0,0
450780,1,1,1989,25,25,25,25,25,25,25,25,25,25
450780,2,1,1989,0,0,0,0,0,0,0,0,0,0
450780,3,1,1989,0,0,0,0,0,0,0,0,0,0
450781,1,1,1989,26,26,26,26,26,26,26,26,26,26
450782,1,1,1989,0,0,0,0,0,0,0,0,0,0
450782,2,1,1989,0,0,0,0,0,0,0,0,0,0
450783,1,1,1989,0,0,0,0,5,0,0,0,21,0
450784,1,1,1989,0,0,0,0,0,0,0,0,0,0
450785,1,1,1989,20,22,21,46,14,16,13,17,17,23
450786,0,1,1989,4,4,4,4,4,4,4,4,4,4
450786,0,2,1989,20,0,15,17,22,6,24,30,32,0
450786,1,1,1989,0,0,0,6,0,0,0,0,0,0
450787,0,1,1989,17,17,17,17,17,17,17,17,17,17
450787,1,1,1989,0,0,0,0,0,0,0,0,0,0
450788,1,1,1989,5,0,13,0,0,0,0,0,17,22
450789,1,1,1989,12,12,12,12,12,12,12,12,12,12
450790,1,1,1989,0,0,0,0,0,0,0,0,0,0
450790,2,1,1989,0,0,0,0,0,0,0,0,0,0
450791,1,1,1989,0,0,0,0,0,0,0,0,0,0
450791,2,1,1989,0,20,17,12,0,0,0,0,26,0
450791,3,1,1989,0,0,0,0,0,13,0,18,14,0
450791,4,1,1989,0,0,0,0,0,0,0,0,8,0
450791,5,1,1989,21,16,15,7,15,4,11,13,18,13
450792,1,1,1989,27,27,27,27,27,27,27,27,27,27
450793,1,1,1989,0,0,0,0,0,0,0,0,0,0
450793,2,1,1989,0,0,0,0,0,0,0,0,0,0
450793,3,1,1989,0,0,0,0,0,0,0,0,0,0
450793,4,1,1989,0,8,1,0,0,0,0,0,27,0
450794,1,1,1989,0,0,0,0,0,0,0,0,0,0
450794,2,1,1989,31,31,31,31,31,31,31,31,31,31
450796,0,1,1989,0,0,0,0,0,0,0,0,0,0
450796,1,1,1989,0,0,0,0,0,0,9,0,0,0
450797,1,1,1989,0,0,0,0,0,0,0,0,0,0
450797,2,1,1989,0,0,0,0,0,0,0,0,0,0
450798,1,1,1989,0,0,0,0,0,0,0,0,0,0
450798,2,1,1989,6,6,6,6,6,6,6,6,6,6
450799,1,1,1989,0,0,0,0,0,0,0,0,0,0
450799,2,1,1989,0,0,0,0,0,0,0,0,0,0
450800,1,1,1989,19,19,19,19,19,19,19,19,19,19
450801,1,1,1989,10,10,10,10,10,10,10,10,10,10
450801,2,1,1989,9,0,0,0,0,0,0,0,15,0
450802,0,1,1989,0,0,0,0,0,0,0,0,0,0
450802,1,1,1989,0,0,0,0,0,0,0,0,0,0
450803,1,1,1989,15,15,15,15,15,15,15,15,15,15
450804,1,1,1989,0,0,0,0,0,0,0,0,0,0
450804,2,1,1989,0,0,0,0,0,0,0,0,0,0
450806,1,1,1989,0,0,0,0,0,0,0,0,0,0
450807,1,1,1989,0,0,0,0,0,0,0,0,0,0
450807,2,1,1989,0,0,0,0,0,0,0,0,0,0
450808,1,1,1989,0,0,0,0,0,0,0,0,0,0
450809,1,1,1989,0,0,0,0,0,0,0,0,0,0
450809,2,1,1989,0,0,0,20,0,0,0,0,18,8
450810,1,1,1989,0,0,0,0,0,0,0,0,0,0
450810,2,1,1989,0,0,0,0,14,0,0,0,0,0
450811,1,1,1989,17,17,17,17,17,17,17,17,17,17
450812,1,1,1989,7,7,7,7,7,7,7,7,7,7
450812,2,1,1989,0,26,0,24,0,0,0,7,0,0
450813,1,1,1989,12,12,12,12,12,12,12,12,12,12
450814,0,1,1989,15,15,15,15,15,15,15,15,15,15
450814,1,1,1989,0,0,0,0,0,3,0,0,0,0
450815,1,1,1989,0,23,0,22,0,16,0,20,15,0
450815,2,1,1989,11,0,0,0,12,17,0,21,15,0
450816,1,1,1989,0,0,0,0,0,0,0,0,0,0
450816,2,1,1989,0,0,19,0,13,0,9,0,0,17
450817,1,1,1989,28,28,28,28,28,28,28,28,28,28
450818,1,1,1989,0,0,0,0,0,0,0,0,0,0
450819,1,1,1989,0,0,0,0,0,0,0,0,0,0
450819,2,1,1989,0,0,0,0,0,0,0,0,0,0
450820,0,1,1989,35,35,35,35,35,35,35,35,35,35
450820,1,1,1989,14,0,0,0,0,0,0,0,0,0
450821,1,1,1989,0,0,0,0,0,0,0,0,0,0
450821,2,1,1989,0,0,0,0,0,9,0,0,0,0
450821,3,1,1989,0,0,0,0,0,0,0,0,0,0
450822,0,1,1989,1,1,1,1,1,1,1,1,1,1
450822,1,1,1989,0,0,0,0,0,0,0,0,0,0
450823,1,1,1989,10,10,10,10,10,10,10,10,10,10
450824,1,1,1989,0,0,0,0,0,0,0,0,0,0
450825,1,1,1989,31,27,24,0,0,23,36,31,30,0
450826,1,1,1989,7,7,7,7,7,7,7,7,7,7
450827,1,1,1989,8,8,8,8,8,8,8,8,8,8
450827,2,1,1989,6,6,6,6,6,6,6,6,6,6
450828,1,1,1989,0,0,0,0,0,0,0,0,0,0
450828,2,1,1989,0,0,23,0,0,8,0,0,0,4
450828,3,1,1989,0,0,0,6,0,0,0,0,0,19
450829,0,1,1989,0,0,0,0,0,0,0,0,0,0
450829,1,1,1989,0,0,0,0,0,0,0,0,0,0
450829,2,1,1989,0,0,0,0,11,0,0,0,17,0
450830,1,1,1989,0,0,0,0,0,0,0,0,0,0
450831,1,2,1989,0,0,0,0,0,0,0,0,0,0
450831,2,1,1989,0,0,0,0,0,0,0,0,0,0
450832,1,1,1989,0,0,0,0,0,0,0,30,0,0
450832,2,1,1989,0,0,0,0,0,0,15,16,0,9
450833,1,1,1989,12,12,12,12,12,12,12,12,12,12
450834,1,1,1989,0,0,0,0,0,0,0,0,0,0
450836,1,1,1989,0,0,0,0,0,0,0,0,0,0
450836,2,1,1989,34,34,34,34,34,34,34,34,34,34
450837,0,1,1989,0,0,0,0,0,0,0,0,0,0
450837,1,1,1989,11,11,11,11,11,11,11,11,11,11
450837,2,1,1989,0,0,0,0,0,0,0,0,0,0
450838,1,1,1989,0,0,0,0,0,0,0,0,0,0
450838,2,1,1989,0,0,0,0,0,0,4,0,0,0
450839,1,1,1989,7,7,7,7,7,7,7,7,7,7
450840,1,1,1989,23,0,14,0,0,0,0,0,0,0
450841,0,1,1989,0,0,0,0,0,0,0,0,0,0
450841,1,1,1989,0,0,0,0,0,0,0,0,0,0
450842,1,1,1989,22,22,22,22,22,22,22,22,22,22
450843,1,1,1989,31,31,31,31,31,31,31,31,31,31
450844,1,1,1989,27,27,27,27,27,27,27,27,27,27
450845,1,1,1989,0,0,0,0,11,0,0,0,18,0
450845,2,1,1989,0,0,0,0,0,0,0,0,0,0
450846,1,1,1989,0,0,0,0,0,0,0,0,0,0
450846,2,1,1989,0,0,0,0,0,0,0,13,0,0
450846,3,1,1989,0,0,0,31,0,28,0,0,0,0
450847,1,1,1989,0,0,0,0,0,0,0,0,0,0
450847,2,1,1989,0,0,0,0,0,0,0,0,0,0
450848,1,1,1989,36,36,36,36,36,36,36,36,36,36
450849,0,1,1989,7,7,7,7,7,7,7,7,7,7
450849,1,1,1989,0,0,0,0,0,0,0,0,0,0
450850,1,1,1989,12,12,12,12,12,12,12,12,12,12
450851,1,1,1989,0,0,0,0,0,0,0,0,0,0
450851,2,1,1989,0,0,18,0,0,0,0,0,0,10
450852,0,3,1989,0,0,0,0,0,0,0,0,0,0
450852,0,4,1989,0,0,0,0,0,0,0,0,0,0
450852,1,1,1989,0,0,23,12,0,0,12,18,2,0
450853,1,1,1989,9,9,9,9,9,9,9,9,9,9
450854,1,1,1989,0,0,0,0,0,0,0,0,0,0
450854,2,1,1989,0,0,0,0,0,0,0,0,0,0
450855,1,1,1989,0,0,0,0,0,0,0,0,0,0
450856,1,1,1989,0,0,0,0,0,0,0,0,0,0
450856,2,1,1989,0,0,0,0,0,0,0,0,0,0
450857,1,1,1989,0,0,0,0,0,0,0,0,0,0
450857,2,1,1989,22,22,22,22,22,22,22,22,22,22
450858,1,1,1989,10,10,10,10,10,10,10,10,10,10
450859,1,1,1989,0,0,0,0,0,0,0,0,0,0
450860,1,1,1989,0,0,15,4,0,0,0,0,0,0
450860,2,1,1989,31,31,31,31,31,31,31,31,31,31
450861,1,1,1989,0,0,0,0,0,0,0,0,0,0
450862,1,1,1989,0,0,0,0,0,0,0,0,0,0
450863,1,1,1989,24,0,10,12,20,28,13,0,10,0
450864,1,1,1989,0,0,0,0,0,0,0,0,0,0
450864,2,1,1989,0,0,0,0,0,0,0,0,0,0
450865,1,1,1989,0,0,0,0,0,0,0,0,0,0
450866,1,1,1989,0,0,0,0,0,0,0,0,0,0
450866,2,1,1989,0,0,0,0,0,0,11,0,0,0
450867,1,1,1989,0,0,0,0,0,0,0,0,0,0
450867,2,1,1989,0,0,0,0,0,0,0,0,0,0
450868,1,1,1989,0,0,0,0,0,0,0,0,0,0
450868,2,1,1989,7,7,7,7,7,7,7,7,7,7
450869,1,1,1989,10,10,10,10,10,10,10,10,10,10
450869,2,1,1989,12,0,0,20,0,0,0,0,0,0
450870,0,1,1989,0,0,0,0,0,0,0,0,0,0
450870,1,1,1989,0,0,0,15,0,0,0,8,0,0
450871,1,1,1989,0,0,0,0,0,0,0,0,0,0
450871,2,1,1989,0,0,0,0,0,0,0,0,0,0
450872,0,1,1989,9,9,9,9,9,9,9,9,9,9
450872,1,1,1989,0,0,0,0,0,12,10,0,0,0
450873,1,1,1989,0,0,0,0,0,0,0,0,0,0
450873,2,1,1989,0,0,0,0,0,0,0,0,0,0
450874,0,1,1989,9,9,9,9,9,9,9,9,9,9
450874,1,1,1989,0,0,0,0,0,0,0,0,0,0
450875,1,1,1989,0,0,0,13,0,0,0,0,0,0
450876,1,1,1989,2,2,2,2,2,2,2,2,2,2
450877,0,1,1989,4,4,4,4,4,4,4,4,4,4
450877,1,1,1989,6,0,0,0,13,0,0,0,0,22
450878,1,1,1989,5,5,5,5,5,5,5,5,5,5
450879,0,1,1989,20,20,20,20,20,20,20,20,20,20
450879,1,1,1989,0,0,0,0,13,0,0,12,21,25
450880,1,1,1989,0,0,0,0,0,0,0,0,0,0
450880,2,1,1989,0,0,0,0,0,0,0,0,0,0
450881,1,1,1989,12,12,12,12,12,12,12,12,12,12
450882,1,1,1989,6,6,6,6,6,6,6,6,6,6
450883,1,1,1989,0,0,0,0,0,0,0,0,0,0
450883,2,1,1989,0,11,0,21,4,0,20,0,27,7
450884,1,1,1989,3,3,3,3,3,3,3,3,3,3
450889,1,1,1989,0,0,0,0,0,0,0,0,0,0
450889,2,1,1989,0,0,0,0,0,0,0,0,0,0
450889,3,1,1989,0,0,0,0,0,0,0,0,0,0
450890,1,1,1989,17,11,0,0,0,16,0,17,0,0
450892,1,1,1989,0,0,0,0,0,0,0,0,0,0
450892,2,1,1989,0,11,10,0,0,0,0,20,17,23
450894,1,1,1989,0,0,0,0,0,0,0,0,0,0
450894,2,1,1989,11,11,11,11,11,11,11,11,11,11
450895,1,1,1989,10,10,10,10,10,10,10,10,10,10
450895,2,1,1989,10,0,0,0,11,0,0,0,0,0
450896,1,1,1989,0,0,0,0,12,22,0,0,0,0
450896,2,1,1989,0,3,0,0,0,5,0,0,0,0
450896,3,1,1989,0,0,0,0,0,0,8,0,0,0
450897,1,1,1989,0,0,0,0,0,0,0,0,0,0
450897,2,1,1989,0,0,0,0,0,0,0,0,0,0
450898,1,1,1989,0,0,21,30,23,18,23,26,28,27
450898,2,1,1989,0,15,0,0,0,0,0,0,0,0
450899,1,1,1989,0,0,0,0,0,0,0,0,0,0
450899,2,1,1989,0,0,0,0,0,0,0,0,0,0
450900,1,1,1989,0,0,0,0,0,0,0,0,0,0
450901,1,1,1989,0,0,0,0,0,0,0,0,0,0
450901,2,1,1989,0,0,0,0,0,0,0,0,0,0
450902,1,1,1989,24,0,0,0,0,0,19,0,0,0
450902,2,1,1989,0,0,0,0,0,0,0,0,0,0
450903,1,1,1989,18,0,21,0,31,3,19,0,0,20
450904,1,1,1989,20,0,20,9,0,21,11,11,0,0
450905,0,1,1989,7,7,7,7,7,7,7,7,7,7
450905,1,1,1989,0,0,4,0,0,0,0,0,0,0
450906,1,1,1989,8,8,8,8,8,8,8,8,8,8
450907,0,1,1989,0,0,0,0,0,0,0,0,0,0
450907,0,2,1989,0,0,0,0,0,0,0,0,0,0
450907,1,1,1989,0,0,0,0,0,0,0,0,0,0
450908,1,1,1989,20,20,20,20,20,20,20,20,20,20
450909,1,1,1989,0,0,0,0,0,0,0,0,0,0
450909,2,1,1989,15,15,15,15,15,15,15,15,15,15
450910,1,1,1989,0,0,0,0,0,0,0,0,0,0
450911,1,1,1989,0,0,0,0,0,9,0,0,0,0
450911,2,1,1989,12,12,12,12,12,12,12,12,12,12
450912,0,1,1989,0,0,0,0,0,0,0,0,0,0
450912,1,1,1989,10,10,10,10,10,10,10,10,10,10
450913,1,1,1989,0,0,15,0,0,0,0,0,0,0
450913,2,1,1989,0,0,0,0,0,0,0,0,0,0
450914,1,1,1989,0,0,0,0,0,0,0,0,0,0
450914,2,1,1989,0,0,0,0,8,0,0,0,0,20
450915,1,1,1989,0,0,0,0,0,0,0,0,49,0
450916,1,1,1989,3,20,0,0,22,18,7,0,13,9
450918,1,1,1989,16,16,16,16,16,16,16,16,16,16
450919,1,1,1989,0,0,0,0,0,0,0,0,0,0
450920,1,1,1989,0,0,0,0,22,11,0,19,0,0
450920,2,1,1989,0,28,25,0,0,0,0,0,0,0
450920,3,1,1989,10,0,0,0,9,0,0,4,0,0
450921,1,1,1989,13,18,0,0,23,0,19,20,0,18
450922,1,1,1989,0,0,0,0,0,0,15,18,13,0
450923,1,1,1989,0,0,0,0,0,0,14,0,0,0
450924,1,1,1989,33,30,39,0,21,35,24,0,17,7
450925,1,1,1989,16,18,22,0,0,16,21,0,13,9
450926,1,1,1989,17,0,30,34,5,0,8,0,0,0
450929,1,1,1989,27,27,27,27,27,27,27,27,27,27
450930,1,1,1989,0,20,6,10,15,24,3,29,15,15
450931,1,1,1989,0,0,0,0,21,0,0,0,0,0
450932,1,1,1989,0,0,0,0,0,0,0,0,0,0
450933,1,1,1989,26,22,32,17,13,4,14,24,11,16
450933,2,1,1989,0,0,0,0,0,0,0,0,0,0
450934,1,1,1989,11,0,0,22,0,0,0,0,0,0
450934,2,1,1989,0,0,23,4,0,0,0,10,0,0
450935,1,1,1989,0,17,0,0,0,0,0,0,0,0
450937,1,1,1989,0,0,11,17,39,0,0,11,0,20
450938,1,1,1989,12,12,12,12,12,12,12,12,12,12
450938,2,1,1989,17,17,17,17,17,17,17,17,17,17
450939,1,1,1989,12,0,0,0,0,0,0,0,36,10
450939,2,1,1989,0,0,19,0,0,0,5,0,0,0
450941,1,1,1989,6,6,6,6,6,6,6,6,6,6
450942,1,1,1989,26,0,0,12,19,22,0,33,21,0
450943,1,1,1989,0,0,0,0,0,0,0,0,0,0
450943,2,1,1989,0,15,0,0,10,18,0,0,15,0
450946,0,1,1989,0,0,0,0,0,0,0,0,0,0
450946,1,1,1989,22,18,29,15,2,8,0,19,0,0
450947,1,1,1989,14,18,0,28,6,17,32,17,15,14
450948,1,1,1989,0,0,21,12,21,25,30,14,0,0
450949,1,1,1989,8,8,8,8,8,8,8,8,8,8
450950,1,1,1989,0,0,0,0,0,0,0,0,0,12
450951,1,1,1989,0,0,0,0,0,0,0,0,0,0
450952,1,1,1989,11,0,0,0,11,26,0,0,0,15