ST_CASE,VEH_NO,PER_NO,YEAR,P1,P2,P3,P4,P5,P6,P7,P8,P9,P10
450954,1,1,1989,3,0,22,0,5,28,13,0,22,0
450955,1,1,1989,0,0,0,0,0,0,0,0,0,0
450955,2,1,1989,0,0,0,0,0,0,0,0,0,0
450956,1,1,1989,0,0,0,0,0,13,0,0,0,15
450959,1,1,1989,8,8,8,8,8,8,8,8,8,8
450963,1,1,1989,0,0,0,0,0,0,0,0,0,0
450963,2,1,1989,0,0,0,0,0,0,28,0,0,0
450964,1,1,1989,0,0,0,0,0,0,0,0,0,0
460001,1,1,1989,22,22,22,22,22,22,22,22,22,22
460002,1,1,1989,11,11,11,11,11,11,11,11,11,11
460003,1,1,1989,0,0,0,0,0,0,0,0,0,0
460004,1,1,1989,0,0,0,0,0,0,0,0,0,0
460004,2,1,1989,25,0,0,0,0,0,13,0,0,0
460005,1,1,1989,0,0,0,0,0,0,0,0,0,0
460006,1,1,1989,0,0,0,0,0,0,0,0,0,0
460006,2,1,1989,0,0,0,0,0,0,0,0,0,0
460007,1,1,1989,18,18,18,18,18,18,18,18,18,18
460008,1,1,1989,30,30,30,30,30,30,30,30,30,30
460009,1,1,1989,9,9,9,9,9,9,9,9,9,9
460010,1,1,1989,25,25,25,25,25,25,25,25,25,25
460012,1,1,1989,10,10,10,10,10,10,10,10,10,10
460013,1,1,1989,0,0,0,0,0,0,0,0,0,0
460013,2,1,1989,0,0,0,0,0,0,0,0,0,0
460014,1,1,1989,0,0,0,0,0,0,0,0,0,0
460014,2,1,1989,0,0,0,0,0,0,0,0,0,0
460015,1,1,1989,0,0,0,0,0,0,0,0,0,0
460015,2,1,1989,0,0,0,0,0,0,0,0,0,0
460016,1,1,1989,0,0,0,0,0,0,0,0,0,0
460017,1,1,1989,9,9,9,9,9,9,9,9,9,9
460018,1,1,1989,0,0,0,0,0,0,0,0,0,0
460019,1,1,1989,22,22,22,22,22,22,22,22,22,22
460019,2,1,1989,0,0,0,0,0,0,0,0,0,0
460020,0,1,1989,0,0,0,0,0,0,0,0,0,0
460020,0,2,1989,0,0,0,0,0,0,0,0,0,0
460020,1,1,1989,19,19,19,19,19,19,19,19,19,19
460021,1,1,1989,0,0,0,0,0,0,0,0,0,0
460021,2,1,1989,0,0,0,0,0,0,0,0,0,0
460022,1,1,1989,0,0,0,0,0,0,0,0,0,0
460022,2,1,1989,0,0,0,0,0,0,0,0,0,0
460023,1,1,1989,19,19,19,19,19,19,19,19,19,19
460023,2,1,1989,0,0,0,0,0,0,0,0,0,0
460024,1,1,1989,0,0,0,0,0,0,0,0,0,0
460024,2,1,1989,0,0,0,0,0,0,0,0,0,0
460025,1,1,1989,0,0,0,0,0,0,0,0,0,7
460025,2,1,1989,0,0,0,0,0,0,0,0,0,0
460026,1,1,1989,0,0,0,0,0,0,0,0,0,0
460026,2,1,1989,0,0,0,0,0,0,0,26,0,0
460027,1,1,1989,20,20,20,20,20,20,20,20,20,20
460027,2,1,1989,6,6,6,6,6,6,6,6,6,6
460028,1,1,1989,14,14,14,14,14,14,14,14,14,14
460028,2,1,1989,0,0,0,0,0,0,0,0,0,0
460029,1,1,1989,15,15,15,15,15,15,15,15,15,15
460030,1,1,1989,0,0,0,0,0,0,0,0,0,0
460031,1,1,1989,11,11,11,11,11,11,11,11,11,11
460032,1,1,1989,0,0,0,0,0,0,0,0,0,0
460033,1,1,1989,30,30,30,30,30,30,30,30,30,30
460034,1,1,1989,7,7,7,7,7,7,7,7,7,7
460035,1,1,1989,13,13,13,13,13,13,13,13,13,13
460036,1,1,1989,15,15,15,15,15,15,15,15,15,15
460037,1,1,1989,0,14,0,0,0,0,32,0,0,0
460038,1,1,1989,16,16,16,16,16,16,16,16,16,16
460039,1,1,1989,28,28,28,28,28,28,28,28,28,28
460040,1,1,1989,30,30,30,30,30,30,30,30,30,30
460041,1,1,1989,0,0,0,0,0,0,0,0,0,0
460041,2,1,1989,9,9,9,9,9,9,9,9,9,9
460042,0,1,1989,0,0,0,0,0,0,0,0,0,0
460042,1,1,1989,0,0,0,0,0,0,0,0,0,0
460043,1,1,1989,15,15,15,15,15,15,15,15,15,15
460044,1,1,1989,0,0,0,0,0,0,0,0,0,0
460045,1,1,1989,0,0,0,0,0,0,0,0,0,0
460045,2,1,1989,0,0,0,0,0,0,0,0,0,0
460046,1,1,1989,30,30,30,30,30,30,30,30,30,30
460047,1,1,1989,23,23,23,23,23,23,23,23,23,23
460048,1,1,1989,0,0,3,0,0,0,0,0,0,21
460048,2,1,1989,26,0,0,0,0,0,0,0,0,0
460049,1,1,1989,0,0,0,0,0,0,0,0,0,0
460049,2,1,1989,6,6,6,6,6,6,6,6,6,6
460050,1,1,1989,17,17,17,17,17,17,17,17,17,17
460051,1,1,1989,0,0,0,0,0,0,0,0,7,0
460052,1,1,1989,27,27,27,27,27,27,27,27,27,27
460052,2,1,1989,0,0,0,0,0,0,0,0,0,0
460053,1,1,1989,17,17,17,17,17,17,17,17,17,17
460054,1,1,1989,0,0,0,0,0,0,0,0,0,0
460054,2,1,1989,0,0,0,0,0,0,0,0,0,0
460055,1,1,1989,0,0,0,0,0,0,0,0,0,0
460055,2,1,1989,0,0,0,0,0,0,0,0,0,0
460056,1,1,1989,2,2,2,2,2,2,2,2,2,2
460057,1,1,1989,0,0,0,0,0,0,0,0,0,0
460057,2,1,1989,0,0,0,0,0,0,0,0,0,0
460057,3,1,1989,0,0,0,0,0,0,0,0,0,0
460057,4,1,1989,0,0,0,0,0,0,0,0,0,0
460058,1,1,1989,0,0,0,0,0,0,0,0,0,0
460058,2,1,1989,0,0,0,0,0,0,0,0,0,0
460059,1,1,1989,18,18,18,18,18,18,18,18,18,18
460059,2,1,1989,15,15,15,15,15,15,15,15,15,15
460060,1,1,1989,4,4,4,4,4,4,4,4,4,4
460061,0,1,1989,0,0,0,0,0,0,0,0,0,0
460061,1,1,1989,0,0,0,0,0,0,0,0,0,0
460062,1,1,1989,0,0,0,0,0,0,0,0,0,0
460062,2,1,1989,14,14,14,14,14,14,14,14,14,14
460064,1,1,1989,0,0,0,0,0,0,0,0,0,0
460064,2,1,1989,0,0,0,0,0,0,0,0,0,0
460065,1,1,1989,0,0,0,0,0,0,0,0,0,0
460065,2,1,1989,0,0,0,0,0,0,0,0,0,0
460066,1,1,1989,17,17,17,17,17,17,17,17,17,17
460067,1,1,1989,22,22,22,22,22,22,22,22,22,22
460068,1,1,1989,0,0,0,0,0,0,0,0,0,0
460069,1,1,1989,0,0,0,0,0,0,0,0,0,0
460070,0,1,1989,19,19,19,19,19,19,19,19,19,19
460070,1,1,1989,2,2,2,2,2,2,2,2,2,2
460071,1,1,1989,24,24,24,24,24,24,24,24,24,24
460072,1,1,1989,15,15,15,15,15,15,15,15,15,15
460073,1,1,1989,0,0,0,0,0,0,0,0,0,0
460073,2,1,1989,0,0,0,0,0,0,0,0,0,0
460074,1,1,1989,22,22,22,22,22,22,22,22,22,22
460075,1,1,1989,21,0,0,15,0,26,15,0,22,0
460075,2,1,1989,0,0,0,36,0,0,0,10,0,0
460076,1,1,1989,0,0,0,0,0,0,0,0,0,0
460077,0,1,1989,17,17,17,17,17,17,17,17,17,17
460077,1,1,1989,0,0,0,0,0,0,0,0,0,0
460078,1,1,1989,16,16,16,16,16,16,16,16,16,16
460079,1,1,1989,0,0,0,0,0,0,0,0,0,0
460080,1,1,1989,0,0,0,0,0,0,0,0,0,0
460080,2,1,1989,0,0,0,0,0,0,0,0,0,0
460081,1,1,1989,0,0,0,0,0,0,0,0,0,0
460081,2,1,1989,0,0,0,0,0,0,0,0,16,0
460082,1,1,1989,0,0,0,0,0,0,0,0,0,0
460082,2,1,1989,4,4,4,4,4,4,4,4,4,4
460083,1,1,1989,0,0,0,0,0,0,0,0,0,0
460085,1,1,1989,0,0,0,0,0,0,0,0,0,0
460085,2,1,1989,0,0,0,0,0,0,0,0,0,0
460086,1,1,1989,0,0,0,0,0,0,0,0,0,0
460086,2,1,1989,0,0,0,0,0,0,0,0,0,0
460087,1,1,1989,0,0,18,0,28,0,0,0,0,0
460088,1,1,1989,0,0,0,0,0,0,0,0,0,0
460088,2,1,1989,0,0,0,0,0,0,0,0,0,0
460089,1,1,1989,15,15,15,15,15,15,15,15,15,15
460090,1,1,1989,0,0,0,0,0,0,0,0,0,0
460091,1,1,1989,10,10,10,10,10,10,10,10,10,10
460092,1,1,1989,31,31,31,31,31,31,31,31,31,31
460093,1,1,1989,0,0,0,0,0,0,0,0,0,0
460094,1,1,1989,0,0,0,0,0,0,0,0,0,0
460095,1,1,1989,0,0,0,0,0,0,0,0,0,0
460095,2,1,1989,0,0,0,0,0,0,0,0,0,0
460096,1,1,1989,20,20,20,20,20,20,20,20,20,20
460097,1,1,1989,13,13,13,13,13,13,13,13,13,13
460098,1,1,1989,10,10,10,10,10,10,10,10,10,10
460099,1,1,1989,10,10,10,10,10,10,10,10,10,10
460100,1,1,1989,10,10,10,10,10,10,10,10,10,10
460101,1,1,1989,0,0,0,0,0,0,0,0,0,0
460102,1,1,1989,0,0,0,0,0,0,0,0,0,0
460102,2,1,1989,0,0,0,0,0,0,0,0,0,0
460103,1,1,1989,0,0,0,0,0,0,0,0,0,0
460103,2,1,1989,7,7,7,7,7,7,7,7,7,7
460104,1,1,1989,17,17,17,17,17,17,17,17,17,17
460105,1,1,1989,27,27,27,27,27,27,27,27,27,27
460106,1,1,1989,23,23,23,23,23,23,23,23,23,23
460107,0,1,1989,0,8,0,0,21,0,0,0,57,0
460107,1,1,1989,0,0,0,0,0,0,0,0,0,0
460108,1,1,1989,34,34,34,34,34,34,34,34,34,34
460109,1,1,1989,13,13,13,13,13,13,13,13,13,13
460110,1,1,1989,13,13,13,13,13,13,13,13,13,13
460110,2,1,1989,0,0,0,0,0,0,0,0,0,0
460111,1,1,1989,16,16,16,16,16,16,16,16,16,16
460112,1,1,1989,0,0,0,0,0,0,0,0,0,0
460112,2,1,1989,0,0,0,0,0,0,0,0,0,0
460113,1,1,1989,0,0,0,0,0,0,0,0,0,0
460113,2,1,1989,0,0,0,0,0,0,0,0,0,0
460114,1,1,1989,31,20,25,12,22,23,0,0,24,27
460115,1,1,1989,16,16,16,16,16,16,16,16,16,16
460115,2,1,1989,0,0,0,0,0,0,0,0,0,0
460116,1,1,1989,15,15,15,15,15,15,15,15,15,15
460117,1,1,1989,21,21,21,21,21,21,21,21,21,21
460118,0,1,1989,31,31,31,31,31,31,31,31,31,31
460118,1,1,1989,18,18,18,18,18,18,18,18,18,18
460119,1,1,1989,0,0,0,0,0,0,0,0,0,0
460119,2,1,1989,0,0,0,0,0,0,0,0,0,0
460120,1,1,1989,0,0,0,0,0,0,0,18,0,0
460120,2,1,1989,0,0,0,0,0,0,0,0,0,0
460121,1,1,1989,0,0,0,0,0,0,0,0,0,0
460122,1,1,1989,11,11,11,11,11,11,11,11,11,11
460123,1,1,1989,17,17,17,17,17,17,17,17,17,17
460124,1,1,1989,0,0,0,0,0,0,0,0,0,0
460124,2,1,1989,0,0,0,0,0,0,0,0,0,0
460125,1,1,1989,0,0,0,0,0,0,0,0,0,0
460125,2,1,1989,15,15,15,15,15,15,15,15,15,15
460126,1,1,1989,7,7,7,7,7,7,7,7,7,7
460127,1,1,1989,16,16,16,16,16,16,16,16,16,16
460128,1,1,1989,17,17,17,17,17,17,17,17,17,17
460128,2,1,1989,0,0,0,0,0,0,0,0,0,0
460129,0,1,1989,14,14,14,14,14,14,14,14,14,14
460129,1,1,1989,0,0,0,0,0,0,0,0,0,0
460131,1,1,1989,0,0,0,0,0,0,0,0,0,0
460131,2,1,1989,0,0,0,0,0,0,0,0,0,0
460132,1,1,1989,0,0,0,0,0,0,0,0,0,0
460132,2,1,1989,0,0,0,0,0,0,0,0,0,0
460132,3,1,1989,0,0,0,0,0,0,0,0,0,0
460133,1,1,1989,0,0,0,0,0,0,0,0,0,0
460134,0,1,1989,0,0,0,0,0,0,0,0,0,0
460134,1,1,1989,0,0,0,0,0,0,3,0,0,0
460135,0,1,1989,9,0,0,0,0,0,0,15,18,0
460135,0,2,1989,0,0,0,0,0,0,0,0,0,0
460135,1,1,1989,0,0,0,0,0,0,0,0,0,0
460136,0,1,1989,0,0,0,0,0,0,0,0,0,0
460136,1,1,1989,0,0,0,0,0,0,0,0,0,0
460137,1,1,1989,0,0,0,0,0,0,0,0,0,0
460138,1,1,1989,0,0,0,0,0,0,32,0,0,0
470001,1,1,1989,33,33,33,33,33,33,33,33,33,33
470001,2,1,1989,0,0,0,0,0,0,0,0,0,0
470002,1,1,1989,0,0,0,0,0,0,0,0,0,0
470002,2,1,1989,0,0,0,0,0,0,0,0,0,0
470002,3,1,1989,21,21,21,21,21,21,21,21,21,21
470003,1,1,1989,20,20,20,20,20,20,20,20,20,20
470003,2,1,1989,0,0,0,0,0,0,0,0,0,0
470004,1,1,1989,19,19,19,19,19,19,19,19,19,19
470004,2,1,1989,0,0,0,0,0,0,0,0,0,0
470006,1,1,1989,12,12,12,12,12,12,12,12,12,12
470007,1,1,1989,0,0,0,0,0,0,21,0,0,0
470007,2,1,1989,0,0,0,0,0,0,0,0,0,0
470008,1,1,1989,21,21,21,21,21,21,21,21,21,21
470009,0,1,1989,0,0,0,0,0,0,0,0,0,0
470009,1,1,1989,0,0,0,0,0,0,0,0,0,0
470010,1,1,1989,12,12,12,12,12,12,12,12,12,12
470010,2,1,1989,0,0,0,0,0,0,0,0,0,0
470011,1,1,1989,0,0,0,0,0,0,0,0,0,0
470012,1,1,1989,12,12,12,12,12,12,12,12,12,12
470013,1,1,1989,29,19,21,15,0,18,0,25,0,14
470014,1,1,1989,0,0,0,0,0,0,0,0,0,0
470015,1,1,1989,0,0,0,0,0,0,0,0,0,0
470016,1,1,1989,0,0,0,0,0,0,0,0,0,0
470016,2,1,1989,0,0,0,0,0,0,19,0,0,0
470018,1,1,1989,0,0,0,0,0,0,0,0,0,0
470019,0,1,1989,0,0,0,0,0,0,0,0,0,0
470019,1,1,1989,1,1,1,1,1,1,1,1,1,1
470020,0,1,1989,12,49,2,2,20,0,0,10,31,17
470020,1,1,1989,0,0,0,0,14,0,0,0,0,17
470021,1,1,1989,0,0,29,10,0,0,15,11,26,7
470021,2,1,1989,28,18,23,8,7,0,0,18,7,16
470022,1,1,1989,19,19,19,19,19,19,19,19,19,19
470023,1,1,1989,14,14,14,14,14,14,14,14,14,14
470025,1,1,1989,0,0,0,0,0,0,0,0,0,0
470026,0,1,1989,32,32,32,32,32,32,32,32,32,32
470026,1,1,1989,0,0,0,0,0,0,0,0,14,0
470027,1,1,1989,0,11,0,0,0,0,0,0,0,0
470027,2,1,1989,0,0,0,0,0,0,0,0,0,0
470027,3,1,1989,0,0,0,0,0,0,0,0,0,0
470028,1,1,1989,5,5,5,5,5,5,5,5,5,5
470028,2,1,1989,0,0,0,0,0,0,0,0,0,0
470030,1,1,1989,0,0,0,0,0,0,0,0,0,0
470030,2,1,1989,0,0,0,0,0,14,0,0,0,0
470031,1,1,1989,0,0,0,0,0,0,0,0,0,0
470031,2,1,1989,0,0,0,0,0,0,15,0,0,0
470032,1,1,1989,0,0,0,0,0,0,0,0,0,0
470032,2,1,1989,0,0,0,0,0,0,0,0,0,0
470033,1,1,1989,13,0,0,0,0,16,0,0,0,0
470033,2,1,1989,34,34,34,34,34,34,34,34,34,34
470034,1,1,1989,0,0,0,0,0,0,0,0,0,0
470034,2,1,1989,0,0,0,0,0,0,13,0,0,0
470035,1,1,1989,0,0,0,0,0,0,0,0,0,0
470035,2,1,1989,23,23,23,23,23,23,23,23,23,23
470036,1,1,1989,0,0,0,0,0,0,0,0,0,0
470036,2,1,1989,0,15,0,0,0,17,22,0,0,10
470037,1,1,1989,0,0,0,0,0,0,0,0,0,0
470037,2,1,1989,10,10,10,10,10,10,10,10,10,10
470038,0,1,1989,0,0,0,0,0,0,0,0,0,9
470038,1,1,1989,0,0,0,0,0,0,0,0,0,0
470039,1,1,1989,0,0,0,0,0,0,0,0,0,0
470039,2,1,1989,0,0,0,0,0,0,0,0,0,0
470039,3,1,1989,0,0,0,0,0,0,0,0,0,0
470040,1,1,1989,16,16,16,16,16,16,16,16,16,16
470041,1,1,1989,23,23,23,23,23,23,23,23,23,23
470042,1,1,1989,0,0,0,0,0,0,0,0,0,0
470043,2,1,1989,10,10,10,10,10,10,10,10,10,10
470043,3,1,1989,0,0,0,0,0,0,0,0,0,0
470044,1,1,1989,0,0,0,0,0,0,0,18,0,0
470044,2,1,1989,0,0,0,0,0,0,0,0,0,0
470046,1,1,1989,27,15,17,13,10,0,13,12,0,7
470046,2,1,1989,0,0,0,0,0,0,0,0,0,0
470047,1,1,1989,6,6,6,6,6,6,6,6,6,6
470048,0,1,1989,15,18,0,0,0,0,15,18,0,0
470048,1,1,1989,8,29,19,0,13,8,12,10,4,13
470049,1,1,1989,13,0,0,0,0,0,10,0,0,0
470049,2,1,1989,0,0,0,0,0,0,0,0,0,0
470050,1,1,1989,19,19,19,19,19,19,19,19,19,19
470051,1,1,1989,0,0,0,0,0,0,0,0,0,0
470051,2,1,1989,0,0,0,23,0,0,0,0,0,0
470052,1,1,1989,34,35,21,0,14,13,21,21,0,16
470052,2,1,1989,5,5,5,5,5,5,5,5,5,5
470053,1,1,1989,15,15,15,15,15,15,15,15,15,15
470054,1,1,1989,25,25,25,25,25,25,25,25,25,25
470055,1,1,1989,3,3,3,3,3,3,3,3,3,3
470055,2,1,1989,0,0,0,0,0,0,0,0,0,0
470056,0,1,1989,0,0,0,0,0,0,0,0,0,0
470056,1,1,1989,0,0,0,0,0,0,0,0,0,0
470057,1,1,1989,10,0,0,0,0,0,0,0,11,8
470058,1,1,1989,0,0,0,0,0,0,0,0,0,0
470058,2,1,1989,0,0,0,0,0,0,0,0,0,0
470059,1,1,1989,0,0,0,0,0,0,0,0,0,0
470059,2,1,1989,0,0,0,0,0,0,0,0,0,0
470059,3,1,1989,0,0,0,0,0,0,0,0,0,0
470060,1,1,1989,0,0,0,0,0,0,0,0,0,0
470060,2,1,1989,0,0,0,0,0,0,0,0,0,0
470061,1,1,1989,17,17,17,17,17,17,17,17,17,17
470062,1,1,1989,18,18,18,18,18,18,18,18,18,18
470063,1,1,1989,8,8,8,8,8,8,8,8,8,8
470063,2,1,1989,32,32,32,32,32,32,32,32,32,32
470064,1,1,1989,30,30,30,30,30,30,30,30,30,30
470065,1,1,1989,0,0,0,0,0,0,0,0,0,0
470066,1,1,1989,27,27,9,0,13,0,20,23,14,13
470066,2,1,1989,0,0,0,0,0,0,0,0,0,0
470067,0,1,1989,20,20,20,20,20,20,20,20,20,20
470067,1,1,1989,20,0,0,23,23,0,20,9,16,26
470068,1,1,1989,0,0,0,0,0,0,0,0,0,0
470069,1,1,1989,0,0,0,0,0,0,0,0,0,0
470069,2,1,1989,0,0,0,0,0,0,0,0,0,0
470070,1,1,1989,17,17,17,17,17,17,17,17,17,17
470071,1,1,1989,15,15,15,15,15,15,15,15,15,15
470072,1,1,1989,11,25,27,22,10,13,17,11,19,33
470073,1,1,1989,30,30,30,30,30,30,30,30,30,30
470074,1,1,1989,0,0,0,0,0,0,0,0,0,0
470075,1,1,1989,15,15,15,15,15,15,15,15,15,15
470076,1,1,1989,0,0,0,0,0,0,0,0,0,0
470076,2,1,1989,0,0,0,0,0,0,16,0,0,0
470077,1,1,1989,31,31,31,31,31,31,31,31,31,31
470078,1,1,1989,0,0,0,0,0,0,0,0,0,0
470078,2,1,1989,16,0,0,0,0,0,0,0,0,0
470079,1,1,1989,0,0,0,0,0,0,0,0,0,0
470079,2,1,1989,0,0,0,0,0,0,0,0,0,0
470080,1,1,1989,18,18,18,18,18,18,18,18,18,18
470081,1,1,1989,19,19,19,19,19,19,19,19,19,19
470082,1,1,1989,11,11,11,11,11,11,11,11,11,11
470082,2,1,1989,0,0,0,0,0,0,0,0,0,0
470083,1,1,1989,15,15,15,15,15,15,15,15,15,15
470084,1,1,1989,0,0,0,0,0,0,0,0,0,0
470084,2,1,1989,7,7,7,7,7,7,7,7,7,7
470085,1,1,1989,6,0,0,0,0,0,4,0,0,0
470085,2,1,1989,0,7,0,0,0,0,0,0,0,0
470086,1,1,1989,19,19,19,19,19,19,19,19,19,19
470087,1,1,1989,12,12,12,12,12,12,12,12,12,12
470088,0,1,1989,0,0,0,0,0,0,0,0,0,0
470088,1,1,1989,0,0,0,0,0,0,0,0,0,0
470089,1,1,1989,15,15,15,15,15,15,15,15,15,15
470090,1,1,1989,0,0,8,17,0,0,24,19,0,0
470091,1,1,1989,0,0,0,0,0,0,0,0,0,0
470091,2,1,1989,0,0,0,0,0,0,0,0,0,0
470092,1,1,1989,0,0,0,0,0,0,0,0,0,0
470093,1,1,1989,18,18,18,18,18,18,18,18,18,18
470094,1,1,1989,0,0,18,0,28,4,23,0,0,20
470095,1,1,1989,0,0,0,0,0,0,0,0,0,0
470095,2,1,1989,37,37,37,37,37,37,37,37,37,37
470096,1,1,1989,0,0,0,0,0,0,0,0,0,0
470096,2,1,1989,0,0,0,0,0,0,0,0,0,0
470096,3,1,1989,13,13,13,13,13,13,13,13,13,13
470097,1,1,1989,19,19,19,19,19,19,19,19,19,19
470098,1,1,1989,0,0,0,0,0,0,0,0,0,0
470098,2,1,1989,0,0,0,0,0,0,0,0,0,0
470099,1,1,1989,0,0,0,0,0,0,0,0,0,0
470099,2,1,1989,0,0,0,0,0,0,0,0,0,0
470100,1,1,1989,0,0,0,0,0,0,0,0,0,0
470101,1,1,1989,13,13,13,13,13,13,13,13,13,13
470101,2,1,1989,26,26,26,26,26,26,26,26,26,26
470102,1,1,1989,17,17,17,17,17,17,17,17,17,17
470104,1,1,1989,23,23,23,23,23,23,23,23,23,23
470104,2,1,1989,0,0,0,0,0,0,0,0,0,0
470105,1,1,1989,16,16,16,16,16,16,16,16,16,16
470106,1,1,1989,0,0,0,0,0,0,0,0,0,0
470107,1,1,1989,26,26,26,26,26,26,26,26,26,26
470108,1,2,1989,16,16,16,16,16,16,16,16,16,16
470109,1,1,1989,0,0,0,0,0,0,0,0,0,0
470110,1,1,1989,0,0,0,0,0,0,0,0,0,0
470111,1,1,1989,0,0,0,0,0,0,0,0,0,0
470111,2,1,1989,2,2,2,2,2,2,2,2,2,2
470112,1,1,1989,16,16,16,16,16,16,16,16,16,16
470112,2,1,1989,0,0,0,0,0,0,0,0,0,0
470113,0,1,1989,0,0,0,0,0,0,0,0,0,0
470113,1,1,1989,0,0,0,0,0,0,0,0,0,0
470114,1,1,1989,0,0,0,0,0,0,0,0,0,0
470115,1,1,1989,5,5,5,5,5,5,5,5,5,5
470116,1,1,1989,0,0,0,0,0,0,0,0,0,0
470116,2,1,1989,15,15,15,15,15,15,15,15,15,15
470117,1,1,1989,0,0,0,0,0,0,0,0,0,0
470117,2,1,1989,0,0,0,0,0,0,0,0,0,0
470118,1,1,1989,20,20,20,20,20,20,20,20,20,20
470118,2,1,1989,0,0,0,0,0,0,0,0,0,0
470120,1,1,1989,0,0,0,0,0,0,0,0,0,0
470120,2,1,1989,0,0,0,0,0,0,0,0,0,0
470121,1,1,1989,18,18,18,18,18,18,18,18,18,18
470122,1,1,1989,0,0,0,0,0,0,0,0,0,0
470123,1,1,1989,0,0,0,0,0,0,0,0,0,0
470123,2,1,1989,23,23,23,23,23,23,23,23,23,23
470124,1,1,1989,15,15,15,15,15,15,15,15,15,15
470125,1,1,1989,0,0,0,0,0,0,0,0,0,0
470125,2,1,1989,0,0,0,0,0,0,0,0,0,0
470125,3,1,1989,0,0,0,0,0,0,0,11,0,0
470126,1,1,1989,31,31,31,31,31,31,31,31,31,31
470127,1,1,1989,0,0,0,0,0,0,0,0,0,0
470127,2,1,1989,0,0,0,0,0,0,0,0,0,0
470129,0,1,1989,10,39,30,24,22,30,0,19,0,0
470129,1,1,1989,12,25,22,20,22,0,11,8,19,23
470130,1,1,1989,23,23,23,23,23,23,23,23,23,23
470131,1,1,1989,0,0,0,0,0,0,0,0,0,0
470132,1,1,1989,16,16,16,16,16,16,16,16,16,16
470133,1,1,1989,10,10,10,10,10,10,10,10,10,10
470134,1,1,1989,0,0,0,0,0,0,0,0,0,0
470134,2,1,1989,0,0,0,0,0,0,0,0,0,0
470135,1,1,1989,0,0,0,0,0,0,0,0,0,0
470135,2,1,1989,0,0,0,0,0,0,0,0,0,0
470138,1,1,1989,20,20,20,20,20,20,20,20,20,20
470138,2,1,1989,0,0,0,0,0,0,0,0,0,0
470139,1,1,1989,0,0,0,0,0,0,0,0,0,0
470139,2,1,1989,0,0,0,0,0,0,0,0,0,0
470139,3,1,1989,0,0,0,0,0,0,0,0,0,0
470140,0,1,1989,0,0,0,0,0,0,0,0,0,0
470140,1,1,1989,0,0,0,0,0,0,0,0,0,0
470140,2,1,1989,0,0,0,0,0,0,0,0,0,0
470142,1,1,1989,0,0,0,0,0,0,0,0,0,0
470142,2,1,1989,0,0,0,0,0,0,0,0,0,0
470143,0,1,1989,29,29,29,29,29,29,29,29,29,29
470143,1,1,1989,0,0,0,0,0,0,0,0,0,0
470144,0,1,1989,0,0,0,0,0,0,0,0,0,0
470144,1,1,1989,18,18,18,18,18,18,18,18,18,18
470145,1,1,1989,22,22,22,22,22,22,22,22,22,22
470145,2,1,1989,0,0,0,0,0,0,0,0,0,0
470145,3,1,1989,0,0,0,0,0,0,0,0,0,0
470146,1,1,1989,7,7,7,7,7,7,7,7,7,7
470147,1,1,1989,14,14,14,14,14,14,14,14,14,14
470147,2,1,1989,0,0,0,0,0,18,0,0,0,0
470147,3,1,1989,0,0,0,0,0,0,0,0,0,0
470148,1,1,1989,0,0,0,0,0,0,0,0,0,0
470149,1,1,1989,4,4,4,4,4,4,4,4,4,4
470149,2,1,1989,0,0,0,0,0,0,0,0,0,0
470150,1,1,1989,17,17,17,17,17,17,17,17,17,17
470151,1,1,1989,9,9,9,9,9,9,9,9,9,9
470152,1,1,1989,24,24,24,24,24,24,24,24,24,24
470153,1,1,1989,0,0,0,0,0,0,0,0,0,0
470153,2,1,1989,11,11,11,11,11,11,11,11,11,11
470154,1,1,1989,0,0,0,0,0,0,0,0,0,0
470154,2,1,1989,0,0,0,0,0,0,0,0,0,0
470155,1,1,1989,0,0,0,0,0,0,0,0,0,0
470155,2,1,1989,0,0,0,0,0,0,0,0,0,0
470156,1,1,1989,16,16,16,16,16,16,16,16,16,16
470157,1,1,1989,20,20,20,20,20,20,20,20,20,20
470157,2,1,1989,11,15,5,15,12,15,28,19,16,14
470158,1,1,1989,18,18,18,18,18,18,18,18,18,18
470159,1,1,1989,0,0,0,0,0,0,0,0,0,0
470160,1,1,1989,0,0,0,0,0,0,0,0,0,0
470160,2,1,1989,11,11,11,11,11,11,11,11,11,11
470161,1,1,1989,0,0,0,0,0,0,0,0,0,0
470161,2,1,1989,0,0,0,0,0,0,0,0,0,16
470162,1,1,1989,0,0,0,0,0,0,0,0,0,0
470162,2,1,1989,0,0,0,0,0,0,0,0,0,0
470163,1,1,1989,23,23,23,23,23,23,23,23,23,23