ST_CASE,VEH_NO,PER_NO,YEAR,P1,P2,P3,P4,P5,P6,P7,P8,P9,P10
470163,2,1,1989,0,0,0,0,0,0,0,0,0,0
470164,1,1,1989,19,18,26,13,37,15,9,10,6,23
470165,1,1,1989,5,5,5,5,5,5,5,5,5,5
470166,1,1,1989,12,12,12,12,12,12,12,12,12,12
470166,2,1,1989,0,0,0,0,0,0,0,0,0,0
470167,1,1,1989,22,22,22,22,22,22,22,22,22,22
470167,2,1,1989,0,0,0,0,0,0,0,0,0,0
470168,1,1,1989,0,0,0,0,0,0,0,0,0,0
470169,1,1,1989,16,16,16,16,16,16,16,16,16,16
470170,1,1,1989,20,20,20,20,20,20,20,20,20,20
470171,1,1,1989,26,26,26,26,26,26,26,26,26,26
470172,1,1,1989,0,0,0,0,0,0,0,0,0,0
470173,1,1,1989,22,22,22,22,22,22,22,22,22,22
470174,0,1,1989,16,16,16,16,16,16,16,16,16,16
470174,1,1,1989,0,0,0,0,0,0,0,0,0,0
470175,1,1,1989,11,11,11,11,11,11,11,11,11,11
470176,1,1,1989,0,0,0,0,0,0,0,0,0,0
470176,2,1,1989,0,0,0,0,0,0,0,0,0,0
470177,1,1,1989,38,38,38,38,38,38,38,38,38,38
470178,1,1,1989,0,0,0,0,0,0,0,0,0,0
470179,0,1,1989,0,0,0,0,0,0,0,0,0,0
470179,1,1,1989,0,0,0,0,0,0,0,0,0,0
470180,1,1,1989,20,0,19,13,0,0,20,22,33,0
470181,1,1,1989,0,0,0,0,0,0,0,0,0,0
470181,2,1,1989,0,0,0,0,0,0,0,0,0,0
470183,1,1,1989,0,0,0,0,0,0,0,0,0,0
470183,2,1,1989,0,0,0,0,0,0,0,0,0,0
470184,1,1,1989,0,0,0,0,0,0,0,0,11,0
470185,1,1,1989,20,20,20,20,20,20,20,20,20,20
470186,1,1,1989,15,15,15,15,15,15,15,15,15,15
470187,1,1,1989,19,19,19,19,19,19,19,19,19,19
470188,1,1,1989,0,0,0,0,0,0,0,0,0,0
470189,1,1,1989,0,0,0,0,0,0,0,0,0,0
470190,1,1,1989,0,0,0,0,0,0,0,0,0,0
470190,2,1,1989,0,0,0,0,0,0,0,0,0,0
470192,1,1,1989,32,32,32,32,32,32,32,32,32,32
470193,0,1,1989,35,35,35,35,35,35,35,35,35,35
470193,1,1,1989,0,0,0,0,0,0,0,0,0,0
470194,0,1,1989,0,0,0,0,0,0,0,0,0,0
470194,0,2,1989,0,0,0,0,0,0,0,0,0,0
470194,1,1,1989,14,14,14,14,14,14,14,14,14,14
470195,1,1,1989,15,15,15,15,15,15,15,15,15,15
470196,1,1,1989,0,0,0,0,0,0,0,0,0,0
470197,1,1,1989,0,0,0,0,0,0,0,0,0,0
470198,1,1,1989,0,0,0,0,14,0,0,0,0,0
470198,2,1,1989,0,0,0,0,0,0,0,0,0,0
470199,1,1,1989,0,0,0,0,0,0,0,0,0,0
470199,2,1,1989,0,0,0,0,0,0,0,0,0,0
470200,1,1,1989,8,8,8,8,8,8,8,8,8,8
470201,1,1,1989,0,0,0,0,0,0,0,0,0,0
470201,2,1,1989,0,0,0,0,0,0,0,0,0,0
470201,3,1,1989,0,0,0,0,0,0,0,0,0,0
470201,4,1,1989,0,0,0,0,0,0,0,0,0,0
470202,1,1,1989,12,12,12,12,12,12,12,12,12,12
470202,2,1,1989,9,25,5,8,31,20,24,13,9,9
470203,1,1,1989,14,14,14,14,14,14,14,14,14,14
470204,1,1,1989,0,0,0,0,0,0,0,0,0,0
470204,2,1,1989,13,13,13,13,13,13,13,13,13,13
470205,1,1,1989,18,18,18,18,18,18,18,18,18,18
470205,2,1,1989,0,0,0,0,0,0,0,0,0,0
470205,3,1,1989,0,0,0,0,0,0,0,0,0,0
470209,1,1,1989,0,0,0,0,0,0,0,0,0,0
470209,2,1,1989,0,0,0,0,0,0,0,0,0,0
470210,1,1,1989,1,1,1,1,1,1,1,1,1,1
470210,2,1,1989,0,0,0,0,0,0,0,0,0,0
470210,3,1,1989,0,0,0,0,0,0,0,0,0,0
470211,1,1,1989,0,0,0,0,0,0,0,0,0,0
470211,2,1,1989,0,0,0,0,0,0,0,0,0,0
470212,1,1,1989,0,0,0,0,0,0,0,0,0,0
470212,2,1,1989,0,0,0,0,0,0,0,0,0,0
470213,1,1,1989,0,0,0,0,0,0,0,0,0,0
470213,2,1,1989,6,6,6,6,6,6,6,6,6,6
470214,1,1,1989,12,12,12,12,12,12,12,12,12,12
470215,1,1,1989,0,0,0,0,0,0,5,0,0,0
470215,2,1,1989,0,0,0,0,0,0,0,0,0,0
470216,1,1,1989,0,0,0,0,0,0,0,0,0,0
470217,1,1,1989,0,0,0,0,0,0,0,0,0,0
470217,2,1,1989,0,0,0,0,0,0,0,0,0,0
470218,1,1,1989,0,0,0,0,0,0,0,0,0,0
470218,2,1,1989,0,0,0,0,0,0,14,0,26,0
470219,1,1,1989,0,0,0,0,0,0,0,0,0,0
470219,2,1,1989,0,0,0,0,0,0,0,0,0,0
470220,1,1,1989,13,13,13,13,13,13,13,13,13,13
470220,2,1,1989,0,0,0,0,0,0,0,0,0,0
470221,1,1,1989,0,0,0,0,0,0,0,0,0,0
470221,2,1,1989,1,1,1,1,1,1,1,1,1,1
470222,1,1,1989,25,25,25,25,25,25,25,25,25,25
470223,1,1,1989,0,0,0,0,0,0,0,0,0,0
470223,2,1,1989,0,0,0,0,0,0,0,0,0,0
470224,1,1,1989,0,0,0,0,0,0,0,0,0,0
470225,0,1,1989,0,0,0,0,0,0,0,0,0,0
470225,1,1,1989,0,0,0,0,0,0,0,0,0,0
470226,0,1,1989,0,0,0,0,0,0,0,0,0,0
470226,1,1,1989,0,0,15,0,0,0,0,0,0,0
470227,1,1,1989,0,0,0,0,0,0,0,0,0,0
470227,2,1,1989,0,0,0,0,0,0,0,0,0,0
470229,1,1,1989,18,18,18,18,18,18,18,18,18,18
470229,2,1,1989,11,11,11,11,11,11,11,11,11,11
470230,0,1,1989,0,0,0,0,0,0,0,0,0,0
470230,1,1,1989,26,0,0,0,0,12,0,0,0,0
470231,1,1,1989,0,0,0,0,0,3,0,0,0,0
470231,2,1,1989,0,0,0,0,0,0,0,0,0,0
470232,1,1,1989,0,0,0,0,0,0,0,0,0,0
470232,2,1,1989,0,0,0,0,0,12,0,0,0,0
470233,1,1,1989,0,0,0,0,0,0,0,0,0,0
470233,2,1,1989,0,0,0,0,0,0,0,0,0,0
470234,1,1,1989,10,10,10,10,10,10,10,10,10,10
470235,1,1,1989,12,20,11,26,21,11,7,39,16,11
470236,1,1,1989,16,16,16,16,16,16,16,16,16,16
470237,1,1,1989,8,8,8,8,8,8,8,8,8,8
470238,0,1,1989,0,0,0,0,0,0,0,0,0,0
470238,1,1,1989,0,0,0,0,0,0,0,0,0,0
470239,1,1,1989,0,12,29,19,0,0,0,20,0,27
470240,1,1,1989,9,9,9,9,9,9,9,9,9,9
470242,1,1,1989,0,0,0,0,0,0,0,0,0,0
470243,1,1,1989,0,0,0,0,0,0,0,0,0,0
470245,1,1,1989,5,5,5,5,5,5,5,5,5,5
470245,2,1,1989,0,0,0,0,0,0,0,0,0,0
470245,3,1,1989,0,0,0,0,0,0,0,0,0,0
470245,4,1,1989,0,0,0,0,0,0,0,0,0,0
470245,5,1,1989,0,0,0,0,0,0,0,0,0,0
470246,1,1,1989,23,23,23,23,23,23,23,23,23,23
470246,2,1,1989,0,0,0,0,0,0,0,0,0,0
470248,0,1,1989,0,0,0,0,0,0,0,0,0,0
470248,1,1,1989,0,0,0,0,0,0,0,21,0,0
470249,1,1,1989,0,0,0,0,0,0,0,0,0,0
470249,2,1,1989,31,31,31,31,31,31,31,31,31,31
470250,1,1,1989,29,29,29,29,29,29,29,29,29,29
470251,1,1,1989,0,0,0,0,0,13,0,0,0,0
470251,2,1,1989,0,0,0,0,0,0,0,0,0,0
470252,1,1,1989,0,0,0,0,0,0,7,0,0,0
470253,1,1,1989,0,0,0,0,0,0,0,0,0,0
470254,1,1,1989,0,0,0,0,0,0,0,0,0,0
470254,2,1,1989,0,0,0,0,0,0,0,0,0,0
470255,1,1,1989,0,0,0,0,0,0,0,0,0,0
470255,2,1,1989,0,0,0,0,0,0,0,0,0,0
470256,1,1,1989,0,0,0,0,0,0,0,0,0,0
470256,2,1,1989,0,0,0,0,5,0,0,0,0,0
470257,1,1,1989,0,0,0,12,0,20,21,10,0,0
470258,1,1,1989,0,0,0,0,0,0,0,0,0,0
470258,2,1,1989,0,0,0,0,0,0,0,0,0,0
470258,3,1,1989,0,0,0,0,0,0,0,0,0,0
470259,1,1,1989,4,4,4,4,4,4,4,4,4,4
470259,2,1,1989,0,0,0,0,0,0,0,0,0,0
470260,0,1,1989,16,16,16,16,16,16,16,16,16,16
470260,1,1,1989,0,0,0,0,0,0,0,0,0,0
470262,1,1,1989,32,32,32,32,32,32,32,32,32,32
470263,1,1,1989,10,10,10,10,10,10,10,10,10,10
470264,1,1,1989,22,22,22,22,22,22,22,22,22,22
470265,1,1,1989,29,29,29,29,29,29,29,29,29,29
470266,1,1,1989,0,0,0,0,0,0,0,0,0,0
470267,1,1,1989,19,19,19,19,19,19,19,19,19,19
470268,1,1,1989,0,0,0,0,0,0,0,0,0,0
470268,2,1,1989,0,0,0,0,0,0,0,0,0,0
470269,0,1,1989,0,0,0,0,0,0,0,0,0,0
470269,1,1,1989,0,0,0,0,0,0,0,0,0,0
470270,1,1,1989,0,0,0,0,0,0,0,0,0,0
470271,1,1,1989,0,0,0,0,0,0,0,0,0,0
470271,2,1,1989,0,0,0,0,0,0,0,0,0,0
470272,0,1,1989,0,0,0,0,0,0,0,0,0,0
470272,0,2,1989,0,0,0,0,0,0,0,0,0,0
470272,1,1,1989,20,20,20,20,20,20,20,20,20,20
470273,1,1,1989,21,21,21,21,21,21,21,21,21,21
470273,2,1,1989,0,0,0,0,0,0,0,0,0,0
470274,1,1,1989,0,3,8,16,0,22,7,0,0,15
470275,1,1,1989,8,8,8,8,8,8,8,8,8,8
470276,1,1,1989,25,25,25,25,25,25,25,25,25,25
470276,2,1,1989,0,0,0,0,0,0,0,0,0,0
470277,1,1,1989,11,11,11,11,11,11,11,11,11,11
470278,1,1,1989,6,6,6,6,6,6,6,6,6,6
470278,2,1,1989,0,0,0,0,0,0,0,0,0,0
470279,1,1,1989,0,0,0,0,0,0,0,0,0,0
470279,2,1,1989,0,0,0,0,0,0,0,0,0,0
470280,1,1,1989,0,0,0,0,0,0,0,0,0,0
470280,2,1,1989,0,0,0,0,0,0,0,0,0,0
470281,1,1,1989,0,0,0,0,11,0,2,21,10,0
470282,1,1,1989,0,0,0,0,0,0,0,0,0,0
470283,1,1,1989,20,20,20,20,20,20,20,20,20,20
470284,1,1,1989,0,0,0,0,0,0,0,0,0,0
470284,2,1,1989,23,23,23,23,23,23,23,23,23,23
470285,1,1,1989,0,0,0,0,0,0,0,0,0,0
470285,2,1,1989,0,0,0,0,0,0,17,0,25,0
470286,1,1,1989,6,6,6,6,6,6,6,6,6,6
470286,2,1,1989,0,0,0,0,0,0,0,0,0,0
470286,3,1,1989,0,0,0,0,0,0,0,4,0,0
470286,4,1,1989,25,0,0,0,0,0,0,0,0,0
470287,0,1,1989,0,0,0,0,0,0,0,0,0,0
470287,1,1,1989,0,0,0,0,0,0,0,0,0,0
470288,1,1,1989,1,1,1,1,1,1,1,1,1,1
470288,2,1,1989,0,0,0,0,0,0,0,0,0,0
470289,1,1,1989,0,0,0,0,0,0,0,0,0,0
470290,1,1,1989,0,0,0,0,0,0,0,0,0,0
470291,1,1,1989,22,3,0,11,15,8,26,19,0,0
470292,1,1,1989,13,13,13,13,13,13,13,13,13,13
470292,2,1,1989,0,0,0,0,0,0,0,0,0,0
470293,1,1,1989,24,24,24,24,24,24,24,24,24,24
470294,1,1,1989,0,0,0,0,0,0,0,0,0,0
470295,1,1,1989,9,9,9,9,9,9,9,9,9,9
470296,1,1,1989,0,0,0,0,0,0,0,0,0,0
470296,2,1,1989,0,0,0,0,0,0,0,0,0,0
470297,1,1,1989,0,0,0,0,0,0,0,0,0,0
470297,2,1,1989,0,0,15,0,0,0,0,0,0,0
470297,3,1,1989,0,9,0,22,4,0,0,0,17,0
470298,1,1,1989,17,17,17,17,17,17,17,17,17,17
470298,2,1,1989,0,0,0,0,25,0,0,0,0,11
470299,1,1,1989,0,0,0,0,0,0,0,0,0,0
470299,2,1,1989,0,0,0,0,0,0,0,0,0,0
470300,1,1,1989,24,24,24,24,24,24,24,24,24,24
470300,2,1,1989,0,0,0,0,0,0,0,0,0,0
470302,1,1,1989,0,0,0,0,0,0,0,0,0,0
470302,2,1,1989,0,0,0,0,0,0,0,0,0,0
470303,1,1,1989,0,0,0,0,0,0,0,0,0,0
470303,2,1,1989,0,0,0,0,0,0,0,0,0,0
470304,1,1,1989,0,21,0,0,14,0,0,0,9,0
470304,2,1,1989,0,0,0,0,0,0,0,0,0,0
470305,1,1,1989,0,0,0,0,0,0,0,0,0,0
470305,2,1,1989,0,0,0,0,0,0,0,0,7,0
470306,1,1,1989,0,0,0,0,0,0,0,0,0,0
470306,2,1,1989,0,0,0,0,0,0,0,0,0,0
470306,3,1,1989,0,0,0,0,0,0,0,0,0,0
470307,0,1,1989,0,0,0,0,0,0,0,0,0,0
470307,1,1,1989,0,0,0,0,0,0,0,0,0,0
470308,1,1,1989,0,0,0,0,0,0,0,0,0,0
470309,1,1,1989,15,15,15,15,15,15,15,15,15,15
470310,1,1,1989,14,14,14,14,14,14,14,14,14,14
470310,2,1,1989,0,0,0,0,0,0,0,0,0,0
470310,3,1,1989,0,0,0,0,0,0,29,20,0,0
470311,1,1,1989,0,0,0,0,0,0,0,0,0,0
470312,1,1,1989,10,10,10,10,10,10,10,10,10,10
470313,1,1,1989,0,0,0,0,0,0,0,0,0,0
470314,1,1,1989,0,0,0,0,0,0,0,0,0,0
470316,1,1,1989,18,18,18,18,18,18,18,18,18,18
470317,1,2,1989,9,9,9,9,9,9,9,9,9,9
470318,1,1,1989,0,0,0,0,0,0,0,0,0,0
470318,2,1,1989,0,0,0,0,0,0,0,0,0,0
470319,1,1,1989,0,0,0,0,0,0,0,0,0,0
470319,2,1,1989,0,0,0,0,0,0,0,0,0,0
470320,1,1,1989,23,23,23,23,23,23,23,23,23,23
470321,1,1,1989,0,0,0,0,0,0,0,0,0,0
470321,2,1,1989,0,0,0,0,0,0,0,0,0,0
470322,1,1,1989,0,0,0,0,0,0,0,18,0,0
470322,2,1,1989,0,0,0,0,0,0,0,0,0,0
470323,1,1,1989,0,0,17,0,0,0,0,0,0,0
470323,2,1,1989,0,0,0,0,0,0,0,0,0,0
470324,1,1,1989,23,23,23,23,23,23,23,23,23,23
470325,0,1,1989,0,0,0,0,0,0,0,0,0,16
470325,1,1,1989,0,0,0,0,0,0,0,0,0,0
470326,1,1,1989,0,0,0,0,0,0,0,0,0,0
470326,2,1,1989,0,0,0,0,0,0,0,0,0,0
470327,1,1,1989,0,0,0,0,0,0,0,0,0,0
470328,1,1,1989,19,19,19,19,19,19,19,19,19,19
470328,2,1,1989,0,28,8,17,19,0,12,15,19,0
470329,1,1,1989,20,20,20,20,20,20,20,20,20,20
470330,1,1,1989,13,13,13,13,13,13,13,13,13,13
470330,2,1,1989,2,2,2,2,2,2,2,2,2,2
470331,1,1,1989,0,0,0,0,0,0,0,0,0,0
470333,1,1,1989,23,10,20,22,8,32,0,20,25,7
470334,0,1,1989,0,0,0,0,0,0,0,0,0,0
470334,1,1,1989,0,0,0,0,0,0,0,0,0,0
470335,1,1,1989,0,0,0,0,0,5,0,0,0,0
470336,1,1,1989,0,0,0,0,0,0,0,0,0,0
470337,1,1,1989,10,13,19,12,10,16,30,17,9,24
470338,0,1,1989,20,0,0,0,19,0,0,0,0,0
470338,1,1,1989,0,0,0,0,0,0,0,0,0,0
470339,1,1,1989,0,0,0,0,0,0,0,0,0,0
470340,1,1,1989,0,0,0,0,0,0,0,0,0,0
470340,2,1,1989,0,0,0,0,0,0,0,0,0,0
470341,1,1,1989,0,0,0,0,0,0,0,0,0,0
470341,2,1,1989,0,0,0,0,0,0,0,0,0,0
470342,1,1,1989,0,0,0,0,0,0,19,0,0,0
470342,2,1,1989,0,0,0,0,0,0,0,0,0,0
470343,1,1,1989,0,0,0,0,0,0,0,0,0,0
470344,0,1,1989,0,0,0,0,0,0,0,0,0,0
470344,1,1,1989,0,0,0,0,0,0,0,0,0,0
470345,0,1,1989,0,0,0,0,0,0,0,0,0,0
470345,1,1,1989,0,0,0,0,0,0,0,0,0,0
470346,1,1,1989,20,0,18,16,0,0,11,0,0,5
470347,1,1,1989,0,0,0,0,0,0,0,0,0,0
470347,2,1,1989,14,9,8,12,16,23,14,14,28,0
470348,1,1,1989,0,0,11,0,0,0,0,0,0,0
470348,2,1,1989,9,9,9,9,9,9,9,9,9,9
470350,1,1,1989,0,0,0,0,0,0,0,0,0,0
470351,1,1,1989,28,28,28,28,28,28,28,28,28,28
470352,1,1,1989,34,17,30,34,15,25,18,32,0,30
470353,1,1,1989,23,23,23,23,23,23,23,23,23,23
470354,1,1,1989,0,0,0,0,0,0,0,0,0,0
470355,1,1,1989,0,0,0,0,0,0,0,0,0,0
470355,2,1,1989,0,0,0,0,0,0,0,0,0,0
470356,1,1,1989,18,23,28,19,27,24,8,45,9,19
470357,1,1,1989,36,36,36,36,36,36,36,36,36,36
470357,2,1,1989,0,0,0,0,0,0,0,0,0,0
470358,1,1,1989,0,14,0,0,0,0,0,0,6,0
470359,1,1,1989,0,0,0,0,0,0,0,0,0,0
470360,1,1,1989,0,0,0,0,0,0,0,0,0,0
470361,1,1,1989,13,18,0,0,22,13,23,0,0,0
470362,1,1,1989,0,0,0,0,0,0,0,0,0,0
470363,1,1,1989,19,19,19,19,19,19,19,19,19,19
470364,1,1,1989,9,9,9,9,9,9,9,9,9,9
470364,2,1,1989,0,0,0,0,0,0,0,0,0,0
470366,1,1,1989,12,12,12,12,12,12,12,12,12,12
470367,0,1,1989,0,0,0,0,23,6,15,31,0,0
470367,1,1,1989,15,15,15,15,15,15,15,15,15,15
470368,1,1,1989,0,0,0,9,0,32,0,0,0,0
470369,1,1,1989,0,0,0,0,0,0,0,0,0,0
470370,1,1,1989,0,0,16,26,0,0,0,15,36,10
470371,1,1,1989,7,18,0,24,12,28,0,16,31,0
470372,1,1,1989,0,12,11,0,0,0,26,0,22,0
470373,1,1,1989,0,0,35,0,0,0,0,0,15,10
470375,1,1,1989,29,29,29,29,29,29,29,29,29,29
470376,1,1,1989,25,25,25,25,25,25,25,25,25,25
470377,1,1,1989,20,20,20,20,20,20,20,20,20,20
470378,1,1,1989,0,0,0,0,0,0,0,0,0,0
470378,2,1,1989,0,0,0,0,0,0,0,0,0,0
470379,0,1,1989,0,0,0,0,0,0,0,0,0,0
470379,1,1,1989,0,0,0,0,0,0,0,0,0,4
470380,1,1,1989,0,0,0,0,0,0,0,0,0,0
470381,1,1,1989,0,0,0,0,0,0,0,0,0,0
470381,2,1,1989,0,0,0,0,0,0,0,0,0,0
470382,1,1,1989,0,0,0,11,0,0,0,0,0,0
470383,1,1,1989,0,0,0,0,0,0,0,0,0,0
470384,1,1,1989,18,18,18,18,18,18,18,18,18,18
470385,1,1,1989,0,0,0,0,0,0,0,0,0,0
470385,2,1,1989,0,0,0,0,0,0,0,0,0,0
470386,1,1,1989,29,29,29,29,29,29,29,29,29,29
470387,1,1,1989,0,0,0,0,0,0,0,0,0,0
470388,1,1,1989,0,0,0,0,0,0,0,0,0,0
470388,2,1,1989,0,0,0,0,0,0,0,0,0,0
470389,1,1,1989,0,0,0,0,0,0,0,0,0,0
470390,1,1,1989,0,0,0,0,0,0,0,0,0,0
470390,2,1,1989,0,0,0,0,0,0,0,0,0,0
470391,1,1,1989,0,0,0,0,0,0,0,0,0,0
470391,2,1,1989,11,0,0,0,0,0,0,0,0,0
470392,1,1,1989,36,0,0,8,0,0,19,0,0,0
470393,1,1,1989,0,0,0,0,0,0,0,0,0,0
470393,2,1,1989,0,0,0,0,0,0,0,0,0,0
470394,1,1,1989,0,0,0,0,0,0,0,0,0,0
470394,2,1,1989,0,0,0,0,0,0,0,0,0,0
470395,1,1,1989,0,0,0,0,0,0,0,0,0,0
470396,1,1,1989,0,0,0,0,0,0,0,0,0,0
470397,1,1,1989,30,10,15,17,12,9,18,10,21,8
470398,1,1,1989,13,13,13,13,13,13,13,13,13,13
470399,1,1,1989,0,0,0,0,0,0,0,0,0,0
470399,2,1,1989,0,0,0,0,0,0,0,8,0,0
470399,3,1,1989,0,0,0,0,0,0,0,0,0,0
470400,1,1,1989,0,0,0,0,0,0,0,0,0,0
470400,2,1,1989,0,0,0,0,0,0,0,0,0,0
470401,0,1,1989,9,12,4,24,25,28,29,23,7,0
470401,1,1,1989,0,17,16,34,32,13,8,29,0,0
470402,1,1,1989,0,8,0,16,0,0,0,0,0,17
470403,0,1,1989,19,19,19,19,19,19,19,19,19,19
470403,1,1,1989,0,0,0,0,0,0,0,0,0,0
470404,1,1,1989,19,19,19,19,19,19,19,19,19,19
470405,1,1,1989,24,0,11,19,13,0,17,11,7,12
470406,1,1,1989,0,0,0,0,0,0,0,0,0,0
470406,2,1,1989,0,0,0,0,0,0,0,0,0,0
470406,3,1,1989,19,19,19,19,19,19,19,19,19,19
470407,1,1,1989,0,0,0,0,0,0,0,0,0,0
470407,2,1,1989,0,0,0,0,0,0,0,0,0,0
470408,1,1,1989,13,13,13,13,13,13,13,13,13,13
470409,1,1,1989,10,0,0,23,8,0,0,0,0,25
470410,1,1,1989,0,0,0,0,0,0,0,0,0,15
470410,2,1,1989,12,0,0,11,0,0,0,0,0,0
470410,3,1,1989,0,0,0,0,0,0,0,0,0,0
470411,1,1,1989,21,21,21,21,21,21,21,21,21,21
470412,0,1,1989,0,0,0,0,0,0,0,0,0,0
470412,1,1,1989,0,0,0,0,0,0,0,0,0,0
470413,1,1,1989,16,16,16,16,16,16,16,16,16,16
470414,1,1,1989,0,0,0,0,0,0,0,0,0,0
470414,2,1,1989,0,0,0,0,0,0,0,0,0,0
470415,0,1,1989,0,0,0,0,0,0,0,0,0,0
470415,1,1,1989,0,0,0,0,0,0,0,0,0,0
470416,1,1,1989,30,30,30,30,30,30,30,30,30,30
470417,1,1,1989,22,22,22,22,22,22,22,22,22,22
470419,1,1,1989,37,37,37,37,37,37,37,37,37,37
470419,2,1,1989,0,0,0,0,0,0,0,0,0,0
470420,1,1,1989,25,30,28,23,19,25,0,25,35,30
470421,1,1,1989,0,0,0,0,0,0,0,0,0,0
470421,2,1,1989,0,0,0,0,0,0,0,0,0,0
470422,1,1,1989,0,0,0,0,0,0,0,0,0,0
470423,1,1,1989,17,17,17,17,17,17,17,17,17,17
470424,1,1,1989,0,0,0,0,0,0,0,0,0,0
470425,0,1,1989,15,15,15,15,15,15,15,15,15,15
470425,1,1,1989,0,0,0,0,0,0,0,0,0,0
470426,1,1,1989,8,8,8,8,8,8,8,8,8,8
470427,1,1,1989,31,31,31,31,31,31,31,31,31,31
470428,1,1,1989,0,0,0,0,0,0,0,0,0,0
470429,1,1,1989,0,0,0,0,0,0,0,0,0,0
470430,1,1,1989,0,0,0,0,0,0,0,0,0,0
470430,2,1,1989,11,0,0,0,0,0,0,0,0,0
470431,1,1,1989,19,20,26,8,10,22,11,16,8,12
470431,2,1,1989,7,7,7,7,7,7,7,7,7,7
470432,0,1,1989,0,0,0,0,0,0,0,0,0,0
470432,1,1,1989,0,0,0,0,0,0,0,0,0,0
470433,1,1,1989,0,0,0,0,0,0,0,0,0,0
470433,2,1,1989,0,0,0,0,0,0,0,0,0,0
470434,1,1,1989,29,29,29,29,29,29,29,29,29,29
470435,1,1,1989,0,0,0,0,0,0,0,0,0,0
470435,2,1,1989,0,0,0,0,0,0,0,0,0,0
470436,1,1,1989,13,13,13,13,13,13,13,13,13,13
470437,1,1,1989,0,0,0,0,0,0,0,0,0,0
470437,2,1,1989,0,0,0,0,0,0,0,0,0,0
470438,1,1,1989,8,8,8,8,8,8,8,8,8,8
470439,1,1,1989,0,0,0,0,0,0,0,0,0,0
470440,1,1,1989,0,0,0,0,0,0,0,0,0,0
470441,1,1,1989,0,0,0,0,0,0,0,0,0,0
470441,2,1,1989,0,0,0,0,0,0,0,0,0,0
470442,1,1,1989,0,0,0,0,0,0,0,0,0,0
470442,2,1,1989,0,0,0,0,0,0,0,0,0,0
470443,0,1,1989,0,0,0,0,0,0,0,0,0,0
470443,1,1,1989,0,0,0,0,0,0,0,0,0,0
470444,1,1,1989,0,0,0,0,0,0,0,0,0,0
470444,2,1,1989,4,4,4,4,4,4,4,4,4,4
470445,1,1,1989,12,0,0,0,0,12,0,4,0,0
470445,2,1,1989,20,18,17,10,7,13,17,5,6,0
470446,1,1,1989,26,26,26,26,26,26,26,26,26,26
470447,1,1,1989,21,21,21,21,21,21,21,21,21,21
470447,2,1,1989,0,18,0,0,0,0,0,0,0,0
470448,1,1,1989,0,0,0,0,0,0,0,0,0,0
470449,1,1,1989,0,0,0,0,0,0,0,0,0,0
470449,2,1,1989,0,0,0,0,0,0,0,0,0,0
470452,0,1,1989,0,0,0,0,0,0,0,0,0,0
470452,1,1,1989,0,0,0,0,0,0,0,0,0,0
470454,2,1,1989,0,0,0,0,0,0,0,0,0,0
470455,1,1,1989,0,0,0,0,0,0,0,0,0,0
470455,2,1,1989,0,0,0,0,0,0,0,0,0,0
470456,1,1,1989,8,8,8,8,8,8,8,8,8,8
470456,2,1,1989,0,0,0,0,0,0,0,0,0,0
470457,0,1,1989,0,0,0,0,0,0,0,0,0,0
470457,1,1,1989,8,0,0,0,22,0,12,0,0,0
470458,0,1,1989,8,8,8,8,8,8,8,8,8,8
470458,1,1,1989,0,4,0,0,0,0,0,0,0,0
470459,1,1,1989,0,0,0,0,0,0,0,0,0,0
470459,2,1,1989,17,17,17,17,17,17,17,17,17,17
470460,1,1,1989,30,30,30,30,30,30,30,30,30,30
470461,1,1,1989,0,0,0,0,0,0,0,0,0,0
470462,1,1,1989,0,0,0,0,0,0,0,0,0,0
470463,1,1,1989,12,12,12,12,12,12,12,12,12,12
470463,2,1,1989,0,0,0,0,0,0,0,0,0,0
470464,1,1,1989,0,0,0,0,0,0,0,0,0,0
470465,1,1,1989,0,0,0,0,0,0,0,0,0,0
470465,2,1,1989,0,0,0,0,0,0,0,0,0,0
470466,1,1,1989,16,16,16,16,16,16,16,16,16,16
470466,2,1,1989,0,0,0,0,0,0,0,0,0,0
470467,1,1,1989,0,0,0,0,0,0,0,0,0,0
470467,2,1,1989,0,0,0,0,0,0,0,0,0,0
470468,1,1,1989,0,0,0,0,0,0,0,0,0,0
470469,1,1,1989,13,13,13,13,13,13,13,13,13,13
470470,1,1,1989,2,2,2,2,2,2,2,2,2,2
470471,0,1,1989,0,0,0,0,0,0,0,0,0,0
470471,1,1,1989,0,0,0,0,0,0,0,0,0,0
470473,1,1,1989,7,0,0,0,0,0,0,0,0,0
470473,2,1,1989,0,0,0,0,0,0,0,0,0,0
470474,1,1,1989,0,0,0,0,0,0,0,0,0,0
470475,1,1,1989,0,0,0,0,0,0,0,0,0,0
470475,2,1,1989,0,0,0,0,0,0,0,0,0,0
470476,1,1,1989,0,0,0,0,0,0,0,0,0,0
470477,0,1,1989,0,0,0,0,0,0,37,0,10,0
470477,1,1,1989,0,0,0,0,0,0,0,0,0,0
470478,1,1,1989,18,18,18,18,18,18,18,18,18,18
470479,1,1,1989,0,0,0,0,0,0,0,0,0,0
470480,0,1,1989,0,0,0,0,0,0,0,0,0,0
470480,1,1,1989,10,10,10,10,10,10,10,10,10,10
470481,2,1,1989,0,0,0,0,0,0,0,0,0,0