ST_CASE,VEH_NO,PER_NO,YEAR,P1,P2,P3,P4,P5,P6,P7,P8,P9,P10
470481,3,1,1989,0,0,0,0,0,0,0,0,0,0
470481,4,1,1989,0,0,0,0,0,0,0,0,0,0
470482,1,1,1989,0,0,0,0,0,0,0,0,0,0
470482,2,1,1989,24,24,24,24,24,24,24,24,24,24
470483,1,1,1989,20,20,20,20,20,20,20,20,20,20
470484,1,1,1989,0,0,0,0,0,0,0,0,0,0
470484,2,1,1989,0,0,0,0,0,0,0,0,0,0
470485,1,1,1989,0,0,0,0,0,0,0,0,0,0
470485,2,1,1989,0,0,0,0,0,0,0,0,0,0
470486,1,1,1989,12,12,12,12,12,12,12,12,12,12
470487,1,1,1989,0,0,0,0,0,0,0,0,0,0
470487,2,1,1989,0,0,0,0,0,0,0,0,0,0
470487,3,1,1989,0,0,0,0,0,0,0,0,0,0
470487,4,1,1989,12,0,0,0,0,0,0,0,0,0
470489,1,1,1989,23,23,23,23,23,23,23,23,23,23
470489,2,1,1989,0,0,0,0,0,0,0,0,0,0
470490,1,1,1989,31,31,31,31,31,31,31,31,31,31
470491,1,1,1989,0,0,0,0,0,0,0,0,0,0
470491,2,1,1989,0,0,0,0,0,0,0,0,0,0
470492,1,1,1989,0,0,0,0,0,0,0,0,0,0
470493,1,1,1989,0,0,0,0,10,0,0,0,0,0
470493,2,1,1989,0,0,0,0,0,0,0,0,18,0
470494,0,1,1989,0,0,0,0,0,0,0,0,0,0
470494,1,1,1989,21,21,21,21,21,21,21,21,21,21
470495,1,1,1989,44,14,28,29,23,17,17,13,42,31
470496,1,1,1989,12,12,12,12,12,12,12,12,12,12
470497,0,1,1989,27,41,8,15,50,13,0,20,20,0
470497,1,1,1989,28,17,6,6,22,13,14,31,20,16
470498,0,1,1989,0,0,26,0,0,16,0,34,0,0
470498,1,1,1989,0,0,0,0,0,0,0,0,0,0
470499,1,1,1989,2,2,2,2,2,2,2,2,2,2
470500,1,1,1989,0,0,0,0,0,0,0,0,0,0
470500,2,1,1989,0,0,0,0,0,0,0,0,0,0
470501,1,1,1989,16,16,9,6,14,12,9,15,0,9
470502,1,1,1989,9,9,9,9,9,9,9,9,9,9
470502,2,1,1989,2,2,2,2,2,2,2,2,2,2
470502,3,1,1989,0,0,0,0,0,0,0,0,0,10
470502,4,1,1989,0,0,0,0,0,0,0,0,0,0
470503,1,1,1989,0,0,0,0,0,0,0,0,0,0
470503,2,1,1989,0,0,0,0,0,0,0,0,0,0
470504,1,1,1989,15,15,15,15,15,15,15,15,15,15
470505,1,1,1989,0,0,0,0,0,0,0,0,0,0
470505,2,1,1989,0,0,0,0,0,0,0,0,0,0
470506,1,1,1989,28,28,28,28,28,28,28,28,28,28
470507,1,1,1989,0,0,0,0,0,0,0,0,0,0
470507,2,1,1989,18,18,18,18,18,18,18,18,18,18
470508,1,1,1989,19,19,19,19,19,19,19,19,19,19
470509,1,1,1989,0,0,0,0,0,0,0,0,0,0
470509,2,1,1989,22,22,22,22,22,22,22,22,22,22
470510,1,1,1989,0,0,32,0,24,18,0,10,18,0
470511,1,1,1989,0,0,0,0,0,0,0,0,0,0
470511,2,1,1989,0,0,0,0,0,0,0,0,0,0
470511,3,1,1989,0,0,0,0,0,0,0,0,0,0
470512,1,1,1989,0,0,0,0,0,0,0,0,0,0
470513,1,1,1989,0,0,0,0,0,0,0,0,0,0
470514,1,1,1989,0,16,0,0,11,26,10,0,0,0
470514,2,1,1989,11,11,11,11,11,11,11,11,11,11
470515,1,1,1989,0,0,0,0,0,0,0,0,0,0
470515,2,1,1989,36,28,17,0,11,20,0,0,27,12
470516,0,1,1989,0,0,0,0,0,0,0,0,0,0
470516,1,1,1989,0,0,0,0,0,0,0,0,0,0
470517,1,1,1989,0,0,0,0,0,0,0,0,0,0
470518,1,1,1989,14,12,7,16,23,26,22,15,17,16
470519,1,1,1989,6,6,6,6,6,6,6,6,6,6
470520,1,1,1989,31,31,31,31,31,31,31,31,31,31
470521,0,1,1989,15,0,23,4,4,0,29,55,14,21
470521,1,1,1989,0,0,7,0,0,0,0,0,14,0
470523,0,1,1989,0,0,0,0,0,0,0,0,0,0
470523,1,1,1989,0,0,0,0,0,0,0,0,0,0
470524,1,1,1989,19,19,19,19,19,19,19,19,19,19
470524,2,1,1989,0,0,0,0,0,0,0,0,0,0
470525,1,1,1989,27,0,21,19,0,19,0,15,15,22
470526,1,1,1989,0,0,0,0,0,0,0,0,0,0
470526,2,1,1989,0,0,0,0,0,0,0,0,0,0
470527,1,1,1989,0,0,0,40,23,0,20,15,17,0
470528,0,1,1989,0,0,0,0,0,0,0,0,0,0
470528,0,2,1989,0,0,0,0,0,0,0,0,0,0
470528,1,1,1989,22,22,22,22,22,22,22,22,22,22
470529,1,1,1989,37,37,37,37,37,37,37,37,37,37
470530,1,1,1989,0,0,0,0,0,0,0,0,0,0
470531,1,1,1989,0,0,0,0,0,22,0,0,0,0
470531,2,1,1989,0,0,0,0,0,0,0,0,0,0
470532,1,1,1989,22,22,22,22,22,22,22,22,22,22
470533,1,1,1989,16,16,16,16,16,16,16,16,16,16
470534,1,1,1989,17,17,17,17,17,17,17,17,17,17
470535,1,1,1989,0,0,0,0,0,0,0,0,0,0
470536,1,1,1989,0,0,0,0,0,0,0,0,0,0
470536,2,1,1989,0,0,0,0,0,0,0,0,0,0
470537,1,1,1989,0,0,0,0,0,0,0,0,0,0
470537,2,1,1989,0,0,0,0,0,0,0,0,0,0
470538,1,1,1989,0,0,12,0,0,0,30,23,0,0
470538,2,1,1989,0,0,0,0,0,0,0,0,0,0
470539,1,1,1989,0,0,0,0,0,0,0,0,0,0
470539,2,1,1989,0,0,0,0,0,0,15,0,0,0
470540,1,1,1989,0,0,0,0,0,0,0,0,0,0
470541,1,1,1989,12,10,15,8,14,15,8,14,13,16
470542,1,1,1989,19,17,10,10,21,36,24,12,22,22
470543,1,1,1989,19,19,19,19,19,19,19,19,19,19
470544,1,1,1989,0,0,0,0,0,0,0,0,0,0
470544,2,1,1989,23,23,23,23,23,23,23,23,23,23
470545,1,1,1989,0,0,0,0,0,0,0,0,0,0
470545,2,1,1989,0,0,0,0,0,0,0,0,0,0
470546,1,1,1989,6,6,6,6,6,6,6,6,6,6
470546,2,1,1989,0,9,0,0,0,0,0,0,0,0
470547,1,1,1989,0,0,0,0,0,0,0,0,0,0
470548,1,1,1989,0,0,0,0,0,0,0,0,0,0
470549,1,1,1989,4,4,4,4,4,4,4,4,4,4
470549,2,1,1989,28,28,28,28,28,28,28,28,28,28
470549,3,1,1989,10,10,10,10,10,10,10,10,10,10
470550,1,1,1989,33,33,33,33,33,33,33,33,33,33
470551,1,1,1989,0,0,0,0,0,0,0,0,0,0
470551,2,1,1989,0,0,0,0,0,0,0,0,0,0
470551,3,1,1989,0,0,0,0,0,0,0,0,0,0
470552,1,1,1989,14,14,14,14,14,14,14,14,14,14
470553,1,1,1989,0,0,0,0,0,0,0,0,0,0
470553,2,1,1989,0,0,0,0,0,0,0,0,0,0
470554,1,1,1989,30,30,30,30,30,30,30,30,30,30
470555,1,1,1989,0,0,0,0,0,0,0,0,0,0
470555,2,1,1989,0,0,0,0,0,0,0,0,0,0
470556,1,1,1989,0,0,0,0,0,0,0,0,0,0
470557,1,1,1989,0,0,0,0,0,0,0,0,0,0
470557,2,1,1989,0,0,0,0,0,0,0,0,0,0
470558,1,1,1989,0,0,0,0,0,0,0,0,0,0
470559,1,1,1989,35,35,35,35,35,35,35,35,35,35
470560,1,1,1989,3,3,3,3,3,3,3,3,3,3
470561,1,1,1989,3,3,3,3,3,3,3,3,3,3
470561,2,1,1989,3,3,3,3,3,3,3,3,3,3
470561,3,1,1989,0,9,0,0,0,0,0,0,0,0
470562,1,1,1989,14,10,15,15,21,20,46,19,13,15
470563,1,1,1989,15,15,15,15,15,15,15,15,15,15
470564,1,1,1989,0,0,0,0,0,0,0,0,0,0
470564,2,1,1989,0,0,0,0,0,0,0,0,0,0
470565,1,1,1989,8,8,8,8,8,8,8,8,8,8
470566,1,1,1989,0,0,0,0,0,0,0,0,0,0
470566,2,1,1989,0,0,10,0,0,0,0,0,0,0
470567,1,1,1989,22,22,22,22,22,22,22,22,22,22
470568,1,1,1989,0,0,9,0,10,0,0,18,18,0
470569,1,1,1989,0,0,0,0,0,0,0,0,0,0
470569,2,1,1989,0,0,0,0,0,0,0,0,0,0
470570,1,1,1989,0,0,0,0,0,0,0,0,0,0
470571,1,1,1989,0,0,0,0,0,0,0,0,0,0
470571,2,1,1989,0,0,0,0,0,0,0,0,0,0
470572,1,1,1989,18,0,0,29,0,0,0,0,0,0
470573,1,1,1989,0,0,0,0,0,0,0,0,0,0
470574,1,1,1989,8,8,8,8,8,8,8,8,8,8
470575,1,1,1989,13,13,13,13,13,13,13,13,13,13
470576,1,1,1989,0,0,0,0,0,0,0,0,0,0
470576,2,1,1989,0,0,0,0,0,0,0,0,0,0
470577,1,1,1989,0,0,0,0,0,0,0,0,0,0
470577,2,1,1989,0,0,0,0,0,0,0,0,28,0
470577,3,1,1989,0,0,0,0,0,0,0,0,0,0
470578,1,1,1989,0,13,0,0,0,0,0,0,0,0
470578,2,1,1989,0,0,0,0,0,0,0,0,0,0
470579,1,1,1989,0,11,0,13,33,20,0,18,15,0
470580,1,1,1989,13,13,13,13,13,13,13,13,13,13
470581,1,1,1989,0,0,0,0,0,0,0,0,0,0
470582,1,1,1989,2,2,2,2,2,2,2,2,2,2
470583,2,1,1989,0,0,0,0,0,0,0,0,0,0
470584,1,1,1989,0,0,0,0,0,0,0,0,0,0
470584,2,1,1989,20,20,20,20,20,20,20,20,20,20
470586,0,1,1989,0,0,0,0,0,0,0,0,0,0
470586,1,1,1989,0,0,0,0,0,0,0,0,0,0
470587,1,1,1989,0,0,0,0,0,0,0,0,0,0
470587,2,1,1989,0,0,0,0,0,0,0,0,0,0
470588,1,1,1989,0,0,0,0,0,0,0,0,0,0
470589,1,1,1989,0,0,0,0,0,0,0,0,0,0
470590,1,1,1989,23,23,23,23,23,23,23,23,23,23
470590,2,1,1989,0,0,0,0,0,0,0,0,0,0
470591,1,1,1989,0,0,0,0,0,0,0,0,0,0
470591,2,1,1989,0,0,0,0,0,0,0,0,0,0
470592,1,1,1989,12,12,12,12,12,12,12,12,12,12
470593,1,1,1989,21,0,20,17,11,5,13,5,15,14
470593,2,1,1989,10,0,0,0,0,0,0,17,33,0
470593,3,1,1989,0,0,0,0,0,0,0,0,0,0
470594,1,1,1989,29,29,29,29,29,29,29,29,29,29
470594,2,1,1989,0,0,0,0,0,0,0,0,0,0
470595,1,1,1989,13,0,0,0,0,0,0,0,0,0
470595,2,1,1989,0,0,0,0,0,0,9,0,0,0
470596,1,1,1989,16,16,16,16,16,16,16,16,16,16
470597,1,1,1989,0,0,0,0,0,0,0,0,0,0
470597,2,1,1989,0,0,0,0,0,0,0,0,4,0
470598,1,1,1989,0,0,0,0,0,0,0,0,0,0
470598,2,1,1989,0,0,0,0,0,0,0,0,0,0
470599,1,1,1989,0,0,0,0,0,0,0,0,0,0
470599,2,1,1989,0,0,0,0,0,0,0,0,0,0
470600,1,1,1989,0,0,0,0,0,0,0,0,0,0
470601,1,1,1989,0,25,0,0,15,0,0,0,0,0
470602,1,1,1989,16,16,16,16,16,16,16,16,16,16
470603,1,1,1989,20,20,20,20,20,20,20,20,20,20
470603,2,1,1989,0,0,0,0,0,0,0,0,0,0
470604,1,1,1989,15,15,15,15,15,15,15,15,15,15
470605,1,1,1989,0,0,0,0,0,0,0,0,0,0
470606,1,1,1989,0,0,0,0,0,0,0,0,0,0
470606,2,1,1989,0,0,0,0,0,0,0,0,0,0
470607,1,1,1989,17,15,5,11,16,8,29,0,29,5
470608,1,1,1989,0,0,0,0,0,0,0,0,0,0
470608,2,1,1989,0,0,0,0,0,0,0,0,0,0
470609,1,1,1989,0,0,0,0,0,0,0,0,0,0
470610,0,1,1989,23,23,23,23,23,23,23,23,23,23
470610,1,1,1989,0,0,0,0,0,0,11,0,0,0
470611,1,1,1989,0,0,0,0,0,0,0,0,0,0
470611,2,1,1989,0,0,0,0,0,0,0,0,0,0
470612,0,1,1989,19,27,25,21,20,21,8,34,14,17
470612,1,1,1989,0,16,0,0,0,0,19,0,0,0
470613,1,1,1989,0,0,0,0,0,0,0,0,0,0
470613,2,1,1989,0,0,0,0,0,0,0,0,0,0
470613,3,1,1989,0,0,0,0,0,0,0,0,0,0
470614,1,1,1989,0,0,0,0,0,0,0,0,0,0
470614,2,1,1989,9,0,0,0,0,0,0,0,0,0
470615,1,1,1989,0,0,0,0,0,0,0,0,0,0
470616,1,1,1989,0,0,0,0,0,0,0,0,0,0
470616,2,1,1989,0,0,0,0,0,0,0,0,0,0
470617,1,1,1989,0,0,0,0,0,0,0,0,0,0
470617,2,1,1989,0,0,8,0,0,0,18,0,0,0
470618,1,1,1989,0,0,0,0,0,0,0,0,0,0
470619,1,1,1989,0,0,0,0,0,0,0,0,0,0
470620,1,1,1989,0,0,0,0,0,0,0,0,0,0
470620,2,1,1989,0,0,0,0,0,0,0,0,0,0
470621,1,1,1989,0,0,0,0,0,0,0,0,0,0
470621,2,1,1989,0,0,0,0,0,0,0,0,0,0
470622,1,1,1989,31,31,31,31,31,31,31,31,31,31
470622,2,1,1989,0,0,0,0,0,0,0,0,0,0
470623,1,1,1989,23,23,23,23,23,23,23,23,23,23
470623,2,1,1989,0,0,0,0,0,0,0,0,0,0
470624,0,1,1989,0,0,0,0,0,0,0,0,0,0
470624,1,1,1989,0,0,0,0,0,0,0,0,0,0
470625,1,1,1989,0,0,0,0,0,0,0,0,0,13
470626,1,1,1989,0,0,0,0,0,0,0,0,0,0
470627,1,1,1989,39,39,39,39,39,39,39,39,39,39
470628,1,1,1989,0,0,0,0,0,0,0,0,0,0
470629,1,1,1989,0,0,0,0,0,0,0,0,0,0
470629,2,1,1989,0,0,0,0,0,0,0,0,0,0
470630,1,1,1989,0,0,0,0,0,0,0,0,0,0
470631,1,1,1989,21,21,21,21,21,21,21,21,21,21
470632,1,1,1989,0,0,0,0,0,0,0,0,0,0
470633,1,1,1989,11,11,11,11,11,11,11,11,11,11
470634,1,1,1989,0,0,0,0,0,0,0,0,0,0
470636,1,1,1989,0,0,0,0,0,0,0,0,0,0
470636,2,1,1989,0,0,0,0,0,0,0,0,0,0
470636,3,1,1989,0,0,0,0,0,0,0,0,0,0
470637,0,1,1989,0,0,0,0,0,0,0,0,0,0
470637,1,1,1989,0,0,0,0,0,0,0,0,0,0
470638,0,1,1989,0,0,0,0,0,0,0,0,0,0
470638,1,1,1989,0,0,0,0,0,0,0,0,0,0
470639,1,1,1989,0,0,21,0,0,0,0,0,0,0
470640,1,1,1989,0,0,0,0,0,0,0,0,0,0
470641,1,1,1989,17,8,0,7,0,19,18,13,14,23
470642,1,1,1989,27,27,27,27,27,27,27,27,27,27
470644,1,1,1989,0,0,0,0,0,0,0,0,0,0
470644,2,1,1989,0,0,0,0,0,0,0,0,0,0
470644,3,1,1989,0,0,0,0,0,0,0,0,0,0
470645,1,1,1989,0,0,0,0,0,0,0,0,0,0
470645,2,1,1989,0,0,0,0,0,0,0,0,0,0
470646,1,1,1989,10,0,0,0,0,0,0,0,0,0
470646,2,1,1989,0,0,0,0,0,0,0,0,0,0
470646,3,1,1989,0,0,0,0,0,0,0,0,0,0
470646,4,1,1989,0,0,0,0,0,0,0,0,0,0
470647,1,1,1989,0,0,0,0,0,0,0,0,0,0
470648,1,1,1989,0,0,0,0,0,0,0,0,0,0
470649,1,1,1989,0,0,0,0,0,0,0,0,16,0
470649,2,1,1989,0,0,0,0,0,0,0,0,0,0
470650,1,1,1989,10,10,10,10,10,10,10,10,10,10
470650,2,1,1989,18,18,18,18,18,18,18,18,18,18
470651,1,1,1989,5,34,17,10,0,21,20,24,12,0
470651,2,1,1989,0,0,0,0,0,0,0,0,0,0
470651,3,1,1989,0,0,0,0,0,0,0,0,0,0
470652,1,1,1989,27,0,17,0,9,17,0,9,0,27
470653,1,1,1989,15,15,15,15,15,15,15,15,15,15
470654,1,1,1989,0,0,0,0,0,0,0,0,0,0
470655,1,1,1989,14,14,14,14,14,14,14,14,14,14
470656,1,1,1989,19,19,19,19,19,19,19,19,19,19
470657,1,1,1989,18,18,18,18,18,18,18,18,18,18
470658,1,1,1989,33,33,33,33,33,33,33,33,33,33
470659,1,1,1989,25,25,25,25,25,25,25,25,25,25
470660,1,1,1989,0,0,0,0,0,0,0,0,0,0
470660,2,1,1989,18,18,18,18,18,18,18,18,18,18
470661,1,1,1989,0,0,20,10,0,12,0,0,0,0
470661,2,1,1989,12,0,23,0,15,22,16,12,0,0
470662,1,1,1989,0,0,0,0,0,0,0,0,0,0
470662,2,1,1989,0,0,0,0,0,0,0,0,0,0
470663,1,1,1989,4,4,4,4,4,4,4,4,4,4
470663,2,1,1989,0,0,0,0,0,0,0,0,0,0
470664,1,1,1989,0,0,0,0,0,0,0,0,0,0
470665,1,1,1989,22,22,22,22,22,22,22,22,22,22
470666,1,1,1989,0,0,0,0,0,0,0,0,0,0
470667,1,1,1989,0,0,0,0,0,0,0,0,0,0
470667,2,1,1989,14,8,13,13,0,6,0,0,15,0
470668,1,1,1989,17,17,17,17,17,17,17,17,17,17
470668,2,1,1989,20,12,13,27,5,8,20,31,10,23
470669,1,1,1989,0,0,0,0,0,0,0,0,0,0
470669,2,1,1989,12,0,12,0,17,5,0,0,0,0
470670,1,1,1989,0,0,0,0,0,0,22,0,0,0
470670,2,1,1989,0,0,0,0,0,0,0,0,0,0
470671,1,1,1989,0,0,0,0,0,0,0,0,0,0
470672,1,1,1989,0,0,0,0,0,0,0,0,0,0
470673,1,1,1989,0,0,0,0,0,0,0,0,0,0
470673,2,1,1989,0,0,0,0,0,0,0,0,0,0
470674,1,1,1989,0,0,0,0,0,0,0,0,0,0
470674,2,1,1989,0,0,0,0,0,0,0,0,0,0
470675,1,1,1989,22,22,22,22,22,22,22,22,22,22
470676,1,1,1989,0,0,0,0,0,0,0,0,0,0
470676,2,1,1989,0,0,0,0,0,0,0,0,0,0
470677,1,1,1989,20,20,20,20,20,20,20,20,20,20
470678,1,1,1989,0,0,0,0,0,0,0,0,0,0
470679,0,1,1989,0,0,0,0,0,0,0,0,0,0
470679,1,1,1989,17,17,17,17,17,17,17,17,17,17
470680,0,1,1989,0,0,0,0,0,0,0,0,0,0
470680,1,1,1989,0,0,0,0,0,0,0,0,0,0
470681,1,1,1989,0,0,0,0,0,0,0,0,0,0
470682,1,1,1989,0,0,0,0,0,0,0,0,0,0
470682,2,1,1989,0,0,0,0,0,0,0,0,0,0
470683,1,1,1989,0,0,0,0,0,0,0,0,0,0
470683,2,1,1989,0,0,0,0,0,0,0,0,0,0
470684,1,1,1989,0,0,0,17,0,0,0,0,0,0
470684,2,1,1989,0,0,0,0,0,0,0,0,0,0
470685,1,1,1989,0,20,6,0,0,0,14,0,23,0
470686,0,1,1989,0,0,0,0,0,0,0,0,0,0
470686,1,1,1989,0,0,0,0,0,0,0,0,0,0
470687,1,1,1989,17,17,17,17,17,17,17,17,17,17
470688,1,1,1989,0,0,0,0,0,0,0,0,0,0
470688,2,1,1989,0,0,0,17,0,0,0,0,0,0
470689,1,1,1989,33,33,33,33,33,33,33,33,33,33
470690,1,1,1989,7,7,7,7,7,7,7,7,7,7
470691,1,1,1989,9,9,9,9,9,9,9,9,9,9
470692,1,1,1989,3,3,3,3,3,3,3,3,3,3
470692,2,1,1989,0,0,0,0,0,0,0,0,0,0
470693,1,1,1989,20,20,20,20,20,20,20,20,20,20
470694,1,1,1989,9,9,9,9,9,9,9,9,9,9
470695,1,1,1989,9,11,13,5,10,17,13,5,5,8
470696,1,1,1989,0,0,0,0,0,0,0,0,0,0
470697,0,1,1989,0,0,0,0,0,0,0,0,0,0
470697,1,1,1989,0,0,0,0,0,0,0,0,0,0
470698,1,1,1989,11,11,11,11,11,11,11,11,11,11
470698,2,1,1989,0,0,0,0,0,0,0,0,0,0
470699,1,1,1989,0,0,0,0,0,0,0,0,0,0
470699,2,1,1989,0,0,0,0,0,0,0,0,0,0
470700,1,1,1989,17,17,17,17,17,17,17,17,17,17
470700,2,1,1989,0,0,0,0,0,0,29,0,0,0
470701,1,1,1989,29,0,0,11,14,0,0,0,27,19
470702,1,1,1989,24,24,24,24,24,24,24,24,24,24
470703,1,1,1989,1,1,1,1,1,1,1,1,1,1
470703,2,1,1989,0,0,0,0,0,0,18,0,0,0
470703,3,1,1989,0,0,17,0,0,0,0,0,0,0
470705,1,1,1989,0,0,0,0,0,0,0,0,0,0
470705,2,1,1989,0,0,0,0,0,0,0,0,0,0
470706,0,1,1989,0,0,0,0,0,0,0,0,0,0
470706,1,1,1989,0,0,0,0,0,0,0,0,0,0
470707,1,1,1989,11,11,11,11,11,11,11,11,11,11
470709,1,1,1989,0,0,0,0,0,0,0,0,0,0
470710,1,1,1989,0,0,0,0,0,0,12,0,0,0
470710,2,1,1989,0,0,0,0,0,0,0,0,0,0
470711,1,1,1989,14,14,14,14,14,14,14,14,14,14
470712,1,1,1989,5,16,23,0,0,14,10,18,11,15
470713,1,1,1989,0,12,0,0,0,0,0,0,0,0
470714,1,1,1989,0,0,0,0,21,0,26,0,21,22
470714,2,1,1989,0,0,0,0,20,0,13,0,17,0
470715,1,1,1989,11,11,11,11,11,11,11,11,11,11
470716,1,1,1989,0,0,0,0,0,0,0,0,0,0
470717,1,1,1989,25,25,25,25,25,25,25,25,25,25
470718,1,1,1989,34,16,30,26,14,12,11,21,21,0
470719,1,1,1989,0,0,0,0,0,0,0,0,0,0
470719,2,1,1989,0,0,0,0,0,0,0,0,0,0
470719,3,1,1989,0,0,0,0,0,0,0,0,0,0
470720,0,1,1989,0,0,0,0,0,0,0,0,0,0
470720,1,1,1989,0,0,0,0,0,0,0,0,0,0
470721,1,1,1989,20,20,20,20,20,20,20,20,20,20
470724,1,1,1989,0,0,14,0,0,0,0,17,29,0
470724,2,1,1989,0,0,0,0,0,0,0,0,0,0
470724,3,1,1989,0,0,0,0,0,0,0,0,0,0
470724,4,1,1989,0,9,0,0,0,0,0,0,4,0
470724,5,1,1989,0,0,0,0,0,0,0,0,0,0
470725,1,1,1989,0,0,0,0,0,0,0,0,0,0
470726,1,1,1989,0,0,0,0,0,0,0,0,0,0
470726,2,1,1989,0,0,0,0,0,0,0,0,0,0
470727,0,1,1989,0,0,0,0,0,0,0,0,0,0
470727,1,1,1989,9,9,9,9,9,9,9,9,9,9
470728,1,1,1989,0,0,0,0,0,0,0,0,0,0
470728,2,1,1989,0,0,0,0,0,0,0,0,0,0
470729,1,1,1989,6,6,6,6,6,6,6,6,6,6
470729,2,1,1989,12,12,12,12,12,12,12,12,12,12
470730,1,1,1989,27,27,27,27,27,27,27,27,27,27
470731,1,1,1989,21,0,0,0,20,0,0,0,0,23
470732,1,1,1989,12,12,12,12,12,12,12,12,12,12
470732,2,1,1989,0,0,0,0,0,0,0,0,0,0
470733,1,1,1989,0,0,0,0,0,0,0,0,0,0
470733,2,1,1989,0,0,0,0,0,0,0,0,0,0
470734,1,1,1989,0,0,0,0,0,0,0,0,0,0
470734,2,1,1989,0,0,0,0,0,0,0,0,0,0
470736,0,1,1989,15,0,0,0,9,9,0,13,0,0
470736,0,2,1989,0,0,0,0,0,0,0,0,0,0
470736,1,1,1989,12,12,12,12,12,12,12,12,12,12
470737,1,1,1989,0,0,0,0,0,0,0,0,0,0
470737,2,1,1989,0,0,0,0,0,0,0,0,0,0
470737,3,1,1989,0,0,0,0,0,0,0,0,0,0
470738,1,1,1989,0,0,0,0,0,0,0,0,0,0
470738,2,1,1989,0,0,0,0,0,0,0,0,0,0
470739,1,1,1989,23,23,23,23,23,23,23,23,23,23
470740,1,1,1989,17,17,17,17,17,17,17,17,17,17
470741,1,1,1989,0,0,0,0,0,0,0,0,0,0
470743,1,1,1989,0,0,0,0,0,0,0,0,0,0
470743,2,1,1989,5,5,5,5,5,5,5,5,5,5
470744,1,1,1989,0,0,0,0,0,0,0,0,0,0
470745,1,1,1989,0,0,0,0,0,0,0,0,0,0
470746,1,1,1989,29,29,29,29,29,29,29,29,29,29
470747,0,1,1989,24,24,24,24,24,24,24,24,24,24
470747,1,1,1989,0,0,0,0,0,0,0,0,0,0
470748,1,1,1989,0,0,0,0,0,0,0,0,0,0
470749,1,1,1989,17,17,17,17,17,17,17,17,17,17
470750,1,1,1989,0,0,0,0,0,0,0,0,0,0
470750,2,1,1989,0,0,0,0,0,8,0,0,0,0
470750,3,1,1989,0,0,0,0,0,0,0,0,0,0
470751,1,1,1989,0,0,0,0,0,0,0,0,0,0
470752,1,1,1989,0,0,0,0,7,0,0,0,0,19
470753,1,1,1989,0,0,0,0,0,0,0,0,0,0
470753,2,1,1989,0,0,0,0,0,0,0,0,0,0
470754,1,1,1989,1,1,1,1,1,1,1,1,1,1
470755,1,1,1989,0,15,0,0,0,0,0,0,0,0
470755,2,1,1989,0,0,0,0,0,0,5,0,0,0
470756,1,1,1989,0,0,0,0,0,0,0,0,0,0
470757,1,1,1989,0,0,0,0,0,0,0,0,0,0
470757,2,1,1989,23,23,23,23,23,23,23,23,23,23
470758,1,1,1989,19,19,19,19,19,19,19,19,19,19
470759,1,1,1989,0,0,0,0,0,0,0,0,0,0
470760,0,1,1989,0,0,0,0,0,0,0,0,0,0
470760,1,1,1989,0,0,19,0,0,0,0,0,0,0
470761,0,1,1989,0,0,0,0,22,18,9,0,0,0
470761,1,1,1989,0,0,0,0,0,0,0,0,0,0
470762,1,1,1989,0,0,0,0,0,0,0,0,0,0
470763,1,1,1989,19,19,19,19,19,19,19,19,19,19
470763,2,1,1989,18,18,18,18,18,18,18,18,18,18
470764,1,1,1989,0,0,0,0,0,0,0,0,0,0
470765,1,1,1989,0,0,0,0,0,0,0,0,0,0
470765,2,1,1989,0,0,0,0,0,0,0,0,0,0
470766,1,1,1989,0,0,0,0,0,0,0,0,0,0
470767,1,1,1989,16,16,16,16,16,16,16,16,16,16
470767,2,1,1989,0,0,0,0,0,0,0,0,0,0
470768,1,1,1989,20,20,20,20,20,20,20,20,20,20
470769,1,1,1989,10,9,18,18,0,11,30,22,11,20
470770,1,1,1989,0,0,0,0,0,0,0,0,0,0
470771,1,1,1989,0,0,0,0,0,0,0,0,0,0
470771,2,1,1989,0,0,0,0,0,0,0,0,0,0
470772,1,1,1989,26,0,0,0,29,0,17,0,0,0
470773,0,1,1989,8,8,8,8,8,8,8,8,8,8
470773,1,1,1989,0,0,0,0,0,0,0,0,0,0
470774,1,1,1989,0,0,0,10,0,0,0,24,0,0
470774,2,1,1989,0,0,0,0,0,0,0,0,0,0
470775,1,1,1989,0,0,0,0,0,0,25,4,14,7
470776,1,1,1989,0,0,0,0,0,0,0,0,0,0
470776,2,1,1989,0,0,0,0,0,0,0,0,0,0
470777,0,1,1989,0,0,0,0,0,0,0,0,0,0
470778,1,1,1989,25,25,25,25,25,25,25,25,25,25
470779,1,1,1989,2,2,2,2,2,2,2,2,2,2
470780,1,1,1989,0,0,0,0,0,0,0,0,0,0
470781,1,1,1989,0,0,0,0,0,0,0,0,0,0
470782,1,1,1989,0,0,0,0,0,0,0,0,0,0
470782,2,1,1989,0,0,0,0,0,0,0,0,0,0
470783,1,1,1989,17,17,17,17,17,17,17,17,17,17
470784,1,1,1989,0,0,0,0,0,0,0,0,0,0
470784,2,1,1989,0,0,0,0,0,0,0,0,0,0
470785,1,1,1989,24,24,24,24,24,24,24,24,24,24
470786,1,1,1989,0,0,0,0,0,0,0,0,0,0