ST_CASE,VEH_NO,PER_NO,YEAR,P1,P2,P3,P4,P5,P6,P7,P8,P9,P10
470787,1,1,1989,4,4,4,4,4,4,4,4,4,4
470788,1,1,1989,0,0,0,0,0,0,0,0,0,0
470789,1,1,1989,0,0,0,0,0,0,0,0,0,0
470789,2,1,1989,0,0,0,0,0,0,0,0,0,0
470790,1,1,1989,21,21,21,21,21,21,21,21,21,21
470791,1,1,1989,0,0,0,0,0,0,0,0,0,0
470792,1,1,1989,29,29,29,29,29,29,29,29,29,29
470793,1,1,1989,15,15,15,15,15,15,15,15,15,15
470794,1,1,1989,0,0,0,0,0,0,0,0,0,0
470794,2,1,1989,0,0,0,0,0,0,0,0,0,0
470795,1,1,1989,10,10,10,10,10,10,10,10,10,10
470796,1,1,1989,0,0,0,0,0,0,0,0,0,0
470797,1,1,1989,11,24,0,0,10,24,0,36,21,0
470798,1,1,1989,0,0,24,0,0,0,0,0,0,0
470799,1,1,1989,0,0,0,0,0,0,0,0,0,0
470799,2,1,1989,0,0,0,0,0,0,0,0,0,0
470800,1,1,1989,14,17,33,19,15,14,9,13,8,11
470800,2,1,1989,0,0,0,0,0,0,0,0,0,0
470801,1,1,1989,24,24,24,24,24,24,24,24,24,24
470802,1,1,1989,24,24,24,24,24,24,24,24,24,24
470803,1,1,1989,0,0,0,0,0,0,0,0,0,0
470803,2,1,1989,0,0,0,0,0,0,0,0,0,0
470805,0,1,1989,0,0,0,0,0,0,0,0,0,0
470805,1,1,1989,0,0,0,0,0,0,0,0,0,0
470806,1,1,1989,0,0,0,0,0,0,0,0,0,0
470807,1,1,1989,0,0,0,0,0,0,0,0,0,0
470807,2,1,1989,32,32,32,32,32,32,32,32,32,32
470808,1,1,1989,26,26,26,26,26,26,26,26,26,26
470808,2,1,1989,2,2,2,2,2,2,2,2,2,2
470808,3,1,1989,0,0,0,0,0,0,0,0,0,0
470809,1,1,1989,27,27,27,27,27,27,27,27,27,27
470810,1,1,1989,0,0,0,0,0,0,0,0,0,0
470811,1,1,1989,16,16,16,16,16,16,16,16,16,16
470812,1,1,1989,17,17,17,17,17,17,17,17,17,17
470813,1,1,1989,0,0,0,0,0,0,0,0,0,0
470813,2,1,1989,0,0,0,0,0,0,0,0,0,0
470814,1,1,1989,26,26,26,26,26,26,26,26,26,26
470815,1,1,1989,13,13,13,13,13,13,13,13,13,13
470816,1,1,1989,0,23,32,3,0,0,8,0,0,0
470817,1,1,1989,6,6,6,6,6,6,6,6,6,6
470817,2,1,1989,0,0,0,0,0,0,0,0,0,0
470818,1,1,1989,40,40,40,40,40,40,40,40,40,40
470819,1,1,1989,0,0,0,0,0,0,0,0,0,0
470819,2,1,1989,0,0,0,0,0,0,0,0,0,0
470821,1,1,1989,16,16,16,16,16,16,16,16,16,16
470822,1,1,1989,6,15,17,11,19,12,21,19,15,14
470823,1,1,1989,0,0,0,0,0,0,0,0,0,0
470825,0,1,1989,0,17,13,27,21,12,12,11,18,13
470825,1,1,1989,0,0,15,12,2,0,0,0,0,11
470825,2,1,1989,0,0,0,0,0,0,0,7,0,0
470826,1,1,1989,0,0,0,0,0,0,0,0,0,0
470826,2,1,1989,0,0,0,0,0,0,0,0,0,0
470827,1,1,1989,0,0,24,16,0,0,0,0,0,0
470828,1,1,1989,12,12,12,12,12,12,12,12,12,12
470829,1,1,1989,0,0,0,0,0,0,0,0,0,0
470829,2,1,1989,26,26,26,26,26,26,26,26,26,26
470830,1,1,1989,0,0,0,0,0,0,0,0,0,0
470831,0,1,1989,0,9,16,19,24,16,5,11,29,30
470831,1,1,1989,21,10,18,15,17,11,7,16,14,23
470832,1,1,1989,0,0,0,0,0,0,0,0,0,0
470833,1,1,1989,0,0,0,0,0,0,0,0,0,0
470834,1,1,1989,37,37,37,37,37,37,37,37,37,37
470835,1,1,1989,10,10,10,10,10,10,10,10,10,10
470835,2,1,1989,0,0,0,0,0,0,0,0,0,0
470836,0,1,1989,12,12,12,12,12,12,12,12,12,12
470836,1,1,1989,0,0,0,0,0,0,0,0,0,0
470837,1,1,1989,21,21,21,21,21,21,21,21,21,21
470839,1,1,1989,4,14,21,0,0,0,0,0,24,0
470840,1,1,1989,18,18,18,18,18,18,18,18,18,18
470841,1,1,1989,0,0,0,0,0,0,0,0,0,0
470841,2,1,1989,0,0,0,0,0,0,0,0,0,25
470842,0,1,1989,6,6,6,6,6,6,6,6,6,6
470842,1,1,1989,5,5,5,5,5,5,5,5,5,5
470843,0,1,1989,0,0,0,0,0,0,0,0,0,0
470843,0,2,1989,0,0,0,0,0,0,0,0,0,0
470843,1,1,1989,13,33,7,25,0,27,27,32,15,9
470844,1,1,1989,0,0,0,0,0,0,0,0,0,0
470844,2,1,1989,0,0,0,0,0,0,0,0,0,0
470845,1,1,1989,0,0,0,0,0,0,0,0,0,0
470845,2,1,1989,0,0,0,0,0,0,0,0,19,0
470845,3,1,1989,0,0,0,0,0,0,0,0,0,0
470846,1,1,1989,22,22,22,22,22,22,22,22,22,22
470847,1,1,1989,0,0,0,0,0,0,0,0,0,0
470848,1,1,1989,0,0,0,0,0,0,0,0,0,0
470848,2,1,1989,15,15,15,15,15,15,15,15,15,15
470849,1,1,1989,12,10,7,11,17,9,27,0,26,18
470849,2,1,1989,0,0,0,0,0,0,0,0,0,0
470850,1,1,1989,20,20,20,20,20,20,20,20,20,20
470850,2,1,1989,0,0,0,0,0,0,0,0,0,0
470851,1,1,1989,0,0,0,0,0,0,0,0,0,0
470851,2,1,1989,16,16,16,16,16,16,16,16,16,16
470852,1,1,1989,7,7,7,7,7,7,7,7,7,7
470852,2,1,1989,0,0,0,0,0,0,0,0,0,0
470853,1,1,1989,0,0,0,0,0,0,0,0,0,0
470854,1,1,1989,24,24,24,24,24,24,24,24,24,24
470855,1,1,1989,0,0,0,0,0,0,0,0,0,0
470855,2,1,1989,0,0,0,0,0,0,0,0,0,0
470856,1,1,1989,0,0,0,0,0,0,0,0,0,0
470857,1,1,1989,0,0,0,0,0,0,0,17,0,8
470857,2,1,1989,22,22,22,22,22,22,22,22,22,22
470858,1,1,1989,11,11,11,11,11,11,11,11,11,11
470858,2,1,1989,0,0,0,0,0,0,0,0,0,0
470859,1,1,1989,0,8,0,0,0,0,0,0,0,0
470859,2,1,1989,0,0,0,0,0,0,0,0,0,0
470860,1,1,1989,0,0,0,0,0,0,0,0,0,0
470860,2,1,1989,0,0,0,0,0,0,0,0,0,0
470861,0,1,1989,0,0,0,0,0,0,0,0,0,0
470861,1,1,1989,0,0,0,0,0,0,0,0,0,0
470862,1,1,1989,0,0,17,0,0,0,0,0,0,0
470862,2,1,1989,0,0,0,0,0,0,0,0,0,0
470862,3,1,1989,29,29,29,29,29,29,29,29,29,29
470863,1,1,1989,20,20,20,20,20,20,20,20,20,20
470863,2,1,1989,0,0,0,0,0,0,15,0,0,0
470864,1,1,1989,12,12,12,12,12,12,12,12,12,12
470865,1,1,1989,0,0,0,0,0,0,0,0,0,0
470866,1,1,1989,0,0,0,0,0,0,0,0,0,0
470867,1,1,1989,0,0,0,0,0,0,0,0,0,0
470867,2,1,1989,3,3,3,3,3,3,3,3,3,3
470868,1,1,1989,42,42,42,42,42,42,42,42,42,42
470869,1,1,1989,0,0,0,0,0,0,0,0,0,0
470869,2,1,1989,0,0,0,0,0,0,0,23,0,0
470870,1,1,1989,16,17,16,16,22,18,22,12,28,32
470871,1,1,1989,0,0,0,0,0,0,0,0,0,0
470871,2,1,1989,23,23,23,23,23,23,23,23,23,23
470872,0,1,1989,9,0,16,20,25,23,12,19,23,34
470872,1,1,1989,0,0,0,0,0,0,0,0,0,0
470873,1,1,1989,0,0,0,0,0,0,0,0,0,0
470874,1,1,1989,21,21,21,21,21,21,21,21,21,21
470875,1,1,1989,0,0,0,0,0,0,0,0,0,0
470875,2,1,1989,0,0,0,0,0,0,0,0,0,0
470875,3,1,1989,0,0,0,0,0,0,0,0,0,0
470876,1,1,1989,14,14,14,14,14,14,14,14,14,14
470876,2,1,1989,0,0,0,0,0,0,0,0,0,0
470877,1,1,1989,21,21,21,21,21,21,21,21,21,21
470878,1,1,1989,19,19,19,19,19,19,19,19,19,19
470879,1,1,1989,17,17,17,17,17,17,17,17,17,17
470880,1,1,1989,0,8,0,0,0,0,0,0,0,0
470881,1,1,1989,0,0,0,0,0,0,0,0,0,0
470881,2,1,1989,15,16,12,9,0,17,9,0,20,15
470882,0,1,1989,6,0,36,3,0,0,21,0,0,0
470882,1,1,1989,0,0,0,0,0,0,0,0,0,0
470883,1,1,1989,0,0,0,0,0,0,0,0,0,0
470883,2,1,1989,0,0,0,0,0,18,0,0,11,0
470883,3,1,1989,0,0,0,0,0,0,0,0,0,0
470884,1,1,1989,0,0,0,0,0,0,0,0,0,0
470884,2,1,1989,0,0,18,0,0,25,0,0,25,6
470885,1,1,1989,16,16,16,16,16,16,16,16,16,16
470886,1,1,1989,20,20,20,20,20,20,20,20,20,20
470887,1,1,1989,0,0,0,0,0,0,0,0,0,0
470887,2,1,1989,0,0,0,0,0,0,0,0,0,0
470887,3,1,1989,0,0,0,0,0,0,0,0,0,0
470888,1,1,1989,0,0,0,0,0,0,0,0,0,0
470888,2,1,1989,0,0,0,0,0,0,0,0,0,0
470889,1,1,1989,0,0,0,0,0,0,0,0,0,0
470889,2,1,1989,5,5,5,5,5,5,5,5,5,5
470890,1,1,1989,26,26,26,26,26,26,26,26,26,26
470891,1,1,1989,0,0,0,0,0,0,0,0,0,0
470892,1,1,1989,0,0,0,0,0,0,0,0,0,0
470892,2,1,1989,0,0,0,0,0,0,0,0,0,0
470893,1,1,1989,15,15,15,15,15,15,15,15,15,15
470894,1,1,1989,11,11,11,11,11,11,11,11,11,11
470895,1,1,1989,16,16,16,16,16,16,16,16,16,16
470895,2,1,1989,0,0,0,0,0,0,0,0,0,0
470896,1,1,1989,0,0,0,0,0,0,0,0,0,0
470896,2,1,1989,0,0,0,0,0,0,0,0,0,0
470897,1,1,1989,29,29,29,29,29,29,29,29,29,29
470898,1,1,1989,0,0,0,0,0,34,0,0,0,0
470898,2,1,1989,0,0,0,0,0,0,0,0,0,0
470899,1,1,1989,0,0,0,0,0,0,0,0,0,0
470900,1,1,1989,43,43,43,43,43,43,43,43,43,43
470901,0,1,1989,0,0,0,0,0,0,0,0,0,0
470901,1,1,1989,0,0,0,0,0,0,0,0,0,0
470902,1,1,1989,0,0,0,0,0,0,0,0,0,0
470902,2,1,1989,0,0,0,0,0,0,0,0,0,0
470903,1,1,1989,25,25,25,25,25,25,25,25,25,25
470903,2,1,1989,0,0,0,0,0,0,0,0,0,0
470904,1,1,1989,28,28,28,28,28,28,28,28,28,28
470905,1,1,1989,15,15,15,15,15,15,15,15,15,15
470906,1,1,1989,11,11,11,11,11,11,11,11,11,11
470907,1,1,1989,0,0,0,0,0,0,0,0,0,0
470907,2,1,1989,0,0,0,0,0,0,0,0,0,0
470908,1,1,1989,11,11,11,11,11,11,11,11,11,11
470908,2,1,1989,0,0,0,0,0,0,0,0,0,0
470909,1,1,1989,0,13,8,23,0,18,0,8,8,19
470909,2,1,1989,0,0,0,0,0,0,0,0,0,0
470910,1,1,1989,0,16,0,0,0,0,0,0,0,11
470911,1,1,1989,0,0,0,0,0,0,0,0,0,0
470911,2,1,1989,0,0,0,0,0,0,12,0,0,0
470912,1,1,1989,0,0,0,0,0,0,0,0,0,0
470912,2,1,1989,0,0,0,0,0,0,0,0,0,0
470912,3,1,1989,0,0,0,0,0,0,0,0,0,0
470913,1,1,1989,8,8,8,8,8,8,8,8,8,8
470913,2,1,1989,27,27,27,27,27,27,27,27,27,27
470914,1,1,1989,18,18,18,18,18,18,18,18,18,18
470914,2,1,1989,22,22,22,22,22,22,22,22,22,22
470915,1,1,1989,17,17,17,17,17,17,17,17,17,17
470916,1,1,1989,0,0,0,0,0,0,11,6,0,0
470917,1,1,1989,19,19,19,19,19,19,19,19,19,19
470918,1,1,1989,5,5,5,5,5,5,5,5,5,5
470919,1,1,1989,0,0,0,0,0,0,0,0,0,0
470920,0,1,1989,0,0,0,0,0,0,0,17,16,21
470920,1,1,1989,0,0,0,0,0,0,0,0,0,0
470921,0,1,1989,0,0,0,0,0,0,0,0,0,0
470921,1,1,1989,0,0,0,0,0,0,0,0,0,0
470922,1,1,1989,0,0,0,0,0,0,0,0,0,0
470922,2,1,1989,0,0,0,0,0,21,0,0,0,0
470923,1,1,1989,0,0,0,0,0,0,0,0,0,0
470923,2,1,1989,0,0,0,0,0,0,0,0,0,0
470923,3,1,1989,0,0,0,0,0,0,0,0,0,0
470924,1,1,1989,0,0,0,0,0,0,0,0,0,0
470924,2,1,1989,7,7,7,7,7,7,7,7,7,7
470925,1,1,1989,0,0,0,0,0,0,0,0,0,0
470925,2,1,1989,2,2,2,2,2,2,2,2,2,2
470926,1,1,1989,0,0,0,0,0,0,0,0,0,0
470927,2,1,1989,0,0,0,0,0,0,0,0,0,0
470928,1,1,1989,21,0,0,0,6,0,0,0,0,0
470929,1,1,1989,0,0,0,0,0,0,0,0,0,0
470929,2,1,1989,0,0,0,0,0,0,0,0,0,0
470930,1,1,1989,0,0,0,0,0,0,0,0,0,0
470930,2,1,1989,0,0,0,0,0,0,0,0,0,0
470931,0,1,1989,0,0,0,0,0,0,0,0,0,0
470931,1,1,1989,0,0,0,0,0,0,0,0,0,0
470932,1,1,1989,26,21,41,31,23,30,23,14,29,23
470933,1,1,1989,0,0,0,0,0,0,0,0,0,0
470933,2,1,1989,0,0,0,0,0,0,0,0,0,0
470934,1,1,1989,16,16,16,16,16,16,16,16,16,16
470935,1,1,1989,0,0,0,0,0,22,0,15,0,0
470936,1,1,1989,1,1,1,1,1,1,1,1,1,1
470937,1,1,1989,0,0,0,0,0,0,0,0,0,0
470937,2,1,1989,0,0,0,0,0,0,0,0,0,0
470938,1,1,1989,8,8,8,8,8,8,8,8,8,8
470938,2,1,1989,0,0,0,0,0,0,0,0,0,0
470938,3,1,1989,0,0,0,0,0,0,0,0,0,0
470939,1,1,1989,14,6,29,14,0,11,19,18,15,16
470940,1,1,1989,13,21,23,14,15,3,18,13,20,6
470941,1,1,1989,21,21,21,21,21,21,21,21,21,21
470941,2,1,1989,0,0,0,0,0,0,0,0,0,0
470942,1,1,1989,0,0,0,0,0,0,0,0,0,0
470943,1,1,1989,12,12,12,12,12,12,12,12,12,12
470943,2,1,1989,0,0,0,0,0,0,0,0,0,0
470944,0,1,1989,13,13,13,13,13,13,13,13,13,13
470944,1,1,1989,29,23,7,17,21,13,11,12,26,26
470945,1,1,1989,0,0,0,0,0,0,0,0,0,0
470947,1,1,1989,0,0,0,0,0,0,0,0,0,0
470949,1,1,1989,0,0,0,0,0,0,0,0,0,0
470949,2,1,1989,0,0,0,0,0,0,0,0,0,0
470950,1,1,1989,40,40,40,40,40,40,40,40,40,40
470951,1,1,1989,20,20,20,20,20,20,20,20,20,20
470952,1,1,1989,6,27,27,20,6,26,25,19,13,14
470953,1,1,1989,0,0,0,0,0,0,0,0,0,0
470953,2,1,1989,0,0,19,0,0,0,0,0,0,0
470953,3,1,1989,0,0,0,0,0,0,0,0,0,0
470953,4,1,1989,0,10,0,0,0,0,0,0,0,0
470953,5,1,1989,0,0,0,0,0,0,0,0,0,0
470953,6,1,1989,20,0,0,0,0,0,0,0,0,0
470953,7,1,1989,0,0,0,0,0,0,0,0,0,0
470954,1,1,1989,9,9,9,9,9,9,9,9,9,9
470955,1,1,1989,12,12,12,12,12,12,12,12,12,12
470956,1,1,1989,0,0,0,0,0,0,0,0,0,0
470957,1,1,1989,0,38,11,14,0,0,0,0,21,0
470958,0,1,1989,0,23,31,24,0,23,32,40,27,18
470958,0,2,1989,0,0,10,11,13,26,23,14,15,16
470958,1,1,1989,16,16,16,16,16,16,16,16,16,16
470958,3,1,1989,0,0,0,0,0,0,0,0,0,0
470959,1,1,1989,17,17,17,17,17,17,17,17,17,17
470960,1,1,1989,0,0,0,0,0,0,0,0,0,0
470961,0,1,1989,0,0,0,0,0,0,0,0,0,0
470961,1,1,1989,0,0,0,0,0,0,0,0,0,0
470962,1,1,1989,12,12,12,12,12,12,12,12,12,12
470963,1,1,1989,11,11,11,11,11,11,11,11,11,11
470964,1,1,1989,0,0,0,0,0,0,0,0,0,0
470964,2,1,1989,0,0,0,0,0,0,0,0,0,0
470965,1,1,1989,18,18,18,18,18,18,18,18,18,18
470966,1,1,1989,0,0,0,0,0,0,0,0,0,0
470966,2,1,1989,16,16,16,16,16,16,16,16,16,16
470967,1,1,1989,0,0,0,20,7,0,0,0,17,0
470968,1,1,1989,0,0,0,0,0,0,0,0,0,0
470968,2,1,1989,0,0,0,0,0,0,0,0,0,0
470970,1,1,1989,0,0,0,0,0,0,0,0,0,0
470971,1,1,1989,0,0,0,0,0,0,0,0,0,0
470971,2,1,1989,19,0,4,10,0,0,0,0,0,14
470972,1,1,1989,10,10,10,10,10,10,10,10,10,10
470973,1,1,1989,19,0,0,0,0,15,0,0,0,0
470973,2,1,1989,13,12,6,0,21,0,0,0,24,18
470974,1,1,1989,0,0,0,0,0,0,0,0,0,0
470974,2,1,1989,0,0,0,0,0,0,0,0,0,0
470975,1,1,1989,19,19,19,19,19,19,19,19,19,19
470976,1,1,1989,0,0,0,0,0,0,0,0,0,0
470976,2,1,1989,0,0,0,0,0,0,0,0,0,0
470976,3,1,1989,0,0,0,0,0,0,0,0,0,0
470977,1,1,1989,0,26,9,0,0,2,0,0,0,15
470977,2,1,1989,0,18,0,0,0,0,0,0,0,0
470978,1,1,1989,0,0,0,0,0,0,0,0,0,0
470978,2,1,1989,0,0,0,0,0,0,0,0,0,0
470979,1,1,1989,6,6,6,6,6,6,6,6,6,6
470979,2,1,1989,0,0,0,6,0,0,0,9,0,7
470980,1,1,1989,36,36,36,36,36,36,36,36,36,36
470981,1,1,1989,0,0,0,19,0,0,0,14,0,0
470981,2,1,1989,13,23,0,19,12,22,39,20,13,0
470982,1,1,1989,20,20,20,20,20,20,20,20,20,20
470983,1,1,1989,0,0,0,0,0,0,0,0,0,0
470983,2,1,1989,0,0,0,0,0,0,0,0,0,0
470984,1,1,1989,33,12,24,15,7,11,24,17,22,13
470985,1,1,1989,14,14,14,14,14,14,14,14,14,14
470986,1,1,1989,0,0,0,0,0,0,0,0,0,0
470987,1,1,1989,26,26,26,26,26,26,26,26,26,26
470988,1,1,1989,0,0,0,0,9,0,0,0,0,0
470988,2,1,1989,12,0,0,0,0,0,0,0,0,0
470989,1,1,1989,0,0,0,0,0,0,0,0,0,0
470989,2,1,1989,0,0,0,0,0,0,0,0,0,0
470990,1,1,1989,0,0,0,0,0,0,0,0,0,0
470990,2,1,1989,0,0,0,0,0,0,0,0,0,0
470991,1,1,1989,0,18,0,0,0,0,0,0,0,0
470992,1,1,1989,0,0,0,0,0,0,0,0,0,0
470993,1,1,1989,16,16,16,16,16,16,16,16,16,16
470993,2,1,1989,0,0,0,0,0,0,0,23,0,0
470994,1,1,1989,13,6,18,0,21,27,22,18,8,14
470995,1,1,1989,13,13,13,13,13,13,13,13,13,13
470996,1,1,1989,23,23,23,23,23,23,23,23,23,23
470997,1,1,1989,0,0,0,0,0,0,0,0,0,0
470997,2,1,1989,0,0,0,0,0,0,0,0,0,0
470998,1,1,1989,0,0,0,0,0,0,0,0,0,0
470998,2,1,1989,0,0,0,0,0,21,0,0,0,0
470999,1,1,1989,30,30,30,30,30,30,30,30,30,30
471000,1,1,1989,0,0,0,0,0,0,0,0,0,0
471000,2,1,1989,0,0,0,0,0,0,0,0,0,0
471001,1,1,1989,11,0,8,5,9,31,12,6,11,13
471002,1,1,1989,0,0,0,0,0,0,0,0,0,0
471003,1,1,1989,0,0,0,0,0,0,0,0,0,0
471003,2,1,1989,0,0,0,0,0,0,0,0,0,0
471004,1,1,1989,0,0,16,0,0,0,0,0,0,0
471004,2,1,1989,0,0,0,0,0,0,0,0,0,0
471005,1,1,1989,25,25,25,25,25,25,25,25,25,25
471006,0,1,1989,0,0,0,0,0,0,0,0,0,0
471006,1,1,1989,0,0,0,0,0,0,0,0,0,0
471007,1,1,1989,0,0,16,29,0,19,0,22,19,0
471008,1,1,1989,9,9,9,9,9,9,9,9,9,9
471010,1,1,1989,0,11,0,0,0,0,0,0,0,0
471010,2,1,1989,0,0,0,0,0,0,0,0,0,0
471011,1,1,1989,4,0,0,0,0,0,0,0,19,0
471011,2,1,1989,0,0,0,0,0,0,0,0,0,0
471012,1,1,1989,0,13,0,0,0,0,16,0,0,18
471013,1,1,1989,0,0,0,0,0,0,0,0,0,0
471014,0,1,1989,0,26,19,0,32,0,26,8,42,0
471014,1,1,1989,22,22,22,22,22,22,22,22,22,22
471016,1,1,1989,0,19,7,16,0,0,0,0,18,0
471017,1,1,1989,16,25,21,20,22,23,9,27,32,22
471018,1,1,1989,9,9,9,9,9,9,9,9,9,9
471018,2,1,1989,0,0,0,0,0,0,0,0,0,0
471019,1,1,1989,22,22,19,8,18,20,22,32,18,28
471020,1,1,1989,0,0,0,0,0,0,35,0,0,0
471021,1,1,1989,0,0,0,0,0,0,0,0,0,0
471021,2,1,1989,8,0,0,0,0,0,0,0,0,0
471021,3,1,1989,0,0,0,0,0,0,0,0,0,0
471022,0,1,1989,35,35,35,35,35,35,35,35,35,35
471022,1,1,1989,0,0,0,0,0,0,0,0,0,0
471023,1,1,1989,20,15,8,0,18,35,23,13,0,0
471024,1,1,1989,0,0,0,0,0,0,0,0,0,0
471025,1,1,1989,12,16,9,10,25,15,18,17,0,22
471026,1,1,1989,27,8,23,36,21,30,22,29,40,0
471027,1,1,1989,20,24,14,29,30,28,0,29,40,34
471028,1,1,1989,0,0,0,0,0,0,0,7,0,0
471028,2,1,1989,0,0,0,0,0,0,0,0,0,0
471029,1,1,1989,19,21,11,17,21,21,19,10,20,11
480001,1,1,1989,8,0,0,13,0,0,0,0,12,0
480001,2,1,1989,16,16,16,16,16,16,16,16,16,16
480002,1,1,1989,14,14,14,14,14,14,14,14,14,14
480003,1,1,1989,21,21,21,21,21,21,21,21,21,21
480004,0,1,1989,24,24,24,24,24,24,24,24,24,24
480004,1,1,1989,0,0,0,0,0,0,0,0,0,0
480005,1,1,1989,25,25,25,25,25,25,25,25,25,25
480006,1,1,1989,25,25,25,25,25,25,25,25,25,25
480007,1,1,1989,20,20,20,20,20,20,20,20,20,20
480007,2,1,1989,0,0,0,0,0,0,0,0,0,0
480008,0,1,1989,22,22,22,22,22,22,22,22,22,22
480008,1,1,1989,0,0,0,0,13,0,0,0,0,0
480009,0,1,1989,0,0,0,0,20,0,0,0,0,16
480009,1,1,1989,0,0,0,0,0,0,0,0,0,0
480010,1,1,1989,29,0,10,19,8,5,15,15,6,10
480010,2,1,1989,7,10,0,7,0,13,0,33,0,0
480011,1,1,1989,24,24,24,24,24,24,24,24,24,24
480012,1,1,1989,22,0,14,0,0,11,13,0,24,8
480013,1,1,1989,0,0,0,0,0,0,0,0,0,0
480013,2,1,1989,0,0,0,0,0,0,0,14,0,0
480014,1,1,1989,15,15,15,15,15,15,15,15,15,15
480015,1,1,1989,11,11,11,11,11,11,11,11,11,11
480016,1,1,1989,0,0,0,0,0,0,0,0,0,0
480016,2,1,1989,0,0,0,0,0,0,0,0,0,0
480017,1,1,1989,0,0,0,0,0,0,0,0,0,0
480017,2,1,1989,0,0,0,0,0,0,0,0,0,0
480017,3,1,1989,0,0,0,0,0,0,0,0,0,0
480018,1,1,1989,0,0,0,0,0,0,0,0,0,0
480018,2,1,1989,0,0,0,0,0,0,0,0,19,0
480019,1,1,1989,0,0,0,0,0,0,0,0,0,0
480019,2,1,1989,0,0,0,0,0,0,0,0,10,0
480020,1,1,1989,3,3,3,3,3,3,3,3,3,3
480020,2,1,1989,0,0,0,0,0,0,0,0,0,0
480021,1,1,1989,27,27,27,27,27,27,27,27,27,27
480021,2,1,1989,0,0,0,0,0,0,0,0,0,0
480022,1,1,1989,15,20,7,0,0,0,0,0,30,0
480023,0,1,1989,0,0,0,0,0,0,0,0,0,0
480023,1,1,1989,0,0,0,0,0,0,0,0,0,0
480024,1,1,1989,0,0,0,0,6,0,0,5,13,20
480025,1,1,1989,7,7,7,7,7,7,7,7,7,7
480025,2,1,1989,0,0,0,0,0,0,0,0,0,0
480026,1,1,1989,23,23,23,23,23,23,23,23,23,23
480027,1,1,1989,0,0,0,0,0,0,0,0,0,0
480027,2,1,1989,0,0,0,0,0,16,0,0,0,0
480028,0,1,1989,22,22,22,22,22,22,22,22,22,22
480028,1,1,1989,0,0,0,0,0,7,0,17,0,0
480029,0,1,1989,0,0,0,0,0,0,24,0,24,0
480029,0,2,1989,0,0,10,0,0,0,0,21,0,9
480029,1,1,1989,0,0,0,0,0,0,0,0,0,0
480030,1,1,1989,0,24,0,0,0,0,0,0,0,0
480030,2,1,1989,9,9,9,9,9,9,9,9,9,9
480031,1,1,1989,0,0,15,0,0,0,0,10,0,0
480031,2,1,1989,0,0,0,0,0,0,0,0,0,0
480032,1,1,1989,0,0,0,0,0,0,0,0,0,0
480032,2,1,1989,0,0,0,0,0,0,0,0,17,0
480032,3,1,1989,0,0,0,0,0,0,0,0,0,0
480033,1,1,1989,0,0,0,0,0,0,0,0,0,0
480034,1,1,1989,25,25,25,25,25,25,25,25,25,25
480035,1,1,1989,0,32,10,22,0,0,0,0,11,22
480036,1,1,1989,0,0,0,0,0,0,0,0,0,0
480036,2,1,1989,0,0,0,0,8,11,0,0,0,0
480037,1,1,1989,0,0,6,13,13,0,14,0,0,0
480037,2,1,1989,0,0,0,0,0,0,0,0,11,0
480038,0,1,1989,14,0,0,0,38,31,0,21,7,0
480038,1,1,1989,0,0,0,0,0,0,0,0,0,0
480039,0,1,1989,0,0,0,0,0,13,12,0,0,0
480039,1,1,1989,8,5,15,0,0,16,23,14,35,0
480040,1,1,1989,12,12,12,12,12,12,12,12,12,12
480040,2,1,1989,15,16,10,5,12,27,20,0,12,11
480041,1,1,1989,0,0,0,0,0,0,0,0,0,0
480042,1,1,1989,7,7,7,7,7,7,7,7,7,7
480043,1,1,1989,0,0,0,0,0,0,0,0,0,0
480043,2,1,1989,0,0,0,0,0,0,0,0,0,0
480044,1,1,1989,23,0,26,0,0,0,13,0,8,19
480045,1,1,1989,0,0,0,0,0,0,0,0,0,0
480046,1,1,1989,18,18,18,18,18,18,18,18,18,18
480047,0,1,1989,20,20,20,20,20,20,20,20,20,20
480047,1,1,1989,0,31,8,16,4,8,0,16,14,7
480048,0,1,1989,18,20,0,0,31,6,6,5,0,28
480048,1,1,1989,0,0,0,0,0,0,0,0,0,0
480049,1,1,1989,0,0,0,0,0,0,0,0,0,0
480049,2,1,1989,0,0,0,0,0,0,0,0,0,0
480050,0,1,1989,0,0,0,0,0,0,0,0,0,0
480050,1,1,1989,0,0,0,0,0,0,0,0,0,0
480051,1,1,1989,0,0,0,0,0,27,0,0,0,0
480051,2,1,1989,0,0,0,0,0,0,0,0,0,0
480052,1,1,1989,0,0,0,0,0,0,0,0,0,0
480052,2,1,1989,14,11,0,14,0,0,31,0,0,24
480053,0,1,1989,0,0,0,0,0,0,0,0,0,0
480053,1,1,1989,0,0,0,0,0,0,0,0,0,0
480054,0,1,1989,0,0,0,0,0,0,0,0,0,0