ST_CASE,VEH_NO,PER_NO,YEAR,P1,P2,P3,P4,P5,P6,P7,P8,P9,P10
480054,0,2,1989,0,0,0,0,0,0,0,0,0,0
480054,1,1,1989,0,0,0,0,0,0,0,0,0,0
480054,2,1,1989,0,0,0,0,0,0,0,0,0,0
480055,1,1,1989,1,1,1,1,1,1,1,1,1,1
480055,2,1,1989,17,17,17,17,17,17,17,17,17,17
480056,0,1,1989,0,0,0,0,0,0,0,0,0,0
480056,1,1,1989,0,0,0,0,0,0,0,0,0,0
480057,0,1,1989,0,0,0,0,0,0,0,0,0,0
480057,1,1,1989,0,0,0,0,0,0,0,0,0,0
480058,0,1,1989,16,0,0,0,0,0,0,0,0,0
480058,1,1,1989,0,0,0,0,6,0,0,0,0,0
480059,0,1,1989,10,10,10,10,10,10,10,10,10,10
480059,1,1,1989,8,8,8,8,8,8,8,8,8,8
480060,1,1,1989,0,0,10,0,0,0,0,17,13,0
480060,2,1,1989,0,0,0,0,0,0,0,0,0,0
480061,1,1,1989,0,0,0,0,0,0,0,0,0,0
480061,2,1,1989,30,30,30,30,30,30,30,30,30,30
480062,1,1,1989,23,23,23,23,23,23,23,23,23,23
480062,2,1,1989,0,0,15,0,0,0,0,0,0,0
480063,0,1,1989,30,30,30,30,30,30,30,30,30,30
480063,1,1,1989,19,0,15,0,0,8,0,0,0,0
480064,0,1,1989,26,26,26,26,26,26,26,26,26,26
480064,1,1,1989,0,0,0,0,0,0,0,0,0,0
480065,1,1,1989,17,17,17,17,17,17,17,17,17,17
480065,2,1,1989,0,0,0,0,0,0,0,0,0,0
480066,1,1,1989,0,0,0,0,0,0,0,0,0,0
480066,2,1,1989,0,0,0,0,0,0,0,0,0,0
480067,1,1,1989,0,0,0,0,0,0,0,0,0,0
480068,1,1,1989,22,0,13,0,9,24,20,32,0,8
480069,1,1,1989,17,16,26,9,6,12,0,0,19,46
480069,2,1,1989,0,0,0,0,0,0,0,0,21,0
480070,1,1,1989,0,0,0,0,0,0,0,0,0,0
480070,2,1,1989,0,0,0,0,0,0,0,0,0,0
480071,0,1,1989,0,0,0,0,0,0,0,0,0,0
480071,0,2,1989,0,0,0,0,0,0,0,0,0,0
480071,1,1,1989,12,12,12,12,12,12,12,12,12,12
480072,0,1,1989,0,0,0,0,22,23,0,18,0,0
480072,1,1,1989,16,0,0,0,0,0,0,0,17,11
480072,2,1,1989,0,0,0,0,0,25,0,0,0,0
480073,1,1,1989,0,0,0,0,0,0,0,0,0,0
480073,2,1,1989,0,0,0,0,0,0,0,0,0,0
480074,1,1,1989,0,0,20,0,0,0,25,7,0,17
480075,1,1,1989,31,31,31,31,31,31,31,31,31,31
480075,2,1,1989,0,0,0,0,0,0,0,0,0,0
480076,1,1,1989,0,0,0,0,0,0,0,0,0,13
480076,2,1,1989,0,0,0,0,0,0,0,0,0,0
480077,0,1,1989,31,0,0,0,0,0,0,28,14,0
480077,1,1,1989,0,0,0,37,0,0,0,0,0,0
480078,1,1,1989,0,0,0,0,0,0,0,0,0,0
480079,1,1,1989,0,0,0,0,0,0,0,0,0,0
480079,2,1,1989,0,0,0,0,0,0,0,0,0,0
480080,1,1,1989,0,29,0,14,10,15,5,16,0,25
480081,1,1,1989,16,16,16,16,16,16,16,16,16,16
480082,1,1,1989,8,17,19,11,8,14,21,29,14,19
480082,2,1,1989,0,0,0,0,0,0,0,0,0,0
480083,1,1,1989,0,0,0,0,0,0,0,0,0,0
480084,1,1,1989,0,0,0,0,0,0,0,0,0,0
480084,2,1,1989,11,11,11,11,11,11,11,11,11,11
480085,1,1,1989,13,0,0,11,0,0,0,0,8,0
480085,2,1,1989,0,0,0,0,0,0,0,0,0,0
480086,1,1,1989,0,9,20,7,0,20,13,8,18,4
480087,1,1,1989,17,17,17,17,17,17,17,17,17,17
480088,1,1,1989,15,15,15,15,15,15,15,15,15,15
480089,1,1,1989,0,0,0,0,0,0,0,0,0,0
480089,2,1,1989,0,0,17,14,0,0,0,0,0,0
480090,1,1,1989,16,16,16,16,16,16,16,16,16,16
480091,0,1,1989,0,0,0,0,0,0,0,0,0,0
480091,1,1,1989,0,0,0,0,0,0,0,5,0,0
480092,0,1,1989,10,22,0,0,23,0,37,0,17,5
480092,1,1,1989,0,0,0,0,0,0,0,0,0,0
480092,2,1,1989,0,0,0,0,0,0,0,0,22,0
480093,1,1,1989,0,0,0,0,0,0,0,0,0,0
480094,1,1,1989,0,0,0,0,0,0,0,0,0,0
480094,2,1,1989,0,0,0,0,0,0,0,0,0,0
480095,1,1,1989,0,0,0,0,0,0,0,10,0,0
480096,1,1,1989,0,0,0,0,0,0,0,0,0,0
480096,2,1,1989,11,11,11,11,11,11,11,11,11,11
480097,0,1,1989,0,0,0,0,0,0,0,0,0,0
480097,1,1,1989,0,0,0,0,0,0,0,0,0,0
480098,1,1,1989,0,0,0,0,0,0,0,0,0,0
480098,2,1,1989,0,0,0,0,0,0,0,0,0,0
480098,3,1,1989,0,0,0,0,0,0,0,0,0,0
480099,1,1,1989,0,24,0,0,10,0,0,0,0,0
480100,1,1,1989,0,0,0,0,0,0,0,0,0,0
480100,2,1,1989,0,0,0,0,0,0,0,0,0,0
480101,1,1,1989,0,9,0,0,0,0,11,0,0,17
480102,1,1,1989,19,19,19,19,19,19,19,19,19,19
480102,2,1,1989,0,0,0,0,0,0,0,0,0,0
480103,1,1,1989,8,8,8,8,8,8,8,8,8,8
480103,2,1,1989,0,0,0,0,0,0,0,0,0,0
480104,1,1,1989,0,0,0,0,7,0,13,0,0,0
480104,2,1,1989,0,0,0,0,0,0,0,0,0,0
480105,1,1,1989,0,0,4,0,0,0,0,0,0,0
480106,0,1,1989,0,0,0,0,0,0,0,0,0,0
480106,1,1,1989,0,0,0,0,0,0,0,0,0,0
480107,1,1,1989,5,5,5,5,5,5,5,5,5,5
480107,2,1,1989,0,0,0,0,0,0,0,0,0,0
480108,1,1,1989,22,22,22,22,22,22,22,22,22,22
480109,1,1,1989,9,9,9,9,9,9,9,9,9,9
480109,2,1,1989,0,0,0,0,0,0,0,0,0,0
480110,1,1,1989,0,0,0,0,0,0,0,0,0,0
480110,2,1,1989,9,9,9,9,9,9,9,9,9,9
480111,1,1,1989,22,22,22,22,22,22,22,22,22,22
480112,1,1,1989,13,13,13,13,13,13,13,13,13,13
480114,0,1,1989,0,0,0,0,0,0,0,0,0,0
480114,1,1,1989,0,0,21,0,0,0,0,18,0,0
480115,1,1,1989,0,0,0,0,0,0,0,0,0,0
480115,2,1,1989,0,0,0,0,0,0,0,0,0,0
480116,1,1,1989,0,0,0,0,3,0,0,0,0,0
480117,0,1,1989,0,7,0,2,0,13,0,0,0,0
480117,0,2,1989,0,14,0,13,0,0,0,0,20,0
480117,0,3,1989,0,0,0,0,0,0,0,0,0,0
480117,1,1,1989,0,0,0,0,0,0,0,0,0,0
480117,2,1,1989,0,0,18,0,0,0,0,0,0,0
480118,0,1,1989,10,0,21,0,0,27,0,9,0,19
480118,1,1,1989,0,0,26,0,0,23,5,18,0,0
480119,1,1,1989,0,0,0,0,0,0,0,0,0,0
480120,1,1,1989,36,36,36,36,36,36,36,36,36,36
480121,1,1,1989,0,0,0,0,0,0,0,0,0,0
480122,1,1,1989,9,9,9,9,9,9,9,9,9,9
480123,0,1,1989,24,24,24,24,24,24,24,24,24,24
480123,1,1,1989,0,0,0,0,0,0,0,0,0,0
480124,1,1,1989,0,0,0,0,0,0,0,0,0,0
480125,1,1,1989,26,26,26,26,26,26,26,26,26,26
480126,1,1,1989,20,20,20,20,20,20,20,20,20,20
480126,2,1,1989,0,0,0,13,0,0,0,0,0,0
480127,1,1,1989,0,0,0,0,0,0,0,0,0,0
480127,2,1,1989,0,0,0,30,0,0,0,0,0,0
480128,1,1,1989,0,0,0,0,0,0,0,0,0,0
480128,2,1,1989,0,0,0,0,0,0,0,0,0,0
480129,1,1,1989,0,0,0,27,30,15,23,18,9,23
480130,1,1,1989,20,26,12,22,29,26,21,25,4,14
480131,0,1,1989,28,10,15,15,35,19,21,11,0,16
480131,1,1,1989,6,6,6,6,6,6,6,6,6,6
480132,1,1,1989,0,0,0,0,0,27,0,0,0,0
480133,1,1,1989,6,6,6,6,6,6,6,6,6,6
480134,1,1,1989,19,19,19,19,19,19,19,19,19,19
480134,2,1,1989,5,0,0,0,0,0,0,0,0,0
480135,1,1,1989,0,6,0,12,10,8,19,0,9,0
480136,1,1,1989,10,10,10,10,10,10,10,10,10,10
480137,1,1,1989,26,26,26,26,26,26,26,26,26,26
480138,1,1,1989,25,0,0,0,0,0,0,0,0,0
480138,2,1,1989,0,19,16,0,0,0,27,18,0,0
480138,3,1,1989,0,0,0,0,17,0,13,0,0,0
480139,1,1,1989,19,19,19,19,19,19,19,19,19,19
480139,2,1,1989,23,23,23,23,23,23,23,23,23,23
480140,1,1,1989,0,0,0,0,0,0,0,0,0,0
480141,1,1,1989,26,26,26,26,26,26,26,26,26,26
480142,1,1,1989,15,15,15,15,15,15,15,15,15,15
480143,1,1,1989,0,0,0,0,0,0,0,0,0,0
480143,2,1,1989,0,0,0,0,0,0,0,0,0,0
480143,3,1,1989,0,0,0,0,0,0,0,0,0,0
480144,1,1,1989,0,0,0,0,10,0,0,0,0,0
480145,1,1,1989,22,18,9,20,22,20,7,0,19,21
480146,1,1,1989,23,0,0,0,0,12,14,19,0,13
480147,1,1,1989,0,0,0,0,0,0,0,0,0,0
480148,0,1,1989,0,0,0,0,0,0,0,0,0,0
480148,1,1,1989,0,0,0,0,0,0,0,0,0,0
480149,1,1,1989,15,0,26,6,0,0,12,9,17,31
480149,2,1,1989,0,0,0,0,0,0,0,0,0,0
480150,1,1,1989,18,18,18,18,18,18,18,18,18,18
480151,1,1,1989,0,0,0,0,0,0,0,0,0,0
480152,1,1,1989,0,0,0,0,0,0,0,0,0,9
480152,2,1,1989,0,0,0,0,4,0,0,0,0,0
480153,1,1,1989,0,0,0,0,0,0,0,0,0,0
480154,1,1,1989,0,0,0,0,0,0,0,0,0,0
480154,2,1,1989,0,0,0,0,0,0,0,0,0,0
480155,0,1,1989,11,0,0,0,13,13,0,18,0,31
480155,1,1,1989,0,0,0,0,0,0,0,0,0,0
480156,1,1,1989,0,0,0,0,0,0,0,0,0,0
480157,0,1,1989,32,32,32,32,32,32,32,32,32,32
480157,1,1,1989,0,0,0,0,0,0,0,0,0,11
480158,1,1,1989,0,0,0,0,0,0,0,0,0,0
480158,2,1,1989,0,0,0,0,0,0,0,0,0,0
480159,0,1,1989,0,0,0,0,0,0,0,0,0,0
480159,1,1,1989,0,0,0,0,0,0,0,0,0,0
480160,0,1,1989,0,0,0,0,0,0,0,0,0,0
480160,1,1,1989,0,0,0,10,0,10,0,0,0,0
480161,1,1,1989,0,0,0,0,0,0,0,0,0,0
480161,2,1,1989,24,24,24,24,24,24,24,24,24,24
480162,1,1,1989,0,0,0,0,0,0,0,0,21,0
480162,2,1,1989,0,0,0,0,0,0,0,10,0,0
480163,1,1,1989,5,5,5,5,5,5,5,5,5,5
480164,1,1,1989,0,0,0,0,0,0,0,0,0,0
480165,1,1,1989,0,0,0,0,0,0,0,0,0,0
480166,1,1,1989,2,2,2,2,2,2,2,2,2,2
480166,2,1,1989,14,0,0,0,0,0,0,0,0,0
480166,3,1,1989,0,0,0,0,0,0,0,0,0,0
480167,1,1,1989,0,0,0,0,0,0,0,0,19,0
480168,1,1,1989,0,0,0,0,0,0,0,0,0,0
480168,2,1,1989,0,0,0,0,0,0,0,0,0,0
480169,1,1,1989,0,0,0,0,0,0,0,0,0,0
480169,2,1,1989,0,0,0,0,0,0,0,0,9,0
480170,1,1,1989,10,10,10,10,10,10,10,10,10,10
480171,1,1,1989,14,0,6,0,0,0,0,0,6,0
480172,0,1,1989,31,7,0,0,30,29,0,0,0,11
480172,1,1,1989,0,0,0,16,8,0,0,0,0,29
480173,1,1,1989,0,0,0,0,0,0,0,0,0,0
480174,1,1,1989,29,29,29,29,29,29,29,29,29,29
480175,1,1,1989,21,21,21,21,21,21,21,21,21,21
480176,1,1,1989,0,0,0,0,0,0,0,0,0,0
480177,1,1,1989,4,11,18,22,10,6,19,22,23,15
480177,2,1,1989,20,14,0,0,0,0,0,12,12,0
480178,0,1,1989,13,13,13,13,13,13,13,13,13,13
480178,1,1,1989,0,0,11,0,0,0,0,0,0,16
480179,1,1,1989,27,27,27,27,27,27,27,27,27,27
480179,2,1,1989,0,0,0,0,0,0,0,0,0,0
480180,1,1,1989,19,19,19,19,19,19,19,19,19,19
480181,1,1,1989,0,0,12,11,0,0,0,5,22,3
480182,1,1,1989,18,18,18,18,18,18,18,18,18,18
480182,2,1,1989,8,0,0,0,0,0,12,0,0,0
480182,3,1,1989,17,0,0,0,0,0,0,0,0,0
480183,0,1,1989,18,29,0,4,19,17,25,15,24,20
480183,0,2,1989,16,16,35,17,15,6,9,0,9,24
480183,1,1,1989,17,17,17,17,17,17,17,17,17,17
480184,1,1,1989,0,0,0,11,0,0,0,0,0,0
480184,2,1,1989,0,0,0,0,0,0,0,0,0,0
480185,1,1,1989,0,0,4,8,0,0,0,0,5,9
480185,2,1,1989,0,0,0,0,0,0,0,0,0,0
480186,1,1,1989,0,0,0,0,0,0,0,0,0,0
480186,2,1,1989,6,0,0,0,0,0,0,0,0,0
480187,1,1,1989,0,0,0,0,0,0,0,0,0,0
480187,2,1,1989,0,0,0,0,0,0,0,0,0,0
480188,1,1,1989,0,0,0,0,0,0,0,0,0,0
480188,2,1,1989,0,0,0,0,0,0,0,0,0,0
480189,1,1,1989,0,0,0,0,0,0,0,0,0,0
480189,2,1,1989,0,0,0,0,0,0,0,0,0,0
480190,0,1,1989,0,0,0,0,0,0,0,0,0,0
480190,1,1,1989,0,0,0,0,0,0,0,0,0,0
480191,1,1,1989,22,0,30,18,0,0,23,24,0,17
480192,0,1,1989,0,0,18,0,0,0,0,0,0,0
480192,1,1,1989,0,14,0,0,0,0,0,0,0,0
480193,1,1,1989,0,0,0,0,0,0,0,0,0,0
480194,1,1,1989,0,0,0,0,0,0,0,0,0,0
480195,1,1,1989,0,0,0,0,0,0,0,0,0,0
480195,2,1,1989,0,0,0,0,0,0,0,0,0,0
480195,3,1,1989,15,0,9,0,0,0,10,20,0,0
480196,1,1,1989,0,0,0,0,0,0,0,0,0,0
480196,2,1,1989,0,0,0,0,0,0,0,0,0,0
480197,1,1,1989,31,31,31,31,31,31,31,31,31,31
480198,1,1,1989,42,42,42,42,42,42,42,42,42,42
480198,2,1,1989,0,0,0,0,0,0,0,0,0,0
480199,0,1,1989,0,0,0,0,0,0,0,0,0,0
480199,1,1,1989,0,0,0,0,0,0,0,0,0,0
480200,1,1,1989,0,0,0,0,0,0,0,0,0,0
480200,2,1,1989,0,0,18,20,0,0,0,21,8,0
480200,3,1,1989,6,0,0,7,0,0,0,0,14,0
480200,4,1,1989,0,0,0,11,0,6,0,0,16,0
480201,1,1,1989,19,19,19,19,19,19,19,19,19,19
480202,1,1,1989,18,9,17,0,0,0,15,12,0,18
480202,2,1,1989,0,0,0,0,0,0,0,0,0,0
480203,0,1,1989,0,0,0,0,0,0,0,0,0,0
480203,1,1,1989,9,0,8,0,0,0,0,17,0,0
480205,0,1,1989,0,0,0,0,0,0,2,0,0,0
480205,1,1,1989,0,0,0,0,0,0,0,0,0,0
480206,1,1,1989,0,0,0,0,0,0,0,0,0,0
480206,2,1,1989,26,21,11,16,17,13,20,15,11,0
480207,1,1,1989,15,15,15,15,15,15,15,15,15,15
480208,1,1,1989,30,30,30,30,30,30,30,30,30,30
480208,2,1,1989,11,11,11,11,11,11,11,11,11,11
480208,3,1,1989,0,0,0,0,0,0,0,0,0,21
480209,0,1,1989,0,0,0,0,0,0,0,0,0,0
480209,1,1,1989,0,0,0,9,0,0,0,0,0,0
480210,0,1,1989,9,9,9,9,9,9,9,9,9,9
480210,1,1,1989,16,16,16,16,16,16,16,16,16,16
480211,0,1,1989,58,58,58,58,58,58,58,58,58,58
480211,0,2,1989,37,37,37,37,37,37,37,37,37,37
480211,0,3,1989,30,30,30,30,30,30,30,30,30,30
480211,1,1,1989,0,0,0,0,0,0,0,0,0,0
480212,1,1,1989,5,5,5,5,5,5,5,5,5,5
480212,2,1,1989,2,2,2,2,2,2,2,2,2,2
480213,1,1,1989,0,0,0,0,0,0,0,0,0,0
480214,1,1,1989,0,11,8,19,0,3,0,12,0,19
480214,2,1,1989,0,0,0,21,0,31,36,9,0,30
480214,3,1,1989,0,0,0,7,0,0,0,8,0,0
480215,1,1,1989,19,0,20,24,6,0,0,0,5,0
480215,2,1,1989,0,23,0,0,0,13,13,0,0,0
480216,1,1,1989,0,0,0,0,0,0,0,0,0,0
480217,1,1,1989,19,19,19,19,19,19,19,19,19,19
480218,1,1,1989,0,17,0,0,0,0,0,7,0,0
480218,2,1,1989,0,0,0,10,0,0,0,11,0,0
480219,0,1,1989,0,0,0,0,0,0,0,0,0,0
480219,1,1,1989,0,0,0,0,0,0,0,0,0,0
480220,0,1,1989,0,0,0,0,0,0,0,0,0,0
480220,1,1,1989,0,0,0,0,4,0,0,0,0,0
480221,1,1,1989,0,0,0,0,0,0,0,0,0,0
480221,2,1,1989,0,0,0,0,0,0,0,0,0,0
480222,1,1,1989,0,24,0,0,0,15,30,9,0,0
480223,1,1,1989,0,0,0,0,0,0,0,0,0,0
480224,1,1,1989,0,0,27,12,0,0,0,0,0,0
480224,2,1,1989,23,23,23,23,23,23,23,23,23,23
480225,0,1,1989,28,28,28,28,28,28,28,28,28,28
480225,1,1,1989,0,0,0,0,0,0,0,0,0,0
480226,1,1,1989,0,11,0,0,0,0,17,0,0,26
480226,2,1,1989,0,0,0,0,0,0,0,0,0,0
480227,1,1,1989,19,20,19,12,0,13,18,11,20,0
480228,0,1,1989,13,13,13,13,13,13,13,13,13,13
480228,1,1,1989,21,18,10,23,0,5,11,19,20,0
480229,1,1,1989,12,12,12,12,12,12,12,12,12,12
480230,1,1,1989,10,10,10,10,10,10,10,10,10,10
480231,1,1,1989,0,0,0,0,0,0,0,0,0,0
480231,2,1,1989,0,0,0,0,0,0,0,0,0,23
480232,1,1,1989,0,0,0,0,0,0,6,0,13,0
480232,2,1,1989,5,3,0,0,0,0,0,0,0,0
480233,1,1,1989,30,30,30,30,30,30,30,30,30,30
480234,1,1,1989,0,0,15,0,0,0,0,0,17,0
480235,1,1,1989,0,0,0,0,0,0,0,0,0,0
480236,1,1,1989,19,19,19,19,19,19,19,19,19,19
480236,2,1,1989,0,0,0,6,0,0,0,0,0,0
480237,1,1,1989,0,0,0,0,0,0,0,0,0,0
480238,1,1,1989,0,0,0,0,0,0,0,0,0,0
480239,1,1,1989,0,0,0,0,0,0,0,0,0,0
480239,2,1,1989,0,0,0,0,6,0,0,0,0,0
480240,1,1,1989,0,0,0,0,0,20,0,19,23,9
480241,1,1,1989,16,16,16,16,16,16,16,16,16,16
480241,2,1,1989,0,0,0,0,0,0,0,0,0,0
480242,0,1,1989,24,24,24,24,24,24,24,24,24,24
480242,1,1,1989,11,10,5,0,26,0,14,16,11,8
480243,0,1,1989,0,0,0,28,0,25,0,0,27,22
480243,1,1,1989,16,10,13,12,0,6,13,20,0,11
480244,1,1,1989,0,0,0,0,0,0,0,0,0,0
480244,2,1,1989,0,0,0,0,0,0,0,0,0,0
480244,3,1,1989,0,0,0,0,0,0,0,0,0,0
480244,4,1,1989,0,0,0,0,0,0,0,0,0,0
480244,5,1,1989,0,0,0,0,0,0,0,0,0,0
480245,0,1,1989,0,0,0,0,0,0,0,0,0,0
480245,1,1,1989,0,0,7,0,34,0,0,29,0,10
480246,1,1,1989,22,22,22,22,22,22,22,22,22,22
480246,2,1,1989,5,0,0,0,0,0,0,15,0,0
480247,1,1,1989,18,0,0,0,0,19,23,0,0,0
480248,0,1,1989,23,23,23,23,23,23,23,23,23,23
480248,1,1,1989,0,18,0,9,19,23,0,27,15,10
480249,1,1,1989,15,15,15,15,15,15,15,15,15,15
480249,2,1,1989,0,0,0,0,0,0,0,0,0,0
480250,0,1,1989,0,0,0,0,0,0,0,0,0,0
480250,1,1,1989,0,0,0,0,11,0,0,0,0,0
480251,1,1,1989,25,31,19,15,8,40,13,18,12,22
480252,0,1,1989,17,17,17,17,17,17,17,17,17,17
480252,1,1,1989,0,0,0,7,3,0,0,0,17,11
480253,0,1,1989,0,0,0,0,0,0,0,0,0,0
480253,1,1,1989,0,0,0,0,0,0,0,0,0,0
480254,1,1,1989,20,20,20,20,20,20,20,20,20,20
480254,2,1,1989,0,0,0,0,0,0,0,0,0,0
480255,1,1,1989,0,0,0,0,0,0,0,0,0,0
480256,1,1,1989,0,0,0,0,0,0,0,0,0,0
480257,1,1,1989,18,0,24,0,0,0,15,0,7,0
480257,2,1,1989,18,18,18,18,18,18,18,18,18,18
480258,1,1,1989,0,0,0,0,0,0,0,0,0,0
480258,2,1,1989,0,0,0,17,20,0,0,0,0,0
480258,3,1,1989,0,0,21,0,0,0,0,0,0,0
480259,1,1,1989,0,0,0,0,26,0,24,0,0,0
480260,1,1,1989,2,2,2,2,2,2,2,2,2,2
480260,2,1,1989,0,0,0,0,0,0,0,0,0,0
480261,0,1,1989,0,0,16,0,0,0,0,31,0,18
480261,1,1,1989,0,0,0,0,0,0,0,0,0,0
480262,1,1,1989,0,0,29,0,0,0,24,0,0,0
480262,2,1,1989,0,0,0,0,0,0,0,0,0,0
480263,1,1,1989,17,11,32,12,15,26,25,19,21,18
480264,1,1,1989,5,5,5,5,5,5,5,5,5,5
480264,2,1,1989,0,0,0,0,0,0,0,0,0,0
480265,1,1,1989,33,33,33,33,33,33,33,33,33,33
480266,0,1,1989,16,34,14,19,21,13,25,0,0,14
480266,1,1,1989,2,0,0,0,0,0,0,0,0,0
480267,1,1,1989,17,17,17,17,17,17,17,17,17,17
480268,1,1,1989,0,0,0,0,0,0,0,0,0,0
480268,2,1,1989,0,0,0,0,0,14,0,0,0,0
480269,1,1,1989,0,0,0,0,0,0,0,0,0,0
480269,2,1,1989,0,0,0,0,0,14,0,0,0,0
480270,1,1,1989,34,34,34,34,34,34,34,34,34,34
480270,2,1,1989,0,0,16,0,6,0,0,0,0,0
480271,1,1,1989,13,0,15,0,11,8,19,0,0,0
480272,1,1,1989,20,9,28,15,16,19,0,24,20,27
480273,1,1,1989,18,18,18,18,18,18,18,18,18,18
480273,2,1,1989,0,0,0,0,0,0,0,0,0,0
480274,1,1,1989,0,0,0,0,0,0,0,0,0,0
480274,2,1,1989,0,0,0,0,0,0,0,0,0,0
480275,0,1,1989,0,0,0,0,0,0,0,0,0,9
480275,1,1,1989,0,0,0,0,22,0,0,0,0,0
480276,1,1,1989,31,31,31,31,31,31,31,31,31,31
480276,2,1,1989,0,0,0,0,0,0,0,0,0,0
480277,0,1,1989,0,0,0,0,0,0,0,0,0,0
480277,1,1,1989,0,0,0,0,0,0,0,0,0,0
480278,1,1,1989,23,23,23,23,23,23,23,23,23,23
480278,2,1,1989,0,0,0,0,0,6,0,0,0,20
480279,0,1,1989,26,26,26,26,26,26,26,26,26,26
480279,1,1,1989,0,0,0,0,0,0,12,0,15,0
480280,1,1,1989,18,26,16,15,24,24,0,18,11,29
480281,1,1,1989,0,0,0,0,0,0,0,0,0,0
480281,2,1,1989,0,16,0,0,0,0,14,0,0,0
480281,3,1,1989,0,0,0,0,0,0,0,0,0,0
480282,1,1,1989,5,5,5,5,5,5,5,5,5,5
480283,1,1,1989,0,0,0,0,0,0,0,0,0,0
480283,2,1,1989,13,0,30,12,13,0,24,16,23,15
480284,1,1,1989,21,21,21,21,21,21,21,21,21,21
480285,0,1,1989,10,10,10,10,10,10,10,10,10,10
480285,1,1,1989,0,0,0,0,0,0,0,0,0,0
480286,0,1,1989,16,16,16,16,16,16,16,16,16,16
480286,1,1,1989,0,0,0,0,25,0,0,0,0,0
480287,1,1,1989,12,18,22,26,0,11,30,14,14,25
480288,0,1,1989,14,23,14,0,0,27,21,0,24,33
480288,1,1,1989,0,0,0,0,0,0,0,0,0,0
480289,1,1,1989,0,0,0,0,0,0,0,0,0,0
480289,2,1,1989,0,0,0,0,0,0,0,0,0,0
480290,1,1,1989,6,6,6,6,6,6,6,6,6,6
480291,0,1,1989,0,0,0,0,0,0,0,0,0,0
480291,1,1,1989,0,0,0,0,0,0,0,0,0,0
480292,0,1,1989,0,0,0,0,0,0,0,0,0,0
480292,1,1,1989,0,0,0,0,0,0,0,0,0,0
480292,2,1,1989,0,0,0,0,0,0,0,0,0,0
480293,1,1,1989,0,0,0,0,0,0,0,0,13,0
480293,2,1,1989,6,6,6,6,6,6,6,6,6,6
480294,1,1,1989,0,0,0,0,0,0,0,0,0,0
480294,2,1,1989,0,0,0,0,0,0,0,0,0,0
480294,3,1,1989,0,0,0,0,0,0,0,0,0,0
480295,1,1,1989,10,10,10,10,10,10,10,10,10,10
480296,1,1,1989,13,13,13,13,13,13,13,13,13,13
480297,0,1,1989,0,0,0,0,0,0,0,0,0,0
480297,0,2,1989,0,0,0,0,0,0,0,0,0,0
480297,0,3,1989,0,0,0,0,0,0,0,0,0,0
480297,1,1,1989,16,16,16,16,16,16,16,16,16,16
480298,1,1,1989,10,20,18,13,26,27,17,17,23,26
480299,1,1,1989,17,17,17,17,17,17,17,17,17,17
480300,1,1,1989,21,28,21,26,0,0,9,15,0,0
480301,1,1,1989,0,0,0,0,0,19,0,0,0,0
480301,2,1,1989,23,23,23,23,23,23,23,23,23,23
480302,1,1,1989,21,21,21,21,21,21,21,21,21,21
480303,1,1,1989,25,21,9,19,21,25,18,19,3,26
480304,1,1,1989,0,0,0,0,0,0,0,0,0,0
480304,2,1,1989,0,19,0,0,0,0,0,19,0,0
480305,0,1,1989,8,0,0,0,11,17,0,0,0,0
480305,1,1,1989,0,0,0,0,0,0,0,0,0,0
480305,2,1,1989,0,0,0,0,0,0,0,0,0,0
480306,1,1,1989,0,0,0,0,0,0,0,0,0,0
480307,1,1,1989,0,0,0,0,0,0,0,0,0,0
480308,1,1,1989,0,0,0,0,0,0,0,0,0,0
480309,1,1,1989,0,0,0,0,0,0,0,0,0,0
480309,2,1,1989,0,0,0,0,0,0,0,0,0,0
480310,1,1,1989,30,30,30,30,30,30,30,30,30,30
480310,2,1,1989,0,0,0,0,0,0,0,0,0,0
480311,1,1,1989,22,22,22,22,22,22,22,22,22,22
480312,1,1,1989,13,13,13,13,13,13,13,13,13,13
480313,1,1,1989,14,14,14,14,14,14,14,14,14,14
480313,2,1,1989,18,18,18,18,18,18,18,18,18,18
480314,1,1,1989,0,0,0,0,0,0,0,0,0,0
480315,1,1,1989,7,11,0,0,0,0,0,11,1,25
480316,1,1,1989,21,21,21,21,21,21,21,21,21,21
480316,2,1,1989,18,18,18,18,18,18,18,18,18,18
480317,1,1,1989,0,0,0,0,0,0,0,0,0,0
480318,1,1,1989,22,22,22,22,22,22,22,22,22,22
480319,1,1,1989,11,11,11,11,11,11,11,11,11,11
480320,1,1,1989,0,0,0,0,0,0,0,0,0,0
480320,2,1,1989,0,0,11,0,0,0,0,0,0,0
480321,1,1,1989,0,0,0,0,11,0,0,0,0,0
480321,2,1,1989,0,0,0,0,0,0,0,0,0,0
480322,1,1,1989,0,0,0,0,0,0,3,0,0,0
480322,2,1,1989,0,0,0,0,0,0,0,0,0,0