ST_CASE,VEH_NO,PER_NO,YEAR,P1,P2,P3,P4,P5,P6,P7,P8,P9,P10
480322,3,1,1989,0,0,0,0,0,0,0,4,0,0
480323,1,1,1989,0,0,0,0,0,0,0,0,0,0
480324,1,1,1989,14,14,14,14,14,14,14,14,14,14
480325,1,1,1989,0,0,0,0,0,0,0,0,0,0
480325,2,1,1989,0,0,0,0,0,0,0,0,12,0
480325,3,1,1989,0,0,0,0,0,0,0,0,0,0
480326,1,1,1989,0,0,0,0,0,0,0,0,0,0
480326,2,1,1989,0,20,0,0,0,0,0,0,0,17
480327,1,1,1989,9,9,9,9,9,9,9,9,9,9
480328,1,1,1989,0,0,0,13,0,0,0,0,0,0
480328,2,1,1989,0,17,0,0,0,0,0,0,0,0
480329,1,1,1989,0,0,0,0,0,0,0,0,0,0
480329,2,1,1989,1,1,1,1,1,1,1,1,1,1
480329,3,1,1989,26,15,7,22,0,0,0,0,0,22
480330,1,1,1989,0,0,0,16,23,0,0,19,0,0
480331,1,1,1989,0,16,11,0,0,16,19,13,3,10
480332,1,1,1989,15,15,15,15,15,15,15,15,15,15
480333,1,1,1989,0,0,25,22,0,0,12,12,20,16
480334,1,1,1989,20,20,20,20,20,20,20,20,20,20
480335,1,1,1989,8,8,8,8,8,8,8,8,8,8
480336,1,1,1989,0,0,0,9,0,0,0,0,0,0
480336,2,1,1989,35,35,35,35,35,35,35,35,35,35
480337,1,1,1989,29,29,29,29,29,29,29,29,29,29
480337,2,1,1989,0,0,0,0,0,0,0,0,0,0
480338,1,1,1989,0,0,0,0,0,0,0,0,0,0
480338,2,1,1989,0,0,0,0,0,0,0,0,0,0
480339,1,1,1989,12,12,12,12,12,12,12,12,12,12
480340,1,1,1989,22,22,22,22,22,22,22,22,22,22
480341,0,1,1989,0,0,0,0,0,0,0,0,0,0
480341,1,1,1989,0,0,0,0,0,0,0,0,0,0
480342,0,1,1989,66,66,66,66,66,66,66,66,66,66
480342,1,1,1989,0,0,0,0,0,0,0,0,0,0
480343,1,1,1989,0,0,0,0,0,0,0,0,0,0
480343,2,1,1989,0,0,0,0,0,0,0,0,0,0
480344,1,1,1989,22,22,22,22,22,22,22,22,22,22
480344,2,1,1989,0,0,0,0,0,0,0,0,0,0
480345,0,1,1989,27,27,27,27,27,27,27,27,27,27
480345,1,1,1989,22,22,22,22,22,22,22,22,22,22
480346,1,1,1989,16,16,16,16,16,16,16,16,16,16
480347,1,1,1989,19,26,18,17,32,17,18,33,6,18
480348,1,1,1989,14,0,0,0,11,8,0,0,0,0
480349,1,1,1989,6,0,0,0,0,0,0,0,0,0
480349,2,1,1989,0,0,0,0,0,0,0,0,0,0
480350,0,1,1989,25,25,25,25,25,25,25,25,25,25
480350,1,1,1989,12,0,18,11,0,0,0,0,0,16
480351,0,1,1989,0,0,0,0,0,0,0,0,0,0
480351,1,1,1989,0,13,11,0,0,0,10,0,11,0
480352,1,1,1989,0,24,0,18,24,23,34,24,15,16
480353,1,1,1989,12,0,11,25,5,6,26,0,0,16
480353,2,1,1989,16,14,14,23,16,0,21,0,33,24
480354,1,1,1989,10,10,10,10,10,10,10,10,10,10
480354,2,1,1989,0,0,0,0,21,0,0,0,0,0
480355,0,1,1989,23,23,23,23,23,23,23,23,23,23
480355,1,1,1989,0,0,0,0,0,0,0,0,0,0
480356,1,1,1989,21,7,17,14,0,21,17,0,0,33
480357,0,1,1989,0,0,0,0,0,0,0,0,0,0
480357,1,1,1989,0,0,0,0,14,0,0,8,0,0
480358,1,1,1989,20,20,20,20,20,20,20,20,20,20
480359,0,1,1989,20,20,20,20,20,20,20,20,20,20
480359,1,1,1989,0,0,0,0,0,0,0,0,0,0
480360,1,1,1989,18,17,10,20,6,9,10,18,23,0
480361,1,1,1989,0,9,13,0,0,0,0,0,0,0
480362,1,1,1989,0,9,0,0,0,0,0,0,0,0
480362,2,1,1989,25,25,25,25,25,25,25,25,25,25
480363,1,1,1989,0,0,0,0,0,0,0,0,0,0
480364,1,1,1989,0,0,0,0,0,0,0,0,0,0
480364,2,1,1989,0,0,0,0,0,0,0,0,14,0
480365,1,1,1989,16,16,16,16,16,16,16,16,16,16
480366,1,1,1989,0,0,0,0,0,0,6,0,0,0
480367,1,1,1989,0,0,0,0,0,0,0,0,0,0
480367,2,1,1989,29,29,29,29,29,29,29,29,29,29
480368,1,1,1989,0,0,0,0,0,0,0,0,0,0
480368,2,1,1989,0,0,0,0,0,0,0,0,0,0
480369,0,1,1989,13,0,0,0,0,0,20,0,15,0
480369,1,1,1989,0,0,0,0,0,0,0,0,0,0
480370,1,1,1989,0,0,8,0,0,0,6,11,35,0
480370,2,1,1989,0,0,0,0,0,0,0,0,0,0
480371,1,1,1989,18,18,18,18,18,18,18,18,18,18
480372,1,1,1989,17,17,17,17,17,17,17,17,17,17
480373,1,1,1989,0,0,0,0,0,0,0,0,0,0
480373,2,1,1989,0,0,0,0,0,0,0,24,11,6
480374,1,1,1989,31,31,31,31,31,31,31,31,31,31
480374,2,1,1989,0,0,13,0,0,26,0,0,0,16
480375,0,1,1989,0,0,0,0,0,0,0,0,0,0
480375,1,1,1989,0,0,0,0,0,0,0,0,0,0
480376,1,1,1989,0,0,0,0,0,10,0,0,0,0
480376,2,1,1989,0,0,0,0,0,0,0,0,0,0
480377,1,1,1989,0,0,0,0,0,0,0,0,0,0
480378,0,1,1989,0,0,0,21,0,0,0,0,0,0
480378,0,2,1989,0,0,0,0,0,0,0,0,0,0
480378,1,1,1989,0,0,0,0,0,0,0,0,0,0
480379,1,1,1989,0,0,0,0,0,0,0,0,0,0
480379,2,1,1989,30,24,14,0,4,0,0,23,0,0
480380,0,1,1989,14,31,17,0,24,27,0,0,0,10
480380,1,1,1989,0,0,0,0,26,0,0,0,0,14
480381,1,1,1989,0,0,0,0,0,0,0,21,0,0
480382,1,1,1989,0,0,0,0,0,0,0,0,0,0
480382,2,1,1989,0,0,0,0,0,0,0,5,0,0
480383,1,1,1989,0,0,0,0,0,0,0,0,0,0
480383,2,1,1989,7,0,0,0,8,0,0,0,0,0
480384,0,1,1989,7,0,0,0,0,0,0,0,0,0
480384,1,1,1989,0,15,10,0,0,20,0,0,0,3
480385,1,1,1989,0,12,0,12,0,0,0,0,0,0
480385,2,1,1989,16,16,16,16,16,16,16,16,16,16
480386,1,1,1989,4,4,4,4,4,4,4,4,4,4
480386,2,1,1989,0,0,7,0,0,0,0,0,0,9
480387,1,1,1989,0,0,0,0,0,0,0,0,0,0
480387,2,1,1989,0,0,0,0,0,0,0,0,0,0
480388,0,1,1989,0,0,0,0,0,0,0,0,0,0
480388,0,2,1989,0,0,0,0,0,0,0,0,0,0
480388,1,1,1989,0,0,0,0,0,0,0,0,0,0
480388,2,1,1989,0,0,0,0,0,0,0,14,0,0
480389,1,1,1989,22,26,12,10,3,20,12,13,0,13
480389,2,1,1989,0,0,0,0,0,0,0,0,0,0
480390,1,1,1989,0,0,0,0,0,0,0,0,0,0
480390,2,1,1989,14,14,14,14,14,14,14,14,14,14
480391,1,1,1989,0,0,0,3,0,0,29,0,0,0
480391,2,1,1989,12,23,0,10,5,0,0,20,0,0
480392,1,1,1989,18,18,18,18,18,18,18,18,18,18
480392,2,1,1989,0,0,0,0,0,0,0,0,0,0
480393,0,1,1989,3,3,3,3,3,3,3,3,3,3
480393,1,1,1989,0,0,0,0,0,14,0,0,7,0
480394,1,1,1989,7,20,13,15,14,13,19,20,25,8
480394,2,1,1989,0,0,0,0,0,0,0,0,0,0
480395,1,1,1989,18,18,18,18,18,18,18,18,18,18
480396,1,1,1989,0,0,0,0,0,0,0,0,0,0
480396,2,1,1989,0,0,0,0,0,0,0,0,0,0
480396,3,1,1989,0,0,0,0,0,0,0,32,0,16
480396,4,1,1989,0,0,0,0,0,0,0,0,0,0
480397,1,1,1989,13,13,13,13,13,13,13,13,13,13
480397,2,1,1989,0,14,0,0,0,21,0,0,0,0
480398,0,1,1989,0,0,0,0,0,0,0,0,0,0
480398,1,1,1989,0,0,0,0,0,0,0,0,0,0
480399,1,1,1989,3,3,3,3,3,3,3,3,3,3
480400,1,1,1989,13,0,0,0,0,0,0,0,0,0
480400,2,1,1989,0,9,0,0,0,0,0,0,0,0
480401,1,1,1989,0,21,15,32,21,31,23,14,21,21
480402,1,1,1989,17,17,17,17,17,17,17,17,17,17
480403,0,1,1989,0,0,0,0,22,0,0,0,0,0
480403,1,1,1989,0,0,0,0,0,0,0,0,0,0
480404,1,1,1989,0,0,0,0,0,0,0,0,0,0
480404,2,1,1989,0,0,15,11,12,0,18,19,0,6
480405,1,1,1989,0,17,0,2,0,0,0,0,0,23
480405,2,1,1989,0,0,0,0,0,0,0,0,0,0
480406,0,1,1989,19,19,19,19,19,19,19,19,19,19
480406,1,1,1989,18,18,18,18,18,18,18,18,18,18
480407,1,1,1989,0,0,0,0,0,0,0,0,0,0
480407,2,1,1989,0,0,15,0,0,0,0,0,0,0
480408,1,1,1989,13,13,13,13,13,13,13,13,13,13
480409,1,1,1989,0,0,0,0,0,0,0,0,0,0
480410,1,1,1989,17,17,17,17,17,17,17,17,17,17
480411,1,1,1989,19,19,19,19,19,19,19,19,19,19
480412,1,1,1989,0,0,0,0,0,0,0,0,0,0
480412,2,1,1989,0,0,0,0,0,0,0,0,0,0
480413,1,1,1989,0,0,0,0,0,0,0,0,0,0
480413,2,1,1989,26,26,26,26,26,26,26,26,26,26
480414,1,1,1989,0,0,15,0,0,0,0,7,0,0
480415,1,1,1989,33,33,33,33,33,33,33,33,33,33
480415,2,1,1989,0,0,0,0,0,0,0,0,0,0
480416,1,1,1989,11,11,11,11,11,11,11,11,11,11
480417,1,1,1989,23,23,23,23,23,23,23,23,23,23
480418,0,1,1989,18,18,18,18,18,18,18,18,18,18
480418,1,1,1989,21,0,0,0,0,0,0,0,14,0
480419,1,1,1989,33,33,33,33,33,33,33,33,33,33
480420,1,1,1989,9,9,9,9,9,9,9,9,9,9
480420,2,1,1989,0,0,0,0,0,0,13,0,0,0
480421,1,1,1989,18,18,18,18,18,18,18,18,18,18
480422,1,1,1989,4,4,4,4,4,4,4,4,4,4
480422,2,1,1989,30,0,12,13,0,0,0,0,17,15
480423,0,1,1989,0,0,0,0,0,0,0,0,0,0
480423,1,1,1989,0,15,1,0,15,4,0,21,0,0
480424,1,1,1989,14,14,14,14,14,14,14,14,14,14
480425,0,1,1989,0,0,33,13,26,29,0,16,18,24
480425,1,1,1989,0,0,0,0,0,0,0,0,0,0
480426,1,1,1989,20,20,20,20,20,20,20,20,20,20
480427,0,1,1989,14,14,14,14,14,14,14,14,14,14
480427,0,2,1989,10,10,10,10,10,10,10,10,10,10
480427,1,1,1989,0,0,0,5,0,0,0,0,0,0
480428,0,1,1989,0,0,0,0,0,0,0,0,0,0
480428,1,1,1989,0,0,0,39,9,0,0,0,8,12
480428,2,1,1989,0,7,6,0,16,0,0,0,0,0
480429,0,1,1989,0,0,0,0,0,0,0,0,0,0
480429,1,1,1989,0,0,0,0,0,0,0,0,0,0
480430,1,1,1989,0,0,15,17,17,0,0,11,21,0
480430,2,1,1989,0,20,5,13,32,14,0,13,0,41
480431,1,1,1989,15,0,14,0,18,23,0,16,31,12
480432,1,1,1989,29,2,8,20,0,0,0,14,0,14
480433,0,1,1989,27,27,27,27,27,27,27,27,27,27
480433,0,2,1989,0,20,6,7,41,14,0,25,12,28
480433,1,1,1989,0,0,0,0,0,0,0,0,0,0
480434,1,1,1989,21,21,21,21,21,21,21,21,21,21
480435,1,1,1989,4,4,4,4,4,4,4,4,4,4
480435,2,1,1989,0,0,0,0,0,0,0,0,0,0
480435,3,1,1989,0,0,0,0,0,18,0,0,0,9
480436,1,1,1989,22,22,22,22,22,22,22,22,22,22
480437,1,1,1989,18,18,18,18,18,18,18,18,18,18
480438,0,1,1989,0,11,0,0,0,17,0,0,0,0
480438,1,1,1989,17,17,17,17,17,17,17,17,17,17
480439,1,1,1989,14,0,0,0,0,0,12,8,0,0
480440,1,1,1989,23,23,23,23,23,23,23,23,23,23
480441,0,1,1989,54,54,54,54,54,54,54,54,54,54
480441,1,1,1989,0,0,0,0,0,9,0,31,7,25
480443,0,1,1989,14,12,17,0,19,10,24,13,21,0
480443,1,1,1989,0,0,0,0,0,0,0,0,0,0
480444,1,1,1989,10,10,10,10,10,10,10,10,10,10
480444,2,1,1989,11,11,11,11,11,11,11,11,11,11
480445,1,1,1989,13,13,13,13,13,13,13,13,13,13
480445,2,1,1989,0,0,0,0,0,0,0,0,0,0
480446,1,1,1989,28,28,28,28,28,28,28,28,28,28
480447,0,1,1989,0,0,0,0,0,0,0,0,0,0
480447,1,1,1989,0,0,0,0,0,0,0,0,0,0
480448,1,1,1989,23,23,23,23,23,23,23,23,23,23
480448,2,1,1989,0,0,0,0,0,0,0,0,0,11
480449,0,1,1989,28,21,13,12,10,31,32,0,26,28
480449,0,2,1989,11,17,0,0,0,19,0,29,18,19
480449,0,3,1989,12,0,2,11,40,0,16,20,19,22
480449,1,1,1989,0,0,0,0,0,0,0,0,0,0
480449,2,1,1989,0,0,0,0,0,0,0,21,0,0
480450,1,1,1989,10,0,8,0,11,23,0,0,0,10
480451,1,1,1989,8,0,0,0,0,6,0,11,0,0
480451,2,1,1989,0,0,0,0,0,0,0,0,0,0
480452,1,1,1989,0,0,0,0,0,0,25,0,0,0
480453,1,1,1989,0,0,0,0,0,0,0,0,0,0
480454,1,1,1989,0,0,0,0,0,0,0,0,0,0
480455,1,1,1989,6,6,6,6,6,6,6,6,6,6
480456,1,1,1989,12,12,12,12,12,12,12,12,12,12
480457,1,1,1989,6,6,6,6,6,6,6,6,6,6
480458,0,1,1989,16,16,16,16,16,16,16,16,16,16
480458,1,1,1989,0,0,0,0,0,0,0,0,0,6
480459,1,1,1989,0,0,0,0,0,0,0,0,0,0
480460,1,1,1989,18,18,18,18,18,18,18,18,18,18
480461,1,1,1989,17,12,22,11,24,17,16,5,28,9
480461,2,1,1989,7,20,0,0,0,0,2,0,24,0
480462,0,1,1989,0,0,0,0,0,0,0,0,0,0
480462,1,1,1989,0,0,19,0,0,0,0,0,0,0
480463,1,1,1989,0,0,0,0,0,0,0,0,0,0
480463,2,1,1989,0,0,0,0,0,4,0,0,0,0
480464,1,1,1989,31,31,31,31,31,31,31,31,31,31
480465,0,1,1989,28,0,0,28,0,0,0,0,0,0
480465,1,1,1989,0,0,0,0,0,0,0,0,0,0
480466,1,1,1989,10,10,10,10,10,10,10,10,10,10
480467,1,1,1989,20,20,20,20,20,20,20,20,20,20
480467,2,1,1989,0,0,0,0,0,0,0,0,0,0
480468,1,1,1989,0,0,25,0,0,3,0,7,0,0
480469,1,1,1989,0,17,13,0,0,0,0,0,0,0
480469,2,1,1989,0,0,0,0,0,0,0,0,0,0
480470,1,1,1989,25,25,25,25,25,25,25,25,25,25
480471,1,1,1989,0,0,0,0,0,0,0,0,0,0
480471,2,1,1989,0,0,0,0,0,0,0,0,0,0
480472,1,1,1989,0,0,0,0,0,0,0,0,0,0
480473,1,1,1989,0,0,0,0,0,0,0,0,0,0
480474,1,1,1989,17,17,17,17,17,17,17,17,17,17
480475,0,1,1989,0,0,0,0,0,0,0,0,0,0
480475,1,1,1989,0,0,0,0,0,0,0,0,0,0
480476,1,1,1989,0,0,0,0,0,0,0,0,0,0
480476,2,1,1989,0,0,0,0,0,0,0,0,0,0
480477,1,1,1989,0,0,0,0,0,0,0,0,0,0
480477,2,1,1989,0,0,0,0,0,0,0,0,0,0
480478,1,1,1989,0,0,0,0,0,0,0,0,0,0
480479,0,1,1989,0,0,0,0,0,0,0,0,0,0
480479,1,1,1989,0,0,0,0,0,0,0,0,0,0
480480,0,1,1989,0,0,0,0,0,0,0,0,0,0
480480,1,1,1989,0,0,0,0,0,0,0,0,0,0
480481,1,1,1989,0,0,0,0,0,0,0,0,0,0
480481,2,1,1989,0,0,0,0,0,0,0,0,0,0
480482,1,1,1989,16,16,16,16,16,16,16,16,16,16
480483,1,1,1989,0,20,0,0,0,0,22,0,0,0
480483,2,1,1989,22,22,22,22,22,22,22,22,22,22
480484,1,1,1989,0,0,0,0,0,13,0,0,0,0
480484,2,1,1989,29,29,29,29,29,29,29,29,29,29
480485,1,1,1989,12,12,12,12,12,12,12,12,12,12
480485,2,1,1989,15,4,0,13,22,13,16,11,16,0
480486,0,1,1989,3,3,3,3,3,3,3,3,3,3
480486,0,2,1989,12,8,0,12,19,23,16,33,0,0
480486,1,1,1989,0,36,0,0,0,0,0,0,0,0
480487,1,1,1989,3,3,3,3,3,3,3,3,3,3
480488,1,1,1989,0,0,0,0,0,0,0,0,0,0
480489,1,1,1989,0,0,0,0,0,0,0,0,2,0
480490,1,1,1989,12,12,12,12,12,12,12,12,12,12
480491,1,1,1989,14,14,14,14,14,14,14,14,14,14
480492,1,1,1989,9,9,9,9,9,9,9,9,9,9
480492,2,1,1989,0,0,0,0,0,0,0,0,0,0
480493,1,1,1989,0,0,0,0,0,0,0,0,0,0
480493,2,1,1989,0,0,0,0,0,0,0,0,0,0
480494,1,1,1989,16,16,16,16,16,16,16,16,16,16
480495,1,1,1989,9,9,9,9,9,9,9,9,9,9
480495,2,1,1989,15,15,15,15,15,15,15,15,15,15
480495,3,1,1989,5,5,5,5,5,5,5,5,5,5
480496,1,1,1989,0,21,6,0,9,19,23,13,16,11
480497,1,1,1989,23,23,23,23,23,23,23,23,23,23
480497,2,1,1989,0,0,0,0,0,0,0,0,0,0
480498,1,1,1989,0,0,0,0,0,0,0,0,0,0
480499,1,1,1989,9,9,9,9,9,9,9,9,9,9
480500,1,1,1989,0,0,0,0,0,0,0,12,0,0
480501,1,1,1989,25,25,25,25,25,25,25,25,25,25
480502,0,1,1989,0,21,7,15,0,12,0,16,20,16
480502,1,1,1989,0,0,0,0,0,0,0,0,0,0
480502,3,1,1989,7,32,0,7,0,5,0,13,6,0
480503,1,1,1989,0,0,13,0,0,0,14,20,0,0
480503,2,1,1989,0,0,0,24,0,16,0,4,0,12
480504,1,1,1989,0,0,0,0,0,0,0,0,0,0
480504,2,1,1989,14,21,24,5,23,0,0,22,12,22
480505,1,1,1989,8,8,8,8,8,8,8,8,8,8
480506,1,1,1989,0,0,0,0,0,0,0,0,0,0
480506,2,1,1989,0,0,0,0,0,0,0,0,0,0
480506,3,1,1989,0,0,0,0,0,0,0,0,0,0
480507,1,1,1989,28,28,28,28,28,28,28,28,28,28
480507,2,1,1989,15,0,0,0,0,0,0,0,0,0
480508,1,1,1989,0,0,0,0,0,0,0,0,0,0
480509,0,1,1989,0,20,0,15,20,0,0,18,16,0
480509,0,2,1989,6,14,0,0,8,0,27,0,25,23
480510,1,1,1989,0,0,0,0,0,0,0,0,0,0
480510,2,1,1989,1,1,1,1,1,1,1,1,1,1
480511,1,1,1989,0,0,0,0,0,0,0,0,0,0
480512,1,1,1989,2,2,2,2,2,2,2,2,2,2
480513,1,1,1989,17,17,17,17,17,17,17,17,17,17
480514,1,1,1989,0,0,0,0,0,0,0,0,0,0
480514,2,1,1989,23,23,23,23,23,23,23,23,23,23
480515,1,1,1989,14,14,14,14,14,14,14,14,14,14
480516,1,1,1989,4,4,4,4,4,4,4,4,4,4
480517,1,1,1989,18,18,18,18,18,18,18,18,18,18
480518,1,1,1989,0,0,0,0,0,10,0,0,0,0
480519,1,1,1989,0,0,0,0,0,0,0,0,0,0
480519,2,1,1989,0,0,0,0,0,0,0,0,0,0
480519,3,1,1989,0,0,0,0,0,0,0,0,0,0
480520,1,1,1989,0,0,0,0,0,0,0,0,0,0
480520,2,1,1989,0,0,0,0,0,0,0,0,0,10
480521,1,1,1989,0,0,0,0,0,0,0,0,0,0
480521,2,1,1989,0,17,0,0,18,0,0,16,0,0
480522,1,1,1989,0,0,0,0,0,0,0,0,0,0
480522,2,1,1989,0,0,0,0,0,0,0,0,0,0
480523,1,1,1989,21,21,21,21,21,21,21,21,21,21
480523,2,1,1989,0,0,0,0,0,0,0,0,0,0
480524,0,1,1989,0,0,0,0,0,0,0,0,0,0
480524,1,1,1989,0,0,0,0,0,0,0,0,0,0
480525,1,1,1989,0,0,0,0,0,0,0,0,0,0
480525,2,1,1989,0,0,0,0,0,0,0,0,0,0
480526,1,1,1989,0,0,0,0,0,0,0,0,0,0
480526,2,1,1989,0,0,0,0,0,0,0,0,0,0
480527,1,1,1989,0,0,0,0,0,0,0,0,0,0
480527,2,1,1989,13,0,21,0,10,21,0,15,0,0
480527,3,1,1989,0,0,0,0,0,0,0,0,0,0
480528,1,1,1989,0,0,0,0,0,0,0,0,0,0
480528,2,1,1989,0,0,0,0,0,0,0,0,0,0
480529,1,1,1989,21,21,21,21,21,21,21,21,21,21
480530,1,1,1989,0,0,0,0,0,0,0,0,0,0
480531,1,1,1989,31,31,31,31,31,31,31,31,31,31
480532,1,1,1989,6,6,6,6,6,6,6,6,6,6
480532,2,1,1989,0,27,0,0,0,0,0,0,0,0
480533,1,1,1989,0,0,0,0,0,0,0,0,0,0
480534,1,1,1989,16,16,16,16,16,16,16,16,16,16
480534,2,1,1989,0,0,0,0,0,0,0,0,0,0
480535,1,1,1989,0,0,0,0,0,0,0,0,0,0
480535,2,1,1989,0,0,0,0,0,0,0,20,0,0
480536,1,1,1989,0,0,0,0,0,0,0,0,0,0
480536,2,1,1989,30,30,30,30,30,30,30,30,30,30
480537,1,1,1989,0,0,0,0,0,0,0,0,0,0
480537,2,1,1989,0,0,0,0,0,0,0,0,0,0
480538,1,1,1989,0,0,0,0,0,0,0,16,32,0
480538,2,1,1989,0,0,0,0,0,18,0,0,0,0
480539,1,1,1989,15,15,15,15,15,15,15,15,15,15
480539,2,1,1989,0,0,12,0,15,0,0,0,0,0
480540,1,1,1989,25,19,0,16,7,8,12,0,26,15
480541,0,1,1989,0,0,0,0,0,0,0,0,0,0
480541,1,1,1989,3,0,0,0,0,0,0,0,0,0
480542,1,1,1989,0,0,0,0,0,0,0,0,0,0
480543,0,1,1989,0,0,0,0,0,0,0,0,0,0
480543,1,1,1989,22,0,0,0,0,0,8,0,0,0
480544,1,1,1989,0,0,0,0,0,0,0,0,0,0
480545,1,1,1989,0,0,13,13,0,0,0,0,0,0
480546,1,1,1989,0,0,0,0,0,0,0,0,0,0
480546,2,1,1989,0,0,0,0,0,0,0,0,0,0
480547,1,1,1989,26,13,16,26,0,12,20,0,0,0
480548,1,1,1989,19,0,14,16,0,21,0,32,0,0
480549,0,1,1989,0,29,21,24,0,13,20,3,14,23
480549,1,1,1989,0,15,0,0,6,0,0,0,0,0
480550,1,1,1989,41,41,41,41,41,41,41,41,41,41
480551,1,1,1989,11,11,11,11,11,11,11,11,11,11
480552,1,1,1989,22,22,22,22,22,22,22,22,22,22
480553,1,1,1989,11,11,11,11,11,11,11,11,11,11
480554,0,1,1989,0,0,33,20,0,0,13,32,0,18
480554,1,1,1989,0,0,0,0,0,0,0,0,0,0
480554,2,1,1989,0,0,0,8,0,0,0,0,0,0
480555,1,1,1989,19,0,5,4,0,8,12,16,0,30
480556,1,1,1989,0,0,0,0,0,0,0,0,0,0
480557,1,1,1989,33,33,33,33,33,33,33,33,33,33
480558,1,1,1989,14,14,14,14,14,14,14,14,14,14
480559,1,1,1989,11,11,11,11,11,11,11,11,11,11
480560,1,1,1989,17,17,17,17,17,17,17,17,17,17
480561,1,1,1989,21,21,21,21,21,21,21,21,21,21
480561,2,1,1989,4,4,4,4,4,4,4,4,4,4
480561,3,1,1989,0,13,0,0,0,0,0,0,0,0
480562,1,1,1989,0,0,0,0,0,0,0,0,0,0
480563,0,1,1989,25,0,8,29,28,0,0,0,0,0
480563,1,1,1989,0,0,0,0,0,0,0,0,0,0
480564,1,1,1989,16,29,24,29,31,30,9,28,28,34
480565,0,1,1989,0,0,0,0,0,0,0,0,0,0
480565,1,1,1989,0,0,0,0,0,0,0,0,0,0
480566,1,1,1989,11,11,11,11,11,11,11,11,11,11
480567,0,1,1989,0,0,0,0,0,0,0,0,0,0
480567,1,1,1989,0,0,0,0,0,0,0,25,0,0
480568,1,1,1989,0,0,0,0,0,0,0,0,0,0
480569,0,1,1989,0,0,0,0,0,15,0,15,0,0
480569,1,1,1989,0,13,0,0,0,0,0,10,12,0
480570,1,1,1989,6,6,6,6,6,6,6,6,6,6
480571,1,1,1989,19,19,19,19,19,19,19,19,19,19
480572,0,1,1989,0,0,0,0,0,0,0,0,0,0
480572,1,1,1989,0,0,0,0,0,0,0,0,0,0
480573,1,1,1989,29,15,0,19,30,0,12,0,31,25
480574,1,1,1989,10,11,13,0,20,10,23,24,14,18
480575,1,1,1989,10,0,27,4,3,11,0,0,0,5
480576,1,1,1989,11,26,0,21,11,13,17,20,13,15
480577,1,1,1989,0,0,0,0,0,0,0,0,0,0
480577,2,1,1989,0,0,0,0,0,0,0,0,0,0
480578,1,1,1989,0,0,0,0,0,0,0,0,0,0
480578,2,1,1989,0,0,0,0,0,0,0,0,0,0
480578,3,1,1989,0,22,0,0,0,0,0,11,0,0
480579,1,1,1989,28,28,28,28,28,28,28,28,28,28
480580,1,1,1989,0,0,0,0,0,0,0,0,0,0
480580,2,1,1989,0,0,0,0,0,0,0,0,0,0
480580,3,1,1989,0,0,0,0,0,0,0,0,0,0
480580,4,1,1989,0,0,0,0,0,0,0,0,0,0
480581,1,1,1989,0,0,0,0,14,0,0,0,0,0
480581,2,1,1989,0,0,0,0,0,0,0,0,0,0
480582,1,1,1989,22,22,22,22,22,22,22,22,22,22
480583,1,1,1989,0,0,0,0,0,0,0,0,0,0
480584,1,1,1989,0,0,0,0,0,0,0,0,0,0
480584,2,1,1989,0,0,0,0,0,0,0,0,0,0
480585,1,1,1989,24,25,0,11,0,11,26,0,17,22
480586,1,1,1989,17,17,17,17,17,17,17,17,17,17
480586,2,1,1989,1,0,0,0,0,15,10,0,0,3
480586,3,1,1989,10,0,40,0,0,0,27,0,0,4
480587,1,1,1989,33,33,33,33,33,33,33,33,33,33
480588,1,1,1989,0,0,0,0,0,0,0,0,0,0
480588,2,1,1989,0,0,16,0,0,0,12,0,0,0
480589,1,1,1989,0,0,0,0,0,0,0,0,0,0
480589,2,1,1989,0,0,0,0,0,0,0,0,0,0
480590,1,1,1989,0,10,9,0,10,11,4,3,8,9
480590,2,1,1989,0,7,0,0,0,0,0,12,0,0
480591,1,1,1989,0,12,16,10,15,0,22,18,0,10
480592,1,1,1989,0,0,12,0,0,0,0,12,0,0
480592,2,1,1989,0,0,0,0,0,0,0,0,0,0
480592,3,1,1989,0,0,0,0,0,0,0,0,20,0
480593,1,1,1989,0,0,0,0,0,0,0,0,0,12
480593,2,1,1989,0,28,0,0,13,6,0,11,0,0
480594,0,1,1989,32,32,32,32,32,32,32,32,32,32
480594,1,1,1989,0,0,0,0,0,0,0,0,0,0
480595,1,1,1989,14,14,14,14,14,14,14,14,14,14
480596,0,1,1989,0,0,0,36,0,0,0,0,0,7
480596,1,1,1989,0,0,0,0,0,0,0,0,0,0
480597,1,1,1989,23,23,23,23,23,23,23,23,23,23
480598,0,1,1989,0,0,0,0,0,0,0,0,0,0