ST_CASE,VEH_NO,PER_NO,YEAR,P1,P2,P3,P4,P5,P6,P7,P8,P9,P10
480598,1,1,1989,1,1,1,1,1,1,1,1,1,1
480599,1,1,1989,25,25,25,25,25,25,25,25,25,25
480600,1,1,1989,12,12,12,12,12,12,12,12,12,12
480601,1,1,1989,0,0,0,0,10,0,0,0,16,0
480601,2,1,1989,0,0,0,0,0,0,0,0,0,0
480601,3,1,1989,15,0,0,0,0,17,0,0,0,0
480602,1,1,1989,25,25,25,25,25,25,25,25,25,25
480603,1,1,1989,0,0,0,0,0,0,0,0,0,0
480603,2,1,1989,0,0,0,13,0,0,0,0,0,0
480604,1,1,1989,13,13,13,13,13,13,13,13,13,13
480604,2,1,1989,0,0,0,16,0,0,0,0,0,0
480605,0,1,1989,22,22,22,22,22,22,22,22,22,22
480605,1,1,1989,0,0,0,0,0,0,0,0,0,0
480606,0,1,1989,0,0,0,0,0,0,0,0,0,0
480606,1,1,1989,14,0,16,18,19,0,19,0,0,18
480607,1,1,1989,12,12,12,12,12,12,12,12,12,12
480608,1,1,1989,0,0,0,0,0,0,0,0,0,0
480609,1,1,1989,0,0,0,9,0,0,0,0,11,0
480609,2,1,1989,0,0,0,0,18,8,0,0,0,0
480610,1,1,1989,0,0,0,0,0,0,0,0,0,0
480610,2,1,1989,3,3,3,3,3,3,3,3,3,3
480610,3,1,1989,10,0,29,0,0,0,0,0,0,9
480610,4,1,1989,0,0,16,18,16,19,0,0,15,0
480611,1,1,1989,20,20,20,20,20,20,20,20,20,20
480612,1,1,1989,19,19,19,19,19,19,19,19,19,19
480613,1,1,1989,13,13,13,13,13,13,13,13,13,13
480614,1,1,1989,22,22,22,22,22,22,22,22,22,22
480614,2,1,1989,22,22,22,22,22,22,22,22,22,22
480615,1,1,1989,9,9,9,9,9,9,9,9,9,9
480615,2,1,1989,0,0,0,0,0,0,0,0,0,0
480615,3,1,1989,23,15,0,0,0,0,0,5,17,36
480616,1,1,1989,0,0,0,0,0,0,0,0,0,0
480616,2,1,1989,0,0,0,0,0,0,0,14,0,0
480617,1,1,1989,0,27,0,0,0,33,0,0,21,0
480618,1,1,1989,30,0,16,15,12,27,18,7,19,17
480619,1,1,1989,20,0,22,0,0,0,0,28,15,0
480620,1,1,1989,0,0,0,0,0,0,0,0,0,0
480620,2,1,1989,0,0,0,2,0,0,11,0,0,24
480621,1,1,1989,0,0,0,0,0,0,0,0,0,0
480621,2,1,1989,0,0,19,32,0,17,0,0,0,0
480622,1,1,1989,0,0,0,0,0,0,0,19,0,12
480622,2,1,1989,0,0,0,0,0,0,0,0,0,0
480623,1,1,1989,7,7,7,7,7,7,7,7,7,7
480624,1,1,1989,0,10,0,0,0,0,12,0,3,0
480625,1,1,1989,5,5,5,5,5,5,5,5,5,5
480625,2,1,1989,0,0,0,0,0,0,0,0,0,0
480626,1,1,1989,18,18,18,18,18,18,18,18,18,18
480627,0,1,1989,23,22,37,25,30,32,26,21,14,0
480627,1,1,1989,0,12,0,0,0,28,0,0,0,0
480628,1,1,1989,14,14,14,14,14,14,14,14,14,14
480628,2,1,1989,0,0,0,0,0,0,0,4,0,0
480629,0,1,1989,0,0,0,0,0,0,0,0,0,0
480629,1,1,1989,0,0,0,0,0,0,0,0,0,0
480630,1,1,1989,16,16,16,16,16,16,16,16,16,16
480631,1,1,1989,0,0,0,0,0,0,0,0,0,0
480632,1,1,1989,13,0,0,0,0,0,1,16,0,0
480632,2,1,1989,0,0,0,0,0,0,0,0,0,0
480633,0,1,1989,0,0,0,0,0,0,0,0,0,0
480633,1,1,1989,0,0,17,0,0,0,0,0,0,0
480634,1,1,1989,0,0,0,0,0,0,0,0,0,16
480634,2,1,1989,0,0,0,0,0,0,7,0,0,0
480635,1,1,1989,15,15,15,15,15,15,15,15,15,15
480635,2,1,1989,0,0,0,0,0,0,0,0,0,0
480636,1,1,1989,14,14,14,14,14,14,14,14,14,14
480637,1,1,1989,20,20,20,20,20,20,20,20,20,20
480638,1,1,1989,30,24,15,8,0,34,12,9,9,17
480639,1,1,1989,26,10,21,13,20,22,0,19,11,23
480640,1,1,1989,0,0,0,0,0,0,0,0,0,0
480640,2,1,1989,5,0,0,0,0,22,0,0,0,7
480640,3,1,1989,0,0,0,13,0,0,0,16,0,0
480641,1,1,1989,0,0,0,0,0,0,0,0,3,0
480641,2,1,1989,0,0,0,0,0,0,0,0,0,0
480642,0,1,1989,0,0,0,0,0,0,0,0,0,0
480642,1,1,1989,0,5,0,0,0,0,0,0,0,0
480643,1,1,1989,0,0,0,0,0,0,0,0,0,0
480644,1,1,1989,11,21,17,13,29,15,9,14,14,15
480645,0,1,1989,0,0,0,0,0,0,0,0,0,0
480645,0,2,1989,0,12,0,7,30,28,22,0,17,12
480645,1,1,1989,0,0,2,0,0,0,20,0,14,0
480646,0,1,1989,27,14,8,23,13,6,6,0,19,6
480646,1,1,1989,0,16,0,18,0,0,0,0,0,16
480647,1,1,1989,0,18,0,9,0,12,0,0,10,0
480648,1,1,1989,6,11,24,14,0,23,27,0,10,16
480649,1,1,1989,0,0,0,0,0,0,0,0,0,0
480650,1,1,1989,6,6,6,6,6,6,6,6,6,6
480651,1,1,1989,0,0,0,0,0,0,0,0,0,0
480651,2,1,1989,0,0,0,0,0,4,0,0,0,0
480652,1,1,1989,0,0,0,0,0,0,0,0,0,0
480653,0,1,1989,0,0,0,9,0,0,21,12,0,9
480653,1,1,1989,0,0,0,0,0,0,0,0,0,0
480654,1,1,1989,15,15,15,15,15,15,15,15,15,15
480655,1,1,1989,14,14,14,14,14,14,14,14,14,14
480656,1,1,1989,32,32,32,32,32,32,32,32,32,32
480657,1,1,1989,14,26,26,11,15,0,12,60,23,26
480658,1,1,1989,32,32,32,32,32,32,32,32,32,32
480659,1,1,1989,18,18,18,18,18,18,18,18,18,18
480660,1,1,1989,0,0,8,0,5,0,0,0,0,26
480661,0,1,1989,24,24,24,24,24,24,24,24,24,24
480661,1,1,1989,0,0,0,0,11,0,0,7,0,0
480662,1,1,1989,34,11,19,20,35,7,22,6,24,15
480663,1,1,1989,0,0,0,0,0,0,19,0,24,0
480664,1,1,1989,0,0,0,0,0,0,0,0,0,0
480665,0,1,1989,0,0,0,0,0,0,0,0,0,0
480665,1,1,1989,0,0,0,13,0,0,0,6,0,0
480666,1,1,1989,0,0,0,0,0,0,0,0,0,0
480667,1,1,1989,0,0,0,0,0,0,0,0,0,0
480667,2,1,1989,0,0,0,0,0,0,0,0,0,0
480668,1,1,1989,0,0,0,0,0,0,0,0,0,0
480668,2,1,1989,0,0,0,0,0,0,0,0,0,0
480669,1,1,1989,0,0,0,0,0,0,0,0,0,0
480669,2,1,1989,0,0,0,0,0,0,0,0,0,0
480670,1,1,1989,20,20,20,20,20,20,20,20,20,20
480670,2,1,1989,14,24,23,7,25,6,12,19,21,45
480671,0,1,1989,0,0,0,13,7,0,0,0,0,0
480671,1,1,1989,0,0,0,0,0,0,0,0,12,0
480672,1,1,1989,3,3,3,3,3,3,3,3,3,3
480673,1,1,1989,16,16,16,16,16,16,16,16,16,16
480674,1,1,1989,0,0,0,0,0,0,0,0,0,0
480674,2,1,1989,0,0,0,0,12,0,0,0,0,17
480675,1,1,1989,0,0,0,0,0,0,0,0,0,0
480676,1,1,1989,0,0,0,0,0,0,0,0,0,0
480676,2,1,1989,0,0,0,0,0,0,0,0,0,0
480677,1,1,1989,0,0,0,0,0,0,0,0,0,0
480678,0,1,1989,22,22,22,22,22,22,22,22,22,22
480678,1,1,1989,0,0,21,0,3,0,0,0,0,0
480679,0,1,1989,16,16,16,16,16,16,16,16,16,16
480679,1,1,1989,0,0,9,0,0,0,0,10,0,0
480680,1,1,1989,0,0,0,0,0,0,0,0,0,0
480680,2,1,1989,0,0,0,0,0,0,0,0,0,0
480681,1,1,1989,0,0,0,0,0,0,0,0,0,0
480681,2,1,1989,0,0,0,0,0,0,0,15,0,0
480682,1,1,1989,4,4,4,4,4,4,4,4,4,4
480683,1,1,1989,0,0,0,0,0,0,0,0,0,0
480683,2,1,1989,0,0,0,0,0,0,0,14,8,0
480684,1,1,1989,20,13,0,21,17,10,0,21,16,11
480684,2,1,1989,3,3,3,3,3,3,3,3,3,3
480685,1,1,1989,0,25,19,0,0,20,23,9,0,0
480685,2,1,1989,0,0,0,17,0,0,0,0,0,0
480686,1,1,1989,0,0,0,0,0,0,0,0,0,0
480687,1,1,1989,26,26,26,26,26,26,26,26,26,26
480688,1,1,1989,0,0,0,0,0,0,0,0,0,0
480688,2,1,1989,10,0,0,0,0,0,15,0,0,0
480689,1,1,1989,16,16,16,16,16,16,16,16,16,16
480690,1,1,1989,0,15,0,0,17,0,18,22,0,0
480691,1,1,1989,0,0,0,0,0,0,0,0,0,0
480691,2,1,1989,0,0,0,0,0,0,0,0,0,0
480692,1,1,1989,0,0,0,0,0,0,0,0,0,0
480693,1,1,1989,18,15,0,31,28,23,3,23,14,31
480694,1,1,1989,0,0,0,0,0,0,0,0,0,0
480694,2,1,1989,0,0,0,0,0,0,0,0,0,0
480694,3,1,1989,0,0,0,0,13,0,0,0,0,0
480694,4,1,1989,0,0,0,0,0,0,0,0,0,0
480695,1,1,1989,20,20,20,20,20,20,20,20,20,20
480696,1,1,1989,14,14,14,14,14,14,14,14,14,14
480697,0,1,1989,0,0,12,0,0,0,0,0,22,0
480697,1,1,1989,26,13,0,0,0,0,0,0,0,0
480698,1,1,1989,27,27,27,27,27,27,27,27,27,27
480699,1,1,1989,0,0,0,0,0,0,0,15,0,0
480699,2,1,1989,0,0,0,0,0,0,0,10,0,0
480700,1,1,1989,0,8,8,0,19,0,19,9,0,13
480701,1,1,1989,16,25,0,0,17,0,0,0,0,24
480702,1,1,1989,0,0,0,0,0,0,0,0,0,0
480702,2,1,1989,0,0,0,0,0,0,0,0,0,19
480703,0,1,1989,0,0,0,0,0,0,0,0,0,0
480703,1,1,1989,0,0,10,0,6,0,23,7,7,13
480704,1,1,1989,0,0,0,0,0,0,0,0,0,0
480704,2,1,1989,0,0,0,0,0,0,0,0,0,0
480705,1,1,1989,28,28,28,28,28,28,28,28,28,28
480706,1,1,1989,0,30,0,0,0,0,0,0,0,8
480706,2,1,1989,0,0,0,0,0,0,3,0,0,0
480706,3,1,1989,0,0,0,0,0,0,0,0,0,0
480707,1,1,1989,34,15,0,0,0,18,21,26,0,26
480708,1,1,1989,0,20,0,0,0,0,0,13,0,0
480708,2,1,1989,0,4,0,5,11,0,0,0,0,0
480709,1,1,1989,22,22,22,22,22,22,22,22,22,22
480710,1,1,1989,14,0,30,0,25,24,0,0,11,23
480710,2,1,1989,0,0,0,0,0,0,0,0,0,14
480711,1,1,1989,4,4,4,4,4,4,4,4,4,4
480712,1,1,1989,6,6,6,6,6,6,6,6,6,6
480713,1,1,1989,14,14,14,14,14,14,14,14,14,14
480714,1,1,1989,14,14,14,14,14,14,14,14,14,14
480715,1,1,1989,0,0,0,0,0,0,0,0,0,0
480715,2,1,1989,0,13,0,0,0,0,0,0,0,0
480716,1,1,1989,0,0,0,0,0,0,0,0,0,0
480716,2,1,1989,0,0,0,0,0,0,0,0,0,0
480717,1,1,1989,18,18,18,18,18,18,18,18,18,18
480718,1,1,1989,31,31,31,31,31,31,31,31,31,31
480719,0,1,1989,25,25,25,25,25,25,25,25,25,25
480719,1,1,1989,27,0,15,0,25,0,21,19,33,0
480720,1,1,1989,0,0,0,11,0,16,12,5,31,23
480721,0,1,1989,0,0,0,0,0,0,0,0,0,0
480721,1,1,1989,0,0,5,0,0,0,0,0,0,0
480722,1,1,1989,4,33,0,18,15,0,8,0,0,0
480723,0,1,1989,0,0,0,0,0,0,0,0,0,0
480723,1,1,1989,0,0,0,0,21,0,0,4,0,0
480724,1,1,1989,0,0,0,0,0,0,0,0,0,0
480724,2,1,1989,0,0,0,0,0,0,0,8,0,0
480725,1,1,1989,15,25,10,0,0,0,12,19,36,0
480726,1,1,1989,0,0,0,0,0,0,0,0,0,0
480726,2,1,1989,0,0,0,0,0,0,0,0,0,16
480728,0,1,1989,0,0,0,0,0,0,0,0,0,0
480728,1,1,1989,0,0,0,0,0,0,0,0,0,0
480729,1,1,1989,23,23,23,23,23,23,23,23,23,23
480730,1,1,1989,13,13,13,13,13,13,13,13,13,13
480731,1,1,1989,12,13,9,20,25,10,15,20,27,16
480732,1,1,1989,15,15,15,15,15,15,15,15,15,15
480733,1,1,1989,0,0,0,0,0,0,0,0,0,0
480734,1,1,1989,0,0,11,0,0,0,0,0,0,0
480734,2,1,1989,0,0,0,0,0,0,0,0,0,0
480735,1,1,1989,12,17,0,0,31,13,0,4,0,28
480736,1,1,1989,2,2,2,2,2,2,2,2,2,2
480737,1,1,1989,0,0,0,0,0,0,0,0,0,0
480737,2,1,1989,0,0,0,0,0,0,0,0,0,0
480738,1,1,1989,0,25,6,0,0,0,26,0,10,0
480738,2,1,1989,0,0,0,0,0,0,0,0,0,0
480739,1,1,1989,0,0,0,0,0,0,0,0,0,0
480740,0,1,1989,0,0,0,0,0,0,0,0,0,0
480740,1,1,1989,0,0,0,0,0,0,10,0,0,15
480741,1,1,1989,0,0,0,6,19,0,0,5,0,14
480741,2,1,1989,0,0,0,0,0,0,0,0,0,0
480742,0,1,1989,12,12,12,12,12,12,12,12,12,12
480742,1,1,1989,0,0,0,0,0,0,0,0,0,0
480743,1,1,1989,0,0,0,0,0,0,0,0,0,0
480743,2,1,1989,21,21,21,21,21,21,21,21,21,21
480744,0,1,1989,0,0,0,0,0,0,0,0,0,0
480744,1,1,1989,18,0,0,0,7,19,0,10,0,0
480745,1,1,1989,27,6,19,6,13,15,26,16,22,23
480746,1,1,1989,21,21,21,21,21,21,21,21,21,21
480747,1,1,1989,0,0,0,0,0,0,0,0,0,0
480748,0,1,1989,0,0,0,0,0,0,0,0,0,0
480748,1,1,1989,17,17,17,17,17,17,17,17,17,17
480749,1,1,1989,8,21,12,16,19,7,26,29,0,0
480750,1,1,1989,0,0,19,31,26,15,3,31,5,16
480751,1,1,1989,15,15,15,15,15,15,15,15,15,15
480752,1,1,1989,17,17,17,17,17,17,17,17,17,17
480753,1,1,1989,0,0,0,0,0,0,0,0,0,0
480754,1,1,1989,10,10,10,10,10,10,10,10,10,10
480755,0,1,1989,0,0,0,0,0,0,0,0,0,0
480755,1,1,1989,0,0,0,0,0,0,0,9,0,0
480756,1,1,1989,0,0,0,29,0,0,18,0,40,0
480756,2,1,1989,0,19,0,0,0,0,0,0,0,0
480757,1,1,1989,0,0,10,0,8,0,0,0,13,14
480758,1,1,1989,15,0,0,6,13,0,0,0,5,0
480758,2,1,1989,0,0,0,0,0,14,17,18,0,0
480759,1,1,1989,33,33,33,33,33,33,33,33,33,33
480760,1,1,1989,0,0,0,0,0,0,0,0,7,9
480760,2,1,1989,0,0,0,0,0,0,0,0,0,0
480761,1,1,1989,0,0,0,0,0,0,0,0,0,0
480762,1,1,1989,0,0,0,0,0,0,0,0,0,0
480762,2,1,1989,0,0,0,15,0,0,0,0,0,8
480763,1,1,1989,20,6,7,17,7,21,13,17,15,0
480764,1,1,1989,0,0,0,0,0,0,0,0,0,0
480764,2,1,1989,0,0,0,0,0,0,0,0,0,0
480765,1,1,1989,0,0,0,0,0,0,0,0,0,0
480765,2,1,1989,0,0,0,0,0,0,0,0,0,0
480766,1,1,1989,6,6,6,6,6,6,6,6,6,6
480767,1,1,1989,39,39,39,39,39,39,39,39,39,39
480769,0,1,1989,0,0,0,0,0,0,0,3,6,11
480769,1,1,1989,15,33,21,14,26,37,12,0,21,13
480770,1,1,1989,8,8,8,8,8,8,8,8,8,8
480770,2,1,1989,11,0,0,34,0,0,0,0,0,0
480770,3,1,1989,4,4,4,4,4,4,4,4,4,4
480771,1,1,1989,8,8,8,8,8,8,8,8,8,8
480771,2,1,1989,0,0,0,0,0,0,0,0,0,0
480772,1,1,1989,0,0,0,0,0,0,0,0,0,0
480773,2,1,1989,0,0,0,0,0,0,0,0,0,0
480774,1,1,1989,0,0,0,0,0,0,0,0,0,0
480774,2,1,1989,0,0,0,0,0,0,0,0,0,0
480775,1,1,1989,20,20,20,20,20,20,20,20,20,20
480776,1,1,1989,21,21,21,21,21,21,21,21,21,21
480777,0,1,1989,0,0,0,0,0,0,0,0,0,0
480777,1,1,1989,0,0,0,0,0,0,0,0,0,0
480778,1,1,1989,0,0,0,0,0,0,0,0,0,0
480778,2,1,1989,0,0,0,0,0,0,0,0,0,0
480779,1,1,1989,16,16,16,16,16,16,16,16,16,16
480780,1,1,1989,0,0,0,0,0,0,0,0,0,0
480780,2,1,1989,0,0,0,0,0,0,0,0,0,0
480781,1,1,1989,0,0,0,0,0,0,0,0,0,0
480781,2,1,1989,0,0,0,0,0,0,0,0,0,0
480782,0,1,1989,0,0,0,0,19,22,23,0,0,0
480782,1,1,1989,0,12,44,0,27,0,30,0,22,0
480783,1,1,1989,10,10,10,10,10,10,10,10,10,10
480784,1,1,1989,0,0,0,0,0,0,0,0,0,0
480785,1,1,1989,26,26,26,26,26,26,26,26,26,26
480786,1,1,1989,15,15,15,15,15,15,15,15,15,15
480787,0,1,1989,0,0,0,0,0,0,0,0,0,0
480787,0,2,1989,0,0,0,6,0,0,0,0,0,0
480787,1,1,1989,0,0,0,0,0,0,0,0,0,0
480787,2,1,1989,0,6,0,0,0,0,0,0,0,0
480788,1,1,1989,15,15,15,15,15,15,15,15,15,15
480788,2,1,1989,0,0,0,0,0,0,0,0,0,0
480789,1,1,1989,21,19,21,11,0,10,41,16,13,30
480790,1,1,1989,0,0,0,0,0,0,0,0,0,0
480790,2,1,1989,24,24,24,24,24,24,24,24,24,24
480791,1,1,1989,0,0,0,0,0,0,0,0,0,0
480791,2,1,1989,0,0,0,0,0,0,0,0,0,0
480791,3,1,1989,0,0,0,0,0,0,0,0,0,0
480792,1,1,1989,0,0,0,0,0,0,0,0,0,0
480793,1,1,1989,15,9,12,24,14,10,19,13,0,8
480793,2,1,1989,19,0,0,0,0,0,0,0,0,0
480794,1,1,1989,23,23,23,23,23,23,23,23,23,23
480794,2,1,1989,0,0,0,0,0,0,0,0,0,0
480795,1,1,1989,0,0,0,0,0,0,0,0,0,0
480796,1,1,1989,4,4,4,4,4,4,4,4,4,4
480796,2,1,1989,0,0,0,0,0,0,0,0,0,0
480797,1,1,1989,0,0,0,0,0,0,0,0,0,0
480797,2,1,1989,0,0,0,6,0,0,0,17,0,0
480798,1,1,1989,0,0,0,0,28,15,0,0,0,0
480798,2,1,1989,0,0,0,0,0,0,0,0,0,0
480798,3,1,1989,0,0,0,0,0,0,0,0,0,0
480799,1,1,1989,24,24,24,24,24,24,24,24,24,24
480800,1,1,1989,2,2,2,2,2,2,2,2,2,2
480801,1,1,1989,0,0,0,0,0,0,0,0,0,0
480801,2,1,1989,8,8,8,8,8,8,8,8,8,8
480802,1,1,1989,23,23,23,23,23,23,23,23,23,23
480802,2,1,1989,2,0,0,0,0,0,0,0,2,0
480803,1,1,1989,11,0,0,0,0,0,0,41,0,0
480803,2,1,1989,0,0,0,0,0,0,0,0,0,0
480804,1,1,1989,0,0,0,0,9,0,0,0,0,0
480804,2,1,1989,2,26,0,0,0,0,0,0,0,0
480804,3,1,1989,0,0,0,0,0,0,0,24,0,0
480805,1,1,1989,29,29,29,29,29,29,29,29,29,29
480806,0,1,1989,28,28,28,28,28,28,28,28,28,28
480806,1,1,1989,0,0,0,0,0,13,0,8,0,9
480807,1,1,1989,12,12,12,12,12,12,12,12,12,12
480808,0,1,1989,27,27,27,27,27,27,27,27,27,27
480808,1,1,1989,0,0,0,0,21,11,0,0,0,0
480808,2,1,1989,0,0,0,0,0,0,0,0,0,0
480809,1,1,1989,13,11,16,16,0,3,0,5,6,12
480809,2,1,1989,8,8,8,8,8,8,8,8,8,8
480810,1,1,1989,24,23,0,0,0,5,8,0,15,10
480810,2,1,1989,17,0,0,9,0,0,0,0,0,0
480811,1,1,1989,5,5,5,5,5,5,5,5,5,5
480811,2,1,1989,29,29,29,29,29,29,29,29,29,29
480812,1,1,1989,11,23,23,15,21,35,16,25,17,17
480813,1,1,1989,0,0,0,0,0,0,0,0,0,0
480814,1,1,1989,16,2,20,24,8,11,14,14,35,8
480815,0,1,1989,0,0,0,0,0,0,0,0,0,0
480815,1,1,1989,18,18,18,18,18,18,18,18,18,18
480816,1,1,1989,7,0,0,0,5,0,15,0,12,17
480816,2,1,1989,0,0,10,10,0,0,12,6,0,0
480817,0,1,1989,0,21,14,0,14,0,0,0,0,0
480817,1,1,1989,0,37,0,0,0,0,18,16,25,0
480818,1,1,1989,27,27,27,27,27,27,27,27,27,27
480819,1,1,1989,12,12,12,12,12,12,12,12,12,12
480820,1,1,1989,0,0,0,0,0,0,0,0,11,0
480820,2,1,1989,0,0,0,0,0,0,0,0,0,0
480821,1,1,1989,15,17,17,17,0,0,17,0,0,0
480822,1,1,1989,19,19,19,19,19,19,19,19,19,19
480823,1,1,1989,0,0,0,0,0,0,0,21,0,0
480823,2,1,1989,0,0,0,0,0,0,0,0,0,0
480823,3,1,1989,1,1,1,1,1,1,1,1,1,1
480824,1,1,1989,19,19,19,19,19,19,19,19,19,19
480825,0,1,1989,0,0,0,0,0,0,0,0,0,0
480825,1,1,1989,17,6,0,0,0,0,0,0,0,0
480826,1,1,1989,10,10,10,10,10,10,10,10,10,10
480827,1,1,1989,29,29,29,29,29,29,29,29,29,29
480828,1,1,1989,32,0,31,18,29,0,21,21,0,18
480829,0,1,1989,0,0,0,0,0,0,0,0,0,0
480829,1,1,1989,0,0,0,7,0,0,0,0,10,25
480830,0,1,1989,0,0,0,0,0,0,0,0,0,0
480830,1,1,1989,0,0,0,18,0,0,19,0,0,0
480831,1,1,1989,0,6,0,0,0,0,0,0,0,0
480831,2,1,1989,0,0,0,0,0,0,0,0,0,0
480833,1,1,1989,5,5,5,5,5,5,5,5,5,5
480833,2,1,1989,0,0,0,0,0,0,0,0,0,0
480834,1,1,1989,0,0,0,0,0,0,13,0,0,0
480834,2,1,1989,0,0,0,0,0,0,0,0,0,0
480835,1,1,1989,0,24,15,22,17,23,13,27,36,27
480836,1,1,1989,29,29,29,29,29,29,29,29,29,29
480836,2,1,1989,0,0,0,0,0,0,0,0,0,0
480837,1,1,1989,0,0,0,0,0,0,0,0,0,0
480837,2,1,1989,0,0,0,0,0,0,0,0,0,0
480838,1,1,1989,17,17,17,17,17,17,17,17,17,17
480839,1,1,1989,0,0,0,0,0,0,0,0,0,0
480840,1,1,1989,14,3,0,18,13,22,26,8,0,22
480841,0,1,1989,0,0,0,0,0,0,0,0,0,0
480841,1,1,1989,0,0,0,0,0,0,0,0,0,0
480841,2,1,1989,0,0,0,0,5,0,0,0,0,0
480842,1,1,1989,0,0,28,0,0,10,0,0,21,0
480842,2,1,1989,0,0,0,0,0,0,0,0,0,0
480843,1,1,1989,0,0,0,0,9,0,0,3,0,0
480843,2,1,1989,18,0,23,20,14,12,0,0,23,0
480844,1,1,1989,11,11,11,11,11,11,11,11,11,11
480845,1,1,1989,32,32,32,32,32,32,32,32,32,32
480846,1,1,1989,0,0,15,32,23,10,14,0,16,0
480847,1,1,1989,0,0,0,0,0,0,0,0,0,0
480847,2,1,1989,0,0,0,0,0,0,0,0,0,0
480848,1,1,1989,0,0,0,0,0,0,0,0,0,0
480848,2,1,1989,0,0,0,0,0,0,0,0,0,0
480849,0,1,1989,0,0,0,0,0,0,0,0,0,0
480849,1,1,1989,0,22,2,0,13,10,5,19,21,28
480850,1,1,1989,0,0,0,0,0,0,0,0,0,0
480850,2,1,1989,0,0,0,0,0,0,0,0,0,0
480851,1,1,1989,11,3,12,17,12,12,10,12,19,18
480852,1,1,1989,0,0,0,0,0,0,0,8,0,0
480853,1,1,1989,28,4,0,4,15,0,0,0,0,0
480853,2,1,1989,0,0,0,0,0,0,0,0,0,0
480854,1,1,1989,13,13,13,13,13,13,13,13,13,13
480855,2,1,1989,0,0,0,0,0,0,0,0,0,0
480856,1,1,1989,0,0,0,0,0,0,0,0,0,0
480856,2,1,1989,0,6,0,0,0,0,12,0,0,0
480856,3,1,1989,0,0,0,0,0,0,0,0,0,0
480857,0,1,1989,0,0,0,0,0,0,0,0,0,0
480857,1,1,1989,0,0,0,0,23,0,0,0,21,0
480857,2,1,1989,0,0,0,0,0,0,0,0,16,0
480858,1,1,1989,21,21,21,21,21,21,21,21,21,21
480859,1,1,1989,0,0,0,0,0,0,0,0,0,0
480859,2,1,1989,0,0,0,0,0,0,0,0,21,0
480860,1,1,1989,0,0,0,0,0,0,0,0,0,0
480860,2,1,1989,18,0,0,16,13,24,0,0,20,9
480861,0,1,1989,0,0,0,0,0,0,0,0,0,0
480861,1,1,1989,0,0,0,0,0,0,0,0,0,0
480863,0,1,1989,15,15,15,15,15,15,15,15,15,15
480863,1,1,1989,11,0,17,0,22,0,0,14,21,0
480863,2,1,1989,24,5,0,0,0,0,0,12,0,0
480864,1,1,1989,0,0,0,0,0,0,0,0,0,0
480864,2,1,1989,7,7,7,7,7,7,7,7,7,7
480865,1,1,1989,0,13,8,17,17,13,9,0,22,19
480865,2,1,1989,0,0,0,0,0,0,24,0,0,21
480866,0,1,1989,22,22,22,22,22,22,22,22,22,22
480866,1,1,1989,0,0,0,0,0,0,0,0,0,0
480867,1,1,1989,3,3,3,3,3,3,3,3,3,3
480867,2,1,1989,0,0,0,0,0,0,0,0,0,0
480868,1,1,1989,20,20,20,20,20,20,20,20,20,20
480869,1,1,1989,17,17,17,17,17,17,17,17,17,17
480869,2,1,1989,0,0,0,0,0,0,0,0,0,0
480870,0,1,1989,0,0,0,0,36,0,0,0,0,0
480870,1,1,1989,0,0,0,0,0,0,0,0,0,0
480871,1,1,1989,0,0,0,0,0,0,0,0,0,0
480871,2,1,1989,0,0,12,0,0,0,0,0,0,0
480872,1,1,1989,25,25,25,25,25,25,25,25,25,25
480873,1,1,1989,25,25,25,25,25,25,25,25,25,25
480874,1,1,1989,0,25,0,19,0,25,0,18,22,0
480875,1,1,1989,18,18,18,18,18,18,18,18,18,18
480876,1,1,1989,17,17,17,17,17,17,17,17,17,17
480877,1,1,1989,32,32,32,32,32,32,32,32,32,32
480878,1,1,1989,0,0,0,0,0,0,0,0,0,0
480878,2,1,1989,0,0,0,0,0,0,0,0,0,0
480879,0,1,1989,6,6,6,6,6,6,6,6,6,6
480879,1,1,1989,19,0,0,0,9,0,3,8,0,0
480879,2,1,1989,0,0,13,0,0,0,5,0,0,0
480879,3,1,1989,0,0,0,0,0,0,0,0,0,0
480879,4,1,1989,15,25,0,0,5,23,17,17,22,21
480880,1,1,1989,0,0,0,0,0,0,0,0,0,14
480880,2,1,1989,0,0,0,0,11,0,0,0,0,0
480881,1,1,1989,10,0,0,0,0,30,0,19,0,27
480882,1,1,1989,22,22,22,22,22,22,22,22,22,22
480882,2,1,1989,0,11,0,16,0,0,0,21,0,0
480882,3,1,1989,11,0,0,0,0,8,32,0,0,0
480883,1,1,1989,17,17,17,17,17,17,17,17,17,17
480884,1,1,1989,13,0,0,17,0,0,0,24,0,0
480884,2,1,1989,0,0,0,0,0,0,0,0,0,0
480885,1,1,1989,11,11,11,11,11,11,11,11,11,11