ST_CASE,VEH_NO,PER_NO,YEAR,P1,P2,P3,P4,P5,P6,P7,P8,P9,P10
480886,1,1,1989,0,0,0,0,0,0,0,0,0,0
480886,2,1,1989,0,30,0,0,10,0,0,0,0,0
480887,0,1,1989,0,0,0,0,0,0,0,0,0,0
480887,1,1,1989,0,0,0,0,0,0,0,0,0,0
480888,1,1,1989,16,16,16,16,16,16,16,16,16,16
480889,1,1,1989,0,0,0,0,0,0,0,0,0,0
480890,1,1,1989,16,16,16,16,16,16,16,16,16,16
480891,1,1,1989,0,0,0,0,0,0,0,0,0,0
480891,2,1,1989,9,9,9,9,9,9,9,9,9,9
480892,1,1,1989,8,8,8,8,8,8,8,8,8,8
480893,1,1,1989,0,0,24,0,0,0,0,0,0,0
480894,1,1,1989,12,12,12,12,12,12,12,12,12,12
480895,1,1,1989,0,0,0,0,0,0,0,0,0,0
480896,1,1,1989,0,0,15,0,0,10,0,0,16,0
480897,1,1,1989,0,10,0,0,0,10,0,0,0,0
480897,2,1,1989,0,0,22,0,0,0,0,0,0,0
480898,0,1,1989,34,34,34,34,34,34,34,34,34,34
480898,1,1,1989,16,8,13,28,17,16,12,12,19,6
480899,1,1,1989,0,0,0,0,0,0,0,0,0,0
480899,2,1,1989,0,0,0,0,0,0,0,0,0,0
480900,0,1,1989,18,18,18,18,18,18,18,18,18,18
480900,1,1,1989,0,10,5,0,0,0,0,0,0,0
480901,1,1,1989,0,0,0,0,0,0,20,0,0,0
480901,2,1,1989,0,0,0,0,0,0,0,0,0,0
480902,1,1,1989,0,28,0,0,0,0,0,0,0,0
480902,2,1,1989,0,0,0,30,0,11,0,0,0,0
480903,0,1,1989,17,0,34,0,31,13,25,8,0,0
480903,1,1,1989,0,0,0,19,0,0,0,0,0,0
480904,1,1,1989,0,0,0,0,0,0,0,0,0,0
480904,2,1,1989,0,0,0,0,0,0,0,0,0,0
480905,0,1,1989,1,1,1,1,1,1,1,1,1,1
480905,1,1,1989,0,0,0,0,0,0,18,16,0,5
480906,1,1,1989,22,22,22,22,22,22,22,22,22,22
480906,2,1,1989,0,0,0,0,0,0,0,0,0,0
480906,3,1,1989,13,0,24,0,24,8,0,0,0,0
480907,1,1,1989,0,0,0,0,0,0,0,0,0,0
480908,1,1,1989,12,12,12,12,12,12,12,12,12,12
480908,2,1,1989,0,0,0,0,0,0,0,0,0,0
480909,1,1,1989,0,0,0,0,0,0,0,8,0,0
480910,0,1,1989,0,0,0,0,0,0,0,0,0,0
480910,1,1,1989,0,0,0,0,0,0,0,0,14,0
480911,1,1,1989,0,0,0,0,0,0,0,0,0,0
480912,0,1,1989,0,0,0,0,0,0,0,0,0,0
480912,1,1,1989,0,0,0,16,4,13,0,0,0,0
480913,1,1,1989,0,0,0,0,0,0,0,0,0,0
480913,2,1,1989,0,0,0,0,0,0,0,0,0,0
480914,1,1,1989,0,0,0,0,0,17,15,19,0,0
480914,2,1,1989,19,19,19,19,19,19,19,19,19,19
480914,3,1,1989,0,0,0,0,0,0,0,0,0,0
480915,1,1,1989,0,0,0,0,0,0,0,0,0,0
480915,2,1,1989,3,11,0,14,0,0,0,20,9,0
480916,1,1,1989,0,0,0,0,0,0,0,0,0,0
480916,2,1,1989,0,0,0,0,0,0,0,0,0,0
480917,1,1,1989,24,24,24,24,24,24,24,24,24,24
480918,0,1,1989,10,10,10,10,10,10,10,10,10,10
480918,1,1,1989,0,0,0,0,0,0,0,0,0,0
480919,1,1,1989,12,12,12,12,12,12,12,12,12,12
480920,1,1,1989,0,0,0,0,0,0,0,0,0,0
480920,2,1,1989,0,0,0,0,0,0,0,0,0,0
480921,1,1,1989,0,0,0,0,0,0,0,11,0,0
480922,1,1,1989,0,10,0,0,0,0,0,0,0,0
480923,1,1,1989,0,0,0,23,0,0,0,0,29,0
480923,2,1,1989,0,0,0,0,0,29,0,0,0,0
480924,1,1,1989,0,0,0,0,0,0,0,20,0,0
480924,2,1,1989,0,0,0,0,0,6,0,0,0,0
480925,1,1,1989,20,20,20,20,20,20,20,20,20,20
480926,0,1,1989,7,7,7,7,7,7,7,7,7,7
480926,1,1,1989,0,0,0,0,27,0,0,0,0,0
480927,0,1,1989,0,0,0,0,0,0,0,0,0,0
480927,1,1,1989,0,0,0,0,0,0,0,0,0,0
480928,0,1,1989,0,0,0,0,0,0,0,0,0,0
480928,1,1,1989,0,0,0,0,0,0,0,0,0,0
480929,1,1,1989,0,0,0,0,0,0,0,0,0,0
480930,1,1,1989,10,10,10,10,10,10,10,10,10,10
480930,2,1,1989,0,0,0,0,0,0,0,0,0,0
480931,1,1,1989,0,0,0,0,0,0,0,0,0,0
480932,1,1,1989,11,11,11,11,11,11,11,11,11,11
480933,1,1,1989,0,0,0,0,0,0,0,0,0,0
480933,2,1,1989,0,0,0,0,0,0,0,0,0,0
480934,0,1,1989,0,0,0,0,0,0,0,0,0,0
480934,1,1,1989,0,0,0,0,0,0,0,0,0,0
480935,1,1,1989,0,0,0,0,0,0,0,0,0,0
480936,1,1,1989,0,0,0,0,0,0,0,0,0,0
480937,1,1,1989,22,22,22,22,22,22,22,22,22,22
480937,2,1,1989,12,0,18,36,20,0,15,0,0,11
480938,1,1,1989,26,26,26,26,26,26,26,26,26,26
480939,0,1,1989,0,0,0,0,0,0,0,0,0,0
480939,0,2,1989,11,11,11,11,11,11,11,11,11,11
480939,0,3,1989,0,0,0,0,0,0,0,0,0,0
480939,1,1,1989,0,0,0,0,0,0,0,0,0,0
480939,2,1,1989,0,0,0,0,0,0,0,0,0,0
480940,0,1,1989,0,0,4,0,0,0,0,0,0,0
480940,1,1,1989,19,0,0,0,0,16,6,22,5,17
480941,1,1,1989,22,0,0,0,23,0,24,0,29,24
480942,0,1,1989,0,0,0,14,26,10,0,13,17,0
480942,0,2,1989,0,11,10,28,0,0,0,0,14,0
480942,1,1,1989,0,0,0,0,0,0,0,0,0,0
480943,1,1,1989,20,20,20,20,20,20,20,20,20,20
480944,1,1,1989,31,31,31,31,31,31,31,31,31,31
480945,0,1,1989,0,0,0,0,16,0,6,0,37,0
480945,1,1,1989,0,0,0,0,0,0,0,0,0,0
480946,1,1,1989,11,22,28,17,20,21,17,20,6,12
480947,0,1,1989,19,19,19,19,19,19,19,19,19,19
480947,1,1,1989,0,0,0,6,14,3,29,0,9,12
480948,1,1,1989,9,9,9,9,9,9,9,9,9,9
480948,2,1,1989,0,0,0,0,0,0,0,0,0,0
480949,1,1,1989,29,13,29,18,29,10,9,16,0,0
480949,2,1,1989,0,0,0,0,0,0,0,0,0,0
480950,1,1,1989,0,26,0,0,35,0,4,4,0,0
480951,1,1,1989,6,7,35,22,12,14,11,23,5,21
480952,1,1,1989,30,30,30,30,30,30,30,30,30,30
480953,1,1,1989,17,17,17,17,17,17,17,17,17,17
480953,2,1,1989,0,0,0,0,0,0,0,0,0,0
480954,1,1,1989,0,0,0,0,17,0,0,0,0,0
480955,1,1,1989,28,28,28,28,28,28,28,28,28,28
480955,2,1,1989,0,0,0,0,0,0,0,0,0,0
480956,0,1,1989,0,22,0,0,0,0,0,0,0,0
480956,0,2,1989,0,0,0,0,0,0,0,0,0,0
480956,0,3,1989,0,0,0,0,0,4,0,0,8,0
480956,0,4,1989,0,0,0,0,5,37,0,0,0,0
480956,1,1,1989,19,19,19,19,19,19,19,19,19,19
480957,1,1,1989,16,16,16,16,16,16,16,16,16,16
480958,0,1,1989,14,11,0,0,0,12,11,0,0,16
480958,0,2,1989,0,0,0,0,0,17,0,0,32,27
480958,2,1,1989,16,16,16,16,16,16,16,16,16,16
480959,0,1,1989,0,0,0,0,0,0,0,0,0,0
480959,1,1,1989,0,0,8,0,6,33,15,0,0,23
480960,1,1,1989,10,10,10,10,10,10,10,10,10,10
480960,2,1,1989,20,15,0,0,0,8,11,0,0,0
480961,0,1,1989,0,0,0,0,21,23,13,19,0,25
480961,1,1,1989,19,13,0,18,10,33,18,10,19,10
480962,1,1,1989,0,0,0,0,0,0,0,0,0,0
480963,1,1,1989,30,30,30,30,30,30,30,30,30,30
480964,1,1,1989,14,14,14,14,14,14,14,14,14,14
480964,2,1,1989,0,0,0,0,0,0,0,0,0,0
480965,0,1,1989,13,13,13,13,13,13,13,13,13,13
480965,1,1,1989,11,0,0,0,0,0,32,13,11,11
480966,1,1,1989,18,18,18,18,18,18,18,18,18,18
480967,1,1,1989,0,0,0,0,0,0,0,0,0,0
480967,2,1,1989,0,0,0,22,0,38,0,0,0,0
480968,0,1,1989,0,0,0,0,0,0,0,0,0,0
480968,1,1,1989,0,16,0,0,17,0,0,0,0,0
480971,1,1,1989,0,0,0,0,0,13,13,14,14,0
480972,0,1,1989,19,19,19,19,19,19,19,19,19,19
480972,1,1,1989,0,21,24,26,29,3,21,0,27,0
480973,1,1,1989,15,15,15,15,15,15,15,15,15,15
480973,2,1,1989,0,0,0,25,0,0,0,0,0,0
480974,1,1,1989,0,0,0,0,0,0,0,0,0,0
480975,1,1,1989,0,0,0,0,0,0,0,0,0,0
480976,1,1,1989,0,0,0,0,0,0,0,0,0,0
480977,1,1,1989,0,0,0,0,0,0,0,0,0,0
480977,2,1,1989,0,0,0,0,0,0,0,0,0,0
480977,3,1,1989,0,0,0,0,0,0,0,0,0,0
480978,1,1,1989,0,0,0,0,0,0,0,0,0,0
480978,2,1,1989,6,0,0,0,0,0,0,0,0,0
480979,1,1,1989,12,12,12,12,12,12,12,12,12,12
480979,2,1,1989,0,0,0,0,0,0,0,0,19,0
480980,1,1,1989,24,16,12,13,26,18,26,29,11,7
480980,2,1,1989,13,13,13,13,13,13,13,13,13,13
480981,1,1,1989,0,0,0,0,0,0,0,0,0,0
480981,2,1,1989,0,0,0,0,0,0,0,0,0,0
480982,1,1,1989,0,0,0,0,0,0,0,0,0,0
480982,2,1,1989,0,0,0,0,0,0,0,0,0,0
480983,0,1,1989,16,16,16,16,16,16,16,16,16,16
480983,1,1,1989,0,0,0,0,0,0,0,0,0,0
480984,1,1,1989,0,0,0,0,0,16,0,0,0,0
480984,2,1,1989,11,0,0,0,0,0,0,0,0,0
480985,1,1,1989,0,0,0,0,0,0,0,0,0,0
480986,1,1,1989,0,17,0,0,0,0,0,0,0,0
480986,2,1,1989,0,0,0,0,0,0,14,0,0,0
480987,1,1,1989,0,0,0,0,0,0,0,0,0,0
480987,2,1,1989,0,0,0,0,0,0,0,0,0,0
480988,1,1,1989,26,26,26,26,26,26,26,26,26,26
480989,1,1,1989,0,0,0,0,0,0,0,0,0,0
480989,2,1,1989,0,0,18,0,0,10,0,11,4,0
480990,1,1,1989,17,17,17,17,17,17,17,17,17,17
480990,2,1,1989,0,0,0,0,0,0,0,0,0,0
480991,0,1,1989,0,0,0,0,0,0,0,0,0,0
480991,1,1,1989,0,0,0,0,0,0,0,0,0,0
480992,1,1,1989,23,23,23,23,23,23,23,23,23,23
480993,1,1,1989,0,0,0,0,0,0,0,14,23,0
480994,1,1,1989,5,5,5,5,5,5,5,5,5,5
480995,1,1,1989,17,0,14,24,0,22,19,0,9,13
480996,1,1,1989,11,17,31,15,0,19,16,23,0,4
480996,2,1,1989,0,0,0,21,0,11,0,0,9,4
480997,1,1,1989,19,11,18,9,27,26,8,0,13,11
480998,0,1,1989,10,10,10,10,10,10,10,10,10,10
480998,1,1,1989,0,0,23,26,0,0,0,11,0,0
480999,1,1,1989,0,0,0,0,0,0,0,0,0,0
481000,1,1,1989,0,0,0,0,0,0,0,0,0,0
481000,2,1,1989,0,0,0,0,0,0,0,0,0,0
481001,1,1,1989,0,0,0,0,0,0,0,0,0,0
481001,2,1,1989,0,0,0,0,0,0,0,0,0,0
481001,3,1,1989,0,0,0,0,0,0,0,0,0,0
481002,1,1,1989,0,0,0,16,0,0,0,0,0,10
481002,2,1,1989,0,0,0,0,0,0,0,0,0,0
481003,1,1,1989,0,0,0,0,0,0,0,0,23,0
481004,0,1,1989,17,0,2,0,10,18,0,0,0,0
481004,1,1,1989,28,28,28,28,28,28,28,28,28,28
481005,1,1,1989,0,0,0,0,0,0,0,0,0,0
481005,2,1,1989,4,4,4,4,4,4,4,4,4,4
481006,1,1,1989,0,0,0,0,0,0,0,0,0,0
481007,1,1,1989,14,0,0,15,13,16,15,0,40,13
481007,2,1,1989,9,13,8,25,19,23,12,12,7,20
481008,1,1,1989,0,0,0,0,0,0,0,0,0,0
481009,1,1,1989,19,19,19,19,19,19,19,19,19,19
481010,1,1,1989,24,24,24,24,24,24,24,24,24,24
481010,2,1,1989,13,17,11,31,14,25,16,8,20,17
481011,1,1,1989,14,14,14,14,14,14,14,14,14,14
481012,1,1,1989,8,8,8,8,8,8,8,8,8,8
481012,2,1,1989,0,0,0,0,0,0,0,0,0,3
481013,1,1,1989,26,26,26,26,26,26,26,26,26,26
481013,2,1,1989,21,23,19,19,0,19,0,17,14,0
481014,1,1,1989,1,1,1,1,1,1,1,1,1,1
481015,1,1,1989,20,20,20,20,20,20,20,20,20,20
481015,2,1,1989,18,18,18,18,18,18,18,18,18,18
481016,1,1,1989,22,22,22,22,22,22,22,22,22,22
481017,0,1,1989,0,0,0,0,0,0,0,0,0,0
481017,1,1,1989,0,0,4,9,0,0,13,0,0,17
481018,1,1,1989,0,13,11,0,0,0,0,0,0,8
481019,1,1,1989,0,0,0,0,0,0,0,0,0,0
481020,1,1,1989,0,17,17,15,26,27,22,24,22,5
481020,2,1,1989,0,0,0,0,20,0,0,0,12,0
481021,1,1,1989,0,0,0,0,0,0,0,0,0,0
481022,1,1,1989,0,0,0,0,0,0,0,0,10,0
481023,1,1,1989,33,39,17,18,11,33,0,15,13,0
481024,1,1,1989,27,27,27,27,27,27,27,27,27,27
481024,2,1,1989,0,0,0,0,0,0,0,0,0,0
481025,0,1,1989,16,19,18,23,12,12,6,0,0,10
481025,1,1,1989,10,10,10,10,10,10,10,10,10,10
481026,0,1,1989,20,20,20,20,20,20,20,20,20,20
481026,1,1,1989,0,14,0,0,0,0,8,0,3,0
481027,1,1,1989,0,0,0,3,0,0,0,0,0,7
481027,2,1,1989,0,27,11,18,14,15,0,0,0,34
481028,1,1,1989,9,9,9,9,9,9,9,9,9,9
481029,1,1,1989,21,22,18,21,19,11,16,0,0,7
481030,1,1,1989,23,23,23,23,23,23,23,23,23,23
481030,2,1,1989,0,0,0,0,0,0,0,0,0,0
481031,1,1,1989,0,0,0,0,0,0,0,0,0,0
481031,2,1,1989,0,0,0,0,0,0,0,0,0,0
481032,1,1,1989,0,0,0,0,0,0,0,14,0,12
481032,2,1,1989,0,0,0,0,0,0,0,0,0,0
481033,1,1,1989,21,21,21,21,21,21,21,21,21,21
481034,1,1,1989,0,21,14,0,0,9,12,17,3,0
481035,1,1,1989,0,0,0,0,0,0,0,0,0,0
481035,2,1,1989,0,0,0,0,0,0,0,0,0,0
481036,1,1,1989,31,23,0,14,0,19,14,0,0,0
481037,1,1,1989,0,0,0,0,0,0,0,0,0,0
481038,1,1,1989,0,0,0,0,0,0,0,0,0,0
481039,1,1,1989,12,0,16,0,0,0,0,5,14,36
481039,2,1,1989,21,9,9,16,0,25,17,9,14,23
481040,0,1,1989,0,12,0,0,15,0,8,0,9,0
481040,1,1,1989,0,0,0,0,0,0,0,0,0,3
481041,0,1,1989,11,11,11,11,11,11,11,11,11,11
481041,1,1,1989,38,0,0,0,0,0,16,0,0,5
481041,2,1,1989,0,0,0,0,0,0,0,0,0,0
481042,1,1,1989,0,0,0,0,0,0,0,0,0,0
481043,1,1,1989,15,25,16,19,16,35,0,18,12,34
481044,1,1,1989,16,16,16,16,16,16,16,16,16,16
481044,2,1,1989,1,1,1,1,1,1,1,1,1,1
481045,1,1,1989,5,5,5,5,5,5,5,5,5,5
481045,2,1,1989,0,0,0,0,13,0,5,17,0,0
481046,1,1,1989,0,0,0,0,0,0,0,0,18,0
481046,2,1,1989,0,7,20,0,0,0,19,0,0,0
481047,0,1,1989,0,0,0,0,0,0,0,0,0,0
481047,1,1,1989,7,0,0,0,0,0,0,0,0,0
481048,1,1,1989,0,0,0,0,0,0,0,0,0,0
481048,2,1,1989,0,0,0,0,0,0,0,0,0,0
481049,1,1,1989,23,19,10,41,19,17,28,0,20,0
481050,1,1,1989,5,5,5,5,5,5,5,5,5,5
481051,1,1,1989,0,0,7,0,0,0,0,0,0,0
481051,2,1,1989,0,0,0,0,0,0,0,0,0,0
481051,3,1,1989,0,0,0,0,0,0,0,0,0,0
481051,4,1,1989,0,0,0,0,0,0,0,0,0,0
481052,1,1,1989,11,11,11,11,11,11,11,11,11,11
481053,1,1,1989,0,0,0,0,0,0,0,0,0,0
481053,2,1,1989,35,35,35,35,35,35,35,35,35,35
481054,1,1,1989,16,21,0,9,0,0,9,0,11,0
481054,2,1,1989,0,0,16,0,8,0,10,16,0,0
481055,1,1,1989,0,0,0,0,0,0,0,0,8,0
481056,1,1,1989,23,23,23,23,23,23,23,23,23,23
481057,1,1,1989,18,18,18,18,18,18,18,18,18,18
481058,0,1,1989,19,19,19,19,19,19,19,19,19,19
481058,1,1,1989,12,8,20,20,11,7,18,20,18,5
481059,1,1,1989,0,0,0,0,0,0,0,0,0,0
481060,1,1,1989,21,21,21,21,21,21,21,21,21,21
481060,2,1,1989,0,0,0,0,0,0,0,0,0,0
481061,0,1,1989,16,16,16,16,16,16,16,16,16,16
481061,1,1,1989,7,0,0,0,0,0,0,0,0,0
481062,1,1,1989,0,0,0,0,0,0,0,0,0,0
481062,2,1,1989,0,0,0,0,0,0,0,0,0,0
481063,1,1,1989,6,18,21,15,9,0,0,0,23,17
481064,1,1,1989,5,5,5,5,5,5,5,5,5,5
481065,1,1,1989,0,0,0,0,0,0,0,0,0,0
481066,1,1,1989,2,0,24,5,0,14,25,0,0,18
481066,2,1,1989,25,34,21,9,25,18,24,16,40,31
481067,0,1,1989,0,0,0,0,0,0,0,0,0,0
481067,1,1,1989,0,0,0,0,0,0,0,0,0,0
481068,1,1,1989,24,24,24,24,24,24,24,24,24,24
481069,1,1,1989,37,11,29,10,31,24,32,16,12,15
481070,0,1,1989,0,0,0,0,27,16,0,0,0,0
481070,1,1,1989,0,30,0,0,16,0,0,0,0,0
481071,1,1,1989,11,0,0,0,0,0,0,3,0,0
481071,2,1,1989,13,7,11,8,14,0,7,22,8,0
481072,1,1,1989,24,32,14,6,21,25,23,15,13,13
481072,2,1,1989,0,0,0,0,0,0,0,0,0,0
481073,1,1,1989,0,0,0,0,0,0,0,0,0,0
481074,1,1,1989,0,0,0,0,12,14,0,19,0,0
481074,2,1,1989,0,0,0,0,0,0,0,0,0,15
481075,1,1,1989,0,0,0,0,0,0,0,0,22,0
481076,0,1,1989,13,13,13,13,13,13,13,13,13,13
481076,1,1,1989,5,5,5,5,5,5,5,5,5,5
481077,1,1,1989,5,5,5,5,5,5,5,5,5,5
481078,1,1,1989,18,18,18,18,18,18,18,18,18,18
481078,2,1,1989,0,0,0,0,0,0,0,0,0,0
481078,3,1,1989,0,0,0,0,0,0,0,0,0,0
481078,4,1,1989,0,0,0,0,0,0,0,0,4,5
481078,5,1,1989,0,0,0,0,0,0,0,18,6,0
481079,1,1,1989,7,0,0,0,0,0,15,0,0,0
481080,1,1,1989,29,29,29,29,29,29,29,29,29,29
481081,1,1,1989,0,0,8,0,0,0,0,0,0,0
481081,2,1,1989,15,15,15,15,15,15,15,15,15,15
481082,1,1,1989,13,13,13,13,13,13,13,13,13,13
481083,1,1,1989,19,10,4,0,0,0,0,0,6,12
481083,2,1,1989,10,20,19,0,12,0,0,19,0,8
481084,1,1,1989,18,0,0,0,0,7,0,0,0,0
481084,2,1,1989,0,0,0,0,0,0,0,0,0,0
481085,1,1,1989,23,23,23,23,23,23,23,23,23,23
481086,1,1,1989,18,18,18,18,18,18,18,18,18,18
481086,2,1,1989,2,2,2,2,2,2,2,2,2,2
481087,1,1,1989,20,20,20,20,20,20,20,20,20,20
481088,1,1,1989,21,21,21,21,21,21,21,21,21,21
481088,2,1,1989,0,0,0,3,11,4,0,0,0,0
481089,1,1,1989,0,0,0,0,0,0,0,0,0,0
481089,2,1,1989,16,16,16,16,16,16,16,16,16,16
481090,0,1,1989,0,12,0,0,0,17,33,16,19,0
481090,1,1,1989,23,23,23,23,23,23,23,23,23,23
481091,1,1,1989,11,11,11,11,11,11,11,11,11,11
481092,1,1,1989,6,6,6,6,6,6,6,6,6,6
481093,1,1,1989,26,26,26,26,26,26,26,26,26,26
481094,1,1,1989,0,0,0,0,0,0,0,0,0,0
481094,2,1,1989,0,0,0,0,0,0,0,0,0,0
481095,1,1,1989,0,0,0,0,0,0,0,0,0,0
481095,2,1,1989,0,0,0,0,0,0,0,0,0,0
481096,1,1,1989,9,0,12,0,0,0,0,0,27,0
481097,1,1,1989,0,6,26,15,29,0,22,0,0,20
481098,1,1,1989,32,17,23,11,20,19,0,0,36,0
481099,1,1,1989,6,6,6,6,6,6,6,6,6,6
481100,1,1,1989,10,11,43,34,21,12,19,28,25,21
481101,1,1,1989,0,0,0,0,0,0,0,0,0,0
481102,0,1,1989,0,0,0,0,0,0,0,0,0,0
481102,1,1,1989,0,0,0,0,24,0,0,0,0,12
481103,1,1,1989,0,0,0,0,0,0,0,0,0,0
481103,2,1,1989,0,11,0,0,0,0,0,0,0,0
481104,1,1,1989,0,25,22,0,0,0,14,0,20,18
481105,1,1,1989,14,14,14,14,14,14,14,14,14,14
481106,1,1,1989,13,13,16,0,12,30,0,0,15,21
481107,1,1,1989,0,0,0,0,0,0,0,0,0,0
481108,1,1,1989,8,8,8,8,8,8,8,8,8,8
481109,1,1,1989,3,0,0,9,0,0,0,0,0,0
481109,2,1,1989,17,0,0,0,10,0,0,0,14,0
481110,1,1,1989,0,0,0,0,0,0,0,0,0,0
481111,1,1,1989,26,26,26,26,26,26,26,26,26,26
481112,1,1,1989,11,7,18,7,9,6,8,4,0,23
481113,1,1,1989,0,0,0,0,0,0,0,0,0,0
481113,2,1,1989,0,0,0,0,0,0,0,0,0,0
481114,0,1,1989,0,0,0,0,0,0,0,0,0,0
481114,1,1,1989,7,0,0,8,0,0,11,0,5,0
481115,0,1,1989,0,0,0,0,0,0,0,0,0,0
481115,1,1,1989,0,0,0,0,0,0,0,0,0,0
481116,1,1,1989,24,24,24,24,24,24,24,24,24,24
481117,1,1,1989,0,20,0,7,0,0,0,0,0,0
481117,2,1,1989,16,16,16,16,16,16,16,16,16,16
481118,1,1,1989,0,0,0,0,0,0,0,0,0,16
481118,2,1,1989,0,27,14,31,0,0,7,0,0,0
481119,1,1,1989,6,0,9,0,0,0,19,0,0,0
481119,2,1,1989,13,13,13,13,13,13,13,13,13,13
481120,1,1,1989,24,24,24,24,24,24,24,24,24,24
481121,1,1,1989,8,8,8,8,8,8,8,8,8,8
481121,2,1,1989,0,0,0,0,0,0,0,0,0,0
481122,1,1,1989,18,18,3,0,10,5,10,13,13,27
481122,2,1,1989,0,0,0,0,0,16,0,0,0,0
481123,1,1,1989,0,17,12,16,13,10,0,15,33,0
481124,1,1,1989,0,0,0,0,0,0,0,0,0,0
481124,2,1,1989,0,0,0,0,0,0,0,0,0,0
481125,0,1,1989,0,0,0,0,0,0,0,0,0,0
481125,1,1,1989,0,0,0,0,0,0,0,16,20,0
481126,1,1,1989,0,0,0,0,0,0,0,0,0,0
481126,2,1,1989,3,0,0,0,0,0,0,0,0,0
481127,1,1,1989,26,26,26,26,26,26,26,26,26,26
481128,1,1,1989,0,0,0,0,0,0,0,0,0,0
481128,2,1,1989,1,1,1,1,1,1,1,1,1,1
481129,0,1,1989,12,12,12,12,12,12,12,12,12,12
481129,1,1,1989,10,10,10,10,10,10,10,10,10,10
481130,1,1,1989,0,0,0,0,0,0,0,0,0,0
481130,2,1,1989,12,12,12,12,12,12,12,12,12,12
481131,1,1,1989,19,19,19,19,19,19,19,19,19,19
481132,1,1,1989,23,23,23,23,23,23,23,23,23,23
481133,0,1,1989,18,0,0,0,0,0,0,0,29,24
481133,1,1,1989,28,29,9,8,10,9,10,5,30,16
481134,1,1,1989,0,0,0,0,0,0,0,0,0,0
481135,1,1,1989,0,0,0,0,0,0,0,0,0,0
481135,2,1,1989,0,0,0,0,0,0,0,0,0,0
481136,1,1,1989,0,0,15,0,0,0,10,0,0,0
481136,2,1,1989,8,4,21,9,19,16,6,8,4,19
481137,1,1,1989,0,0,0,0,0,0,0,0,0,0
481138,1,1,1989,0,0,0,0,0,0,0,0,0,0
481139,1,1,1989,8,0,20,0,0,0,0,0,0,0
481140,1,1,1989,21,21,21,21,21,21,21,21,21,21
481141,1,1,1989,19,19,19,19,19,19,19,19,19,19
481142,1,1,1989,0,0,0,0,0,0,0,0,0,0
481143,1,1,1989,17,17,17,17,17,17,17,17,17,17
481144,0,1,1989,16,16,16,16,16,16,16,16,16,16
481144,1,1,1989,0,0,0,0,0,0,0,0,0,0
481145,1,1,1989,19,19,19,19,19,19,19,19,19,19
481146,1,1,1989,26,24,11,24,25,11,22,12,17,17
481147,1,1,1989,8,17,0,25,0,0,0,12,18,19
481148,0,1,1989,19,18,20,24,0,16,11,0,48,19
481148,1,1,1989,0,0,0,0,0,0,0,0,0,0
481149,1,1,1989,0,0,0,0,0,0,0,0,0,0
481150,1,1,1989,0,0,0,0,0,0,0,0,0,0
481150,2,1,1989,0,0,0,0,0,0,0,0,0,0
481151,1,1,1989,12,12,12,12,12,12,12,12,12,12
481151,2,1,1989,1,1,1,1,1,1,1,1,1,1
481152,1,1,1989,0,8,0,0,0,0,0,0,0,0
481153,1,1,1989,18,18,18,18,18,18,18,18,18,18
481153,2,1,1989,7,0,0,0,0,0,0,0,0,0
481153,3,1,1989,0,0,0,0,0,0,0,0,0,0
481153,4,1,1989,26,0,0,0,23,0,26,0,23,0
481153,5,1,1989,0,0,5,0,7,0,18,0,0,0
481153,6,1,1989,0,19,23,0,0,0,0,0,0,9
481153,7,1,1989,0,0,0,0,0,0,0,0,0,0
481154,1,1,1989,16,16,0,10,0,20,0,0,16,13
481155,1,1,1989,0,0,0,0,0,0,0,0,0,0
481155,2,1,1989,0,0,0,0,0,0,0,0,0,0
481156,0,1,1989,0,20,9,7,0,34,0,32,7,12
481156,1,1,1989,0,0,8,0,8,0,0,0,0,0
481157,1,1,1989,0,0,0,0,0,0,0,0,0,0
481157,2,1,1989,0,0,0,0,0,0,0,0,0,0
481158,1,1,1989,17,17,17,17,17,17,17,17,17,17
481159,1,1,1989,0,0,14,0,0,13,16,25,26,0
481160,1,1,1989,19,19,19,19,19,19,19,19,19,19
481160,2,1,1989,0,0,0,0,0,0,12,0,0,0
481161,0,1,1989,20,0,27,23,11,25,44,16,35,23
481161,1,1,1989,12,10,0,0,4,0,19,3,0,0
481162,1,1,1989,0,0,0,0,0,0,0,0,0,0
481162,2,1,1989,0,0,0,0,0,0,0,0,0,0
481163,1,1,1989,0,0,22,0,0,5,0,0,24,25
481164,0,1,1989,0,0,0,0,0,0,0,0,0,0
481164,1,1,1989,0,0,0,0,11,0,0,0,0,0
481165,1,1,1989,4,4,4,4,4,4,4,4,4,4