ST_CASE,VEH_NO,PER_NO,YEAR,P1,P2,P3,P4,P5,P6,P7,P8,P9,P10
481165,2,1,1989,27,0,0,0,0,22,0,0,0,0
481165,3,1,1989,39,0,0,0,0,0,0,0,0,0
481166,1,1,1989,0,0,0,0,0,0,0,0,0,0
481166,2,1,1989,28,28,28,28,28,28,28,28,28,28
481167,1,1,1989,0,0,0,0,0,0,0,0,0,0
481167,2,1,1989,0,0,0,0,0,0,0,0,0,0
481167,3,1,1989,0,0,0,0,0,0,0,0,0,0
481167,4,1,1989,0,0,0,0,0,0,0,0,0,0
481168,1,1,1989,0,0,0,0,12,18,0,0,8,0
481170,1,1,1989,9,9,9,9,9,9,9,9,9,9
481170,2,1,1989,0,0,0,0,0,0,0,0,0,0
481171,1,1,1989,9,34,0,0,12,0,0,0,8,0
481171,2,1,1989,0,0,0,0,0,0,0,0,0,0
481172,1,1,1989,12,12,12,12,12,12,12,12,12,12
481173,0,1,1989,0,0,0,0,0,0,0,0,0,0
481173,1,1,1989,0,0,0,0,0,0,0,0,0,0
481174,1,1,1989,0,0,0,0,0,0,0,0,0,0
481174,2,1,1989,0,0,0,0,0,0,0,0,0,0
481174,3,1,1989,0,0,0,0,0,0,0,0,0,0
481175,0,1,1989,0,0,0,0,0,0,0,0,0,0
481175,0,2,1989,0,0,0,0,0,0,0,0,0,0
481175,1,1,1989,12,12,12,12,12,12,12,12,12,12
481176,0,1,1989,12,12,12,12,12,12,12,12,12,12
481176,1,1,1989,0,0,0,0,0,0,0,0,0,0
481177,1,1,1989,9,9,9,9,9,9,9,9,9,9
481178,0,1,1989,13,13,13,13,13,13,13,13,13,13
481178,1,1,1989,0,0,0,10,0,0,12,0,0,8
481179,0,1,1989,10,10,10,10,10,10,10,10,10,10
481179,1,1,1989,11,11,11,11,11,11,11,11,11,11
481179,2,1,1989,0,28,0,0,0,8,14,0,0,0
481180,0,1,1989,9,9,9,9,9,9,9,9,9,9
481180,1,1,1989,0,0,23,0,0,0,0,27,21,17
481181,1,1,1989,9,9,9,9,9,9,9,9,9,9
481181,2,1,1989,0,0,0,0,8,0,0,0,0,0
481182,1,1,1989,0,0,0,0,0,0,0,0,0,0
481183,0,1,1989,8,8,8,8,8,8,8,8,8,8
481183,1,1,1989,17,17,17,17,17,17,17,17,17,17
481184,1,1,1989,0,0,0,0,0,0,0,0,0,0
481184,2,1,1989,0,0,0,0,0,0,0,0,0,0
481185,1,1,1989,0,0,0,0,0,0,0,0,0,0
481185,2,1,1989,0,0,0,0,0,0,0,0,0,0
481186,0,1,1989,0,21,0,0,12,0,0,0,0,0
481186,1,1,1989,0,0,0,0,0,0,0,20,0,0
481187,0,1,1989,17,17,17,17,17,17,17,17,17,17
481187,1,1,1989,0,0,0,0,0,0,0,13,0,0
481188,1,1,1989,0,0,0,0,0,18,0,0,0,0
481188,2,1,1989,0,0,0,0,0,0,0,0,0,0
481189,1,1,1989,18,18,18,18,18,18,18,18,18,18
481190,0,1,1989,0,0,0,0,0,0,0,0,0,0
481190,1,1,1989,0,0,22,10,0,20,0,0,10,22
481191,1,1,1989,0,0,0,0,0,0,0,0,0,0
481192,0,1,1989,0,0,13,13,20,0,4,15,38,26
481192,1,1,1989,17,17,17,17,17,17,17,17,17,17
481193,1,1,1989,0,0,0,0,0,0,0,0,0,0
481193,2,1,1989,0,0,0,0,0,0,0,0,0,0
481194,1,1,1989,14,14,14,14,14,14,14,14,14,14
481194,2,1,1989,0,0,0,0,0,0,0,0,0,0
481195,1,1,1989,5,5,5,5,5,5,5,5,5,5
481195,2,1,1989,0,0,0,0,0,0,0,0,0,0
481196,1,1,1989,0,0,25,0,0,0,0,0,0,0
481197,1,1,1989,23,23,23,23,23,23,23,23,23,23
481197,2,1,1989,22,0,0,0,9,12,0,0,9,0
481197,3,1,1989,20,0,0,0,13,0,30,0,0,0
481198,1,1,1989,18,18,18,18,18,18,18,18,18,18
481199,1,1,1989,0,12,0,12,0,0,0,0,18,0
481199,2,1,1989,0,0,0,0,0,0,0,0,0,0
481200,1,1,1989,0,0,0,0,0,0,0,0,0,0
481200,2,1,1989,0,0,0,0,0,0,0,0,0,0
481201,1,1,1989,0,0,0,0,0,0,0,0,0,0
481201,2,1,1989,0,0,0,0,0,0,0,0,0,0
481202,0,1,1989,0,0,0,0,0,0,0,0,0,0
481202,0,2,1989,0,0,0,0,0,0,0,0,0,0
481202,1,1,1989,0,0,0,0,0,0,0,37,0,0
481203,1,1,1989,0,0,0,0,0,0,0,0,0,0
481203,2,1,1989,0,0,0,0,0,0,0,0,0,0
481204,1,1,1989,0,0,10,0,0,0,0,0,0,0
481205,1,1,1989,7,7,7,7,7,7,7,7,7,7
481205,2,1,1989,7,7,7,7,7,7,7,7,7,7
481206,0,1,1989,22,22,22,22,22,22,22,22,22,22
481206,1,1,1989,10,8,13,0,0,21,0,0,0,0
481207,1,1,1989,0,0,0,0,0,0,0,0,0,0
481207,2,1,1989,0,0,0,0,0,0,0,0,0,0
481208,0,1,1989,0,10,24,22,0,26,14,31,0,0
481208,1,1,1989,0,5,0,0,20,0,7,7,0,0
481209,1,1,1989,10,10,10,10,10,10,10,10,10,10
481209,2,1,1989,0,0,0,0,0,0,0,0,0,0
481210,1,1,1989,0,0,0,0,0,0,0,0,0,0
481211,1,1,1989,20,14,19,33,0,13,9,13,9,0
481212,1,1,1989,0,0,0,0,0,0,0,0,0,0
481213,1,1,1989,19,41,16,0,21,18,19,21,19,8
481214,1,1,1989,0,0,0,0,0,0,0,0,0,0
481214,2,1,1989,0,15,0,0,0,0,0,0,0,0
481215,0,1,1989,0,0,0,0,15,0,0,0,0,4
481215,1,1,1989,0,0,0,0,7,0,0,24,0,0
481216,1,1,1989,20,20,20,20,20,20,20,20,20,20
481216,2,1,1989,0,0,0,0,0,0,0,0,0,0
481217,1,1,1989,9,9,9,9,9,9,9,9,9,9
481218,1,1,1989,0,0,0,0,0,0,0,0,0,0
481219,0,1,1989,0,0,0,0,0,0,0,0,0,0
481219,1,1,1989,0,0,0,0,0,0,0,0,0,0
481220,1,1,1989,14,14,14,14,14,14,14,14,14,14
481220,2,1,1989,0,0,0,0,0,0,0,0,0,0
481221,1,1,1989,28,28,28,28,28,28,28,28,28,28
481222,1,1,1989,0,0,0,0,0,0,0,0,0,0
481222,2,1,1989,0,0,0,0,0,0,0,0,0,0
481223,1,1,1989,18,18,18,18,18,18,18,18,18,18
481224,1,1,1989,0,0,0,0,0,0,0,0,0,0
481225,0,1,1989,0,0,15,0,0,0,0,0,0,0
481225,1,1,1989,0,0,0,0,0,0,0,0,0,0
481226,1,1,1989,0,0,0,0,0,0,0,0,0,0
481226,2,1,1989,0,0,0,0,20,0,0,6,0,0
481227,1,1,1989,38,38,38,38,38,38,38,38,38,38
481229,1,1,1989,0,0,0,0,0,0,0,0,0,0
481229,2,1,1989,0,0,0,0,0,0,0,0,0,0
481230,0,1,1989,32,0,38,11,0,0,0,35,15,0
481230,1,1,1989,0,0,7,0,0,0,0,0,0,0
481231,1,1,1989,0,0,0,0,0,0,0,0,0,0
481232,1,1,1989,15,15,15,15,15,15,15,15,15,15
481233,1,1,1989,30,30,30,30,30,30,30,30,30,30
481234,1,1,1989,9,15,0,0,8,0,0,6,0,6
481235,0,1,1989,0,0,0,0,0,0,0,0,0,0
481235,0,2,1989,0,9,4,0,0,0,16,4,0,9
481235,0,3,1989,0,0,0,0,0,0,0,5,0,0
481235,1,1,1989,0,0,0,0,0,0,0,0,0,0
481236,1,1,1989,0,0,0,0,0,0,0,0,0,0
481237,1,1,1989,0,0,0,0,0,0,0,0,0,0
481237,2,1,1989,0,0,12,0,0,0,7,0,0,0
481238,1,1,1989,0,10,9,0,0,0,0,0,0,0
481239,1,1,1989,0,0,0,0,0,0,0,0,0,0
481240,1,1,1989,0,0,0,0,0,0,0,0,0,0
481240,2,1,1989,14,14,14,14,14,14,14,14,14,14
481241,0,1,1989,0,0,0,0,0,0,0,0,0,0
481241,1,1,1989,0,0,0,0,0,0,0,0,0,0
481242,1,1,1989,0,0,0,0,0,0,0,0,0,0
481242,2,1,1989,0,0,0,0,0,0,0,0,0,0
481243,1,1,1989,5,17,26,20,29,20,19,26,6,0
481244,1,1,1989,6,6,6,6,6,6,6,6,6,6
481244,2,1,1989,0,0,0,0,0,0,0,0,0,0
481244,3,1,1989,0,0,0,0,0,0,0,0,0,0
481245,0,1,1989,24,28,36,0,0,0,0,0,0,19
481245,0,2,1989,25,21,0,9,0,25,15,13,11,11
481245,0,3,1989,0,9,0,12,10,0,0,0,3,13
481245,0,4,1989,0,26,0,10,21,0,0,10,26,11
481245,0,5,1989,0,0,0,0,0,0,0,0,0,0
481245,0,6,1989,6,19,0,12,14,0,7,30,24,23
481245,0,7,1989,0,17,0,18,20,6,20,0,12,0
481245,0,8,1989,10,24,0,11,9,20,0,0,0,18
481245,1,1,1989,26,26,26,26,26,26,26,26,26,26
481245,2,1,1989,0,0,0,0,0,0,0,0,0,0
481246,1,1,1989,0,0,0,0,13,0,0,0,0,0
481246,2,1,1989,0,0,0,0,0,0,0,0,0,0
481247,1,1,1989,0,0,0,0,0,0,0,0,0,0
481248,1,1,1989,0,0,0,0,0,0,13,0,0,0
481248,2,1,1989,0,0,0,0,0,0,0,0,0,0
481249,1,1,1989,0,0,5,0,0,0,0,0,0,0
481249,2,1,1989,0,0,0,0,0,0,0,0,12,0
481250,1,1,1989,0,0,0,0,0,0,0,0,0,0
481250,2,1,1989,0,0,0,0,0,0,0,0,0,0
481250,3,1,1989,0,0,0,0,0,0,0,0,0,0
481251,0,1,1989,0,0,0,0,0,0,0,0,0,0
481251,1,1,1989,22,0,0,0,0,17,0,12,0,0
481252,0,1,1989,0,0,0,0,0,0,0,0,0,0
481252,1,1,1989,0,0,0,0,0,0,0,0,0,0
481253,1,1,1989,17,0,15,0,0,0,0,0,0,0
481253,2,1,1989,0,0,10,0,0,0,0,0,0,0
481253,3,1,1989,0,0,0,0,0,0,0,0,0,0
481254,1,1,1989,13,19,27,0,32,5,0,16,28,15
481255,1,1,1989,0,0,0,0,0,0,0,0,0,0
481255,2,1,1989,0,0,0,0,0,0,0,0,0,0
481255,3,1,1989,0,0,0,0,0,0,0,0,0,0
481256,0,1,1989,0,0,0,0,0,0,0,0,0,0
481256,1,1,1989,15,15,15,15,15,15,15,15,15,15
481257,1,1,1989,6,6,6,6,6,6,6,6,6,6
481257,2,1,1989,0,0,0,0,0,0,0,0,0,0
481258,2,1,1989,17,17,17,17,17,17,17,17,17,17
481259,1,1,1989,0,0,20,0,0,0,0,0,0,0
481259,2,1,1989,23,0,0,0,0,0,0,0,0,7
481260,1,1,1989,33,20,17,12,12,19,0,0,14,13
481261,0,1,1989,24,21,25,0,14,8,20,20,0,18
481261,1,1,1989,14,0,9,26,0,0,28,10,18,27
481262,1,1,1989,0,0,0,0,0,0,0,0,0,0
481262,2,1,1989,0,0,0,0,0,0,0,0,0,0
481263,1,1,1989,0,16,10,0,0,0,0,0,0,0
481264,0,1,1989,0,0,0,13,0,0,0,18,23,14
481264,1,1,1989,8,22,10,4,0,31,0,12,2,0
481265,1,1,1989,0,0,0,0,0,0,0,0,0,0
481266,1,1,1989,24,0,0,0,0,0,0,0,25,19
481267,0,1,1989,0,0,0,0,0,0,0,0,0,0
481267,0,2,1989,0,6,0,0,0,4,0,21,17,11
481267,1,1,1989,0,0,0,0,0,0,0,0,0,0
481268,1,1,1989,22,22,22,22,22,22,22,22,22,22
481269,1,1,1989,14,14,14,14,14,14,14,14,14,14
481270,1,1,1989,4,0,0,0,0,0,23,0,0,0
481270,2,1,1989,0,0,0,0,0,0,0,0,0,0
481271,1,1,1989,0,0,0,0,0,0,0,0,0,0
481272,1,1,1989,17,14,18,33,11,0,19,9,13,26
481273,1,1,1989,20,20,20,20,20,20,20,20,20,20
481273,2,1,1989,0,0,0,0,0,0,0,0,0,0
481274,1,1,1989,22,22,22,22,22,22,22,22,22,22
481275,1,1,1989,0,0,0,0,0,0,0,0,0,0
481275,2,1,1989,0,0,0,0,0,0,0,0,0,0
481276,1,1,1989,5,5,5,5,5,5,5,5,5,5
481277,1,1,1989,13,13,13,13,13,13,13,13,13,13
481277,2,1,1989,2,2,2,2,2,2,2,2,2,2
481277,3,1,1989,0,2,9,12,6,0,0,0,0,0
481278,1,1,1989,10,10,10,10,10,10,10,10,10,10
481278,2,1,1989,0,7,17,0,0,0,0,0,9,0
481279,1,1,1989,28,21,21,22,0,0,0,0,11,23
481280,1,1,1989,9,9,9,9,9,9,9,9,9,9
481281,1,1,1989,17,5,10,10,5,18,11,22,4,11
481282,1,1,1989,11,11,11,11,11,11,11,11,11,11
481282,2,1,1989,14,0,0,0,0,0,9,0,0,0
481283,1,1,1989,0,0,0,0,0,0,0,0,0,0
481283,2,1,1989,0,0,0,0,0,0,0,0,0,0
481284,1,1,1989,0,0,0,0,0,0,0,0,0,0
481284,2,1,1989,0,0,0,0,0,0,0,0,0,0
481285,1,1,1989,0,0,0,0,0,0,0,0,0,0
481285,2,1,1989,0,0,0,14,0,0,0,0,0,0
481285,3,1,1989,0,0,0,0,13,0,0,0,0,10
481286,1,1,1989,29,29,29,29,29,29,29,29,29,29
481286,2,1,1989,23,23,23,23,23,23,23,23,23,23
481287,1,1,1989,0,0,0,0,0,0,0,0,0,0
481287,2,1,1989,0,0,0,0,0,0,0,0,0,24
481288,1,1,1989,6,6,6,6,6,6,6,6,6,6
481289,1,1,1989,12,20,17,31,23,0,6,34,6,17
481290,0,1,1989,19,22,0,0,12,19,0,0,19,0
481290,1,1,1989,14,14,14,14,14,14,14,14,14,14
481291,1,1,1989,13,0,0,0,0,15,0,18,0,10
481291,2,1,1989,18,18,18,18,18,18,18,18,18,18
481293,0,1,1989,0,0,0,0,0,0,0,0,0,0
481293,1,1,1989,0,0,0,0,0,0,0,0,0,0
481294,1,1,1989,17,17,17,17,17,17,17,17,17,17
481295,1,1,1989,11,11,11,11,11,11,11,11,11,11
481296,1,1,1989,0,0,0,0,0,0,0,0,0,0
481296,2,1,1989,0,0,0,0,0,0,0,0,0,0
481296,3,1,1989,0,0,0,0,0,0,0,0,0,0
481297,1,1,1989,33,0,8,0,0,0,18,0,0,0
481298,1,1,1989,0,0,0,0,0,0,0,0,0,0
481298,2,1,1989,0,0,0,0,0,0,0,0,0,0
481299,1,1,1989,28,28,28,28,28,28,28,28,28,28
481300,1,1,1989,0,0,0,0,0,0,0,0,0,0
481300,2,1,1989,0,0,0,0,0,0,0,0,0,0
481300,3,1,1989,0,0,0,0,0,0,0,0,0,0
481300,4,1,1989,0,0,0,0,0,3,0,0,11,0
481301,1,1,1989,0,0,0,0,0,0,0,0,0,0
481301,2,1,1989,0,0,0,0,0,0,0,0,0,0
481302,1,1,1989,0,0,0,0,0,14,0,0,0,0
481302,2,1,1989,20,20,20,20,20,20,20,20,20,20
481303,1,1,1989,0,0,0,0,0,0,0,0,0,0
481304,1,1,1989,29,15,32,9,38,15,25,26,17,27
481305,1,1,1989,0,0,0,0,38,0,0,32,12,26
481306,1,1,1989,0,0,0,0,0,0,12,0,0,0
481306,2,1,1989,0,0,0,0,0,0,0,0,0,0
481307,0,1,1989,0,0,0,0,0,0,0,0,0,0
481307,1,1,1989,0,0,17,0,0,0,0,0,0,0
481308,1,1,1989,0,0,0,0,0,0,0,0,0,0
481308,2,1,1989,0,0,0,0,0,0,0,0,0,0
481309,1,1,1989,0,0,0,0,0,0,0,0,0,0
481310,0,1,1989,8,8,8,8,8,8,8,8,8,8
481310,1,1,1989,0,0,0,22,18,8,0,0,0,12
481311,0,1,1989,0,0,0,0,0,0,0,0,0,0
481311,1,1,1989,0,0,0,0,0,0,0,0,0,0
481311,2,1,1989,0,0,0,0,0,0,23,0,0,0
481311,3,1,1989,0,0,27,0,0,10,0,0,0,0
481311,4,1,1989,0,0,0,0,0,0,0,0,0,0
481312,1,1,1989,0,0,0,0,0,0,0,0,0,0
481312,2,1,1989,0,0,0,0,0,26,0,0,0,0
481313,0,1,1989,21,0,17,28,38,0,0,0,0,25
481313,1,1,1989,0,0,0,13,0,0,14,0,0,9
481314,1,1,1989,0,0,0,0,0,0,0,0,0,0
481314,2,1,1989,0,0,0,0,0,0,0,0,0,0
481315,1,1,1989,0,0,0,0,0,0,0,0,0,0
481315,2,1,1989,0,0,0,0,0,0,0,0,0,0
481316,1,1,1989,24,24,24,24,24,24,24,24,24,24
481317,1,1,1989,0,0,0,0,0,0,0,0,0,0
481317,2,1,1989,26,26,26,26,26,26,26,26,26,26
481318,1,1,1989,0,0,0,0,0,0,0,0,0,0
481319,0,1,1989,19,19,19,19,19,19,19,19,19,19
481319,1,1,1989,0,0,0,0,0,0,0,0,0,0
481320,1,1,1989,0,0,0,0,0,0,14,0,0,0
481321,1,1,1989,15,15,15,15,15,15,15,15,15,15
481322,1,1,1989,0,0,0,0,0,0,0,0,0,0
481322,2,1,1989,0,0,0,0,0,0,0,0,0,0
481322,3,1,1989,0,0,0,0,12,0,0,0,0,0
481323,0,1,1989,0,0,0,0,0,0,0,0,0,0
481323,1,1,1989,0,0,0,0,0,0,0,0,0,0
481324,1,1,1989,0,16,0,8,16,25,13,0,8,23
481325,1,1,1989,0,19,0,15,24,0,8,0,6,0
481325,2,1,1989,8,0,0,10,0,0,17,0,18,15
481326,0,1,1989,0,0,0,0,0,0,0,0,0,0
481326,1,1,1989,0,0,8,0,0,0,0,7,0,0
481327,0,1,1989,0,0,14,0,0,20,0,0,0,0
481327,1,1,1989,0,0,0,0,0,0,0,0,0,0
481328,1,1,1989,0,0,0,4,0,0,0,0,11,0
481328,2,1,1989,0,18,19,0,0,0,0,0,0,0
481328,3,1,1989,0,0,0,0,0,0,0,0,0,0
481329,1,1,1989,0,0,0,0,0,0,0,0,0,0
481330,1,1,1989,0,0,0,0,0,14,0,0,0,0
481330,2,1,1989,17,0,9,0,0,0,0,0,0,0
481331,1,1,1989,6,6,6,6,6,6,6,6,6,6
481333,1,1,1989,21,21,21,21,21,21,21,21,21,21
481333,2,1,1989,0,0,0,0,0,0,0,0,0,0
481334,0,1,1989,0,0,0,0,0,0,0,0,0,0
481334,1,1,1989,18,19,0,0,0,0,15,0,8,0
481335,1,1,1989,0,0,0,0,0,0,0,0,0,15
481335,2,1,1989,0,0,0,0,15,0,0,5,0,0
481336,0,1,1989,26,26,26,26,26,26,26,26,26,26
481336,1,1,1989,0,10,21,0,0,0,0,13,13,0
481337,1,1,1989,14,14,24,0,0,0,0,0,0,16
481337,2,1,1989,18,18,18,18,18,18,18,18,18,18
481339,1,1,1989,8,10,9,30,0,22,12,18,11,7
481340,1,1,1989,20,20,20,20,20,20,20,20,20,20
481341,1,1,1989,0,0,0,0,0,0,0,0,0,0
481341,2,1,1989,0,0,0,0,0,0,0,0,0,0
481342,1,1,1989,0,8,5,17,0,0,5,8,0,0
481342,2,1,1989,13,13,13,13,13,13,13,13,13,13
481342,3,1,1989,0,0,0,0,19,0,14,0,0,9
481343,1,1,1989,8,8,8,8,8,8,8,8,8,8
481344,1,1,1989,0,0,0,0,0,0,0,0,0,0
481344,2,1,1989,0,0,0,0,0,0,0,0,0,0
481345,1,1,1989,0,19,19,9,23,0,0,19,0,0
481346,1,1,1989,0,0,0,0,0,0,7,0,0,0
481346,2,1,1989,14,14,14,14,14,14,14,14,14,14
481346,3,1,1989,0,0,0,0,0,0,19,0,0,0
481347,1,1,1989,9,9,9,9,9,9,9,9,9,9
481348,0,1,1989,19,19,19,19,19,19,19,19,19,19
481348,1,1,1989,20,4,18,11,38,7,18,9,8,18
481349,1,1,1989,0,0,0,0,0,0,0,0,0,0
481350,1,1,1989,0,0,0,0,0,0,0,0,0,0
481350,2,1,1989,0,0,0,0,0,0,0,0,0,0
481351,1,1,1989,17,17,17,17,17,17,17,17,17,17
481352,0,1,1989,0,0,22,0,0,0,0,0,0,0
481352,1,1,1989,0,17,0,0,1,0,0,0,0,0
481352,2,1,1989,0,0,13,0,0,0,0,0,0,0
481353,1,1,1989,0,0,0,0,0,0,0,0,0,0
481353,2,1,1989,0,0,0,0,0,0,0,0,0,0
481354,0,1,1989,0,0,0,0,0,0,0,0,0,31
481354,1,1,1989,0,0,0,0,0,0,0,12,0,0
481355,1,1,1989,10,10,10,10,10,10,10,10,10,10
481355,2,1,1989,18,18,18,18,18,18,18,18,18,18
481356,1,1,1989,16,16,16,16,16,16,16,16,16,16
481356,2,1,1989,3,3,3,3,3,3,3,3,3,3
481357,0,1,1989,9,0,17,0,0,23,4,0,24,26
481357,1,1,1989,8,22,8,21,12,10,24,37,30,27
481358,1,1,1989,0,0,0,0,0,0,0,0,0,0
481358,2,1,1989,0,0,0,0,0,0,0,0,0,0
481359,1,1,1989,24,17,29,10,12,0,0,8,0,42
481359,2,1,1989,0,0,0,0,20,0,2,0,19,0
481360,0,1,1989,0,0,0,0,0,0,0,0,0,0
481360,0,2,1989,0,0,0,0,0,0,0,0,0,0
481360,1,1,1989,0,0,0,0,0,0,0,0,0,0
481361,1,1,1989,0,0,0,16,0,8,0,10,0,0
481361,2,1,1989,0,0,0,0,0,0,0,0,0,0
481362,1,1,1989,13,13,13,13,13,13,13,13,13,13
481363,1,1,1989,30,10,23,0,30,13,30,31,28,18
481364,0,1,1989,22,22,22,22,22,22,22,22,22,22
481364,1,1,1989,0,0,0,0,8,31,0,1,0,0
481365,1,1,1989,0,0,0,7,0,27,0,0,0,0
481365,2,1,1989,0,0,0,0,0,0,0,0,0,0
481366,0,1,1989,0,0,0,0,0,0,0,0,0,0
481366,1,1,1989,0,0,0,0,0,0,0,0,0,0
481367,1,1,1989,0,0,0,0,0,0,0,0,0,0
481367,2,1,1989,0,0,0,0,0,0,0,0,0,0
481368,1,1,1989,0,8,9,0,0,7,0,19,0,0
481369,1,1,1989,12,12,12,12,12,12,12,12,12,12
481369,2,1,1989,0,0,0,0,0,0,0,0,0,0
481369,3,1,1989,0,0,0,0,0,0,0,0,0,0
481370,1,1,1989,0,0,0,0,0,0,0,19,0,0
481370,2,1,1989,0,0,23,0,0,0,9,0,0,15
481371,1,1,1989,12,12,12,12,12,12,12,12,12,12
481372,1,1,1989,0,12,0,0,0,0,11,0,0,0
481373,0,1,1989,21,21,21,21,21,21,21,21,21,21
481373,1,1,1989,1,1,1,1,1,1,1,1,1,1
481374,0,1,1989,0,9,0,0,15,21,17,9,11,0
481374,1,1,1989,0,0,0,0,0,0,0,0,0,0
481375,1,1,1989,5,5,5,5,5,5,5,5,5,5
481376,1,1,1989,0,0,0,0,0,0,0,0,0,0
481376,2,1,1989,0,0,0,0,0,0,0,0,0,0
481377,1,1,1989,20,20,20,20,20,20,20,20,20,20
481378,0,1,1989,22,15,18,0,24,0,12,34,29,0
481378,1,1,1989,9,9,9,9,9,9,9,9,9,9
481379,1,1,1989,0,0,0,0,0,0,0,0,0,0
481379,2,1,1989,0,0,0,0,0,0,0,0,0,0
481379,3,1,1989,0,0,0,0,0,6,0,0,0,7
481380,0,1,1989,0,0,0,0,0,0,0,0,0,0
481380,1,1,1989,0,0,0,0,0,0,0,0,0,0
481381,1,1,1989,0,26,20,16,10,11,0,31,0,0
481382,1,1,1989,22,17,31,22,25,21,26,22,19,12
481383,1,1,1989,12,12,12,12,12,12,12,12,12,12
481384,1,1,1989,0,0,0,0,0,0,0,0,0,0
481384,2,1,1989,0,0,0,0,0,16,0,0,0,0
481385,1,1,1989,0,0,0,0,0,15,0,15,0,0
481385,2,1,1989,0,0,0,0,0,0,0,0,0,0
481386,1,1,1989,0,0,0,0,0,0,0,0,0,0
481386,2,1,1989,0,0,0,0,0,0,0,0,0,0
481387,1,1,1989,0,0,0,0,0,0,0,0,0,0
481388,1,1,1989,12,12,12,12,12,12,12,12,12,12
481388,2,1,1989,0,0,0,0,23,21,0,15,0,20
481389,0,1,1989,0,0,0,0,0,0,0,0,0,0
481389,1,1,1989,11,31,0,0,0,0,19,0,0,20
481390,1,1,1989,20,14,9,32,18,24,20,30,24,15
481390,2,1,1989,0,0,0,0,0,0,0,0,0,0
481391,1,1,1989,0,0,0,0,0,0,0,0,0,0
481391,2,1,1989,0,0,0,0,0,0,0,0,0,0
481391,3,1,1989,0,0,0,0,0,0,0,0,0,0
481392,0,1,1989,0,0,0,0,0,0,0,0,0,0
481392,1,1,1989,0,0,0,0,0,0,0,3,0,5
481393,1,1,1989,9,0,19,15,0,0,0,0,0,0
481393,2,1,1989,0,0,0,0,0,0,0,0,0,0
481394,1,1,1989,0,0,0,0,0,0,0,0,0,0
481394,2,1,1989,0,0,0,0,0,0,0,0,0,0
481394,3,1,1989,0,0,0,0,0,0,0,0,0,0
481395,0,1,1989,25,25,39,25,11,0,17,7,8,31
481395,0,2,1989,19,30,13,7,5,12,0,9,4,17
481395,1,1,1989,16,16,16,16,16,16,16,16,16,16
481396,0,1,1989,0,0,0,0,0,0,0,0,0,0
481396,1,1,1989,0,0,0,0,0,0,0,0,0,0
481397,1,1,1989,7,7,7,7,7,7,7,7,7,7
481397,2,1,1989,0,0,0,0,0,0,0,0,0,0
481398,1,1,1989,2,0,0,0,0,0,0,0,10,0
481398,2,1,1989,0,0,22,0,20,0,0,0,0,0
481399,1,1,1989,0,0,0,0,0,0,0,12,0,0
481400,1,1,1989,0,0,0,0,0,0,0,0,0,0
481401,0,1,1989,17,16,15,0,22,31,0,11,30,27
481401,1,1,1989,0,0,0,0,0,0,0,0,0,0
481402,1,1,1989,0,39,0,0,0,0,14,0,0,0
481403,1,1,1989,0,0,0,0,0,0,0,0,0,0
481403,2,1,1989,0,0,0,0,4,0,0,0,0,0
481404,0,1,1989,24,24,24,24,24,24,24,24,24,24
481404,1,1,1989,0,0,0,8,0,18,0,4,0,0
481405,1,1,1989,22,22,22,22,22,22,22,22,22,22
481406,1,1,1989,14,14,14,14,14,14,14,14,14,14
481406,2,1,1989,0,0,0,0,0,0,0,0,0,0
481407,2,1,1989,23,23,23,23,23,23,23,23,23,23
481408,1,1,1989,10,10,10,10,10,10,10,10,10,10
481409,1,1,1989,12,12,12,12,12,12,12,12,12,12
481410,1,1,1989,13,13,13,13,13,13,13,13,13,13
481411,1,1,1989,12,0,0,0,0,0,0,0,10,0
481412,0,1,1989,0,0,0,0,0,0,0,0,0,0
481412,1,1,1989,0,0,0,0,12,0,0,0,0,9
481413,1,1,1989,0,0,0,0,0,0,21,0,0,0
481413,2,1,1989,7,0,0,0,0,0,0,0,0,0
481414,1,1,1989,0,0,0,0,0,0,0,0,0,0
481414,2,1,1989,0,0,0,0,0,0,0,0,0,0
481415,1,1,1989,18,18,18,18,18,18,18,18,18,18
481415,2,1,1989,5,5,5,5,5,5,5,5,5,5
481416,1,1,1989,0,0,0,0,0,0,0,20,0,0
481416,2,1,1989,0,0,0,0,0,0,0,0,0,0
481417,1,1,1989,16,7,8,21,8,22,19,26,16,23
481418,0,1,1989,2,2,2,2,2,2,2,2,2,2
481418,1,1,1989,13,0,7,23,13,16,4,6,22,3
481419,1,1,1989,0,0,0,0,0,0,0,0,0,0
481420,1,1,1989,11,11,11,11,11,11,11,11,11,11
481421,1,1,1989,16,16,16,16,16,16,16,16,16,16
481422,1,1,1989,41,41,41,41,41,41,41,41,41,41
481423,1,1,1989,0,0,20,0,0,0,0,0,0,0
481424,1,1,1989,0,0,5,0,0,0,0,0,0,0
481424,2,1,1989,0,0,0,0,0,0,0,0,0,0
481425,0,1,1989,0,0,0,0,0,0,0,0,0,0
481425,1,1,1989,0,0,0,0,0,0,0,0,0,0