ST_CASE,VEH_NO,PER_NO,YEAR,P1,P2,P3,P4,P5,P6,P7,P8,P9,P10
481426,1,1,1989,0,0,0,0,0,0,0,0,0,0
481426,2,1,1989,0,0,0,0,0,2,0,0,24,0
481427,1,1,1989,0,0,0,0,0,0,0,0,0,0
481427,2,1,1989,0,0,0,15,0,0,0,0,0,0
481428,0,1,1989,22,22,22,22,22,22,22,22,22,22
481428,1,1,1989,0,0,13,0,0,0,0,0,0,0
481428,2,1,1989,0,0,0,12,0,14,10,0,0,0
481429,1,1,1989,0,0,0,0,0,0,0,0,0,0
481430,1,1,1989,0,0,0,0,0,0,0,0,0,0
481430,2,1,1989,0,0,0,0,0,0,0,0,0,0
481431,1,1,1989,11,7,0,0,10,2,0,8,8,5
481432,1,1,1989,23,23,23,23,23,23,23,23,23,23
481433,1,1,1989,0,0,0,0,0,0,0,0,0,0
481433,2,1,1989,0,0,0,0,0,0,0,0,0,0
481434,1,1,1989,0,0,0,0,0,0,0,0,0,0
481435,1,1,1989,0,0,0,0,0,0,0,0,0,0
481436,1,1,1989,0,0,0,0,0,0,0,0,0,0
481436,2,1,1989,0,0,0,0,0,0,0,0,0,0
481437,1,1,1989,0,0,0,0,0,0,8,0,0,0
481437,2,1,1989,0,0,0,0,0,0,0,0,0,0
481437,3,1,1989,0,0,0,0,0,13,0,0,0,0
481438,0,1,1989,0,0,0,0,0,0,0,0,0,0
481438,1,1,1989,0,0,0,0,0,0,0,0,0,0
481439,1,1,1989,10,10,10,10,10,10,10,10,10,10
481440,1,1,1989,0,0,0,0,0,0,0,0,0,0
481441,0,1,1989,0,0,0,0,0,42,0,0,0,0
481441,1,1,1989,0,0,0,0,0,3,0,0,0,0
481442,1,1,1989,0,0,0,0,0,0,0,0,0,0
481442,2,1,1989,0,0,0,0,0,0,0,0,0,0
481443,1,1,1989,8,8,8,8,8,8,8,8,8,8
481444,1,1,1989,0,0,0,0,0,0,0,0,0,0
481445,1,1,1989,3,3,3,3,3,3,3,3,3,3
481446,1,1,1989,0,0,0,0,0,0,0,0,23,0
481447,1,1,1989,0,37,0,0,0,0,0,0,0,0
481448,1,1,1989,14,21,7,11,26,14,11,13,8,6
481448,2,1,1989,13,17,14,13,0,6,10,14,10,4
481449,1,1,1989,16,16,16,16,16,16,16,16,16,16
481449,2,1,1989,0,0,0,0,0,0,0,0,0,0
481450,1,1,1989,35,35,35,35,35,35,35,35,35,35
481451,1,1,1989,14,14,14,14,14,14,14,14,14,14
481452,1,1,1989,23,23,23,23,23,23,23,23,23,23
481452,2,1,1989,3,3,3,3,3,3,3,3,3,3
481452,3,1,1989,0,0,0,0,0,0,0,0,0,0
481453,1,1,1989,18,18,18,18,18,18,18,18,18,18
481453,2,1,1989,0,0,0,0,0,0,0,0,0,0
481454,1,1,1989,0,0,0,0,0,0,0,0,0,0
481455,1,1,1989,6,6,6,6,6,6,6,6,6,6
481456,1,1,1989,8,16,22,15,12,22,12,23,27,15
481457,0,1,1989,16,16,16,16,16,16,16,16,16,16
481457,1,1,1989,0,0,0,9,0,0,0,0,0,0
481458,1,1,1989,0,0,0,0,0,0,0,0,0,0
481458,2,1,1989,0,0,0,0,0,0,0,0,0,0
481459,0,1,1989,16,16,16,16,16,16,16,16,16,16
481459,1,1,1989,17,14,22,9,20,16,19,8,4,11
481460,1,1,1989,18,18,18,18,18,18,18,18,18,18
481460,2,1,1989,11,11,11,11,11,11,11,11,11,11
481461,1,1,1989,0,0,0,0,0,0,0,0,0,0
481462,1,1,1989,0,0,0,0,0,0,0,0,0,0
481462,2,1,1989,0,0,16,16,0,0,0,0,0,0
481463,1,1,1989,19,15,16,19,12,21,22,18,18,15
481463,2,1,1989,0,0,0,0,0,0,0,8,0,0
481464,1,1,1989,23,23,23,23,23,23,23,23,23,23
481465,1,1,1989,0,0,0,0,0,0,0,0,0,0
481465,2,1,1989,1,1,1,1,1,1,1,1,1,1
481466,1,1,1989,6,6,6,6,6,6,6,6,6,6
481466,2,1,1989,10,10,10,10,10,10,10,10,10,10
481467,1,1,1989,22,22,22,22,22,22,22,22,22,22
481467,2,1,1989,2,2,2,2,2,2,2,2,2,2
481468,1,1,1989,0,0,0,0,0,0,0,0,0,0
481469,1,1,1989,0,0,0,0,16,13,0,15,0,9
481470,1,1,1989,0,0,0,0,0,0,0,0,0,0
481470,2,1,1989,0,0,0,0,0,0,0,0,0,0
481471,1,1,1989,22,22,22,22,22,22,22,22,22,22
481472,1,1,1989,18,18,18,18,18,18,18,18,18,18
481472,2,1,1989,19,19,19,19,19,19,19,19,19,19
481473,1,1,1989,0,0,22,27,0,0,12,0,24,29
481474,0,1,1989,0,0,0,0,0,0,0,0,0,0
481474,1,1,1989,0,0,0,0,0,0,0,0,0,0
481475,1,1,1989,14,14,14,14,14,14,14,14,14,14
481475,2,1,1989,16,0,0,6,23,0,6,7,24,0
481476,1,1,1989,9,9,9,9,9,9,9,9,9,9
481477,1,1,1989,26,26,26,26,26,26,26,26,26,26
481477,2,1,1989,9,0,0,6,23,19,0,17,8,14
481478,1,1,1989,2,0,2,7,15,0,0,21,7,0
481478,2,1,1989,3,0,0,0,0,0,0,0,0,0
481479,1,1,1989,7,7,7,7,7,7,7,7,7,7
481479,2,1,1989,11,11,11,11,11,11,11,11,11,11
481480,1,1,1989,0,0,0,0,0,8,0,0,0,0
481481,1,1,1989,0,0,0,0,0,0,0,0,0,0
481482,1,1,1989,13,13,13,13,13,13,13,13,13,13
481482,2,1,1989,0,0,0,0,0,0,0,0,0,0
481483,0,1,1989,0,0,0,10,0,0,0,0,0,0
481483,1,1,1989,0,0,0,0,0,0,0,0,0,0
481483,2,1,1989,0,0,19,0,0,10,0,0,0,0
481484,1,1,1989,0,0,0,0,0,0,16,7,0,0
481484,2,1,1989,0,0,0,0,7,0,0,0,0,6
481485,1,1,1989,0,0,0,0,0,0,0,0,0,0
481485,2,1,1989,0,0,0,0,9,0,9,14,0,0
481486,1,1,1989,0,0,0,0,0,0,0,21,0,13
481487,1,1,1989,0,0,0,0,0,0,0,0,0,0
481487,2,1,1989,0,0,0,0,0,0,0,0,0,0
481488,1,1,1989,8,8,8,8,8,8,8,8,8,8
481488,2,1,1989,0,0,0,0,0,0,0,0,0,0
481489,1,1,1989,16,16,16,16,16,16,16,16,16,16
481489,2,1,1989,0,0,3,0,11,0,16,0,0,0
481489,3,1,1989,16,0,26,0,0,19,0,0,0,12
481490,1,1,1989,19,19,19,19,19,19,19,19,19,19
481491,0,1,1989,18,18,18,18,18,18,18,18,18,18
481491,1,1,1989,1,5,12,18,9,12,5,18,0,6
481491,2,1,1989,19,7,24,24,9,14,5,15,14,10
481492,1,1,1989,6,0,0,0,0,15,0,0,0,15
481492,2,1,1989,4,0,0,0,0,17,12,20,0,15
481493,1,1,1989,0,0,0,0,0,0,0,0,0,0
481494,1,1,1989,0,0,0,0,0,0,0,0,0,0
481494,2,1,1989,28,28,28,28,28,28,28,28,28,28
481495,1,1,1989,4,4,4,4,4,4,4,4,4,4
481496,1,1,1989,0,0,0,0,0,0,0,12,0,0
481496,2,1,1989,0,0,0,0,0,9,0,0,0,0
481497,1,1,1989,8,0,16,0,0,0,0,20,0,0
481498,1,1,1989,0,0,0,0,11,0,0,0,0,0
481498,2,1,1989,0,0,0,0,0,0,0,0,0,0
481499,1,1,1989,22,22,22,22,22,22,22,22,22,22
481500,1,1,1989,0,0,0,0,0,0,0,0,0,0
481500,2,1,1989,0,0,0,0,0,0,0,0,0,0
481501,0,1,1989,0,0,0,0,0,0,0,0,0,0
481501,1,1,1989,12,12,12,12,12,12,12,12,12,12
481502,0,1,1989,0,0,0,0,0,0,0,0,0,0
481502,1,1,1989,0,0,0,0,0,0,0,0,0,0
481503,1,1,1989,19,19,19,19,19,19,19,19,19,19
481504,1,1,1989,20,20,20,20,20,20,20,20,20,20
481504,2,1,1989,0,0,0,0,0,0,17,0,0,10
481505,0,1,1989,18,18,18,18,18,18,18,18,18,18
481505,1,1,1989,7,0,0,0,4,0,22,0,0,12
481506,1,1,1989,24,0,0,0,0,0,17,13,0,28
481507,1,1,1989,21,21,21,21,21,21,21,21,21,21
481508,1,1,1989,13,32,14,13,9,23,39,34,14,8
481508,2,1,1989,1,1,1,1,1,1,1,1,1,1
481509,1,1,1989,0,0,0,0,0,0,0,0,0,0
481509,2,1,1989,0,0,0,0,0,0,0,0,0,0
481510,1,1,1989,12,12,30,21,16,20,13,32,15,9
481511,1,1,1989,20,20,20,20,20,20,20,20,20,20
481512,0,1,1989,0,0,0,0,0,0,0,0,30,0
481512,1,1,1989,0,0,0,0,0,0,0,0,4,0
481513,1,1,1989,0,0,0,0,0,0,0,0,0,0
481513,2,1,1989,0,0,0,0,0,0,0,0,0,0
481514,1,1,1989,0,12,0,0,0,0,0,0,0,0
481514,2,1,1989,0,0,0,0,0,0,0,0,0,0
481515,0,1,1989,0,0,0,0,0,0,0,0,0,0
481515,1,1,1989,0,10,0,0,0,0,0,0,0,0
481516,1,1,1989,16,16,16,16,16,16,16,16,16,16
481517,1,1,1989,20,32,22,29,16,0,12,8,13,20
481518,1,1,1989,0,19,27,0,0,12,24,0,0,19
481519,1,1,1989,18,18,18,18,18,18,18,18,18,18
481520,0,1,1989,26,0,0,0,0,0,0,30,0,13
481520,1,1,1989,10,10,10,10,10,10,10,10,10,10
481521,1,1,1989,0,0,0,0,0,0,0,0,13,16
481522,1,1,1989,31,31,31,31,31,31,31,31,31,31
481522,2,1,1989,4,4,4,4,4,4,4,4,4,4
481523,1,1,1989,0,14,0,0,0,0,0,0,0,0
481524,1,1,1989,0,0,0,0,0,0,0,0,0,0
481525,1,1,1989,23,23,23,23,23,23,23,23,23,23
481526,1,1,1989,18,18,18,18,18,18,18,18,18,18
481527,1,1,1989,0,0,0,0,0,0,0,0,0,0
481527,2,1,1989,0,0,0,0,0,0,0,0,0,0
481528,0,1,1989,0,46,0,0,0,0,0,0,11,15
481528,1,1,1989,7,18,0,0,10,0,8,7,0,0
481529,1,1,1989,0,0,0,0,12,0,0,0,0,0
481529,2,1,1989,0,0,0,0,0,0,0,0,0,0
481530,1,1,1989,0,0,0,12,0,0,0,0,0,0
481530,2,1,1989,0,0,0,0,0,0,0,0,0,0
481530,3,1,1989,5,22,0,0,0,0,12,6,0,0
481530,4,1,1989,0,0,0,0,19,25,0,0,0,0
481531,1,1,1989,0,29,12,13,0,29,13,0,0,0
481531,2,1,1989,0,0,0,8,0,0,0,0,0,0
481532,1,1,1989,0,0,0,0,0,0,0,0,0,0
481532,2,1,1989,0,0,0,0,0,0,0,0,0,0
481533,0,1,1989,0,0,0,0,0,0,7,0,0,0
481533,1,1,1989,0,0,15,22,0,0,0,0,0,0
481534,1,1,1989,14,0,0,13,22,0,0,19,10,0
481534,2,1,1989,0,0,0,0,0,0,0,0,0,0
481535,1,1,1989,0,0,22,15,0,0,0,0,0,0
481536,1,1,1989,0,0,0,0,0,0,0,0,0,0
481536,2,1,1989,0,0,0,0,0,13,0,0,0,0
481537,1,1,1989,22,22,22,22,22,22,22,22,22,22
481538,0,1,1989,0,0,0,0,0,0,0,0,0,0
481538,1,1,1989,0,0,0,0,0,0,0,0,0,0
481539,0,1,1989,0,0,0,0,0,0,0,0,0,0
481539,1,1,1989,6,15,13,0,11,13,23,16,24,18
481539,2,1,1989,0,0,0,0,0,0,0,0,0,0
481539,3,1,1989,12,0,0,0,0,0,0,0,0,0
481540,1,1,1989,0,0,0,0,0,0,0,0,0,0
481540,2,1,1989,0,0,0,0,0,0,0,0,0,0
481541,0,1,1989,0,0,0,0,0,0,0,0,0,0
481541,1,1,1989,0,0,0,0,0,0,0,0,0,0
481542,0,1,1989,20,42,7,5,33,25,24,12,22,23
481542,1,1,1989,9,11,0,18,24,5,0,0,0,0
481543,0,1,1989,0,0,0,0,0,0,0,0,0,0
481543,1,1,1989,0,15,13,0,0,0,0,14,0,9
481544,1,1,1989,18,18,18,18,18,18,18,18,18,18
481545,1,1,1989,19,19,19,19,19,19,19,19,19,19
481545,2,1,1989,0,0,0,0,0,0,0,0,0,0
481545,3,1,1989,7,0,0,0,0,0,0,0,0,18
481546,1,1,1989,0,15,0,0,0,0,19,0,0,0
481547,1,1,1989,0,0,0,0,0,0,0,0,0,0
481547,2,1,1989,0,0,0,0,0,0,0,0,0,0
481547,3,1,1989,0,0,0,0,0,14,0,0,0,0
481548,1,1,1989,0,0,0,0,0,0,9,0,24,0
481549,0,1,1989,0,0,0,0,0,0,0,0,0,0
481549,1,1,1989,0,0,0,0,0,0,0,0,0,0
481550,1,1,1989,0,0,0,0,0,0,0,0,0,0
481550,2,1,1989,0,0,0,0,0,0,0,0,0,0
481551,1,1,1989,12,12,12,12,12,12,12,12,12,12
481552,1,1,1989,0,0,0,0,0,0,0,0,0,0
481552,2,1,1989,0,0,0,0,0,0,0,0,0,0
481553,1,1,1989,5,0,0,0,0,0,0,0,0,0
481553,2,1,1989,0,0,15,0,0,0,18,0,6,0
481554,1,1,1989,16,16,16,16,16,16,16,16,16,16
481554,2,1,1989,0,0,0,0,0,0,0,0,0,0
481555,0,1,1989,0,0,0,0,0,0,0,0,0,0
481555,1,1,1989,0,0,0,0,0,0,0,6,0,0
481556,1,1,1989,14,14,14,14,14,14,14,14,14,14
481557,1,1,1989,8,8,8,8,8,8,8,8,8,8
481557,2,1,1989,0,0,0,15,0,0,0,0,0,0
481558,1,1,1989,0,0,8,0,0,0,0,0,0,0
481559,0,1,1989,0,0,0,0,0,0,0,0,0,0
481559,1,1,1989,0,0,0,0,0,0,0,0,0,0
481560,1,1,1989,16,16,16,16,16,16,16,16,16,16
481561,1,1,1989,6,17,0,26,0,16,21,0,0,13
481562,0,1,1989,9,9,9,9,9,9,9,9,9,9
481562,1,1,1989,16,0,0,0,12,0,12,0,0,0
481563,1,1,1989,0,0,0,0,0,0,0,0,0,0
481563,2,1,1989,12,12,12,12,12,12,12,12,12,12
481564,0,1,1989,0,0,0,8,0,0,0,0,0,0
481564,1,1,1989,0,0,0,0,0,0,0,0,0,0
481565,0,1,1989,0,17,0,0,0,16,0,28,36,0
481565,1,1,1989,21,0,0,0,0,18,0,0,0,0
481565,2,1,1989,0,9,11,22,19,13,18,0,0,0
481566,0,1,1989,0,0,0,0,0,0,0,0,0,0
481566,0,2,1989,0,36,13,10,0,3,20,48,0,5
481566,1,1,1989,0,0,0,0,11,4,0,0,0,0
481567,1,1,1989,14,14,14,14,14,14,14,14,14,14
481568,1,1,1989,9,9,9,9,9,9,9,9,9,9
481569,0,1,1989,13,13,13,13,13,13,13,13,13,13
481569,0,2,1989,13,33,0,22,2,17,17,12,15,25
481569,0,3,1989,4,9,35,23,27,8,26,24,32,37
481569,1,1,1989,13,13,13,13,13,13,13,13,13,13
481570,0,1,1989,19,19,19,19,19,19,19,19,19,19
481570,1,1,1989,7,7,7,7,7,7,7,7,7,7
481571,1,1,1989,0,0,0,0,0,0,0,0,0,0
481571,2,1,1989,0,0,0,11,0,0,13,0,0,0
481572,1,1,1989,0,26,15,23,41,27,18,12,15,0
481572,2,1,1989,0,0,0,0,0,0,0,0,0,0
481573,1,1,1989,13,13,13,13,13,13,13,13,13,13
481573,2,1,1989,0,0,0,0,0,0,0,0,0,0
481574,1,1,1989,5,5,5,5,5,5,5,5,5,5
481575,1,1,1989,17,18,13,16,16,12,15,8,9,16
481576,1,1,1989,13,13,13,13,13,13,13,13,13,13
481577,0,1,1989,0,0,0,0,0,0,0,0,0,0
481577,1,1,1989,0,0,12,0,0,0,6,0,0,0
481578,1,1,1989,3,3,3,3,3,3,3,3,3,3
481578,2,1,1989,0,0,0,0,0,0,0,0,4,0
481579,0,1,1989,20,6,12,28,0,0,0,14,42,14
481579,1,1,1989,0,0,0,0,0,0,0,0,0,0
481580,1,1,1989,0,0,0,0,0,0,0,0,0,0
481580,2,1,1989,4,21,16,0,7,0,19,0,14,19
481581,1,1,1989,12,12,12,12,12,12,12,12,12,12
481582,0,1,1989,17,17,17,17,17,17,17,17,17,17
481582,1,1,1989,16,0,0,0,0,0,15,0,0,0
481583,1,1,1989,21,21,21,21,21,21,21,21,21,21
481583,2,1,1989,15,15,15,15,15,15,15,15,15,15
481584,0,1,1989,0,0,0,0,0,0,0,0,0,0
481584,0,2,1989,0,0,1,31,17,14,0,11,0,21
481584,1,1,1989,0,0,0,0,0,0,0,0,0,0
481585,1,1,1989,23,21,13,17,14,36,22,16,15,18
481586,1,1,1989,0,0,0,0,0,0,0,0,0,0
481587,1,1,1989,7,7,7,7,7,7,7,7,7,7
481588,0,1,1989,17,17,17,17,17,17,17,17,17,17
481588,1,1,1989,0,0,0,0,0,8,0,0,0,0
481589,1,1,1989,34,0,33,0,0,0,0,0,11,0
481590,0,1,1989,0,0,0,0,0,0,0,0,0,0
481590,1,1,1989,0,0,0,7,9,0,16,0,12,0
481591,1,1,1989,0,0,0,0,0,0,0,0,0,0
481591,2,1,1989,2,0,15,0,0,0,0,6,0,22
481592,0,1,1989,27,27,27,27,27,27,27,27,27,27
481592,1,1,1989,0,0,0,0,0,0,0,0,0,0
481593,0,1,1989,28,28,28,28,28,28,28,28,28,28
481593,1,1,1989,0,0,0,18,0,0,0,0,0,0
481594,1,1,1989,25,25,25,25,25,25,25,25,25,25
481594,2,1,1989,0,0,0,0,0,0,0,0,0,0
481594,3,1,1989,0,0,0,0,0,0,19,0,0,0
481595,1,1,1989,13,16,13,25,27,26,24,8,11,12
481596,1,1,1989,0,0,0,0,0,0,0,0,0,0
481596,2,1,1989,0,0,0,0,0,0,0,0,0,0
481596,3,1,1989,17,23,0,0,0,0,0,0,0,0
481596,4,1,1989,0,0,0,0,0,0,0,0,0,2
481596,5,1,1989,0,0,0,0,0,0,0,0,0,0
481597,1,1,1989,0,0,0,0,0,0,0,0,0,0
481597,2,1,1989,17,17,17,17,17,17,17,17,17,17
481598,1,1,1989,0,0,0,15,8,0,0,0,0,0
481598,2,1,1989,0,0,0,0,0,0,0,0,0,0
481598,3,1,1989,0,0,0,0,0,0,0,0,0,0
481599,1,1,1989,37,37,37,37,37,37,37,37,37,37
481600,1,1,1989,11,11,11,11,11,11,11,11,11,11
481600,2,1,1989,0,0,0,0,0,0,5,0,0,0
481600,3,1,1989,0,0,0,0,0,0,0,0,0,0
481601,1,1,1989,0,0,0,0,0,0,0,0,0,0
481601,2,1,1989,3,3,3,3,3,3,3,3,3,3
481602,1,1,1989,8,8,8,8,8,8,8,8,8,8
481603,1,1,1989,0,0,0,0,0,0,0,0,0,0
481604,0,1,1989,32,19,14,29,0,5,0,0,0,5
481604,1,1,1989,16,9,0,0,0,19,12,7,16,17
481605,1,1,1989,0,8,0,10,0,0,0,0,0,0
481606,1,1,1989,31,31,31,31,31,31,31,31,31,31
481607,1,1,1989,0,19,16,21,28,21,7,23,15,27
481608,0,1,1989,12,12,12,12,12,12,12,12,12,12
481608,1,1,1989,0,0,0,0,0,0,0,0,17,0
481609,1,1,1989,17,17,17,17,17,17,17,17,17,17
481610,1,1,1989,26,26,26,26,26,26,26,26,26,26
481610,2,1,1989,10,10,10,10,10,10,10,10,10,10
481611,1,1,1989,19,19,19,19,19,19,19,19,19,19
481611,2,1,1989,0,0,0,0,0,0,0,0,0,0
481612,1,1,1989,32,32,32,32,32,32,32,32,32,32
481613,1,1,1989,0,19,0,0,15,17,20,15,15,22
481614,1,1,1989,0,0,0,0,0,0,0,0,0,0
481615,1,1,1989,0,0,15,0,0,0,0,0,0,0
481615,2,1,1989,0,0,0,0,0,0,0,0,0,0
481616,1,1,1989,0,0,0,0,0,0,0,0,0,0
481617,1,1,1989,0,0,0,0,0,0,0,0,0,0
481618,1,1,1989,0,0,0,0,24,0,14,6,0,21
481619,0,1,1989,24,24,24,24,24,24,24,24,24,24
481619,1,1,1989,0,0,0,0,0,0,0,0,0,0
481620,1,1,1989,0,0,0,0,0,30,0,0,0,0
481620,2,1,1989,0,0,0,0,0,0,0,0,0,0
481621,0,1,1989,20,20,20,20,20,20,20,20,20,20
481621,1,1,1989,0,0,0,0,0,0,0,0,0,0
481622,1,1,1989,7,3,16,14,11,14,0,0,5,6
481622,2,1,1989,0,0,7,12,0,0,0,0,0,0
481623,0,1,1989,0,0,0,0,0,25,0,0,11,0
481623,1,1,1989,0,0,0,0,0,0,0,0,0,0
481623,2,1,1989,0,0,0,0,0,0,0,0,0,0
481623,3,1,1989,0,0,0,0,0,0,0,0,0,0
481624,0,1,1989,0,0,0,0,0,0,0,0,0,0
481624,1,1,1989,0,0,0,0,0,0,0,0,0,0
481625,1,1,1989,28,28,28,28,28,28,28,28,28,28
481626,1,1,1989,10,15,19,10,22,34,23,14,7,24
481626,2,1,1989,1,1,1,1,1,1,1,1,1,1
481626,3,1,1989,13,0,0,22,0,0,0,0,0,0
481627,0,1,1989,0,0,0,0,0,0,0,0,0,0
481627,1,1,1989,0,0,0,0,0,0,0,0,0,0
481628,0,1,1989,17,17,17,17,17,17,17,17,17,17
481628,1,1,1989,0,0,0,0,0,6,0,0,0,0
481629,1,1,1989,0,0,0,0,0,0,0,0,0,34
481629,2,1,1989,13,13,13,13,13,13,13,13,13,13
481630,1,1,1989,21,21,21,21,21,21,21,21,21,21
481631,1,1,1989,18,18,18,18,18,18,18,18,18,18
481632,1,1,1989,0,0,0,0,0,0,0,0,0,0
481633,1,1,1989,0,0,0,0,0,0,0,0,4,0
481633,2,1,1989,0,0,0,28,0,0,0,0,0,0
481634,0,1,1989,16,13,15,29,16,10,0,27,0,16
481634,1,1,1989,0,0,0,0,0,0,0,0,14,0
481635,1,1,1989,16,16,16,16,16,16,16,16,16,16
481636,1,1,1989,8,8,8,8,8,8,8,8,8,8
481637,1,1,1989,8,8,8,8,8,8,8,8,8,8
481638,1,1,1989,25,25,25,25,25,25,25,25,25,25
481638,2,1,1989,0,0,0,10,0,0,22,19,7,13
481638,3,1,1989,0,17,20,0,0,13,12,0,0,0
481638,4,1,1989,2,2,2,2,2,2,2,2,2,2
481639,1,1,1989,0,0,0,0,0,0,0,0,0,0
481640,1,1,1989,17,26,12,16,15,12,20,16,23,11
481641,1,1,1989,0,0,0,0,19,0,0,0,0,0
481641,2,1,1989,0,0,0,0,0,16,15,0,8,0
481642,1,1,1989,22,22,22,22,22,22,22,22,22,22
481642,2,1,1989,12,29,13,14,34,0,10,0,0,27
481643,1,1,1989,0,0,0,0,0,0,0,0,0,0
481644,0,1,1989,16,16,16,16,16,16,16,16,16,16
481644,1,1,1989,33,0,3,22,12,0,4,17,22,28
481645,0,1,1989,0,0,0,0,0,0,0,0,0,0
481645,1,1,1989,0,0,0,0,0,0,0,0,0,0
481646,1,1,1989,30,30,30,30,30,30,30,30,30,30
481647,0,1,1989,16,16,16,16,16,16,16,16,16,16
481647,1,1,1989,8,8,8,8,8,8,8,8,8,8
481648,1,1,1989,0,0,19,0,0,0,0,20,0,12
481648,2,1,1989,29,9,2,0,0,0,0,0,0,33
481648,3,1,1989,0,2,0,0,14,0,0,0,0,0
481649,0,1,1989,28,28,28,28,28,28,28,28,28,28
481649,1,1,1989,0,0,13,32,0,10,27,15,0,0
481650,1,1,1989,23,23,23,23,23,23,23,23,23,23
481651,1,1,1989,0,0,0,0,0,0,0,0,0,0
481651,2,1,1989,0,0,0,0,0,0,0,0,0,0
481652,0,1,1989,26,26,26,26,26,26,26,26,26,26
481652,1,1,1989,0,19,0,20,0,0,0,0,0,0
481653,0,1,1989,0,0,0,0,0,0,0,0,0,0
481653,1,1,1989,0,14,0,0,0,11,0,0,0,0
481654,1,1,1989,0,0,0,0,0,0,0,0,5,0
481654,2,1,1989,0,0,0,0,0,0,0,0,0,0
481655,1,1,1989,13,13,13,13,13,13,13,13,13,13
481655,2,1,1989,11,11,11,11,11,11,11,11,11,11
481656,1,1,1989,0,0,0,0,0,0,0,0,0,0
481657,1,1,1989,21,21,21,21,21,21,21,21,21,21
481658,1,1,1989,0,0,0,0,0,0,0,0,0,0
481659,1,1,1989,33,33,33,33,33,33,33,33,33,33
481659,2,1,1989,0,0,0,0,0,0,0,0,0,0
481660,1,1,1989,0,0,0,0,0,0,0,0,0,0
481660,2,1,1989,0,0,0,0,0,0,0,0,0,0
481661,1,1,1989,0,0,26,0,28,17,0,0,0,0
481662,1,1,1989,0,0,10,0,14,0,15,0,0,0
481663,1,1,1989,0,0,0,0,0,0,0,0,0,0
481663,2,1,1989,0,0,0,0,0,0,0,0,0,0
481663,3,1,1989,0,0,0,0,0,0,0,0,0,0
481664,0,1,1989,0,0,0,0,0,17,0,0,20,0
481664,1,1,1989,0,21,34,0,25,0,14,19,0,21
481665,0,1,1989,0,0,0,0,0,0,0,0,0,0
481665,1,1,1989,0,0,0,0,0,0,0,0,0,0
481666,1,1,1989,12,0,12,0,18,0,0,0,0,0
481667,1,1,1989,0,0,0,0,0,0,0,0,0,0
481667,2,1,1989,21,0,0,0,0,0,0,0,0,0
481668,1,1,1989,0,0,0,0,0,0,0,0,27,0
481668,2,1,1989,0,0,0,0,0,0,0,0,0,0
481669,0,1,1989,0,0,0,0,0,0,0,0,0,0
481669,1,1,1989,0,0,0,0,0,0,0,0,8,0
481670,1,1,1989,0,0,0,0,0,0,10,0,0,0
481670,2,1,1989,0,0,0,0,0,0,0,0,0,0
481671,1,1,1989,0,0,0,0,0,0,0,0,0,0
481672,1,1,1989,12,14,19,19,0,23,15,24,15,14
481672,2,1,1989,0,0,0,0,0,0,0,0,0,0
481673,1,1,1989,0,0,0,23,0,3,19,0,0,0
481673,2,1,1989,20,20,20,20,20,20,20,20,20,20
481674,1,1,1989,10,10,10,10,10,10,10,10,10,10
481674,2,1,1989,9,9,9,9,9,9,9,9,9,9
481675,0,1,1989,0,0,0,0,0,0,0,0,0,0
481675,1,1,1989,17,17,17,17,17,17,17,17,17,17
481676,1,1,1989,22,22,22,22,22,22,22,22,22,22
481676,2,1,1989,3,3,3,3,3,3,3,3,3,3
481677,1,1,1989,0,0,0,0,0,0,0,0,0,0
481677,2,1,1989,12,12,12,12,12,12,12,12,12,12
481678,1,1,1989,0,0,0,0,0,0,0,0,0,0
481678,2,1,1989,0,0,20,0,0,0,0,0,0,0
481679,1,1,1989,0,0,0,0,0,0,0,0,0,0
481679,2,1,1989,0,0,0,0,0,0,0,0,0,0
481680,1,1,1989,19,12,14,23,30,17,6,27,6,16
481680,2,1,1989,0,0,0,0,0,0,0,0,0,0
481681,1,1,1989,0,0,19,0,14,17,0,0,5,0
481681,2,1,1989,5,5,5,5,5,5,5,5,5,5
481682,1,1,1989,23,15,0,8,7,0,23,8,13,8
481683,1,1,1989,0,0,0,0,0,0,0,0,0,0
481684,1,1,1989,3,3,3,3,3,3,3,3,3,3
481684,2,1,1989,0,0,0,11,0,0,0,0,0,0
481685,1,1,1989,21,21,21,21,21,21,21,21,21,21
481685,2,1,1989,0,16,0,0,13,0,0,17,0,0
481686,1,1,1989,26,26,26,26,26,26,26,26,26,26
481687,0,1,1989,5,5,5,5,5,5,5,5,5,5
481687,1,1,1989,0,0,0,0,9,0,0,0,0,0
481688,1,1,1989,16,0,0,0,0,0,0,15,0,0
481689,1,1,1989,0,0,0,0,0,0,0,0,0,0