ST_CASE,VEH_NO,PER_NO,YEAR,P1,P2,P3,P4,P5,P6,P7,P8,P9,P10
481690,1,1,1989,0,0,0,0,0,0,0,0,0,0
481691,1,1,1989,16,16,16,16,16,16,16,16,16,16
481693,1,1,1989,17,17,17,17,17,17,17,17,17,17
481694,0,1,1989,8,8,8,8,8,8,8,8,8,8
481694,1,1,1989,0,0,29,0,10,10,7,0,15,0
481695,1,1,1989,0,0,0,0,0,0,0,0,0,0
481696,1,1,1989,18,18,18,18,18,18,18,18,18,18
481697,1,1,1989,17,17,17,17,17,17,17,17,17,17
481697,2,1,1989,0,0,0,0,0,0,0,0,0,0
481698,1,1,1989,8,8,8,8,8,8,8,8,8,8
481699,1,1,1989,0,0,0,0,0,0,0,0,0,0
481699,2,1,1989,0,0,0,0,0,0,0,0,0,0
481700,0,1,1989,20,20,20,20,20,20,20,20,20,20
481700,1,1,1989,0,0,0,0,0,0,0,0,0,0
481701,1,1,1989,9,9,9,9,9,9,9,9,9,9
481702,1,1,1989,0,14,0,0,13,0,0,0,10,0
481702,2,1,1989,8,8,8,8,8,8,8,8,8,8
481702,3,1,1989,17,0,19,0,0,0,0,0,0,0
481703,1,1,1989,0,0,0,0,0,0,0,0,0,0
481703,2,1,1989,0,0,0,0,0,0,0,0,0,0
481704,0,1,1989,2,2,2,2,2,2,2,2,2,2
481704,1,1,1989,17,19,11,0,0,12,0,0,11,0
481705,1,1,1989,0,0,0,0,0,0,0,0,0,0
481706,1,1,1989,3,17,19,10,15,21,14,28,19,8
481706,2,1,1989,23,11,24,20,8,0,7,4,19,12
481707,0,1,1989,1,1,1,1,1,1,1,1,1,1
481707,1,1,1989,13,14,14,16,16,14,14,5,15,13
481708,1,1,1989,13,20,0,0,0,0,0,0,0,0
481709,1,1,1989,0,0,0,0,0,0,0,0,0,0
481710,1,1,1989,15,8,14,15,17,7,10,0,9,33
481711,1,1,1989,0,32,0,27,12,19,0,12,0,0
481711,2,1,1989,8,8,8,8,8,8,8,8,8,8
481712,1,1,1989,0,0,0,0,0,0,0,0,0,0
481713,1,1,1989,0,0,0,0,0,8,0,0,0,0
481713,2,1,1989,26,0,0,0,0,0,0,0,0,0
481714,1,1,1989,17,8,0,15,21,19,0,10,19,20
481714,2,1,1989,2,0,12,27,8,0,13,9,0,0
481715,1,1,1989,0,0,0,0,0,0,0,0,0,0
481715,2,1,1989,20,0,0,0,23,28,0,0,0,0
481716,1,1,1989,22,9,17,31,28,28,48,13,19,20
481717,1,1,1989,0,0,0,0,0,0,0,0,0,9
481717,2,1,1989,0,0,0,0,0,0,0,0,0,0
481718,1,1,1989,2,2,2,2,2,2,2,2,2,2
481719,1,1,1989,13,13,13,13,13,13,13,13,13,13
481719,2,1,1989,0,0,12,0,0,0,19,0,0,0
481720,1,1,1989,0,0,0,0,0,0,12,0,0,0
481720,2,1,1989,0,0,0,0,0,0,0,0,0,0
481721,1,1,1989,0,40,23,11,26,0,0,0,0,0
481722,1,1,1989,15,15,15,15,15,15,15,15,15,15
481723,1,1,1989,0,0,11,0,0,0,0,0,0,0
481723,2,1,1989,0,0,0,0,0,0,0,0,0,0
481723,3,1,1989,0,0,0,0,0,0,0,0,0,0
481724,1,1,1989,10,10,10,10,10,10,10,10,10,10
481724,2,1,1989,0,0,0,0,0,0,0,0,0,0
481724,3,1,1989,0,0,0,0,0,0,0,0,0,0
481725,1,1,1989,13,13,13,13,13,13,13,13,13,13
481726,1,1,1989,0,0,0,0,0,0,0,0,0,0
481727,1,1,1989,0,0,0,0,0,0,0,0,0,0
481727,2,1,1989,0,0,0,0,0,0,0,0,0,0
481728,1,1,1989,0,0,0,0,0,0,0,0,0,0
481728,2,1,1989,0,0,0,0,0,0,0,0,0,0
481729,1,1,1989,33,33,33,33,33,33,33,33,33,33
481730,0,1,1989,16,16,16,16,16,16,16,16,16,16
481730,1,1,1989,27,0,0,0,19,0,0,0,13,22
481731,0,1,1989,0,0,0,0,0,0,0,0,0,0
481731,1,1,1989,0,0,0,0,0,0,0,0,0,0
481732,1,1,1989,0,0,0,0,0,0,0,0,0,0
481732,2,1,1989,14,14,14,14,14,14,14,14,14,14
481733,1,1,1989,0,0,0,0,0,0,0,0,0,0
481733,2,1,1989,7,0,12,0,0,0,0,0,0,0
481734,1,1,1989,0,0,0,0,0,0,0,0,0,0
481734,2,1,1989,0,0,0,0,0,0,0,0,0,0
481735,1,1,1989,0,11,20,0,10,23,0,0,0,0
481736,0,1,1989,3,3,3,3,3,3,3,3,3,3
481736,1,1,1989,0,0,0,0,0,0,0,0,0,0
481737,1,1,1989,0,0,0,0,0,0,0,0,0,0
481737,2,1,1989,0,0,0,0,0,0,0,0,0,0
481737,3,1,1989,0,16,0,0,0,0,0,0,0,0
481737,4,1,1989,0,0,0,0,0,0,0,0,0,0
481737,5,1,1989,0,0,0,0,0,0,0,0,0,0
481738,1,1,1989,0,0,0,0,0,0,0,0,0,0
481738,2,1,1989,28,28,28,28,28,28,28,28,28,28
481739,1,1,1989,0,25,0,0,0,0,0,0,0,0
481740,1,1,1989,28,21,9,15,15,21,0,50,12,15
481741,1,1,1989,0,0,0,0,0,0,0,0,0,0
481741,2,1,1989,0,0,0,0,0,0,0,0,0,0
481742,1,1,1989,0,0,0,0,0,0,0,0,0,0
481742,2,1,1989,0,0,0,0,0,0,0,0,0,0
481743,1,1,1989,22,11,23,4,29,14,36,30,13,24
481744,1,1,1989,23,23,23,23,23,23,23,23,23,23
481745,1,1,1989,20,20,20,20,20,20,20,20,20,20
481746,1,1,1989,0,0,0,0,0,0,0,0,0,0
481746,2,1,1989,0,0,0,0,10,0,0,0,0,0
481747,1,1,1989,0,0,0,4,0,6,36,0,0,12
481748,1,1,1989,0,18,16,0,0,0,0,0,13,0
481749,1,1,1989,0,0,0,0,0,0,0,0,0,0
481750,1,1,1989,0,0,16,0,0,0,0,0,0,0
481751,1,1,1989,13,15,0,0,21,0,0,0,0,0
481751,2,1,1989,0,0,0,0,0,0,0,0,0,0
481752,1,1,1989,0,0,0,0,0,0,21,0,0,0
481752,2,1,1989,0,6,0,7,22,0,10,0,0,13
481753,0,1,1989,0,0,0,0,0,0,0,0,0,0
481753,0,2,1989,0,0,0,0,0,0,0,0,0,0
481753,1,1,1989,23,23,23,23,23,23,23,23,23,23
481754,1,1,1989,0,0,12,0,0,0,0,0,0,0
481755,1,1,1989,0,0,0,0,0,0,0,0,0,0
481755,2,1,1989,0,0,0,0,0,0,0,0,0,0
481755,3,1,1989,8,0,0,0,0,0,12,0,0,0
481755,4,1,1989,0,0,0,0,0,0,0,0,0,13
481755,5,1,1989,0,0,0,0,0,0,0,0,0,0
481755,6,1,1989,0,0,0,0,0,0,0,0,0,0
481755,7,1,1989,0,10,0,0,0,9,8,0,0,0
481755,8,1,1989,0,0,0,0,0,0,0,11,0,0
481755,9,1,1989,0,0,9,0,0,0,0,18,0,0
481756,1,1,1989,0,0,0,0,0,0,0,0,0,0
481756,2,1,1989,0,0,0,0,15,0,0,0,0,0
481757,1,1,1989,0,7,0,0,0,0,0,0,0,0
481757,2,1,1989,0,0,0,0,0,0,0,0,0,0
481758,1,1,1989,0,0,0,0,0,0,0,0,0,0
481759,0,1,1989,0,0,21,0,0,0,0,0,0,0
481759,1,1,1989,0,0,0,0,0,0,0,0,0,0
481760,1,1,1989,0,15,0,0,14,0,15,0,12,0
481761,1,1,1989,0,0,21,0,15,18,0,19,0,0
481761,2,1,1989,0,0,16,0,0,0,0,0,0,0
481762,1,1,1989,0,0,0,0,0,0,0,0,0,0
481762,2,1,1989,0,0,0,0,0,0,13,0,0,0
481763,0,1,1989,23,23,23,23,23,23,23,23,23,23
481763,1,1,1989,0,0,8,0,9,18,0,19,0,15
481764,1,1,1989,18,12,0,0,8,0,0,0,0,0
481765,1,1,1989,21,21,21,21,21,21,21,21,21,21
481766,1,1,1989,25,25,25,25,25,25,25,25,25,25
481767,1,1,1989,0,0,0,0,0,0,0,0,0,0
481768,1,1,1989,0,0,0,20,0,5,0,0,0,0
481768,2,1,1989,0,0,0,0,0,0,0,0,0,0
481769,1,1,1989,24,24,24,24,24,24,24,24,24,24
481770,1,1,1989,6,6,6,6,6,6,6,6,6,6
481771,1,1,1989,17,17,6,0,20,22,12,13,12,13
481772,0,1,1989,0,0,0,0,0,0,0,0,0,0
481772,1,1,1989,19,0,0,0,0,0,0,0,0,0
481773,1,1,1989,0,0,0,0,0,0,0,0,0,0
481774,1,1,1989,0,0,0,0,0,0,0,0,0,0
481775,1,1,1989,11,11,11,11,11,11,11,11,11,11
481776,0,1,1989,0,0,0,0,0,0,0,0,0,0
481776,1,1,1989,0,0,0,0,0,0,0,0,0,0
481777,1,1,1989,0,0,0,13,0,0,0,0,0,0
481778,1,1,1989,26,21,0,25,0,0,9,5,20,18
481779,1,1,1989,0,0,0,0,0,0,0,0,0,0
481779,2,1,1989,0,0,0,0,0,0,0,0,0,0
481780,1,1,1989,0,0,0,0,0,0,0,0,0,0
481781,0,1,1989,0,9,0,8,0,0,7,0,0,0
481781,1,1,1989,0,0,0,0,0,0,0,0,0,0
481782,1,1,1989,0,0,0,0,0,0,0,0,0,0
481782,2,1,1989,0,0,0,0,0,0,0,0,0,0
481783,1,1,1989,16,16,16,16,16,16,16,16,16,16
481784,1,1,1989,6,0,0,11,0,0,0,0,0,0
481785,1,1,1989,0,0,3,0,0,0,0,0,0,0
481785,2,1,1989,0,0,0,0,7,25,0,20,24,2
481786,1,1,1989,41,17,26,24,27,5,0,0,15,0
481787,0,1,1989,21,21,21,21,21,21,21,21,21,21
481787,1,1,1989,0,12,0,0,0,0,0,0,0,0
481788,0,1,1989,10,10,10,10,10,10,10,10,10,10
481788,1,1,1989,0,13,0,0,0,9,0,0,0,14
481789,1,1,1989,16,16,16,16,16,16,16,16,16,16
481790,1,1,1989,0,5,0,0,22,0,0,0,0,0
481790,2,1,1989,0,0,0,0,0,0,0,0,0,0
481791,1,1,1989,24,24,24,24,24,24,24,24,24,24
481792,1,1,1989,0,0,0,0,0,0,0,0,0,0
481792,2,1,1989,0,0,0,0,0,0,0,0,0,0
481793,1,1,1989,0,0,0,0,0,0,0,0,0,0
481794,1,1,1989,0,0,0,0,0,0,0,0,0,0
481794,2,1,1989,0,0,0,0,0,0,0,0,0,0
481795,1,1,1989,16,16,16,16,16,16,16,16,16,16
481796,1,1,1989,6,6,6,6,6,6,6,6,6,6
481796,2,1,1989,5,0,0,11,0,0,0,0,0,0
481797,1,1,1989,24,24,24,24,24,24,24,24,24,24
481798,1,1,1989,0,24,0,0,3,0,0,0,0,5
481799,1,1,1989,16,16,16,16,16,16,16,16,16,16
481799,2,1,1989,0,0,0,0,0,0,0,0,0,0
481800,1,1,1989,0,0,0,0,0,0,0,0,0,0
481801,1,1,1989,13,13,13,13,13,13,13,13,13,13
481801,2,1,1989,0,0,0,0,0,0,0,0,0,0
481802,1,1,1989,0,0,0,0,0,0,0,0,0,0
481802,2,1,1989,0,0,0,0,0,0,0,0,0,0
481803,0,1,1989,10,10,10,10,10,10,10,10,10,10
481803,1,1,1989,0,8,0,0,0,0,0,0,0,0
481804,1,1,1989,0,0,0,0,0,0,0,0,0,0
481804,2,1,1989,0,0,0,12,0,0,0,0,0,0
481805,1,1,1989,16,16,16,16,16,16,16,16,16,16
481806,1,1,1989,19,19,19,19,19,19,19,19,19,19
481807,0,1,1989,17,18,0,13,0,7,16,0,0,0
481807,1,1,1989,0,0,0,0,0,0,0,0,0,0
481808,1,1,1989,0,0,0,0,22,0,0,0,0,0
481808,2,1,1989,0,0,0,0,0,0,0,0,0,0
481809,0,1,1989,0,0,0,0,0,0,0,0,0,0
481809,0,2,1989,0,0,44,0,0,0,0,0,0,0
481809,1,1,1989,0,0,0,0,0,0,0,0,0,0
481810,1,1,1989,8,0,0,0,3,0,0,0,0,13
481810,2,1,1989,0,0,0,0,0,0,0,0,0,0
481811,1,1,1989,0,0,0,0,0,0,0,0,0,0
481811,2,1,1989,0,0,0,0,7,0,0,0,0,0
481812,1,1,1989,17,17,17,17,17,17,17,17,17,17
481812,2,1,1989,0,0,0,0,0,0,0,0,0,0
481813,1,1,1989,30,30,30,30,30,30,30,30,30,30
481814,1,1,1989,0,0,23,6,0,0,0,0,13,0
481815,1,1,1989,22,0,7,0,26,21,19,14,11,27
481816,1,1,1989,34,34,34,34,34,34,34,34,34,34
481817,0,1,1989,0,0,0,0,0,0,0,0,0,0
481817,1,1,1989,0,0,0,0,0,12,0,0,0,3
481818,1,1,1989,17,17,17,17,17,17,17,17,17,17
481819,0,1,1989,0,0,0,0,0,0,0,0,0,0
481819,1,1,1989,0,0,0,0,0,0,0,15,23,0
481820,1,1,1989,0,0,0,0,0,0,0,0,0,0
481820,2,1,1989,0,0,0,0,0,0,0,0,0,0
481821,1,1,1989,25,25,25,25,25,25,25,25,25,25
481821,2,1,1989,0,0,0,0,0,0,0,0,0,0
481822,1,1,1989,17,0,0,0,0,0,0,0,0,0
481823,1,1,1989,0,11,0,0,0,0,0,12,0,13
481824,1,1,1989,0,0,0,13,0,16,0,0,0,0
481824,2,1,1989,8,0,0,0,0,0,12,0,0,0
481825,1,1,1989,0,0,0,0,0,0,0,0,0,0
481826,1,1,1989,0,0,0,0,0,0,0,7,0,10
481826,2,1,1989,29,0,0,0,0,0,0,0,0,0
481827,1,1,1989,27,27,27,27,27,27,27,27,27,27
481828,1,1,1989,1,1,1,1,1,1,1,1,1,1
481829,0,1,1989,18,18,18,18,18,18,18,18,18,18
481829,1,1,1989,19,0,8,14,9,15,0,0,10,15
481830,1,1,1989,0,28,13,0,28,0,0,0,0,0
481831,0,1,1989,0,0,13,0,12,3,17,27,23,8
481831,0,2,1989,0,0,0,0,0,0,0,0,0,0
481831,0,3,1989,0,0,18,0,0,0,0,0,0,0
481831,0,4,1989,0,0,0,0,19,0,0,0,0,0
481831,0,5,1989,0,0,0,2,0,0,0,0,0,0
481831,0,6,1989,7,3,0,12,10,0,0,0,0,0
481831,0,7,1989,0,0,0,0,0,0,9,0,0,0
481831,1,1,1989,21,21,21,21,21,21,21,21,21,21
481832,0,1,1989,8,8,8,8,8,8,8,8,8,8
481832,1,1,1989,8,12,0,5,17,11,14,3,14,15
481833,1,1,1989,14,14,14,14,14,14,14,14,14,14
481834,0,1,1989,0,0,0,0,0,0,0,0,0,0
481834,1,1,1989,0,0,0,0,0,0,0,0,0,0
481835,1,1,1989,21,21,21,21,21,21,21,21,21,21
481836,0,1,1989,27,27,27,27,27,27,27,27,27,27
481836,1,1,1989,16,13,0,0,18,35,0,14,0,21
481837,1,1,1989,0,0,4,0,12,0,0,0,12,0
481837,2,1,1989,0,13,0,0,22,0,0,16,8,0
481838,0,1,1989,17,12,14,15,18,22,27,9,17,28
481838,0,2,1989,12,28,34,0,25,30,13,11,17,13
481838,1,1,1989,16,16,16,16,16,16,16,16,16,16
481839,1,1,1989,0,0,0,0,0,0,0,0,0,0
481839,2,1,1989,0,0,0,0,0,0,0,0,0,0
481840,1,1,1989,21,0,0,24,0,0,0,14,0,25
481841,1,1,1989,21,7,13,19,16,8,6,11,11,15
481842,1,1,1989,35,17,22,10,19,18,29,15,0,24
481843,1,1,1989,0,0,11,0,23,6,20,12,14,16
481843,2,1,1989,0,0,0,0,0,0,0,0,0,0
481844,1,1,1989,0,8,4,0,17,0,0,0,8,15
481845,1,1,1989,3,3,3,3,3,3,3,3,3,3
481845,2,1,1989,19,22,0,0,7,17,17,0,0,0
481845,3,1,1989,0,14,0,0,0,0,0,0,0,0
481846,0,1,1989,12,12,12,12,12,12,12,12,12,12
481846,1,1,1989,0,0,0,0,28,2,0,0,0,0
481847,1,1,1989,16,16,15,20,7,11,16,0,7,15
481847,2,1,1989,6,6,6,6,6,6,6,6,6,6
481848,1,1,1989,10,8,9,14,31,10,27,22,17,13
481849,1,1,1989,0,0,11,0,0,12,0,12,0,0
481850,1,1,1989,0,0,0,0,0,0,0,0,0,0
481850,2,1,1989,30,19,20,29,27,20,22,18,27,15
481851,0,1,1989,0,17,7,20,0,0,0,0,0,13
481851,1,1,1989,17,0,0,0,0,17,0,8,7,0
481852,1,1,1989,0,0,0,0,0,0,0,0,0,0
481853,1,1,1989,18,0,0,0,0,0,0,0,0,0
481853,2,1,1989,0,0,0,0,0,0,0,6,0,0
481854,1,1,1989,0,0,0,0,0,0,0,0,0,0
481854,2,1,1989,0,0,0,0,0,0,0,0,0,0
481855,1,1,1989,0,0,0,0,0,0,0,0,0,0
481855,2,1,1989,0,0,0,0,0,0,0,0,0,0
481856,0,1,1989,0,0,0,5,33,0,26,0,15,0
481856,1,1,1989,0,11,0,0,0,0,28,0,0,0
481857,1,1,1989,13,13,13,13,13,13,13,13,13,13
481858,0,1,1989,0,0,0,0,0,0,0,0,0,0
481858,0,2,1989,0,0,0,0,0,0,0,0,0,0
481858,1,1,1989,14,14,14,14,14,14,14,14,14,14
481859,1,1,1989,0,0,0,0,0,0,0,0,0,0
481859,2,1,1989,15,15,15,15,15,15,15,15,15,15
481860,1,1,1989,28,28,28,28,28,28,28,28,28,28
481861,1,1,1989,0,0,0,0,0,0,0,0,0,0
481861,2,1,1989,0,0,0,0,0,0,0,0,0,0
481862,1,1,1989,0,0,0,0,0,0,0,0,0,0
481862,2,1,1989,19,0,21,14,0,0,0,10,0,0
481863,1,1,1989,0,0,0,0,0,0,0,0,0,0
481863,2,1,1989,0,0,20,0,0,0,0,0,0,0
481864,0,1,1989,0,0,0,0,0,0,0,0,0,0
481864,1,1,1989,0,0,0,0,0,0,0,0,0,6
481865,0,1,1989,0,0,0,0,0,0,0,0,0,0
481865,0,2,1989,8,8,8,8,8,8,8,8,8,8
481865,0,3,1989,0,0,0,0,0,0,0,0,0,0
481865,1,1,1989,0,0,4,0,5,0,0,19,0,12
481866,0,1,1989,0,0,0,0,22,0,0,0,19,0
481866,0,2,1989,8,0,0,6,37,0,0,0,16,2
481866,1,1,1989,8,8,8,8,8,8,8,8,8,8
481867,0,1,1989,23,0,16,11,0,0,0,0,18,26
481867,1,1,1989,19,14,12,8,10,6,15,12,18,10
481868,1,1,1989,29,14,12,21,0,19,0,0,25,0
481869,1,1,1989,20,20,20,20,20,20,20,20,20,20
481869,2,1,1989,0,0,0,0,0,0,0,0,0,0
481870,1,1,1989,0,17,0,18,0,0,0,0,0,0
481870,2,1,1989,0,0,0,0,17,0,0,0,0,0
481871,0,1,1989,23,23,23,23,23,23,23,23,23,23
481871,1,1,1989,0,0,0,0,0,0,0,0,0,0
481872,1,1,1989,30,30,30,30,30,30,30,30,30,30
481872,2,1,1989,0,0,0,13,0,0,0,0,0,0
481873,1,1,1989,0,0,0,0,0,0,0,0,0,0
481873,2,1,1989,0,0,0,0,0,0,10,0,0,0
481874,1,1,1989,0,0,0,18,0,0,0,26,0,0
481875,1,1,1989,13,13,13,13,13,13,13,13,13,13
481875,2,1,1989,0,20,0,17,22,19,10,19,0,0
481875,3,1,1989,6,10,0,0,0,0,0,9,0,0
481876,1,1,1989,0,0,0,0,0,0,0,0,0,0
481876,2,1,1989,0,0,0,0,0,0,0,0,0,0
481877,1,1,1989,0,0,0,0,0,0,0,0,0,0
481878,1,1,1989,22,0,16,30,18,14,13,0,0,0
481879,1,1,1989,18,18,18,18,18,18,18,18,18,18
481881,1,1,1989,0,0,0,0,0,0,0,0,0,0
481881,2,1,1989,0,0,0,0,0,0,12,0,0,0
481882,1,1,1989,10,36,0,0,15,19,0,0,17,0
481882,2,1,1989,0,18,0,0,0,0,0,0,0,0
481883,1,1,1989,29,29,29,29,29,29,29,29,29,29
481883,2,1,1989,0,0,0,0,0,0,0,0,0,0
481884,1,1,1989,25,25,25,25,25,25,25,25,25,25
481884,2,1,1989,0,0,0,0,0,0,0,0,11,0
481885,0,1,1989,9,14,27,20,13,7,18,18,15,16
481885,1,1,1989,0,0,0,0,0,0,0,0,0,0
481886,1,1,1989,6,3,13,8,3,13,24,11,16,4
481887,1,1,1989,0,0,0,0,0,0,0,0,0,0
481887,2,1,1989,0,0,0,0,0,0,0,0,0,0
481888,1,1,1989,0,0,0,0,0,0,0,0,0,0
481889,0,1,1989,21,5,4,18,10,18,3,8,17,24
481889,1,1,1989,0,13,0,0,27,0,0,0,0,0
481890,1,1,1989,24,24,24,24,24,24,24,24,24,24
481890,2,1,1989,0,0,0,0,0,0,0,0,0,0
481891,1,1,1989,0,25,21,3,0,0,19,0,0,0
481892,1,1,1989,21,21,21,21,21,21,21,21,21,21
481893,0,1,1989,0,0,0,0,0,0,0,0,0,0
481893,1,1,1989,0,0,24,0,0,0,0,0,15,0
481894,1,1,1989,0,0,0,0,0,0,0,0,0,0
481895,1,1,1989,18,18,18,18,18,18,18,18,18,18
481896,0,1,1989,33,33,33,33,33,33,33,33,33,33
481896,1,1,1989,0,0,0,0,0,0,0,0,0,20
481897,1,1,1989,5,5,5,5,5,5,5,5,5,5
481898,1,1,1989,0,0,0,0,0,0,0,0,0,0
481899,1,1,1989,17,17,17,17,17,17,17,17,17,17
481899,2,1,1989,4,4,4,4,4,4,4,4,4,4
481900,1,1,1989,20,20,20,20,20,20,20,20,20,20
481901,1,1,1989,0,0,0,0,0,0,0,0,0,0
481902,0,1,1989,27,27,27,27,27,27,27,27,27,27
481902,1,1,1989,16,0,0,6,12,0,0,0,0,0
481903,1,1,1989,15,15,15,15,15,15,15,15,15,15
481904,1,1,1989,0,0,0,0,0,0,0,0,0,0
481905,0,1,1989,0,0,0,0,0,0,14,11,9,0
481905,0,2,1989,15,0,0,0,0,0,0,0,37,0
481905,1,1,1989,4,0,0,0,0,0,0,10,0,0
481906,1,1,1989,0,0,0,0,0,0,0,0,0,0
481906,2,1,1989,0,0,0,0,0,0,0,0,0,0
481907,1,1,1989,28,0,12,10,18,13,3,20,12,23
481908,1,1,1989,12,12,12,12,12,12,12,12,12,12
481909,1,1,1989,3,0,0,0,0,0,0,0,0,0
481910,1,1,1989,14,14,14,14,14,14,14,14,14,14
481911,1,1,1989,0,0,0,0,0,0,0,0,0,0
481912,1,1,1989,31,31,31,31,31,31,31,31,31,31
481912,2,1,1989,0,0,0,0,0,0,0,0,0,0
481913,1,1,1989,0,0,0,0,14,0,0,0,0,0
481913,2,1,1989,0,14,0,0,11,0,0,0,0,0
481913,3,1,1989,0,0,0,0,0,0,0,0,0,11
481914,1,1,1989,0,0,0,0,0,0,0,0,0,0
481915,0,1,1989,12,12,12,12,12,12,12,12,12,12
481915,1,1,1989,19,19,19,19,19,19,19,19,19,19
481916,1,1,1989,19,19,19,19,19,19,19,19,19,19
481917,1,1,1989,0,0,0,0,0,0,0,0,0,0
481917,2,1,1989,0,0,0,0,0,0,0,0,0,0
481917,3,1,1989,0,0,0,0,0,10,0,16,20,0
481918,0,1,1989,9,9,9,9,9,9,9,9,9,9
481918,1,1,1989,0,0,10,0,11,10,10,0,37,37
481919,1,1,1989,33,33,33,33,33,33,33,33,33,33
481920,1,1,1989,6,0,0,0,0,0,0,0,0,0
481921,0,1,1989,0,0,0,0,0,0,0,0,0,0
481921,1,1,1989,0,0,0,0,0,0,0,0,0,0
481922,1,1,1989,0,0,0,17,0,0,0,0,0,0
481923,1,1,1989,0,0,0,0,0,0,0,0,0,0
481923,2,1,1989,0,0,0,0,0,0,0,0,0,0
481924,1,1,1989,0,0,0,0,0,0,0,18,0,0
481924,2,1,1989,0,0,0,0,0,0,0,0,0,0
481924,3,1,1989,0,0,0,0,0,0,0,0,0,0
481924,4,1,1989,0,0,0,0,0,0,0,0,0,0
481925,1,1,1989,0,0,0,10,0,0,18,0,0,0
481925,2,1,1989,0,0,0,0,0,0,0,0,0,0
481926,1,1,1989,0,11,0,21,23,24,0,13,0,0
481926,2,1,1989,0,0,0,0,0,0,0,0,0,0
481927,0,1,1989,0,0,0,0,9,0,0,0,0,15
481927,1,1,1989,0,0,0,0,0,0,0,0,0,0
481928,1,1,1989,17,17,17,17,17,17,17,17,17,17
481928,2,1,1989,0,0,12,15,0,0,30,0,0,0
481928,3,1,1989,0,0,0,0,0,0,14,0,0,0
481928,4,1,1989,0,0,0,0,0,0,0,0,0,0
481929,0,1,1989,0,0,0,0,0,0,0,0,0,0
481929,0,2,1989,0,0,0,0,0,15,21,0,26,23
481929,1,1,1989,0,0,0,0,0,0,0,0,0,0
481930,1,1,1989,0,0,0,0,0,0,0,0,0,3
481930,2,1,1989,0,0,0,0,0,0,0,0,0,0
481931,1,1,1989,0,0,0,0,0,0,0,0,0,0
481931,2,1,1989,0,0,0,0,0,0,0,0,0,0
481932,1,1,1989,0,0,0,0,0,0,0,0,0,0
481932,2,1,1989,34,34,34,34,34,34,34,34,34,34
481933,1,1,1989,26,0,15,23,0,0,0,12,0,0
481933,2,1,1989,0,0,0,15,0,0,0,0,0,5
481934,1,1,1989,25,25,25,25,25,25,25,25,25,25
481935,1,1,1989,10,10,10,10,10,10,10,10,10,10
481936,0,1,1989,0,0,19,17,0,0,25,0,0,10
481936,1,1,1989,1,1,1,1,1,1,1,1,1,1
481936,2,1,1989,0,0,0,0,0,0,0,0,0,0
481937,1,1,1989,0,0,0,0,0,0,0,0,0,0
481937,2,1,1989,0,0,0,0,0,0,0,0,0,0
481938,1,1,1989,27,27,27,27,27,27,27,27,27,27
481939,1,1,1989,33,13,28,18,19,28,16,17,24,30
481940,1,1,1989,13,10,13,21,14,0,11,29,17,21
481941,1,1,1989,0,0,0,0,0,0,0,0,0,0
481942,1,1,1989,16,26,11,19,5,11,17,14,17,20
481942,2,1,1989,0,0,0,0,0,0,0,0,0,0
481943,0,1,1989,0,0,0,0,0,0,0,0,0,0
481943,1,1,1989,0,0,0,0,0,0,0,0,0,0
481944,1,1,1989,9,9,9,9,9,9,9,9,9,9
481944,2,1,1989,0,0,0,0,4,0,0,0,0,0
481945,1,1,1989,14,0,10,0,0,32,9,0,0,5
481945,2,1,1989,2,2,2,2,2,2,2,2,2,2
481946,1,1,1989,0,0,0,0,0,0,0,0,0,0
481947,1,1,1989,0,0,0,0,0,0,0,0,0,0
481947,2,1,1989,0,0,16,0,0,0,0,0,0,0
481948,1,1,1989,0,22,0,0,0,0,0,0,21,0
481949,1,1,1989,18,18,18,18,18,18,18,18,18,18
481950,0,1,1989,0,0,0,0,0,0,0,0,0,0
481950,1,1,1989,0,0,0,0,0,0,0,0,0,0
481951,0,1,1989,32,32,32,32,32,32,32,32,32,32
481951,1,1,1989,16,10,7,23,24,33,28,12,17,14
481952,1,1,1989,14,14,14,14,14,14,14,14,14,14
481953,0,1,1989,0,0,14,0,0,14,0,36,0,0
481953,1,1,1989,0,14,0,0,0,0,0,0,0,0
481954,1,1,1989,24,30,26,21,24,0,15,0,0,12
481955,1,1,1989,12,12,14,23,26,15,30,12,7,16
481956,1,1,1989,11,11,11,11,11,11,11,11,11,11
481956,2,1,1989,16,20,0,0,16,20,0,26,25,0
481957,0,1,1989,0,0,0,38,0,0,27,0,0,25
481957,0,2,1989,0,0,0,0,0,0,0,0,0,0
481957,1,1,1989,14,14,14,14,14,14,14,14,14,14
481958,1,1,1989,24,24,24,24,24,24,24,24,24,24
481959,0,1,1989,26,26,26,26,26,26,26,26,26,26
481959,1,1,1989,0,0,0,0,0,0,0,8,0,0