ST_CASE,VEH_NO,PER_NO,YEAR,P1,P2,P3,P4,P5,P6,P7,P8,P9,P10
481960,1,1,1989,5,5,5,5,5,5,5,5,5,5
481961,1,1,1989,0,0,0,0,0,0,0,0,0,0
481961,2,1,1989,0,0,0,0,0,0,0,17,0,0
481962,1,1,1989,3,3,3,3,3,3,3,3,3,3
481963,1,1,1989,0,0,0,0,0,0,0,0,0,0
481963,2,1,1989,0,0,0,0,0,0,0,0,0,0
481964,1,1,1989,0,0,0,0,0,0,0,0,0,0
481964,2,1,1989,0,0,15,20,0,8,0,0,0,0
481965,1,1,1989,0,0,0,0,0,0,0,0,0,0
481966,1,1,1989,12,24,14,13,18,13,13,18,19,0
481966,2,1,1989,0,0,16,0,0,0,0,0,0,0
481967,1,1,1989,0,0,0,0,0,0,0,0,0,0
481967,2,1,1989,0,0,0,0,0,0,0,0,0,0
481968,1,1,1989,0,0,0,0,0,0,0,0,0,0
481968,2,1,1989,4,18,14,0,27,28,0,7,17,14
481969,1,1,1989,10,5,29,11,20,35,14,13,18,12
481970,1,1,1989,0,12,0,0,0,21,0,14,0,0
481970,2,1,1989,8,17,11,22,4,6,20,4,22,13
481971,1,1,1989,0,0,0,0,0,0,0,0,0,0
481971,2,1,1989,25,25,25,25,25,25,25,25,25,25
481972,1,1,1989,0,0,0,0,0,0,0,0,0,13
481973,0,1,1989,0,0,0,0,0,0,0,0,0,0
481973,1,1,1989,0,0,0,0,0,16,0,0,7,0
481974,1,1,1989,0,6,0,0,0,0,0,0,0,0
481975,1,1,1989,0,0,0,0,0,0,0,0,0,0
481976,1,1,1989,9,9,9,9,9,9,9,9,9,9
481977,1,1,1989,0,0,0,0,0,0,0,0,0,0
481978,1,1,1989,0,0,15,0,0,3,0,0,0,0
481979,1,1,1989,10,15,18,5,13,20,36,32,16,4
481980,1,1,1989,22,22,22,22,22,22,22,22,22,22
481981,1,1,1989,11,0,11,6,7,5,7,15,7,7
481982,1,1,1989,9,9,0,0,0,0,0,0,0,0
481982,2,1,1989,19,0,0,12,15,18,7,12,0,12
481983,1,1,1989,0,0,0,0,0,0,0,0,0,0
481983,2,1,1989,0,0,0,0,0,0,0,0,0,0
481983,3,1,1989,0,0,0,23,0,7,0,0,0,13
481984,1,1,1989,2,2,2,2,2,2,2,2,2,2
481985,1,1,1989,0,0,0,0,0,0,0,0,0,0
481985,2,1,1989,1,1,1,1,1,1,1,1,1,1
481986,1,1,1989,0,0,0,24,0,0,0,0,13,14
481987,0,1,1989,36,36,36,36,36,36,36,36,36,36
481987,1,1,1989,15,0,18,0,0,21,0,14,0,0
481988,1,1,1989,0,0,0,0,0,0,0,0,0,0
481989,0,1,1989,9,9,9,9,9,9,9,9,9,9
481989,1,1,1989,0,0,0,0,0,0,0,0,0,0
481990,1,1,1989,16,16,16,16,16,16,16,16,16,16
481990,2,1,1989,0,0,15,0,0,0,0,0,0,0
481991,1,1,1989,0,0,0,0,0,0,0,0,18,0
481991,2,1,1989,0,0,7,0,0,0,0,0,0,0
481992,1,1,1989,13,13,13,13,13,13,13,13,13,13
481993,1,1,1989,28,28,28,28,28,28,28,28,28,28
481994,1,1,1989,18,18,18,18,18,18,18,18,18,18
481994,2,1,1989,32,23,7,8,0,0,24,16,13,19
481995,0,1,1989,0,0,0,0,0,0,0,0,0,0
481995,1,1,1989,0,0,0,0,0,0,0,0,0,0
481996,1,1,1989,19,19,19,19,19,19,19,19,19,19
481996,2,1,1989,0,0,0,0,15,0,0,4,9,0
481997,1,1,1989,15,15,15,15,15,15,15,15,15,15
481997,2,1,1989,0,0,0,0,0,0,0,0,0,0
481997,3,1,1989,9,0,22,0,18,0,0,0,0,0
481997,4,1,1989,0,0,0,18,0,11,15,14,12,28
481998,1,1,1989,20,20,13,17,21,8,16,19,25,0
481999,1,1,1989,0,0,0,0,0,0,0,0,0,0
481999,2,1,1989,26,26,26,26,26,26,26,26,26,26
482000,1,1,1989,0,0,0,0,0,0,0,0,0,0
482001,0,1,1989,41,41,41,41,41,41,41,41,41,41
482001,1,1,1989,0,16,0,0,0,18,22,0,0,23
482002,0,1,1989,9,21,21,13,40,20,21,0,46,21
482002,1,1,1989,6,0,24,10,0,0,0,17,24,0
482003,1,1,1989,0,0,0,0,0,0,0,0,0,0
482003,2,1,1989,4,4,4,4,4,4,4,4,4,4
482004,1,1,1989,11,11,11,11,11,11,11,11,11,11
482004,2,1,1989,17,17,17,17,17,17,17,17,17,17
482005,1,1,1989,0,15,0,0,20,0,22,23,0,0
482006,1,1,1989,24,24,24,24,24,24,24,24,24,24
482007,1,1,1989,12,0,0,0,0,0,0,0,0,0
482008,1,1,1989,0,0,0,0,0,0,0,0,0,0
482009,1,1,1989,0,0,0,0,0,0,0,0,0,0
482009,2,1,1989,21,0,0,0,22,0,0,0,0,5
482010,1,1,1989,6,10,26,17,9,7,17,13,18,23
482011,1,1,1989,12,0,5,24,12,7,12,0,0,19
482012,1,1,1989,26,0,14,0,4,0,0,6,5,12
482012,2,1,1989,0,0,0,0,0,7,0,0,13,12
482013,1,1,1989,26,26,26,26,26,26,26,26,26,26
482014,1,1,1989,0,0,0,0,0,0,0,0,0,0
482015,1,1,1989,37,37,37,37,37,37,37,37,37,37
482016,0,1,1989,0,0,8,0,10,0,0,0,0,0
482016,1,1,1989,0,0,0,0,0,0,0,6,0,0
482017,1,1,1989,0,0,0,0,0,0,0,0,0,0
482017,2,1,1989,0,0,0,0,0,0,0,0,0,0
482018,1,1,1989,0,0,0,0,0,0,0,0,0,0
482019,1,1,1989,0,0,13,12,21,8,7,0,0,0
482019,2,1,1989,0,0,0,0,0,0,0,0,0,0
482020,1,1,1989,35,35,35,35,35,35,35,35,35,35
482021,0,1,1989,0,0,0,0,0,0,0,0,0,0
482021,1,1,1989,0,0,0,0,0,0,0,0,0,0
482022,1,1,1989,0,0,0,0,0,0,0,0,0,0
482023,1,1,1989,11,11,11,11,11,11,11,11,11,11
482024,1,1,1989,16,16,16,16,16,16,16,16,16,16
482025,1,1,1989,10,10,10,10,10,10,10,10,10,10
482026,1,1,1989,12,12,12,12,12,12,12,12,12,12
482026,2,1,1989,0,0,0,0,0,0,0,0,0,0
482027,1,1,1989,0,0,0,0,0,0,0,0,0,0
482028,1,1,1989,0,0,0,0,0,0,0,0,0,0
482028,2,1,1989,0,0,0,0,0,0,0,0,0,0
482029,1,1,1989,23,23,23,23,23,23,23,23,23,23
482029,2,1,1989,0,0,0,0,0,0,0,0,0,0
482030,1,1,1989,8,0,12,0,0,0,16,0,0,0
482031,1,1,1989,0,0,21,12,18,14,24,3,0,16
482032,1,1,1989,23,23,23,23,23,23,23,23,23,23
482033,1,1,1989,0,0,0,0,0,0,0,0,0,0
482033,2,1,1989,0,0,0,0,0,0,0,0,0,0
482034,1,1,1989,0,0,0,0,0,0,0,0,16,0
482034,2,1,1989,10,10,10,10,10,10,10,10,10,10
482035,1,1,1989,0,0,0,0,0,0,0,0,0,0
482036,1,1,1989,0,0,0,0,0,0,0,0,0,0
482036,2,1,1989,0,0,0,0,0,0,0,0,0,18
482037,1,1,1989,25,25,25,25,25,25,25,25,25,25
482037,2,1,1989,0,0,0,0,14,0,0,0,26,0
482038,1,1,1989,21,21,21,21,21,21,21,21,21,21
482038,2,1,1989,0,0,0,10,0,6,0,0,17,0
482039,0,1,1989,25,25,25,25,25,25,25,25,25,25
482039,1,1,1989,0,0,0,0,0,7,20,0,0,0
482040,0,1,1989,0,0,0,0,0,0,0,0,0,0
482040,1,1,1989,0,7,0,0,0,0,0,0,0,0
482041,1,1,1989,0,0,0,0,0,0,0,0,6,0
482041,2,1,1989,0,0,0,0,0,0,0,0,0,0
482042,1,1,1989,0,0,0,0,0,0,0,0,0,0
482042,2,1,1989,0,0,0,0,0,0,0,0,0,0
482043,1,1,1989,0,0,0,0,9,12,23,0,16,0
482044,1,1,1989,0,0,0,0,0,0,12,0,0,0
482044,2,1,1989,0,0,0,0,0,0,0,0,0,0
482045,0,1,1989,0,0,0,0,0,0,0,0,0,0
482045,1,1,1989,0,0,0,0,0,0,0,0,0,0
482046,1,1,1989,0,0,0,0,0,7,0,0,0,0
482047,0,1,1989,0,11,0,44,0,0,31,0,17,19
482047,1,1,1989,0,12,4,36,14,7,16,0,0,0
482048,1,1,1989,0,0,0,0,0,0,0,0,0,0
482048,2,1,1989,23,23,23,23,23,23,23,23,23,23
482049,1,1,1989,0,0,0,0,0,0,0,0,0,0
482049,2,1,1989,0,0,0,0,0,0,0,0,0,0
482050,0,1,1989,0,0,0,0,0,0,0,0,0,0
482050,1,1,1989,31,31,31,31,31,31,31,31,31,31
482051,1,1,1989,26,26,26,26,26,26,26,26,26,26
482051,2,1,1989,0,0,0,0,0,0,0,0,0,0
482052,1,1,1989,0,0,0,0,0,0,0,0,0,0
482052,2,1,1989,0,0,0,0,0,0,0,0,0,0
482053,1,1,1989,15,15,15,15,15,15,15,15,15,15
482053,2,1,1989,13,6,0,0,0,0,0,0,0,0
482054,1,1,1989,20,20,20,20,20,20,20,20,20,20
482055,1,1,1989,0,0,0,0,0,0,0,0,0,0
482056,0,1,1989,0,0,0,0,0,0,0,0,0,0
482056,1,1,1989,0,0,0,0,0,0,0,0,0,0
482057,1,1,1989,0,0,0,0,20,0,0,0,0,10
482058,1,1,1989,18,18,18,18,18,18,18,18,18,18
482059,1,1,1989,0,0,0,0,0,7,0,0,0,0
482060,1,1,1989,0,0,0,0,0,0,0,0,0,0
482060,2,1,1989,0,0,0,0,0,0,0,12,0,0
482061,1,1,1989,28,28,28,28,28,28,28,28,28,28
482062,1,1,1989,18,18,18,18,18,18,18,18,18,18
482063,1,1,1989,0,0,0,0,0,0,0,0,0,0
482063,2,1,1989,0,0,0,0,0,0,0,0,0,0
482064,1,1,1989,0,0,0,0,0,0,0,0,0,0
482064,2,1,1989,0,0,0,0,0,0,0,0,0,0
482065,0,1,1989,29,29,29,29,29,29,29,29,29,29
482065,1,1,1989,0,0,0,0,0,0,0,0,0,0
482066,1,1,1989,15,16,0,0,0,0,0,0,0,0
482067,0,1,1989,29,29,29,29,29,29,29,29,29,29
482067,1,1,1989,0,14,0,0,8,17,0,28,0,0
482068,1,1,1989,20,20,20,20,20,20,20,20,20,20
482068,2,1,1989,15,12,0,0,0,23,0,0,6,0
482069,1,1,1989,18,38,24,30,17,18,21,14,15,20
482070,1,1,1989,30,19,15,19,0,26,13,27,9,48
482071,1,1,1989,14,14,14,14,14,14,14,14,14,14
482072,1,1,1989,0,0,0,0,0,0,0,0,0,0
482072,2,1,1989,0,0,0,0,0,0,0,0,0,0
482073,1,1,1989,20,8,7,0,0,0,14,0,0,0
482073,2,1,1989,0,0,0,0,0,0,0,0,9,0
482074,1,1,1989,33,28,7,13,0,21,19,11,11,16
482075,1,1,1989,18,18,18,18,18,18,18,18,18,18
482076,1,1,1989,14,0,16,0,13,0,11,0,25,16
482076,2,1,1989,0,0,0,0,19,0,0,0,8,0
482077,1,1,1989,0,0,0,0,0,0,0,14,0,0
482078,1,1,1989,16,16,16,16,16,16,16,16,16,16
482078,2,1,1989,7,7,7,7,7,7,7,7,7,7
482079,1,1,1989,21,27,0,21,24,17,17,0,14,0
482080,1,1,1989,7,19,14,22,6,19,9,9,24,0
482080,2,1,1989,24,24,24,24,24,24,24,24,24,24
482081,1,1,1989,14,14,14,14,14,14,14,14,14,14
482081,2,1,1989,0,0,0,0,0,0,0,0,0,0
482082,0,1,1989,0,0,0,0,0,0,0,0,0,0
482082,1,1,1989,25,0,20,0,0,0,0,0,0,0
482083,0,1,1989,0,0,0,0,0,0,0,0,0,0
482083,1,1,1989,0,0,0,29,0,17,0,0,0,0
482084,1,1,1989,8,8,8,8,8,8,8,8,8,8
482084,2,1,1989,0,0,0,0,0,0,12,0,15,0
482084,3,1,1989,11,0,0,0,0,0,0,0,0,0
482085,1,1,1989,21,21,21,21,21,21,21,21,21,21
482086,0,1,1989,0,0,0,0,0,0,0,0,0,0
482086,1,1,1989,0,0,0,0,0,0,0,0,0,0
482086,2,1,1989,0,0,0,0,0,0,0,0,0,31
482087,1,1,1989,0,0,0,0,0,0,0,0,0,0
482087,2,1,1989,0,0,0,0,0,0,0,0,0,0
482088,1,1,1989,0,0,0,0,0,0,0,0,0,0
482088,2,1,1989,0,0,0,0,0,0,0,0,15,0
482088,3,1,1989,0,0,0,0,0,0,0,20,0,0
482089,1,1,1989,0,0,0,0,0,0,0,0,0,0
482089,2,1,1989,0,0,0,0,0,0,0,0,0,0
482090,1,1,1989,31,7,8,29,11,19,7,13,16,35
482091,1,1,1989,9,9,9,9,9,9,9,9,9,9
482092,1,1,1989,26,18,28,14,13,26,19,19,14,10
482093,1,1,1989,16,20,22,12,26,34,26,18,24,16
482094,1,1,1989,20,20,20,20,20,20,20,20,20,20
482095,1,1,1989,0,14,0,8,0,0,0,0,13,0
482095,2,1,1989,0,0,0,0,0,0,6,0,0,0
482095,3,1,1989,0,0,0,0,0,0,0,0,0,0
482096,0,1,1989,17,17,17,17,17,17,17,17,17,17
482096,1,1,1989,7,28,22,0,0,10,0,15,0,0
482097,1,1,1989,23,9,0,5,0,13,14,0,14,0
482097,2,1,1989,0,0,0,0,0,0,0,0,0,0
482098,1,1,1989,0,0,0,0,0,0,0,0,0,0
482099,1,1,1989,0,25,4,0,0,0,15,0,0,13
482100,1,1,1989,32,15,11,11,24,34,20,6,12,30
482101,1,1,1989,29,29,29,29,29,29,29,29,29,29
482102,1,1,1989,17,5,0,0,0,0,0,0,0,0
482102,2,1,1989,0,40,21,26,21,34,0,40,16,35
482103,1,1,1989,21,21,21,21,21,21,21,21,21,21
482103,2,1,1989,0,0,0,0,0,0,14,0,17,0
482103,3,1,1989,0,0,0,0,0,0,0,0,0,0
482104,1,1,1989,0,0,0,0,0,0,0,0,0,0
482104,2,1,1989,0,0,0,0,0,0,0,0,0,0
482105,1,1,1989,0,0,0,0,0,0,0,0,0,0
482105,2,1,1989,0,0,0,0,0,0,0,0,0,0
482106,0,1,1989,7,0,0,0,0,0,14,0,26,0
482106,1,1,1989,0,0,0,0,0,0,0,0,0,0
482107,1,1,1989,0,0,0,0,0,0,0,0,0,0
482107,2,1,1989,0,0,0,0,0,0,0,0,0,0
482108,1,1,1989,0,0,0,0,0,0,0,0,0,0
482108,2,1,1989,0,25,0,5,22,0,11,0,24,0
482109,1,1,1989,0,0,0,0,0,0,0,0,0,0
482109,2,1,1989,0,0,0,0,0,0,0,4,0,0
482110,1,1,1989,4,4,4,4,4,4,4,4,4,4
482111,1,1,1989,0,0,0,0,0,0,0,0,0,0
482111,2,1,1989,0,0,0,0,0,0,0,0,0,0
482112,1,1,1989,23,0,16,14,0,13,0,0,0,6
482113,1,1,1989,0,0,0,0,0,0,0,0,0,0
482113,2,1,1989,0,0,0,0,0,0,0,0,0,0
482114,1,1,1989,0,0,0,0,0,0,0,0,0,0
482114,2,1,1989,3,0,0,0,8,0,6,0,0,0
482115,1,1,1989,0,0,0,0,0,0,0,0,0,0
482116,1,1,1989,0,0,0,0,0,0,0,0,0,0
482117,1,1,1989,0,0,0,0,0,0,15,0,0,9
482117,2,1,1989,0,0,0,0,0,0,0,0,0,0
482118,1,1,1989,13,0,0,0,0,0,19,0,0,0
482118,2,1,1989,0,0,11,0,0,0,23,0,0,0
482119,1,1,1989,0,0,0,0,0,0,0,0,0,0
482119,2,1,1989,0,0,0,0,0,0,0,0,0,0
482119,3,1,1989,0,0,0,0,13,0,0,0,0,0
482119,4,1,1989,0,0,0,0,0,0,0,0,0,0
482120,1,1,1989,16,16,16,16,16,16,16,16,16,16
482121,1,1,1989,0,0,15,0,0,13,0,0,0,0
482121,2,1,1989,0,0,0,13,0,0,16,0,22,0
482122,1,1,1989,0,0,0,0,0,0,0,0,0,0
482123,0,1,1989,24,27,0,28,0,0,11,21,15,0
482123,0,2,1989,0,9,12,0,6,14,20,19,0,0
482123,2,1,1989,0,0,0,10,0,22,0,13,0,17
482124,1,1,1989,11,11,11,11,11,11,11,11,11,11
482124,2,1,1989,0,0,0,0,0,0,0,0,0,0
482125,1,1,1989,15,15,15,15,15,15,15,15,15,15
482126,1,1,1989,0,23,0,0,0,0,0,0,0,0
482127,1,1,1989,0,0,0,0,0,0,10,0,0,0
482128,1,1,1989,16,16,16,16,16,16,16,16,16,16
482129,1,1,1989,0,6,19,10,21,21,25,0,4,16
482129,2,1,1989,0,0,0,0,0,0,10,0,0,3
482130,1,1,1989,0,0,0,0,0,20,0,13,0,0
482130,2,1,1989,0,0,0,0,0,0,7,0,3,0
482131,1,1,1989,14,14,14,14,14,14,14,14,14,14
482132,1,1,1989,0,0,0,0,0,0,0,0,0,0
482133,1,1,1989,0,15,0,12,13,0,19,32,16,0
482133,2,1,1989,16,16,16,16,16,16,16,16,16,16
482134,1,1,1989,0,0,0,0,0,0,0,0,0,0
482135,1,1,1989,0,0,0,0,0,0,0,0,0,0
482136,1,1,1989,0,10,0,29,0,0,17,0,0,22
482137,1,1,1989,10,10,10,10,10,10,10,10,10,10
482138,1,1,1989,14,14,14,14,14,14,14,14,14,14
482139,1,1,1989,0,0,0,0,0,0,0,0,0,0
482139,2,1,1989,13,13,13,13,13,13,13,13,13,13
482140,1,1,1989,10,24,17,25,11,13,22,24,12,0
482141,0,1,1989,0,21,0,0,0,0,17,0,0,0
482141,0,2,1989,0,0,13,4,0,29,0,0,15,0
482141,1,1,1989,0,0,0,0,0,0,0,0,0,0
482142,0,1,1989,0,0,15,23,24,17,19,15,0,0
482142,1,1,1989,1,14,18,18,17,18,6,0,15,0
482142,2,1,1989,0,0,0,0,0,0,0,0,0,0
482143,1,1,1989,17,17,17,17,17,17,17,17,17,17
482144,0,1,1989,0,0,0,0,0,0,0,0,0,0
482144,1,1,1989,0,0,0,0,0,0,0,0,0,0
482145,1,1,1989,12,12,12,12,12,12,12,12,12,12
482146,1,1,1989,11,11,11,11,11,11,11,11,11,11
482146,2,1,1989,0,0,0,0,0,0,0,0,0,0
482147,1,1,1989,31,31,31,31,31,31,31,31,31,31
482148,1,1,1989,14,15,6,13,0,0,0,0,10,0
482149,1,1,1989,16,16,16,16,16,16,16,16,16,16
482151,1,1,1989,0,0,0,0,0,0,0,0,0,0
482151,2,1,1989,0,0,0,0,0,0,0,0,0,0
482151,3,1,1989,0,0,0,0,0,0,0,0,0,0
482151,4,1,1989,0,0,0,0,3,0,0,0,0,0
482152,1,1,1989,0,0,0,0,0,0,0,0,0,0
482152,2,1,1989,15,0,0,0,0,0,0,0,0,0
482153,1,1,1989,17,17,17,17,17,17,17,17,17,17
482153,2,1,1989,0,0,0,0,0,0,0,0,0,0
482154,1,1,1989,0,0,0,0,0,0,0,0,0,0
482154,2,1,1989,0,0,0,0,0,0,0,0,0,0
482155,1,1,1989,0,0,0,0,9,0,0,0,0,0
482155,2,1,1989,0,0,0,0,23,18,9,0,0,0
482156,1,1,1989,9,11,17,9,9,0,11,26,17,28
482157,1,1,1989,17,17,17,17,17,17,17,17,17,17
482158,0,1,1989,17,17,17,17,17,17,17,17,17,17
482158,1,1,1989,0,0,0,0,0,0,0,0,0,0
482159,1,1,1989,0,0,0,0,0,0,0,0,0,0
482159,2,1,1989,0,0,0,0,0,0,0,0,0,0
482160,1,1,1989,0,0,0,0,0,0,0,0,0,0
482161,1,1,1989,0,0,0,0,4,0,0,21,0,0
482162,1,1,1989,0,20,0,30,0,6,0,22,26,0
482163,0,1,1989,0,23,19,0,0,19,13,0,3,0
482163,1,1,1989,0,0,0,0,0,0,0,0,0,0
482164,1,1,1989,0,0,0,0,0,0,0,0,0,0
482164,2,1,1989,0,0,0,0,7,0,15,0,0,0
482165,1,1,1989,0,0,0,0,6,0,29,0,0,0
482165,2,1,1989,0,0,0,0,0,0,0,0,0,0
482166,1,1,1989,0,0,0,0,0,0,0,0,0,0
482166,2,1,1989,0,0,0,0,0,0,11,0,0,0
482166,3,1,1989,0,0,0,26,11,0,0,0,23,11
482167,0,1,1989,25,19,13,27,30,21,25,21,30,0
482167,1,1,1989,0,8,34,5,0,18,0,5,0,0
482168,1,1,1989,23,23,23,23,23,23,23,23,23,23
482169,0,1,1989,37,37,37,37,37,37,37,37,37,37
482169,1,1,1989,0,13,0,0,0,0,0,0,0,0
482170,1,1,1989,20,20,20,20,20,20,20,20,20,20
482170,2,1,1989,25,0,17,0,10,0,13,18,0,0
482171,1,1,1989,0,0,5,0,0,0,0,0,0,0
482171,2,1,1989,15,15,2,3,16,16,14,20,8,0
482172,1,1,1989,0,0,0,0,0,0,0,0,0,0
482173,1,1,1989,0,0,13,0,16,0,0,0,0,0
482173,2,1,1989,20,20,20,20,20,20,20,20,20,20
482174,1,1,1989,0,21,0,0,0,0,0,0,14,0
482175,1,1,1989,33,33,33,33,33,33,33,33,33,33
482176,0,1,1989,2,2,2,2,2,2,2,2,2,2
482176,1,1,1989,21,21,21,21,21,21,21,21,21,21
482177,0,1,1989,0,21,0,34,32,0,0,0,0,4
482177,1,1,1989,15,15,15,15,15,15,15,15,15,15
482178,1,1,1989,19,19,19,19,19,19,19,19,19,19
482179,1,1,1989,0,0,0,0,0,0,0,9,0,0
482179,2,1,1989,0,0,0,0,0,0,0,0,0,4
482180,1,1,1989,15,15,15,15,15,15,15,15,15,15
482181,1,1,1989,36,36,36,36,36,36,36,36,36,36
482182,1,1,1989,0,0,0,0,0,0,0,0,0,0
482182,2,1,1989,0,0,0,0,0,0,0,0,0,0
482183,1,1,1989,14,14,14,14,14,14,14,14,14,14
482184,1,1,1989,0,26,0,0,0,0,19,0,0,15
482184,2,1,1989,0,0,14,0,0,0,0,0,0,0
482185,0,1,1989,0,0,15,16,0,16,20,0,14,0
482185,1,1,1989,0,0,0,0,28,0,0,0,13,0
482185,2,1,1989,0,0,0,0,4,0,0,10,0,0
482186,0,1,1989,30,30,30,30,30,30,30,30,30,30
482186,1,1,1989,5,5,5,5,5,5,5,5,5,5
482187,1,1,1989,25,25,25,25,25,25,25,25,25,25
482188,1,1,1989,24,24,24,24,24,24,24,24,24,24
482189,1,1,1989,16,16,16,16,16,16,16,16,16,16
482190,1,1,1989,0,0,0,0,0,0,0,0,0,10
482190,2,1,1989,0,0,0,0,0,0,0,0,0,0
482191,1,1,1989,30,30,30,30,30,30,30,30,30,30
482191,2,1,1989,14,0,0,0,0,14,0,0,14,0
482192,1,1,1989,10,10,17,11,13,14,27,0,34,23
482193,1,1,1989,12,31,0,15,0,12,0,18,0,0
482194,1,1,1989,0,21,12,0,5,0,20,0,12,13
482195,1,1,1989,0,0,0,0,0,0,0,0,0,0
482195,2,1,1989,0,0,0,0,0,0,0,0,0,0
482197,1,1,1989,17,0,6,15,0,0,0,19,0,0
482197,2,1,1989,0,0,0,0,0,15,0,0,0,0
482198,1,1,1989,6,11,13,16,5,12,5,16,9,0
482199,1,1,1989,0,8,0,17,0,0,0,13,0,0
482199,2,1,1989,0,0,0,8,13,34,0,14,0,0
482200,1,1,1989,25,25,25,25,25,25,25,25,25,25
482201,1,1,1989,0,0,0,0,0,0,0,0,0,0
482202,1,1,1989,5,5,5,5,5,5,5,5,5,5
482203,1,1,1989,0,0,0,0,0,0,0,0,0,0
482203,2,1,1989,22,0,0,0,29,0,0,11,0,0
482204,1,1,1989,0,0,0,0,0,0,0,0,0,0
482204,2,1,1989,0,0,0,0,0,0,0,0,0,0
482205,1,1,1989,0,0,0,13,0,0,0,0,0,0
482205,2,1,1989,0,0,0,0,0,0,0,0,0,0
482206,1,1,1989,8,8,8,8,8,8,8,8,8,8
482207,0,1,1989,0,19,10,28,12,15,19,0,11,23
482207,1,1,1989,0,0,0,0,0,0,0,0,10,0
482208,0,1,1989,0,12,0,0,0,0,0,5,0,9
482208,1,1,1989,0,0,0,0,0,0,0,0,0,0
482209,1,1,1989,0,0,0,0,0,0,0,0,0,0
482209,2,1,1989,0,0,0,0,0,0,0,0,0,0
482209,3,1,1989,0,0,0,0,0,0,0,0,0,0
482210,1,1,1989,0,0,0,0,25,0,0,28,0,29
482211,1,1,1989,0,0,0,0,0,0,0,0,0,0
482211,2,1,1989,0,0,23,0,0,0,15,0,0,0
482212,1,1,1989,14,14,14,14,14,14,14,14,14,14
482212,2,1,1989,0,0,0,0,0,0,0,0,0,0
482213,1,1,1989,0,0,0,0,0,0,0,0,0,0
482214,1,1,1989,0,0,0,0,0,0,0,0,0,0
482215,1,1,1989,0,0,0,0,0,7,0,0,0,0
482215,2,1,1989,0,0,0,0,0,0,0,0,0,0
482216,1,1,1989,0,0,0,0,0,0,0,0,0,0
482217,1,1,1989,19,19,19,19,19,19,19,19,19,19
482217,2,1,1989,13,4,0,0,7,24,0,11,7,0
482218,1,1,1989,0,0,0,0,0,0,0,0,0,0
482219,1,1,1989,19,19,19,19,19,19,19,19,19,19
482220,1,1,1989,0,0,0,0,0,0,0,0,0,0
482220,2,1,1989,0,0,0,0,0,12,0,0,0,0
482221,1,1,1989,8,14,24,38,0,0,0,12,32,23
482222,1,1,1989,36,36,36,36,36,36,36,36,36,36
482223,1,1,1989,0,0,0,0,0,0,0,0,0,0
482223,2,1,1989,20,20,20,20,20,20,20,20,20,20
482224,0,1,1989,14,32,24,30,18,52,17,14,21,20
482224,1,1,1989,13,0,18,20,0,0,8,19,14,17
482225,0,1,1989,0,17,35,12,14,15,0,0,0,0
482225,1,1,1989,0,0,0,0,0,0,0,0,0,0
482226,0,1,1989,0,0,0,0,0,0,0,0,0,0
482226,0,2,1989,0,20,0,20,0,0,0,0,14,0
482226,1,1,1989,0,0,0,0,0,0,0,0,0,0
482227,1,1,1989,0,0,0,0,0,0,0,0,0,0
482228,1,1,1989,20,20,20,20,20,20,20,20,20,20
482229,1,1,1989,0,0,0,0,0,0,0,0,0,0
482230,1,1,1989,0,0,0,0,0,0,0,0,13,0
482231,1,1,1989,0,0,0,0,0,0,0,0,0,0
482232,1,1,1989,0,0,0,0,0,0,0,0,0,0
482232,2,1,1989,0,0,0,0,0,10,0,0,0,0
482233,1,1,1989,24,24,24,24,24,24,24,24,24,24
482234,1,1,1989,22,22,22,22,22,22,22,22,22,22
482235,1,1,1989,14,14,14,14,14,14,14,14,14,14
482235,2,1,1989,0,0,0,0,0,0,0,0,0,0
482236,0,1,1989,0,0,0,0,0,0,0,0,0,0
482236,1,1,1989,0,0,0,0,0,0,0,0,0,17
482237,1,1,1989,0,22,0,0,0,10,14,13,19,9
482238,1,1,1989,20,20,20,20,20,20,20,20,20,20
482239,1,1,1989,8,8,8,8,8,8,8,8,8,8
482240,0,1,1989,0,0,0,0,0,0,0,0,0,0
482240,1,1,1989,0,0,0,0,0,0,0,0,0,0
482241,0,1,1989,0,0,0,0,0,0,0,0,0,0
482241,1,1,1989,0,0,0,0,0,0,0,0,0,0
482242,1,1,1989,27,27,27,27,27,27,27,27,27,27
482243,1,1,1989,0,0,0,0,0,0,0,0,11,0
482243,2,1,1989,0,0,0,0,0,0,0,0,0,0
482244,1,1,1989,0,0,0,0,0,0,0,0,0,0
482244,2,1,1989,0,0,0,0,0,0,0,0,5,0
482244,3,1,1989,0,0,0,0,0,0,0,0,0,0