ST_CASE,VEH_NO,PER_NO,YEAR,P1,P2,P3,P4,P5,P6,P7,P8,P9,P10
482245,0,1,1989,0,0,25,22,0,0,0,0,0,0
482245,1,1,1989,26,26,26,26,26,26,26,26,26,26
482246,1,1,1989,11,8,31,25,28,0,25,0,23,4
482247,1,1,1989,0,0,0,0,0,0,0,0,0,0
482247,2,1,1989,22,30,0,0,0,0,0,0,0,19
482247,3,1,1989,0,0,0,0,0,0,0,0,0,0
482248,1,1,1989,0,0,0,0,0,0,0,0,0,0
482249,0,1,1989,0,0,0,0,0,0,0,0,0,0
482249,1,1,1989,11,0,0,0,0,0,0,0,0,0
482250,1,1,1989,0,0,0,0,0,0,0,0,0,24
482250,2,1,1989,17,17,17,17,17,17,17,17,17,17
482251,1,1,1989,19,19,19,19,19,19,19,19,19,19
482251,2,1,1989,12,2,12,14,11,13,11,7,9,11
482252,1,1,1989,17,0,10,11,0,15,16,0,8,13
482252,2,1,1989,13,10,6,36,21,14,4,13,26,14
482253,1,1,1989,0,0,0,0,0,0,0,0,0,0
482253,2,1,1989,0,0,0,0,0,0,0,0,0,0
482253,3,1,1989,0,0,0,0,0,0,0,0,0,0
482254,1,1,1989,0,0,0,0,0,0,0,0,0,0
482255,1,1,1989,31,31,31,31,31,31,31,31,31,31
482256,1,1,1989,8,13,15,0,0,8,2,0,0,0
482257,0,1,1989,17,17,17,17,17,17,17,17,17,17
482257,1,1,1989,3,0,0,0,0,0,0,0,5,0
482258,0,1,1989,17,0,0,0,23,0,0,0,0,0
482258,1,1,1989,6,6,6,6,6,6,6,6,6,6
482259,1,1,1989,19,12,15,24,20,18,19,0,13,4
482260,0,1,1989,0,0,0,0,0,0,0,0,0,0
482260,1,1,1989,0,0,0,0,0,0,0,0,0,0
482261,1,1,1989,0,0,0,0,0,0,0,0,0,0
482262,1,1,1989,0,0,0,0,14,21,0,0,0,0
482263,1,1,1989,0,0,0,0,0,0,0,0,0,0
482264,1,1,1989,0,0,0,0,9,0,0,0,6,0
482265,1,1,1989,0,0,0,0,0,0,0,0,0,0
482267,1,1,1989,0,0,0,0,0,0,0,0,0,0
482267,2,1,1989,0,0,0,0,0,0,0,0,0,0
482268,1,1,1989,0,0,0,0,0,0,0,0,0,0
482268,2,1,1989,0,0,0,0,0,0,0,0,0,0
482269,1,1,1989,21,21,21,21,21,21,21,21,21,21
482270,1,1,1989,0,0,0,0,0,0,0,0,0,0
482270,2,1,1989,17,17,17,17,17,17,17,17,17,17
482271,1,1,1989,0,20,12,22,0,10,20,13,23,0
482271,2,1,1989,0,13,0,0,0,0,0,0,0,0
482272,1,1,1989,0,0,0,0,0,0,0,0,0,0
482273,1,1,1989,33,33,33,33,33,33,33,33,33,33
482274,0,1,1989,0,8,0,9,0,0,0,0,31,0
482274,1,1,1989,0,0,0,0,0,0,0,0,0,16
482275,1,1,1989,12,12,12,12,12,12,12,12,12,12
482276,1,1,1989,8,8,8,8,8,8,8,8,8,8
482277,1,1,1989,0,0,0,0,0,0,0,0,0,0
482277,2,1,1989,0,0,0,0,0,0,0,0,0,0
482278,1,1,1989,0,0,0,0,0,0,0,35,0,0
482279,1,1,1989,0,0,0,0,0,0,0,0,0,0
482279,2,1,1989,20,20,20,20,20,20,20,20,20,20
482280,0,1,1989,3,15,0,0,26,0,0,0,0,0
482280,1,1,1989,0,0,0,0,0,0,0,0,0,15
482280,2,1,1989,9,0,0,0,0,0,0,0,0,0
482281,1,1,1989,0,0,0,0,0,0,26,0,15,0
482282,1,1,1989,20,0,0,0,0,0,0,0,0,0
482283,1,1,1989,5,0,0,0,0,0,0,0,0,0
482283,2,1,1989,6,0,0,0,0,0,0,0,0,0
482284,1,1,1989,0,0,0,16,7,16,0,0,0,0
482285,1,1,1989,13,13,13,13,13,13,13,13,13,13
482285,2,1,1989,0,0,0,0,0,0,0,0,0,0
482286,0,1,1989,5,5,5,5,5,5,5,5,5,5
482286,1,1,1989,0,18,0,0,0,0,0,0,0,0
482287,1,1,1989,0,0,0,0,0,0,0,0,0,0
482287,2,1,1989,4,0,0,19,0,0,10,15,0,0
482288,1,1,1989,0,0,0,0,0,11,15,0,0,0
482290,0,1,1989,26,26,26,26,26,26,26,26,26,26
482290,1,1,1989,0,0,23,21,9,0,0,14,5,4
482291,0,1,1989,20,20,20,20,20,20,20,20,20,20
482291,1,1,1989,0,0,0,0,0,0,0,0,0,0
482292,1,1,1989,0,0,0,0,0,0,0,18,0,0
482293,1,1,1989,18,18,18,18,18,18,18,18,18,18
482293,2,1,1989,0,0,11,0,0,0,0,0,0,0
482294,0,1,1989,0,22,0,32,24,0,0,0,0,14
482294,1,1,1989,0,0,0,0,10,10,0,19,0,0
482295,1,1,1989,0,0,0,0,0,0,0,0,19,0
482295,2,1,1989,0,0,0,0,0,0,0,0,0,0
482296,1,1,1989,0,0,0,0,0,0,0,0,0,0
482296,2,1,1989,0,0,0,0,0,0,0,0,0,0
482297,1,1,1989,16,16,16,16,16,16,16,16,16,16
482298,1,1,1989,0,0,0,0,0,0,0,0,0,0
482298,2,1,1989,0,13,0,0,0,22,20,0,17,0
482299,1,1,1989,0,0,0,0,0,10,0,0,0,2
482299,2,1,1989,0,0,0,9,17,0,0,0,0,0
482300,1,1,1989,0,0,0,0,0,0,0,0,0,0
482300,2,1,1989,0,0,0,0,0,2,0,0,0,0
482300,3,1,1989,0,0,0,0,0,0,0,0,0,0
482301,1,1,1989,0,0,0,0,0,0,0,0,0,0
482301,2,1,1989,0,0,0,0,0,0,0,0,0,0
482302,1,1,1989,22,22,22,22,22,22,22,22,22,22
482303,1,1,1989,0,0,0,0,0,0,0,0,0,0
482303,2,1,1989,19,17,0,16,0,0,0,0,0,0
482303,3,1,1989,0,0,0,0,10,0,0,26,0,0
482303,4,1,1989,0,0,0,0,0,0,0,0,0,0
482303,5,1,1989,0,0,0,0,0,0,0,0,0,0
482304,1,1,1989,17,17,17,17,17,17,17,17,17,17
482304,2,1,1989,0,0,0,0,0,0,0,0,0,0
482305,1,1,1989,0,0,0,0,0,0,0,0,0,0
482305,2,1,1989,0,0,0,0,0,11,0,0,0,0
482305,3,1,1989,12,0,17,9,21,0,0,20,33,0
482306,1,1,1989,0,0,0,0,0,0,0,0,0,15
482306,2,1,1989,0,0,0,0,0,0,0,0,0,0
482307,0,1,1989,0,0,0,0,0,0,0,0,0,0
482307,1,1,1989,0,0,0,0,0,0,0,0,0,0
482308,0,1,1989,25,17,19,0,29,21,20,0,30,7
482308,1,1,1989,0,0,0,0,0,0,0,0,0,0
482309,1,1,1989,12,35,14,15,29,25,26,9,20,7
482310,1,1,1989,11,11,11,11,11,11,11,11,11,11
482311,1,1,1989,17,12,0,8,0,0,0,0,0,0
482311,2,1,1989,0,0,0,0,0,0,0,0,0,0
482312,1,1,1989,16,16,16,16,16,16,16,16,16,16
482312,2,1,1989,19,0,0,0,0,0,0,0,0,0
482313,1,1,1989,20,20,20,20,20,20,20,20,20,20
482313,2,1,1989,14,0,17,0,0,12,13,0,14,21
482314,1,1,1989,6,0,12,27,9,13,0,39,21,25
482314,2,1,1989,0,0,0,0,0,5,0,0,0,0
482315,1,1,1989,0,0,0,0,0,0,0,0,0,0
482315,2,1,1989,0,0,0,0,0,0,0,0,0,0
482316,1,1,1989,0,0,0,0,0,0,0,0,0,0
482316,2,1,1989,0,0,0,0,0,0,0,0,0,0
482317,1,1,1989,38,38,38,38,38,38,38,38,38,38
482318,1,1,1989,0,20,28,0,15,18,10,26,27,12
482319,1,1,1989,11,11,11,11,11,11,11,11,11,11
482320,1,1,1989,27,27,27,27,27,27,27,27,27,27
482320,2,1,1989,0,0,0,0,0,0,0,0,0,0
482321,1,1,1989,6,6,6,6,6,6,6,6,6,6
482322,1,1,1989,6,18,42,16,24,8,12,5,28,20
482323,1,1,1989,39,39,39,39,39,39,39,39,39,39
482324,1,1,1989,17,5,12,13,9,2,12,22,9,19
482325,1,1,1989,16,0,0,0,6,0,0,0,0,16
482325,2,1,1989,4,28,0,0,0,0,0,0,0,0
482325,3,1,1989,17,0,0,0,0,0,0,2,0,0
482326,1,1,1989,23,23,23,23,23,23,23,23,23,23
482326,2,1,1989,0,0,0,0,0,0,8,0,0,13
482327,1,1,1989,29,29,29,29,29,29,29,29,29,29
482328,1,1,1989,15,15,15,15,15,15,15,15,15,15
482329,1,1,1989,27,27,27,27,27,27,27,27,27,27
482330,1,1,1989,22,22,22,22,22,22,22,22,22,22
482330,2,1,1989,1,1,1,1,1,1,1,1,1,1
482331,1,1,1989,0,0,0,15,0,0,25,0,33,0
482331,2,1,1989,0,0,13,0,24,11,26,8,19,27
482332,0,1,1989,0,0,0,0,0,0,0,0,0,0
482332,1,1,1989,0,0,0,0,0,0,0,0,0,0
482333,0,1,1989,0,0,0,0,0,0,0,0,0,0
482333,1,1,1989,0,0,0,0,0,0,0,0,0,0
482334,1,1,1989,9,9,9,9,9,9,9,9,9,9
482335,1,1,1989,0,0,18,0,0,0,0,0,0,0
482336,1,1,1989,10,10,10,10,10,10,10,10,10,10
482337,1,1,1989,0,0,0,0,0,0,0,0,0,0
482337,2,1,1989,0,0,0,0,0,0,0,0,0,0
482338,1,1,1989,20,20,20,20,20,20,20,20,20,20
482339,1,1,1989,32,32,32,32,32,32,32,32,32,32
482340,1,1,1989,21,21,21,21,21,21,21,21,21,21
482341,1,1,1989,17,17,17,17,17,17,17,17,17,17
482342,1,1,1989,0,0,0,0,0,0,0,0,0,0
482342,2,1,1989,0,0,0,0,0,0,0,0,0,0
482343,1,1,1989,0,0,0,0,0,0,0,0,0,0
482344,1,1,1989,0,0,0,0,0,0,0,0,0,0
482344,2,1,1989,0,0,0,0,0,0,0,0,0,0
482345,1,1,1989,0,0,0,0,0,0,0,0,0,0
482345,2,1,1989,6,6,6,6,6,6,6,6,6,6
482346,1,1,1989,0,0,0,0,0,0,0,0,0,0
482347,1,1,1989,0,0,0,0,0,0,0,0,0,0
482347,2,1,1989,0,0,0,0,0,0,0,0,0,0
482348,0,1,1989,0,10,0,0,42,29,24,13,0,10
482348,1,1,1989,10,10,10,10,10,10,10,10,10,10
482349,1,1,1989,0,21,0,0,0,0,16,0,0,12
482350,1,1,1989,0,0,0,0,0,0,0,0,0,0
482351,1,1,1989,0,0,0,0,0,0,0,0,0,0
482351,2,1,1989,11,0,0,0,0,0,0,8,18,0
482352,1,1,1989,0,0,0,0,0,0,0,0,0,0
482353,1,1,1989,23,23,23,23,23,23,23,23,23,23
482354,1,1,1989,4,4,4,4,4,4,4,4,4,4
482355,1,1,1989,13,13,13,13,13,13,13,13,13,13
482356,0,1,1989,44,44,44,44,44,44,44,44,44,44
482356,1,1,1989,0,0,14,0,0,0,0,0,23,43
482357,0,1,1989,0,0,0,0,0,0,0,0,0,0
482357,1,1,1989,14,0,0,0,0,0,0,0,0,0
482358,1,1,1989,0,0,0,0,0,0,0,0,0,0
482358,2,1,1989,17,0,12,0,11,5,28,21,28,0
482359,1,1,1989,0,0,0,0,0,0,0,0,0,0
482360,1,1,1989,32,36,0,20,0,0,14,11,31,21
482361,1,1,1989,0,0,4,0,0,4,0,0,0,0
482361,2,1,1989,0,0,0,0,0,0,0,0,0,0
482361,3,1,1989,0,0,0,0,0,0,0,0,0,0
482362,1,1,1989,24,11,11,19,21,12,18,18,18,9
482363,1,1,1989,9,9,9,9,9,9,9,9,9,9
482364,1,1,1989,16,16,16,16,16,16,16,16,16,16
482364,2,1,1989,0,0,0,0,0,0,0,0,0,0
482365,0,1,1989,29,29,29,29,29,29,29,29,29,29
482365,1,1,1989,0,0,0,0,0,0,0,0,0,0
482366,0,1,1989,0,0,0,0,0,0,0,0,0,0
482366,1,1,1989,0,0,0,0,0,0,0,0,0,0
482367,1,1,1989,0,0,0,0,0,29,0,0,16,0
482367,2,1,1989,0,0,0,0,0,0,0,0,0,0
482368,0,1,1989,0,0,0,0,0,0,0,0,0,0
482368,1,1,1989,20,0,18,20,0,0,0,0,10,27
482369,1,1,1989,0,0,0,0,0,0,0,0,0,0
482369,2,1,1989,0,0,0,0,0,0,0,0,9,0
482370,1,1,1989,0,0,0,0,0,0,0,0,0,0
482371,1,1,1989,15,15,15,15,15,15,15,15,15,15
482372,1,1,1989,16,16,16,16,16,16,16,16,16,16
482373,1,1,1989,16,16,16,16,16,16,16,16,16,16
482374,1,1,1989,0,0,0,0,0,0,0,0,0,0
482374,2,1,1989,19,19,19,19,19,19,19,19,19,19
482375,1,1,1989,5,5,5,5,5,5,5,5,5,5
482375,2,1,1989,0,0,0,0,0,0,0,0,0,0
482376,1,1,1989,0,0,0,20,0,0,0,0,0,0
482377,0,1,1989,0,37,0,0,0,18,0,0,14,0
482377,1,1,1989,0,0,0,22,0,21,0,0,0,26
482378,1,1,1989,17,17,17,17,17,17,17,17,17,17
482378,2,1,1989,0,0,0,0,0,0,0,0,28,0
482379,1,1,1989,0,0,0,0,0,0,0,0,0,0
482379,2,1,1989,0,0,13,0,6,0,0,0,0,0
482379,3,1,1989,0,27,0,0,0,0,0,22,20,0
482380,1,1,1989,0,0,0,0,0,0,0,0,11,0
482380,2,1,1989,0,0,0,0,0,0,0,0,0,0
482380,3,1,1989,0,0,0,0,0,0,0,0,0,0
482381,1,1,1989,9,9,9,9,9,9,9,9,9,9
482381,2,1,1989,0,0,0,0,0,0,0,0,0,0
482382,1,1,1989,9,0,0,0,0,0,11,0,0,0
482382,2,1,1989,0,0,0,0,0,0,0,0,0,0
482383,1,1,1989,14,14,14,14,14,14,14,14,14,14
482384,0,1,1989,0,0,0,0,0,0,0,0,0,0
482384,1,1,1989,0,0,0,0,0,0,0,0,0,0
482385,1,1,1989,18,18,18,18,18,18,18,18,18,18
482386,1,1,1989,0,19,0,0,0,9,14,0,0,0
482387,0,1,1989,23,43,17,13,0,29,0,17,0,0
482387,1,1,1989,0,0,0,13,8,0,0,0,0,19
482388,1,1,1989,0,0,0,0,0,0,0,0,0,0
482388,2,1,1989,0,0,0,0,27,0,0,0,0,0
482388,3,1,1989,0,0,0,0,0,0,0,0,0,0
482389,0,1,1989,0,0,0,0,10,0,23,16,0,0
482389,1,1,1989,0,0,0,0,24,6,16,0,0,0
482390,1,1,1989,22,22,22,22,22,22,22,22,22,22
482391,1,1,1989,13,13,13,13,13,13,13,13,13,13
482392,0,1,1989,0,0,0,0,0,0,0,0,0,0
482392,1,1,1989,0,0,0,0,0,0,0,0,0,0
482392,2,1,1989,0,0,0,13,0,0,0,0,0,0
482393,1,1,1989,0,0,0,0,0,0,0,0,0,0
482393,2,1,1989,0,0,0,0,0,0,0,0,0,0
482394,0,1,1989,0,0,9,0,12,0,0,0,34,0
482394,1,1,1989,0,0,0,0,0,0,0,0,0,0
482395,1,1,1989,0,0,0,0,0,0,0,0,0,0
482396,0,1,1989,13,25,29,6,41,38,26,30,32,23
482396,1,1,1989,0,0,0,0,0,0,0,0,0,0
482397,0,1,1989,0,0,0,0,0,0,0,0,0,0
482397,1,1,1989,0,0,0,0,0,0,0,0,0,0
482398,1,1,1989,0,0,0,0,0,0,0,0,0,0
482398,2,1,1989,0,0,0,0,11,0,0,19,0,0
482399,0,1,1989,8,0,13,33,33,27,20,16,11,11
482399,1,1,1989,23,22,11,3,23,19,21,13,16,7
482400,0,1,1989,0,0,0,0,0,0,0,0,0,0
482400,1,1,1989,0,0,0,0,0,0,0,0,0,0
482401,1,1,1989,55,55,55,55,55,55,55,55,55,55
482401,2,1,1989,6,6,6,6,6,6,6,6,6,6
482402,1,1,1989,24,24,24,24,24,24,24,24,24,24
482403,1,1,1989,0,0,0,0,0,0,0,0,0,0
482403,2,1,1989,0,0,0,0,0,0,0,0,0,0
482404,0,1,1989,0,22,23,24,29,0,39,33,0,29
482404,1,1,1989,0,0,8,14,0,0,0,0,0,0
482405,1,1,1989,27,27,27,27,27,27,27,27,27,27
482405,2,1,1989,0,0,9,0,7,0,0,0,0,0
482406,1,1,1989,11,14,15,25,23,20,12,5,5,22
482406,2,1,1989,0,0,0,0,0,0,0,0,18,0
482407,1,1,1989,20,22,13,30,0,0,18,0,12,8
482408,1,1,1989,0,0,0,0,7,0,0,0,0,0
482409,1,1,1989,0,0,0,0,0,0,0,0,0,0
482410,1,1,1989,0,0,0,13,7,0,0,0,0,0
482410,2,1,1989,0,0,8,0,0,0,0,0,0,0
482411,1,1,1989,0,0,0,21,16,9,0,7,0,0
482411,2,1,1989,0,0,0,0,0,0,0,0,0,0
482412,1,1,1989,33,17,16,0,0,0,15,9,9,4
482412,2,1,1989,15,0,6,0,0,0,6,2,0,14
482413,0,1,1989,17,17,17,17,17,17,17,17,17,17
482413,1,1,1989,0,0,0,0,0,0,0,0,0,0
482414,1,1,1989,0,0,0,0,0,0,0,0,0,0
482414,2,1,1989,8,0,18,0,0,0,0,13,0,10
482415,1,1,1989,0,0,0,15,0,0,16,0,0,0
482415,2,1,1989,0,0,0,0,0,0,0,0,0,0
482416,1,1,1989,17,17,17,17,17,17,17,17,17,17
482416,2,1,1989,0,0,0,0,0,0,0,0,0,0
482417,0,1,1989,0,0,0,0,0,0,0,0,0,0
482417,1,1,1989,0,0,0,0,0,0,0,0,0,0
482418,1,1,1989,21,18,0,17,20,0,21,19,20,0
482419,1,1,1989,23,0,0,0,0,0,0,0,27,0
482420,1,1,1989,0,0,26,0,20,0,0,0,0,0
482420,2,1,1989,0,0,0,0,5,0,0,0,22,0
482421,1,1,1989,0,0,0,0,0,0,0,0,10,0
482421,2,1,1989,0,0,0,13,0,0,0,0,0,0
482422,1,1,1989,0,0,0,0,0,0,0,21,0,0
482422,2,1,1989,0,0,0,0,21,0,0,0,0,0
482423,0,1,1989,0,0,0,0,0,0,10,0,0,0
482423,1,1,1989,0,0,0,0,0,0,5,0,0,13
482424,2,1,1989,0,0,0,0,0,0,0,0,9,0
482425,1,1,1989,0,0,0,0,13,0,0,0,13,0
482425,2,1,1989,0,0,0,0,0,0,0,0,0,0
482425,3,1,1989,0,0,0,0,0,0,0,0,0,0
482426,1,1,1989,0,0,0,0,0,0,0,0,0,0
482427,1,1,1989,0,0,0,0,0,0,0,0,0,0
482428,1,1,1989,16,16,16,16,16,16,16,16,16,16
482429,0,1,1989,0,0,0,0,0,0,0,0,0,0
482429,1,1,1989,0,0,9,22,0,8,0,0,0,10
482430,1,1,1989,20,0,0,0,0,0,9,0,0,15
482430,2,1,1989,0,0,0,0,0,0,0,0,0,0
482431,1,1,1989,26,26,26,26,26,26,26,26,26,26
482431,2,1,1989,24,0,0,25,0,0,0,10,22,29
482432,1,1,1989,20,20,20,20,20,20,20,20,20,20
482433,1,1,1989,15,34,5,11,21,12,13,21,15,9
482434,1,1,1989,0,0,0,11,10,14,0,6,0,9
482434,2,1,1989,9,15,25,18,5,0,0,0,11,0
482435,1,1,1989,9,9,9,9,9,9,9,9,9,9
482436,1,1,1989,0,0,0,0,0,0,0,0,0,0
482436,3,1,1989,0,0,0,0,0,0,0,0,0,0
482437,1,1,1989,0,0,0,0,0,0,0,0,0,0
482438,1,1,1989,0,0,0,0,0,0,0,0,0,0
482439,1,1,1989,0,0,0,18,0,22,0,0,24,0
482440,1,1,1989,0,0,0,0,0,18,0,0,15,0
482441,1,1,1989,0,0,0,12,0,0,0,0,0,0
482441,2,1,1989,0,0,0,0,0,0,0,0,0,0
482442,1,1,1989,0,0,0,0,6,0,0,0,0,0
482443,1,1,1989,0,0,0,0,0,17,0,0,0,11
482444,1,1,1989,0,0,0,0,0,0,0,0,0,0
482445,1,1,1989,0,0,0,0,0,0,0,0,0,0
482446,1,1,1989,15,15,15,15,15,15,15,15,15,15
482446,2,1,1989,20,20,20,20,20,20,20,20,20,20
482447,0,1,1989,27,0,0,18,0,0,25,0,0,0
482447,1,1,1989,19,0,26,15,14,4,15,0,0,0
482448,0,1,1989,0,0,0,0,0,0,0,0,0,0
482448,1,1,1989,20,20,20,20,20,20,20,20,20,20
482449,1,1,1989,19,19,19,19,19,19,19,19,19,19
482449,2,1,1989,0,0,0,0,0,0,0,0,0,0
482450,1,1,1989,0,0,0,0,0,0,0,0,0,0
482451,1,1,1989,0,0,0,11,0,15,0,0,0,0
482452,1,1,1989,4,4,4,4,4,4,4,4,4,4
482452,2,1,1989,0,19,36,0,16,0,0,0,28,0
482453,1,1,1989,0,0,0,0,0,0,0,0,0,0
482453,2,1,1989,0,0,0,0,0,0,0,0,0,14
482454,0,1,1989,0,0,18,16,0,0,15,0,33,19
482454,1,1,1989,0,25,0,0,5,0,0,0,0,0
482455,1,1,1989,16,16,16,16,16,16,16,16,16,16
482456,1,1,1989,0,0,0,0,0,0,0,0,0,0
482457,0,1,1989,0,0,0,0,0,0,0,0,0,10
482457,1,1,1989,0,0,0,0,0,0,0,0,12,0
482457,2,1,1989,0,0,0,0,5,0,0,0,0,0
482458,0,1,1989,0,0,0,8,0,0,0,0,0,0
482458,1,1,1989,0,0,0,0,0,0,0,0,0,0
482459,1,1,1989,0,0,0,0,0,0,0,0,0,14
482459,2,1,1989,0,0,0,0,0,0,0,0,0,0
482460,1,1,1989,0,0,0,0,0,0,0,0,0,0
482460,2,1,1989,0,0,0,0,0,0,0,0,0,0
482461,1,1,1989,0,0,0,0,0,0,0,0,0,0
482462,1,1,1989,21,21,21,21,21,21,21,21,21,21
482463,1,1,1989,0,0,0,0,0,0,0,0,19,0
482463,2,1,1989,0,0,0,0,0,0,0,0,0,0
482464,1,1,1989,0,0,0,0,0,0,0,0,0,0
482464,2,1,1989,0,0,0,0,0,0,0,0,0,0
482464,3,1,1989,0,0,0,0,0,8,0,0,0,0
482465,1,1,1989,0,0,13,12,0,0,0,0,0,0
482465,2,1,1989,0,0,0,0,0,0,0,0,0,0
482466,1,1,1989,0,0,0,0,0,0,0,0,0,0
482466,2,1,1989,17,17,17,17,17,17,17,17,17,17
482466,3,1,1989,0,0,0,0,0,0,0,0,0,0
482467,1,1,1989,10,10,10,10,10,10,10,10,10,10
482467,2,1,1989,21,20,0,20,9,20,0,13,5,20
482468,0,1,1989,27,0,0,0,25,0,0,0,28,25
482468,1,1,1989,0,14,0,0,12,15,0,0,15,0
482469,1,1,1989,17,17,17,17,17,17,17,17,17,17
482469,2,1,1989,0,0,0,0,0,0,0,0,0,0
482470,1,1,1989,18,18,18,18,18,18,18,18,18,18
482470,2,1,1989,17,12,0,0,0,0,0,0,23,0
482471,0,1,1989,16,16,16,16,16,16,16,16,16,16
482471,1,1,1989,0,0,0,0,4,0,14,7,0,13
482472,1,1,1989,21,15,40,32,9,15,20,28,24,32
482473,1,1,1989,14,14,14,14,14,14,14,14,14,14
482473,2,1,1989,0,11,0,0,0,0,0,0,5,0
482474,1,1,1989,26,26,26,26,26,26,26,26,26,26
482475,1,1,1989,22,22,22,22,22,22,22,22,22,22
482475,2,1,1989,6,0,7,9,3,18,12,7,11,22
482475,3,1,1989,0,0,0,0,0,0,0,0,0,0
482476,1,1,1989,10,0,0,0,5,21,9,0,0,0
482476,2,1,1989,0,23,0,0,0,0,0,0,0,0
482477,1,1,1989,0,0,0,0,0,0,0,0,0,0
482477,2,1,1989,0,0,0,0,0,0,0,0,0,0
482478,1,1,1989,8,8,8,8,8,8,8,8,8,8
482479,1,1,1989,18,18,18,18,18,18,18,18,18,18
482480,1,1,1989,18,18,18,18,18,18,18,18,18,18
482480,2,1,1989,0,0,0,0,0,0,0,0,0,0
482481,1,1,1989,4,4,4,4,4,4,4,4,4,4
482481,2,1,1989,22,22,22,22,22,22,22,22,22,22
482482,1,1,1989,26,26,26,26,26,26,26,26,26,26
482483,1,1,1989,9,28,41,23,14,25,21,16,11,13
482484,1,1,1989,21,27,8,20,18,10,9,28,4,9
482485,1,1,1989,0,0,17,0,0,0,0,0,0,0
482485,2,1,1989,0,0,0,0,0,0,0,7,0,0
482486,0,1,1989,0,0,0,0,0,0,0,0,0,0
482486,1,1,1989,0,0,0,0,0,0,0,0,0,0
482487,1,1,1989,0,0,13,0,0,0,0,0,0,0
482488,1,1,1989,0,0,0,0,0,0,0,0,0,0
482488,2,1,1989,23,23,23,23,23,23,23,23,23,23
482489,1,1,1989,23,5,24,0,21,27,19,32,10,0
482489,2,1,1989,0,17,18,0,0,0,0,0,21,0
482490,1,1,1989,16,16,16,16,16,16,16,16,16,16
482491,1,1,1989,0,0,21,0,0,15,0,0,23,0
482491,2,1,1989,0,0,0,0,0,0,0,0,0,0
482492,0,1,1989,33,33,33,33,33,33,33,33,33,33
482492,1,1,1989,0,0,0,0,0,0,0,6,13,13
482493,1,1,1989,0,0,0,0,0,0,0,0,0,0
482494,1,1,1989,0,0,0,2,21,0,0,0,11,0
482494,2,1,1989,0,0,0,0,0,0,22,0,18,0
482495,1,1,1989,10,10,10,10,10,10,10,10,10,10
482495,2,1,1989,7,0,26,0,0,0,13,0,0,14
482496,1,1,1989,0,0,0,0,0,0,0,0,0,0
482497,1,1,1989,0,0,0,0,0,0,0,0,0,0
482497,2,1,1989,0,0,0,0,0,0,0,0,0,0
482498,1,1,1989,0,0,0,0,0,0,0,0,0,0
482498,2,1,1989,0,0,0,0,0,0,0,0,0,0
482499,1,1,1989,21,21,21,21,21,21,21,21,21,21
482500,1,1,1989,0,0,0,0,0,0,16,0,0,0
482501,1,1,1989,0,0,0,0,0,12,0,0,0,0
482501,2,1,1989,6,6,6,6,6,6,6,6,6,6
482502,1,1,1989,0,0,0,0,0,0,0,0,0,0
482503,1,1,1989,28,28,28,28,28,28,28,28,28,28
482504,1,1,1989,0,0,13,0,0,18,24,0,20,0
482505,1,1,1989,19,19,19,19,19,19,19,19,19,19
482506,1,1,1989,0,0,0,0,11,0,0,0,0,0
482506,2,1,1989,0,0,0,0,0,0,0,7,0,0
482507,1,1,1989,19,19,19,19,19,19,19,19,19,19
482508,0,1,1989,10,29,40,0,16,13,16,9,10,35
482508,1,1,1989,0,0,0,0,0,0,0,0,0,17
482509,1,1,1989,0,0,0,0,0,0,0,0,0,0
482509,2,1,1989,0,0,0,0,0,0,0,0,0,0
482510,1,1,1989,0,0,0,0,0,0,0,0,0,0
482511,1,1,1989,0,0,0,0,0,0,0,0,0,0
482511,2,1,1989,2,2,2,2,2,2,2,2,2,2
482512,1,1,1989,9,22,8,18,16,17,14,13,13,15
482512,2,1,1989,14,0,0,0,0,8,0,0,0,0
482513,1,1,1989,12,0,9,0,0,0,21,0,8,0
482513,2,1,1989,0,0,0,0,0,0,0,0,0,0
482514,1,1,1989,0,0,0,0,0,0,0,0,0,0
482514,2,1,1989,0,0,0,0,0,0,0,0,0,0
482515,1,1,1989,12,0,0,0,0,0,0,0,0,0
482515,2,1,1989,0,0,0,0,0,0,0,0,0,0
482516,1,1,1989,38,34,15,21,14,23,17,14,22,13
482517,1,1,1989,0,0,0,0,0,0,0,0,20,0
482517,2,1,1989,0,0,0,0,0,0,0,0,0,0
482518,0,1,1989,23,23,23,23,23,23,23,23,23,23
482518,1,1,1989,0,0,0,9,0,0,0,0,9,0
482519,1,1,1989,6,9,9,11,42,27,14,12,0,17
482520,1,1,1989,25,25,25,25,25,25,25,25,25,25
482521,1,1,1989,0,0,0,0,0,0,0,0,0,0
482521,2,1,1989,0,0,0,0,0,0,0,0,0,0
482522,1,1,1989,10,10,10,10,10,10,10,10,10,10