ST_CASE,VEH_NO,PER_NO,YEAR,P1,P2,P3,P4,P5,P6,P7,P8,P9,P10
482522,2,1,1989,21,21,21,21,21,21,21,21,21,21
482523,1,1,1989,26,26,26,26,26,26,26,26,26,26
482523,2,1,1989,9,0,0,10,0,0,0,11,14,0
482524,1,1,1989,0,0,0,0,0,0,0,0,0,0
482524,2,1,1989,0,0,0,0,0,0,0,0,0,0
482525,1,1,1989,0,0,0,0,0,0,0,0,0,0
482525,2,1,1989,0,0,0,0,0,0,0,0,0,0
482526,1,1,1989,21,17,0,0,0,0,0,14,15,0
482527,1,1,1989,20,16,22,31,38,24,33,14,34,36
482528,1,1,1989,13,13,13,13,13,13,13,13,13,13
482529,1,1,1989,20,24,26,33,34,4,21,20,30,10
482530,0,1,1989,9,9,9,9,9,9,9,9,9,9
482530,1,1,1989,1,1,1,1,1,1,1,1,1,1
482531,0,1,1989,36,36,36,36,36,36,36,36,36,36
482531,1,1,1989,0,0,0,0,0,0,0,0,0,0
482532,1,1,1989,7,7,7,7,7,7,7,7,7,7
482533,1,1,1989,14,14,14,14,14,14,14,14,14,14
482534,1,1,1989,0,0,0,0,0,0,0,0,0,0
482534,2,1,1989,6,6,6,6,6,6,6,6,6,6
482535,1,1,1989,0,0,0,0,0,0,0,0,0,0
482536,1,1,1989,13,15,31,0,10,3,24,16,0,0
482537,1,1,1989,0,0,0,0,0,0,0,0,0,0
482537,2,1,1989,0,0,0,0,0,0,0,0,0,0
482537,3,1,1989,0,0,0,0,0,0,0,0,0,0
482538,0,1,1989,0,0,0,0,0,0,0,0,0,0
482538,1,1,1989,0,0,0,6,27,0,0,11,29,0
482538,2,1,1989,2,0,0,0,0,0,0,0,0,0
482538,3,1,1989,0,0,0,0,0,0,0,15,0,0
482538,4,1,1989,0,0,0,0,0,12,0,0,0,0
482538,5,1,1989,0,0,0,0,0,0,0,0,0,0
482539,1,1,1989,9,9,9,9,9,9,9,9,9,9
482539,2,1,1989,0,0,0,0,0,0,0,0,0,0
482540,1,1,1989,15,15,15,15,15,15,15,15,15,15
482540,2,1,1989,0,0,0,0,0,0,0,0,0,0
482540,3,1,1989,0,0,0,0,0,4,0,0,0,0
482541,1,1,1989,0,0,0,2,0,0,0,0,0,0
482541,2,1,1989,0,0,0,0,0,0,0,0,0,14
482542,0,1,1989,7,7,7,7,7,7,7,7,7,7
482542,1,1,1989,0,0,0,0,13,0,0,0,0,0
482543,1,1,1989,11,11,11,11,11,11,11,11,11,11
482543,2,1,1989,0,0,0,0,0,4,0,0,0,0
482544,1,1,1989,0,0,3,0,0,8,0,0,0,0
482544,2,1,1989,0,0,0,0,0,0,0,0,0,0
482545,1,1,1989,0,10,0,0,0,0,0,0,0,0
482545,2,1,1989,31,8,0,17,14,25,15,16,26,10
482546,1,1,1989,0,0,0,0,0,32,0,0,0,0
482547,1,1,1989,19,19,19,19,19,19,19,19,19,19
482548,1,1,1989,24,17,16,12,34,35,41,25,31,23
482549,1,1,1989,13,13,13,13,13,13,13,13,13,13
482550,1,1,1989,25,25,25,25,25,25,25,25,25,25
482551,0,1,1989,0,0,0,0,0,0,0,0,0,0
482551,1,1,1989,11,11,11,11,11,11,11,11,11,11
482552,1,1,1989,15,15,15,15,15,15,15,15,15,15
482552,2,1,1989,17,17,17,17,17,17,17,17,17,17
482553,1,1,1989,15,0,19,14,0,9,14,28,11,24
482554,0,1,1989,25,20,0,37,14,0,16,0,29,0
482555,1,1,1989,0,8,5,23,20,3,0,14,9,6
482556,1,1,1989,23,23,23,23,23,23,23,23,23,23
482557,1,1,1989,19,19,19,19,19,19,19,19,19,19
482558,1,1,1989,25,25,25,25,25,25,25,25,25,25
482559,1,1,1989,0,0,0,0,0,0,0,0,0,0
482559,2,1,1989,0,0,0,0,0,0,0,0,0,0
482560,1,1,1989,18,18,18,18,18,18,18,18,18,18
482561,1,1,1989,0,0,0,0,0,0,0,0,0,0
482561,2,1,1989,0,0,0,0,0,0,0,0,0,0
482562,1,1,1989,10,10,10,10,10,10,10,10,10,10
482562,2,1,1989,22,22,22,22,22,22,22,22,22,22
482563,1,1,1989,0,0,0,0,0,0,0,0,5,0
482563,2,1,1989,14,0,0,0,0,0,0,0,0,0
482564,1,1,1989,12,12,12,12,12,12,12,12,12,12
482565,1,1,1989,9,9,9,9,9,9,9,9,9,9
482566,0,1,1989,0,0,0,0,0,0,0,0,0,0
482566,1,1,1989,0,11,0,0,0,0,0,0,0,0
482567,1,1,1989,0,0,0,0,0,0,0,0,0,0
482567,2,1,1989,0,0,0,0,0,0,0,0,0,0
482567,3,1,1989,0,0,0,0,0,0,0,0,0,0
482568,1,1,1989,12,12,12,12,12,12,12,12,12,12
482569,1,1,1989,18,11,22,20,13,11,14,8,33,20
482570,1,1,1989,13,0,23,8,27,27,25,3,21,9
482571,1,1,1989,0,0,0,0,0,0,0,0,0,0
482572,1,1,1989,0,0,0,0,0,0,0,0,0,0
482573,1,1,1989,23,23,23,23,23,23,23,23,23,23
482573,2,1,1989,22,21,16,0,0,0,0,0,13,0
482573,3,1,1989,0,0,0,0,0,13,0,13,0,0
482574,1,1,1989,0,0,0,0,0,0,0,0,0,0
482575,1,1,1989,0,0,0,0,0,0,0,0,0,0
482575,2,1,1989,0,0,0,0,0,0,0,0,0,0
482576,1,1,1989,25,25,25,25,25,25,25,25,25,25
482576,2,1,1989,0,0,0,0,0,0,0,0,0,0
482577,1,1,1989,0,0,0,0,0,0,0,0,0,0
482577,2,1,1989,0,0,0,0,0,0,0,0,0,0
482578,0,1,1989,9,9,9,9,9,9,9,9,9,9
482578,1,1,1989,6,0,6,0,10,0,20,21,0,16
482579,1,1,1989,6,6,6,6,6,6,6,6,6,6
482579,2,1,1989,0,0,0,0,0,0,0,0,0,0
482580,1,1,1989,0,0,0,0,0,0,0,0,0,0
482581,1,1,1989,1,1,1,1,1,1,1,1,1,1
482581,2,1,1989,0,0,0,0,0,0,0,0,0,0
482582,1,1,1989,14,14,14,14,14,14,14,14,14,14
482583,0,1,1989,0,0,35,0,11,16,0,0,27,39
482583,1,1,1989,17,0,0,0,8,0,18,8,0,0
482584,1,1,1989,0,0,0,0,0,4,0,16,0,0
482584,2,1,1989,0,0,0,0,0,0,0,0,0,0
482585,1,1,1989,8,0,18,7,0,0,0,0,0,0
482586,0,1,1989,22,22,22,22,22,22,22,22,22,22
482586,1,1,1989,0,0,0,0,0,29,3,0,0,3
482587,0,1,1989,12,12,12,12,12,12,12,12,12,12
482587,1,1,1989,0,0,0,0,0,5,0,0,0,0
482587,2,1,1989,0,0,0,0,0,0,0,0,0,0
482587,3,1,1989,0,0,0,15,0,0,0,0,0,0
482587,4,1,1989,0,0,0,0,0,29,0,0,14,0
482588,0,1,1989,0,18,18,21,24,15,9,12,3,28
482588,1,1,1989,0,0,0,0,0,0,0,0,0,0
482589,1,1,1989,26,26,26,26,26,26,26,26,26,26
482590,0,1,1989,37,37,37,37,37,37,37,37,37,37
482590,1,1,1989,0,0,0,0,0,0,0,0,0,0
482590,2,1,1989,0,0,0,0,0,0,0,0,0,0
482591,1,1,1989,0,0,0,0,0,0,0,0,0,0
482591,2,1,1989,11,7,15,16,10,5,22,16,31,14
482592,0,1,1989,18,0,52,0,15,0,0,0,0,26
482592,1,1,1989,11,7,15,14,13,12,6,13,9,9
482592,2,1,1989,7,17,3,0,6,7,19,20,0,0
482593,1,1,1989,0,0,0,0,0,0,0,9,22,0
482593,2,1,1989,0,0,0,0,0,0,0,0,0,0
482593,3,1,1989,0,0,0,0,0,3,0,0,0,0
482594,1,1,1989,0,0,0,0,0,0,0,0,0,0
482594,2,1,1989,0,0,0,0,0,0,0,0,0,0
482595,0,1,1989,33,33,33,33,33,33,33,33,33,33
482595,1,1,1989,0,5,0,0,0,0,22,0,0,0
482596,0,1,1989,0,11,0,18,42,0,22,2,0,0
482596,1,1,1989,9,0,0,0,0,0,0,0,0,0
482597,0,1,1989,0,0,0,0,0,0,0,0,0,0
482597,1,1,1989,0,0,0,0,0,0,0,0,12,0
482598,0,1,1989,0,32,24,0,0,0,0,0,0,0
482598,1,1,1989,0,0,0,0,0,0,0,0,0,0
482599,1,1,1989,22,22,22,22,22,22,22,22,22,22
482599,2,1,1989,0,0,0,0,0,0,0,0,0,0
482599,3,1,1989,0,0,0,0,13,0,0,0,5,0
482600,1,1,1989,0,0,0,0,0,0,0,0,0,0
482600,2,1,1989,0,0,0,0,0,0,0,0,0,0
482601,1,1,1989,13,13,13,13,13,13,13,13,13,13
482602,1,1,1989,15,13,13,25,38,25,28,21,12,20
482603,1,1,1989,0,0,0,0,0,0,0,0,0,0
482603,2,1,1989,0,0,0,16,0,0,0,13,0,15
482604,1,1,1989,21,21,21,21,21,21,21,21,21,21
482604,2,1,1989,24,0,0,0,0,0,0,0,0,0
482604,3,1,1989,0,0,0,0,15,0,0,0,0,0
482605,0,1,1989,13,18,23,11,16,14,12,11,0,40
482605,1,1,1989,0,0,0,0,0,0,0,0,0,0
482606,1,1,1989,15,15,15,15,15,15,15,15,15,15
482607,1,1,1989,0,5,0,5,0,0,0,0,0,6
482608,1,1,1989,6,6,6,6,6,6,6,6,6,6
482609,1,1,1989,0,0,0,0,0,0,0,0,0,0
482609,2,1,1989,0,0,29,0,0,0,0,0,13,15
482609,3,1,1989,0,0,0,0,0,0,0,0,0,0
482610,1,1,1989,30,30,30,30,30,30,30,30,30,30
482611,1,1,1989,0,0,6,0,0,0,0,0,0,0
482611,2,1,1989,10,0,0,0,0,7,0,0,0,0
482611,3,1,1989,0,0,0,0,0,0,0,0,0,0
482612,1,1,1989,19,19,19,19,19,19,19,19,19,19
482612,2,1,1989,22,22,22,22,22,22,22,22,22,22
482613,0,1,1989,19,19,19,19,19,19,19,19,19,19
482613,1,1,1989,0,0,0,0,0,0,0,0,0,0
482614,0,1,1989,0,0,0,0,0,11,9,10,0,0
482614,0,2,1989,0,19,0,0,0,15,0,19,0,0
482614,1,1,1989,25,25,25,25,25,25,25,25,25,25
482614,2,1,1989,0,0,26,0,6,0,9,0,0,20
482615,1,1,1989,0,2,21,23,0,0,21,7,14,16
482615,2,1,1989,4,14,30,0,25,4,20,17,22,12
482616,1,1,1989,0,0,0,0,0,0,0,0,0,0
482616,2,1,1989,8,8,8,8,8,8,8,8,8,8
482617,1,1,1989,0,0,0,0,0,0,25,0,0,0
482617,2,1,1989,0,0,0,0,0,0,0,0,0,0
482618,1,1,1989,12,12,12,12,12,12,12,12,12,12
482619,1,1,1989,0,0,0,0,0,0,0,0,0,0
482619,2,1,1989,7,5,0,0,17,0,12,0,0,0
482620,1,1,1989,20,15,17,24,15,21,10,22,12,21
482621,1,1,1989,25,25,25,25,25,25,25,25,25,25
482622,1,1,1989,0,0,0,0,0,0,0,0,0,0
482623,1,1,1989,0,0,0,0,0,0,0,0,0,0
482623,2,1,1989,16,16,16,16,16,16,16,16,16,16
482624,1,1,1989,0,0,0,0,0,0,0,0,0,0
482625,1,1,1989,0,0,0,0,0,0,0,0,0,0
482625,2,1,1989,0,0,0,0,0,0,0,0,0,0
482625,3,1,1989,0,0,0,0,0,0,0,0,0,0
482626,1,1,1989,0,0,0,0,0,0,0,0,0,0
482626,2,1,1989,0,0,0,0,0,0,0,0,0,0
482627,1,1,1989,0,0,0,0,0,20,0,7,24,0
482628,0,1,1989,0,31,0,0,5,0,33,0,8,14
482628,1,1,1989,0,0,0,0,0,0,0,0,0,0
482629,1,1,1989,0,0,0,0,29,0,0,0,17,11
482629,2,1,1989,0,0,0,0,0,0,0,0,0,0
482630,1,1,1989,26,26,26,26,26,26,26,26,26,26
482631,1,1,1989,0,0,0,0,0,0,0,0,0,0
482632,0,1,1989,24,19,28,13,25,18,13,13,13,41
482632,1,1,1989,0,0,0,0,0,0,0,0,0,0
482633,1,1,1989,0,0,0,0,0,0,0,0,0,0
482633,2,1,1989,14,14,14,14,14,14,14,14,14,14
482634,1,1,1989,41,0,0,0,16,0,16,0,0,27
482635,0,1,1989,3,14,0,0,0,0,15,0,0,13
482635,1,1,1989,0,0,0,0,0,0,0,0,0,0
482636,0,1,1989,0,0,0,0,0,0,0,23,0,34
482636,1,1,1989,0,0,0,0,0,0,0,0,0,0
482636,2,1,1989,0,0,0,0,0,0,0,0,0,0
482637,1,1,1989,9,9,9,9,9,9,9,9,9,9
482637,2,1,1989,10,0,0,0,0,0,0,0,0,11
482638,1,1,1989,17,17,17,17,17,17,17,17,17,17
482639,1,1,1989,0,0,0,0,0,0,0,0,0,0
482639,2,1,1989,0,0,0,0,0,0,0,0,0,0
482640,1,1,1989,21,21,21,21,21,21,21,21,21,21
482641,1,1,1989,17,17,17,17,17,17,17,17,17,17
482642,1,1,1989,20,20,20,20,20,20,20,20,20,20
482643,0,1,1989,32,27,33,0,11,14,9,42,8,25
482643,1,1,1989,0,28,0,4,24,0,0,0,0,9
482644,1,1,1989,8,8,8,8,8,8,8,8,8,8
482644,2,1,1989,0,0,0,0,0,0,0,0,0,0
482645,1,1,1989,0,0,0,0,0,0,0,0,0,0
482646,0,1,1989,9,9,9,9,9,9,9,9,9,9
482646,1,1,1989,7,0,13,0,12,0,3,0,0,5
482647,0,1,1989,0,0,0,0,0,0,0,8,0,21
482647,1,1,1989,8,0,0,0,31,7,0,0,11,15
482648,1,1,1989,0,0,0,0,0,0,0,0,0,0
482648,2,1,1989,27,0,0,0,0,0,0,0,0,0
482649,1,1,1989,0,0,0,0,0,0,0,0,0,0
482649,2,1,1989,0,0,0,0,0,0,0,0,0,0
482650,1,1,1989,11,11,11,11,11,11,11,11,11,11
482651,1,1,1989,24,24,24,24,24,24,24,24,24,24
482652,1,1,1989,0,10,9,24,0,0,14,0,7,7
482653,1,1,1989,0,0,0,0,0,0,0,0,0,0
482654,1,1,1989,0,0,0,0,6,0,7,0,0,14
482654,2,1,1989,38,13,13,0,34,29,19,8,13,0
482655,1,1,1989,11,11,11,11,11,11,11,11,11,11
482656,1,1,1989,0,0,0,0,0,0,0,0,0,0
482656,2,1,1989,0,0,0,0,0,0,0,0,0,0
482656,3,1,1989,0,0,0,0,0,0,0,0,0,0
482657,1,1,1989,19,12,5,0,10,0,0,14,19,17
482657,2,1,1989,9,0,0,0,0,0,0,0,0,0
482658,0,1,1989,27,32,47,31,8,0,0,0,0,0
482658,0,2,1989,16,0,0,0,25,0,0,15,13,30
482658,1,1,1989,27,0,0,0,0,39,16,0,0,0
482659,1,1,1989,0,0,0,0,0,0,0,0,0,0
482659,2,1,1989,0,0,0,0,0,0,0,0,0,0
482660,1,1,1989,8,23,22,24,10,18,20,17,27,12
482661,1,1,1989,7,7,7,7,7,7,7,7,7,7
482662,1,1,1989,24,24,24,24,24,24,24,24,24,24
482662,2,1,1989,0,0,0,7,0,0,0,0,0,0
482663,1,1,1989,0,0,0,0,0,13,0,0,0,0
482664,1,1,1989,3,3,3,3,3,3,3,3,3,3
482664,2,1,1989,24,24,24,24,24,24,24,24,24,24
482665,1,1,1989,0,0,0,0,0,0,0,0,0,0
482666,1,1,1989,0,0,0,0,0,0,0,0,0,0
482666,2,1,1989,0,0,0,0,0,0,0,0,0,17
482667,1,1,1989,0,0,0,0,0,0,23,0,0,0
482667,2,1,1989,0,0,0,0,0,0,0,0,0,0
482668,1,1,1989,24,24,24,24,24,24,24,24,24,24
482669,1,1,1989,0,0,0,0,0,0,0,0,0,0
482669,2,1,1989,0,0,0,0,0,0,0,0,0,0
482670,1,1,1989,0,0,0,0,0,0,0,0,0,0
482670,2,1,1989,0,0,10,0,0,0,0,0,0,0
482671,1,1,1989,29,29,29,29,29,29,29,29,29,29
482672,0,1,1989,0,0,27,21,34,2,7,39,25,7
482672,1,1,1989,21,0,0,0,0,0,0,0,0,0
482673,1,1,1989,16,16,16,16,16,16,16,16,16,16
482673,2,1,1989,0,0,0,0,0,0,0,0,0,0
482674,0,1,1989,0,15,0,0,0,0,34,0,0,0
482674,0,2,1989,11,0,0,0,0,13,10,0,10,0
482674,0,3,1989,0,25,30,0,23,0,26,26,6,19
482674,1,1,1989,12,0,0,0,0,0,0,0,0,0
482675,1,1,1989,0,26,14,0,0,0,0,0,14,0
482676,0,1,1989,0,0,0,0,0,0,0,0,0,0
482676,1,1,1989,0,0,22,0,0,0,0,0,0,0
482677,0,1,1989,9,9,9,9,9,9,9,9,9,9
482677,1,1,1989,0,0,0,0,0,0,0,18,0,0
482677,3,1,1989,0,0,0,0,0,0,0,0,0,0
482678,1,1,1989,20,20,20,20,20,20,20,20,20,20
482679,1,1,1989,0,0,0,0,0,0,0,0,0,0
482680,1,1,1989,0,0,0,0,0,0,0,0,0,0
482680,2,1,1989,0,0,0,0,0,0,0,0,0,0
482681,1,1,1989,30,7,27,23,35,32,21,18,7,0
482682,1,1,1989,9,21,11,17,19,12,18,16,19,24
482683,1,1,1989,0,0,0,0,0,0,0,0,0,0
482683,2,1,1989,0,0,22,0,0,6,0,0,0,0
482684,0,1,1989,0,0,0,0,0,0,0,0,0,0
482684,1,1,1989,21,0,0,0,0,0,0,0,0,13
482685,0,1,1989,16,16,16,16,16,16,16,16,16,16
482685,1,1,1989,10,0,12,15,14,0,23,11,0,14
482686,1,1,1989,27,27,27,27,27,27,27,27,27,27
482687,1,1,1989,21,21,21,21,21,21,21,21,21,21
482688,1,1,1989,0,18,12,0,25,0,17,0,11,0
482689,1,1,1989,17,21,11,12,12,0,31,21,16,18
482690,1,1,1989,18,18,18,18,18,18,18,18,18,18
482691,1,2,1989,18,19,30,0,33,7,8,21,23,25
482692,0,1,1989,13,13,13,13,13,13,13,13,13,13
482692,1,1,1989,7,0,0,0,0,0,0,0,34,0
482693,1,1,1989,22,22,22,22,22,22,22,22,22,22
482693,2,1,1989,13,7,0,0,0,0,0,0,0,16
482693,3,1,1989,0,0,0,0,25,0,0,0,0,0
482694,1,1,1989,25,25,25,25,25,25,25,25,25,25
482694,2,1,1989,12,9,19,23,19,18,43,27,26,20
482695,1,1,1989,20,20,20,20,20,20,20,20,20,20
482696,1,1,1989,24,20,9,18,28,0,15,25,0,11
482697,1,1,1989,11,11,11,11,11,11,11,11,11,11
482698,1,1,1989,20,0,0,0,0,0,0,0,0,0
482698,2,1,1989,15,14,24,13,24,26,9,11,9,5
482699,1,1,1989,15,15,15,15,15,15,15,15,15,15
482700,1,1,1989,19,19,19,19,19,19,19,19,19,19
482701,0,1,1989,15,15,15,15,15,15,15,15,15,15
482701,1,1,1989,0,0,15,17,0,0,0,0,0,0
482702,0,1,1989,10,10,10,10,10,10,10,10,10,10
482702,1,1,1989,0,0,0,0,0,0,0,0,0,0
482702,2,1,1989,0,0,0,0,0,0,0,0,0,0
482703,0,1,1989,30,30,30,30,30,30,30,30,30,30
482703,1,1,1989,0,0,9,0,0,0,0,0,9,0
482704,1,1,1989,0,0,0,0,12,0,0,0,24,0
482705,1,1,1989,19,16,12,23,29,28,26,9,18,26
482706,1,1,1989,3,3,3,3,3,3,3,3,3,3
482706,2,1,1989,12,12,12,12,12,12,12,12,12,12
482707,1,1,1989,11,11,11,11,11,11,11,11,11,11
482708,0,1,1989,22,22,22,22,22,22,22,22,22,22
482708,1,1,1989,18,18,18,18,18,18,18,18,18,18
482709,0,1,1989,34,34,34,34,34,34,34,34,34,34
482709,1,1,1989,12,0,0,0,0,7,0,0,0,0
482709,2,1,1989,0,0,0,0,0,0,0,0,0,0
482710,0,1,1989,0,0,5,0,0,0,11,0,0,0
482710,1,1,1989,23,23,23,23,23,23,23,23,23,23
482711,1,1,1989,20,20,20,20,20,20,20,20,20,20
482711,2,1,1989,0,0,0,0,0,0,0,9,11,0
482711,3,1,1989,14,14,14,14,14,14,14,14,14,14
482712,0,1,1989,0,0,0,0,0,0,0,0,0,0
482712,1,1,1989,0,0,0,0,0,0,0,0,0,0
482714,0,1,1989,0,0,0,0,0,0,0,0,0,0
482714,1,1,1989,0,0,27,0,0,0,0,0,0,0
482715,0,1,1989,0,0,0,0,0,0,0,0,0,0
482715,1,1,1989,10,0,0,0,0,0,0,0,0,0
482716,0,1,1989,3,3,3,3,3,3,3,3,3,3
482716,1,1,1989,0,0,0,0,0,0,0,0,0,0
482717,1,1,1989,0,0,0,0,0,0,0,0,0,0
482718,1,1,1989,0,0,0,0,0,0,0,0,0,0
482719,1,1,1989,15,0,0,0,0,0,0,0,0,0
482719,2,1,1989,10,0,0,19,0,0,7,0,7,15
482720,1,1,1989,0,0,12,0,0,13,0,0,0,18
482720,2,1,1989,17,28,0,0,0,20,26,0,0,0
482721,1,1,1989,0,0,0,0,0,0,0,0,0,0
482721,2,1,1989,17,0,0,0,0,0,0,0,0,0
482722,1,1,1989,8,0,24,0,0,0,0,0,0,7
482723,1,1,1989,0,0,0,0,0,0,0,0,0,0
482723,2,1,1989,17,0,0,0,0,0,0,0,0,31
482724,1,1,1989,27,27,27,27,27,27,27,27,27,27
482725,1,1,1989,11,0,0,24,0,15,19,7,0,21
482726,1,1,1989,0,0,0,0,0,0,0,0,4,0
482727,1,1,1989,31,31,31,31,31,31,31,31,31,31
482728,1,1,1989,0,14,5,20,0,16,20,16,0,0
482729,1,1,1989,16,16,16,16,16,16,16,16,16,16
482730,1,1,1989,0,0,0,0,29,0,0,0,0,0
482730,2,1,1989,0,0,0,0,0,0,0,0,0,0
482731,1,1,1989,0,0,0,0,0,0,0,0,0,0
482731,2,1,1989,4,17,0,23,0,13,0,0,10,21
482732,1,1,1989,17,17,17,17,17,17,17,17,17,17
482733,1,1,1989,0,0,0,0,0,0,0,0,0,0
482733,2,1,1989,0,0,0,0,0,0,0,0,0,0
482733,3,1,1989,0,0,0,0,0,0,0,0,0,0
482734,1,1,1989,0,0,0,0,0,0,0,0,0,0
482734,2,1,1989,0,0,0,0,0,0,0,0,0,0
482735,1,1,1989,21,21,21,21,21,21,21,21,21,21
482736,1,1,1989,11,11,11,11,11,11,11,11,11,11
482736,2,1,1989,0,0,0,0,0,0,0,0,0,0
482737,0,1,1989,10,10,10,10,10,10,10,10,10,10
482737,1,1,1989,0,0,0,0,0,0,18,0,0,0
482738,0,1,1989,0,33,28,14,0,0,10,26,10,13
482738,1,1,1989,0,0,0,0,0,0,0,0,0,0
482739,1,1,1989,0,0,0,0,0,0,0,0,0,0
482739,2,1,1989,0,0,0,0,0,0,0,0,0,0
482739,3,1,1989,0,0,0,17,0,0,0,0,0,0
482740,1,1,1989,0,0,0,0,0,0,3,0,0,0
482740,2,1,1989,14,0,0,0,0,0,0,0,0,0
482740,3,1,1989,0,0,0,0,0,0,0,0,0,0
482740,4,1,1989,0,0,0,0,0,0,0,0,0,0
482741,1,1,1989,0,0,0,0,0,0,0,0,0,0
482742,1,1,1989,17,0,12,12,25,19,18,13,10,17
482744,0,1,1989,0,5,0,0,24,0,0,6,27,0
482744,1,1,1989,0,0,0,0,0,0,0,0,0,0
482745,1,1,1989,0,0,0,0,0,0,0,0,0,0
482745,2,1,1989,0,0,0,0,0,13,0,0,0,0
482745,3,1,1989,0,0,0,0,0,0,0,0,0,0
482746,1,1,1989,2,2,2,2,2,2,2,2,2,2
482746,2,1,1989,8,0,0,14,8,0,0,14,0,0
482747,0,1,1989,0,0,10,0,18,36,29,11,18,0
482747,1,1,1989,0,0,0,0,0,0,0,0,0,0
482748,1,1,1989,0,19,0,33,0,0,0,0,0,0
482748,2,1,1989,0,0,0,0,0,0,13,0,0,0
482749,1,1,1989,0,0,0,0,0,0,0,0,0,0
482750,1,1,1989,0,0,0,0,0,0,0,0,0,0
482750,2,1,1989,0,0,0,0,0,0,0,0,0,0
482751,1,1,1989,0,0,0,0,0,0,0,0,0,0
482751,2,1,1989,14,12,0,23,0,0,0,20,0,10
482752,0,1,1989,29,29,29,29,29,29,29,29,29,29
482752,1,1,1989,0,0,0,0,4,0,2,17,0,10
482753,1,1,1989,20,20,20,20,20,20,20,20,20,20
482754,1,1,1989,4,4,4,4,4,4,4,4,4,4
482755,1,1,1989,14,14,14,14,14,14,14,14,14,14
482756,1,1,1989,0,0,0,0,0,0,0,0,0,0
482757,2,1,1989,10,10,10,10,10,10,10,10,10,10
482759,1,1,1989,0,0,0,10,0,0,0,0,0,0
482760,1,1,1989,0,0,0,0,0,0,0,0,0,0
482761,1,1,1989,14,14,0,0,0,14,15,19,0,11
482762,1,1,1989,0,0,0,0,0,0,0,0,0,0
482763,1,1,1989,0,11,0,16,0,0,0,0,22,0
482763,2,1,1989,0,0,0,0,0,0,0,11,0,0
482764,1,1,1989,21,18,8,0,21,19,11,22,26,9
482765,1,1,1989,0,17,10,0,0,0,0,0,0,0
482765,2,1,1989,22,9,35,19,0,27,14,29,21,0
482766,1,1,1989,24,17,0,6,23,12,21,13,45,34
482767,1,1,1989,30,21,23,15,0,0,18,6,12,7
482768,1,1,1989,16,27,18,35,18,0,16,0,0,16
482768,2,1,1989,2,0,17,0,0,0,0,0,0,0
482769,1,1,1989,18,0,23,26,19,19,0,5,20,20
482769,2,1,1989,10,0,0,13,0,0,9,17,19,10
482770,1,1,1989,0,0,0,0,24,20,0,0,13,0
482770,2,1,1989,0,0,0,0,0,0,0,0,0,0
482771,1,1,1989,0,0,0,0,0,0,0,0,0,0
482771,2,1,1989,26,14,9,17,28,15,0,0,0,25
482772,1,1,1989,33,0,0,0,0,0,0,9,0,0
482772,2,1,1989,0,0,0,0,0,0,0,0,0,0
482772,3,1,1989,0,0,0,0,0,0,0,0,0,0
482773,1,1,1989,0,0,0,0,0,0,0,0,0,16
482773,2,1,1989,0,0,0,0,0,7,0,0,0,0
482774,1,1,1989,0,0,0,0,0,0,0,0,0,14
482774,2,1,1989,0,0,14,0,0,0,0,0,0,0
482775,1,1,1989,0,0,0,0,0,0,0,0,0,0
482775,2,1,1989,0,0,0,0,0,0,0,0,0,0
482775,3,1,1989,0,0,0,0,0,0,0,0,0,0
482776,1,1,1989,4,0,0,0,0,0,0,0,0,0
482777,1,1,1989,24,24,24,24,24,24,24,24,24,24
482778,0,1,1989,17,17,17,17,17,17,17,17,17,17
482778,1,1,1989,0,0,0,0,0,0,0,0,8,0
482779,1,1,1989,0,14,0,0,6,0,0,0,0,13
482779,2,1,1989,0,11,0,9,0,0,0,0,0,0
482780,1,1,1989,0,0,0,0,0,0,0,0,0,0
482780,2,1,1989,11,0,0,0,0,6,0,0,15,0
482781,1,1,1989,0,0,0,0,0,0,0,0,0,0
482782,1,1,1989,0,0,0,0,0,0,0,0,0,0
482782,2,1,1989,0,0,0,0,0,0,0,0,0,0
482783,0,1,1989,0,0,21,9,0,0,0,0,0,0
482783,1,1,1989,0,0,0,0,0,0,0,0,0,0
482784,1,1,1989,0,0,0,0,0,0,0,0,0,0
482784,2,1,1989,22,22,22,22,22,22,22,22,22,22
482785,1,1,1989,4,4,4,4,4,4,4,4,4,4
482785,2,1,1989,0,0,0,18,0,0,0,15,0,11
482787,0,1,1989,0,0,0,0,0,0,0,0,0,0
482787,1,1,1989,0,0,0,0,0,0,0,0,0,0
482788,1,1,1989,21,21,21,21,21,21,21,21,21,21
482788,2,1,1989,0,0,0,0,0,0,0,0,0,0
482788,3,1,1989,0,0,0,0,0,0,0,0,0,0