ST_CASE,VEH_NO,PER_NO,YEAR,P1,P2,P3,P4,P5,P6,P7,P8,P9,P10
490113,1,1,1989,0,0,0,0,0,0,0,0,0,0
490114,0,1,1989,0,28,0,0,21,18,36,0,0,7
490114,1,1,1989,0,0,0,7,0,0,0,0,0,0
490115,1,1,1989,10,10,10,10,10,10,10,10,10,10
490116,1,1,1989,0,0,0,0,0,0,0,0,0,0
490116,2,1,1989,12,12,12,12,12,12,12,12,12,12
490117,1,1,1989,0,0,0,0,0,0,0,0,0,0
490117,2,1,1989,0,0,0,0,0,0,0,0,0,0
490117,3,1,1989,8,0,0,0,0,0,0,0,0,0
490118,1,1,1989,33,33,33,33,33,33,33,33,33,33
490119,1,1,1989,16,16,16,16,16,16,16,16,16,16
490120,1,1,1989,0,0,0,0,0,0,0,0,0,0
490121,1,1,1989,0,0,0,0,0,0,0,0,0,0
490122,1,1,1989,0,0,0,0,0,0,0,0,0,0
490123,0,1,1989,0,0,0,0,0,0,0,0,0,0
490123,1,1,1989,0,0,0,0,0,0,0,0,0,0
490124,0,1,1989,0,0,19,0,18,0,0,0,23,0
490124,1,1,1989,0,0,0,0,0,0,0,0,0,0
490125,1,1,1989,19,19,19,19,19,19,19,19,19,19
490126,1,1,1989,2,2,2,2,2,2,2,2,2,2
490127,1,1,1989,0,0,0,0,0,0,0,0,0,0
490127,2,1,1989,0,0,0,0,0,0,0,0,0,0
490128,1,1,1989,0,0,0,0,0,0,0,0,0,0
490128,2,1,1989,0,0,0,0,0,0,0,0,0,0
490129,0,1,1989,0,0,0,0,0,0,0,0,0,0
490129,1,1,1989,0,0,0,0,0,0,0,0,0,0
490130,1,1,1989,19,19,19,19,19,19,19,19,19,19
490131,1,1,1989,0,0,0,0,0,0,0,0,0,0
490131,2,1,1989,0,0,0,0,0,0,0,0,0,0
490132,0,1,1989,0,0,0,0,0,0,0,0,0,0
490132,1,1,1989,0,0,0,0,0,0,0,0,0,0
490133,0,1,1989,0,0,0,0,0,0,0,0,0,0
490133,1,1,1989,0,0,0,0,0,0,0,0,0,0
490134,1,1,1989,0,0,0,0,0,0,0,0,0,0
490135,1,1,1989,0,0,0,0,0,0,0,0,0,0
490136,1,1,1989,0,0,0,0,0,0,0,0,0,0
490136,2,1,1989,0,0,0,0,0,0,0,0,0,0
490137,1,1,1989,10,10,10,10,10,10,10,10,10,10
490138,0,1,1989,0,0,0,0,0,0,0,0,0,0
490138,1,1,1989,0,0,0,0,0,0,0,0,0,0
490139,1,1,1989,10,10,10,10,10,10,10,10,10,10
490139,2,1,1989,0,0,0,0,0,0,0,0,0,0
490140,1,1,1989,0,0,0,0,0,0,0,0,0,0
490141,1,1,1989,0,0,0,0,12,0,18,0,0,0
490142,0,1,1989,14,14,14,14,14,14,14,14,14,14
490142,1,1,1989,0,0,0,0,0,0,0,0,0,0
490143,1,1,1989,0,0,0,0,0,0,0,0,0,0
490143,2,1,1989,0,0,0,0,0,0,0,0,0,0
490144,1,1,1989,0,0,0,0,0,17,0,0,0,0
490145,1,1,1989,0,0,0,0,0,0,0,0,0,0
490146,1,1,1989,0,0,0,0,0,0,0,0,0,0
490147,0,1,1989,2,0,11,8,0,0,16,16,0,0
490147,1,1,1989,0,0,0,0,0,0,0,0,0,0
490147,2,1,1989,6,6,6,6,6,6,6,6,6,6
490148,1,1,1989,0,0,0,0,0,0,0,0,0,0
490149,1,1,1989,15,15,15,15,15,15,15,15,15,15
490149,2,1,1989,0,0,0,0,0,0,12,0,0,0
490150,1,1,1989,0,0,0,0,0,0,0,0,0,0
490150,2,1,1989,10,10,10,10,10,10,10,10,10,10
490151,1,1,1989,0,0,0,0,0,0,0,0,0,0
490151,2,1,1989,16,0,0,23,20,0,26,17,0,0
490152,1,1,1989,2,2,2,2,2,2,2,2,2,2
490152,2,1,1989,0,0,0,0,0,0,0,0,0,0
490153,1,1,1989,0,0,0,0,0,0,0,0,0,0
490154,1,1,1989,7,7,7,7,7,7,7,7,7,7
490155,1,2,1989,12,12,12,12,12,12,12,12,12,12
490156,1,1,1989,0,0,0,0,0,0,0,0,0,0
490157,0,1,1989,22,22,22,22,22,22,22,22,22,22
490157,1,1,1989,16,16,16,16,16,16,16,16,16,16
490158,0,1,1989,0,0,0,0,0,0,0,0,0,0
490158,1,1,1989,0,0,0,0,0,0,0,0,0,0
490159,1,1,1989,31,31,31,31,31,31,31,31,31,31
490159,2,1,1989,0,0,0,0,0,0,0,0,0,0
490160,1,1,1989,0,0,0,0,0,0,0,0,0,0
490160,2,1,1989,0,0,0,0,0,0,0,0,0,0
490161,1,1,1989,0,0,0,0,0,0,0,0,0,0
490161,2,1,1989,0,0,0,0,0,0,0,0,0,0
490162,1,1,1989,0,0,0,0,0,0,0,0,0,0
490162,2,1,1989,0,0,0,0,0,0,0,0,0,0
490163,1,1,1989,17,0,0,11,0,0,0,0,0,0
490164,1,1,1989,0,0,0,0,0,0,10,0,0,0
490165,1,1,1989,11,11,11,11,11,11,11,11,11,11
490166,1,1,1989,13,13,13,13,13,13,13,13,13,13
490167,1,1,1989,0,0,0,0,0,0,0,0,0,0
490168,1,1,1989,23,23,23,23,23,23,23,23,23,23
490169,1,1,1989,0,0,0,0,0,0,0,0,0,0
490170,1,1,1989,0,0,0,0,0,0,0,0,0,0
490170,2,1,1989,0,0,0,0,0,0,0,0,0,0
490170,3,1,1989,0,0,0,0,0,0,0,0,0,0
490170,4,1,1989,0,0,0,0,0,0,0,0,0,0
490171,1,1,1989,15,0,0,14,30,15,16,10,30,5
490171,2,1,1989,0,0,0,0,0,0,0,0,0,0
490172,1,1,1989,0,0,0,0,0,0,0,0,0,0
490172,2,1,1989,0,0,0,0,0,0,0,0,0,0
490173,1,1,1989,0,0,0,0,0,0,0,0,0,23
490174,0,1,1989,0,0,0,0,0,0,0,0,0,0
490174,1,1,1989,0,0,0,0,0,0,0,0,0,0
490175,1,1,1989,16,16,16,16,16,16,16,16,16,16
490176,1,1,1989,0,0,0,0,0,0,0,0,0,0
490176,2,1,1989,0,0,0,0,0,0,0,0,0,0
490177,1,1,1989,23,23,23,23,23,23,23,23,23,23
490178,1,1,1989,0,0,5,0,0,0,0,0,0,0
490180,1,1,1989,17,17,17,17,17,17,17,17,17,17
490181,1,1,1989,0,0,0,0,0,0,0,0,0,23
490181,2,1,1989,0,0,0,0,0,0,0,0,0,0
490182,1,1,1989,0,0,0,0,0,0,0,0,0,0
490183,1,1,1989,0,0,0,0,0,0,0,0,0,0
490183,2,1,1989,0,0,0,0,0,0,0,0,0,0
490184,1,1,1989,0,0,0,0,0,16,0,0,6,0
490184,2,1,1989,0,0,0,0,7,0,0,0,0,0
490185,1,1,1989,0,0,0,0,0,0,0,0,0,0
490186,0,1,1989,0,0,0,0,0,0,0,0,0,0
490186,0,2,1989,0,0,0,0,0,0,0,0,0,0
490186,1,1,1989,0,0,0,0,25,0,0,0,0,0
490187,1,1,1989,0,0,0,0,0,0,0,0,0,0
490188,0,1,1989,27,7,30,42,20,24,15,17,2,33
490188,1,1,1989,0,0,10,0,12,0,0,0,30,0
490189,1,1,1989,24,24,24,24,24,24,24,24,24,24
490190,0,1,1989,0,0,0,0,0,0,0,0,0,0
490190,1,1,1989,24,24,24,24,24,24,24,24,24,24
490191,1,1,1989,0,0,0,0,0,0,0,0,0,0
490192,1,1,1989,30,30,30,30,30,30,30,30,30,30
490193,1,1,1989,0,0,0,0,0,0,0,0,0,0
490193,2,1,1989,0,0,0,0,0,0,0,0,0,0
490194,1,1,1989,0,0,0,0,0,0,0,0,0,0
490194,2,1,1989,0,0,0,0,0,0,0,0,0,0
490195,0,1,1989,0,22,0,29,0,20,0,0,0,0
490195,1,1,1989,0,0,0,0,0,0,18,0,0,0
490196,1,1,1989,0,0,0,0,0,0,0,0,0,0
490197,1,1,1989,12,0,0,0,0,0,0,7,0,0
490197,2,1,1989,0,0,0,0,0,0,0,0,0,0
490197,3,1,1989,0,0,0,0,0,0,0,0,0,0
490198,1,1,1989,15,15,15,15,15,15,15,15,15,15
490199,1,1,1989,9,9,9,9,9,9,9,9,9,9
490200,0,1,1989,0,0,0,0,0,0,0,0,0,0
490200,1,1,1989,0,0,0,0,0,0,0,0,0,0
490201,1,1,1989,15,15,15,15,15,15,15,15,15,15
490202,1,1,1989,0,0,0,0,0,0,0,0,0,0
490202,2,1,1989,0,0,0,0,0,0,0,0,0,0
490203,1,1,1989,20,20,20,20,20,20,20,20,20,20
490204,0,1,1989,0,0,0,0,0,0,0,0,0,0
490204,1,1,1989,12,12,12,12,12,12,12,12,12,12
490205,1,1,1989,0,0,0,0,0,0,0,0,0,0
490206,1,1,1989,0,0,0,0,0,0,0,0,0,0
490207,1,1,1989,0,0,0,0,0,0,0,0,0,0
490208,1,1,1989,0,0,0,17,0,0,0,0,0,0
490209,1,1,1989,0,0,0,0,0,0,0,0,0,0
490210,1,1,1989,0,0,0,0,0,0,0,0,0,0
490210,2,1,1989,0,0,0,0,0,0,0,0,0,0
490211,1,1,1989,0,0,0,0,0,0,0,0,0,0
490212,1,1,1989,0,0,0,0,0,0,0,0,0,0
490212,2,1,1989,0,0,0,0,0,0,0,0,0,0
490213,0,1,1989,0,0,0,0,0,0,0,0,0,0
490213,1,1,1989,0,0,0,0,0,0,0,0,0,0
490214,1,1,1989,21,21,21,21,21,21,21,21,21,21
490215,1,1,1989,0,0,0,0,0,0,0,0,0,0
490215,2,1,1989,0,0,0,0,0,0,0,0,0,0
490216,1,1,1989,45,16,0,0,0,35,0,0,25,0
490217,1,1,1989,0,0,0,0,0,0,0,0,0,0
490218,1,1,1989,7,7,7,7,7,7,7,7,7,7
490219,1,1,1989,0,0,0,0,0,0,0,0,0,0
490220,1,1,1989,0,0,0,0,0,0,0,0,0,0
490221,1,1,1989,0,0,0,0,0,0,0,0,0,0
490222,1,1,1989,0,0,0,0,0,0,0,0,0,0
490223,1,1,1989,0,0,0,0,0,0,0,0,0,0
490224,0,1,1989,0,0,0,0,0,0,0,0,0,0
490224,1,1,1989,0,0,0,0,0,0,0,0,0,0
490225,1,1,1989,0,0,0,0,0,0,0,0,0,0
490225,2,1,1989,0,0,0,0,0,0,0,0,0,0
490225,3,1,1989,0,0,0,0,0,0,0,0,0,0
490226,1,1,1989,9,9,9,9,9,9,9,9,9,9
490227,1,1,1989,0,0,0,0,0,0,0,0,0,0
490227,2,1,1989,0,0,0,0,0,0,0,0,0,0
490228,1,1,1989,0,0,0,0,0,0,0,0,0,0
490228,2,1,1989,0,0,0,0,0,0,0,0,0,0
490228,3,1,1989,0,0,0,0,0,0,0,0,0,0
490229,1,1,1989,0,0,0,0,0,0,0,0,0,0
490229,2,1,1989,12,12,12,12,12,12,12,12,12,12
490230,1,1,1989,0,0,0,0,0,0,0,0,0,0
490231,1,1,1989,22,22,22,22,22,22,22,22,22,22
490232,1,1,1989,7,7,7,7,7,7,7,7,7,7
490233,1,1,1989,0,0,0,0,0,0,0,0,0,0
490234,0,1,1989,0,0,0,0,0,0,0,0,0,0
490234,1,1,1989,0,0,0,0,0,0,0,0,0,0
490235,1,1,1989,26,26,26,26,26,26,26,26,26,26
490236,1,1,1989,0,0,0,0,0,0,0,0,0,0
490236,2,1,1989,0,0,0,0,0,0,0,0,0,0
490236,3,1,1989,0,0,0,0,0,0,0,0,0,0
490236,4,1,1989,0,0,0,0,0,0,0,0,0,0
490236,5,1,1989,0,0,0,0,0,0,0,0,0,0
490237,1,1,1989,0,11,0,0,0,0,0,0,0,0
490237,2,1,1989,22,22,22,22,22,22,22,22,22,22
490238,1,1,1989,13,13,13,13,13,13,13,13,13,13
490239,1,1,1989,0,0,0,0,0,0,0,0,0,0
490239,2,1,1989,29,29,29,29,29,29,29,29,29,29
490240,1,1,1989,14,14,14,14,14,14,14,14,14,14
490240,2,1,1989,0,0,0,0,0,0,0,0,0,0
490241,1,1,1989,18,18,18,18,18,18,18,18,18,18
490241,2,1,1989,0,0,0,0,0,0,0,0,0,0
490242,1,1,1989,20,20,20,20,20,20,20,20,20,20
490244,1,1,1989,0,0,0,0,0,0,0,0,0,0
490244,2,1,1989,0,0,0,0,0,0,0,0,0,0
490245,1,1,1989,0,0,0,0,0,0,0,0,0,0
490245,2,1,1989,0,0,0,0,0,0,0,0,0,0
490246,1,1,1989,0,0,0,0,0,0,0,0,0,0
490247,1,1,1989,0,0,0,0,0,0,0,0,0,0
490248,0,1,1989,0,0,0,0,0,0,0,0,0,0
490248,1,1,1989,0,0,0,0,0,0,0,0,0,0
490249,1,1,1989,0,0,0,0,0,0,0,0,0,0
490249,2,1,1989,0,0,0,0,0,0,0,0,0,0
490251,1,1,1989,0,0,0,0,0,0,0,0,0,0
490252,1,1,1989,0,0,0,0,10,0,0,8,0,7
490253,0,1,1989,0,0,0,0,0,0,0,0,0,0
490253,1,1,1989,0,0,0,0,0,0,0,0,0,0
490254,1,1,1989,0,0,11,21,0,8,0,0,0,0
490255,1,1,1989,0,0,0,0,0,0,0,0,0,0
490255,2,1,1989,0,0,0,0,0,0,0,0,0,0
490256,0,1,1989,0,0,0,0,0,0,0,0,0,0
490256,1,1,1989,0,0,0,0,0,0,0,0,0,0
490257,1,1,1989,0,0,0,0,0,0,0,0,0,0
490258,1,1,1989,14,0,0,0,0,0,0,0,0,0
490258,2,1,1989,0,0,0,0,0,0,0,0,0,0
490259,1,1,1989,0,0,0,0,0,0,0,0,0,0
490259,2,1,1989,0,0,0,0,0,0,0,0,0,0
490260,1,1,1989,0,0,0,0,0,0,0,0,0,0
490261,1,1,1989,10,10,10,10,10,10,10,10,10,10
490262,0,1,1989,6,0,0,0,19,0,0,0,0,14
490262,1,1,1989,0,0,0,0,0,0,0,0,0,0
490263,1,1,1989,0,0,0,0,0,0,0,0,0,0
490263,2,1,1989,0,0,0,0,0,0,0,0,0,0
490264,1,1,1989,0,0,0,0,0,0,0,0,0,0
490264,2,1,1989,0,0,0,0,0,0,0,0,0,0
490265,1,1,1989,0,0,0,0,0,0,0,0,0,0
490265,2,1,1989,21,15,22,30,18,11,21,24,23,20
490266,1,1,1989,0,0,0,0,0,0,0,0,0,0
490267,1,1,1989,0,0,0,0,0,0,0,0,0,0
490267,2,1,1989,0,0,0,0,0,0,0,0,0,0
490268,1,1,1989,0,0,0,0,0,0,0,0,0,0
490269,1,1,1989,0,0,0,0,0,0,0,0,0,0
490270,1,1,1989,5,5,5,5,5,5,5,5,5,5
490271,0,1,1989,6,23,11,0,18,0,0,5,44,0
490271,1,1,1989,0,0,0,0,0,0,0,0,0,0
490272,0,1,1989,0,0,0,0,0,0,0,0,0,0
490272,1,1,1989,0,0,0,0,0,0,0,0,0,0
490273,1,1,1989,0,0,0,0,0,0,0,0,0,0
490274,0,1,1989,0,0,0,0,19,0,14,0,0,0
490274,1,1,1989,0,0,0,0,0,0,0,0,0,0
490276,1,1,1989,16,16,16,16,16,16,16,16,16,16
490277,1,1,1989,0,0,0,0,0,0,0,0,0,0
490277,2,1,1989,0,0,0,0,0,0,0,0,0,0
500001,1,1,1989,0,0,0,0,0,0,0,0,0,0
500002,1,1,1989,0,0,0,0,0,0,0,0,0,0
500002,2,1,1989,0,0,0,0,0,0,0,0,0,0
500003,1,1,1989,0,0,0,0,0,0,0,0,0,0
500004,1,1,1989,0,0,0,0,0,0,0,0,0,0
500004,2,1,1989,0,0,0,0,0,0,0,0,0,0
500005,1,1,1989,12,12,12,12,12,12,12,12,12,12
500006,1,1,1989,0,0,0,0,0,0,0,0,0,0
500007,0,1,1989,0,0,0,0,0,0,0,0,0,0
500007,1,1,1989,0,0,0,0,0,26,0,0,0,0
500008,1,1,1989,0,0,0,0,0,0,0,0,0,0
500008,2,1,1989,0,0,0,0,0,0,0,0,0,0
500009,1,1,1989,0,0,0,0,0,0,0,0,0,0
500009,2,1,1989,0,0,0,0,0,0,0,0,0,0
500010,1,1,1989,31,31,31,31,31,31,31,31,31,31
500011,1,1,1989,0,0,0,0,0,0,0,0,0,0
500011,2,1,1989,0,0,0,0,0,0,0,0,0,0
500012,1,1,1989,17,0,0,0,0,0,0,0,0,0
500013,1,1,1989,0,0,0,0,0,0,0,0,0,0
500014,1,1,1989,0,0,0,0,0,0,0,0,0,0
500014,2,1,1989,0,0,0,0,0,0,0,0,0,0
500015,1,1,1989,0,0,0,0,0,0,0,0,0,0
500016,1,1,1989,0,0,0,0,0,0,0,0,0,0
500016,2,1,1989,2,2,2,2,2,2,2,2,2,2
500017,0,1,1989,0,0,0,0,0,0,0,0,0,0
500017,1,1,1989,0,0,0,0,0,0,0,0,0,0
500018,1,1,1989,0,0,0,0,0,0,0,0,0,0
500018,2,1,1989,0,0,0,0,0,0,0,0,0,0
500019,1,1,1989,0,0,0,0,0,0,0,0,0,0
500019,2,1,1989,0,0,0,0,0,0,0,0,0,0
500020,1,1,1989,10,10,10,10,10,10,10,10,10,10
500021,1,1,1989,10,10,10,10,10,10,10,10,10,10
500021,2,1,1989,0,0,0,0,0,0,0,0,0,0
500022,0,1,1989,0,0,0,0,0,0,0,0,0,0
500022,1,1,1989,0,0,0,0,0,0,0,0,0,0
500023,1,1,1989,27,27,27,27,27,27,27,27,27,27
500024,1,1,1989,19,19,19,19,19,19,19,19,19,19
500025,1,1,1989,16,16,16,16,16,16,16,16,16,16
500026,1,1,1989,0,0,0,0,0,0,0,0,0,0
500026,2,1,1989,0,0,0,0,0,0,0,0,0,0
500026,3,1,1989,0,0,0,0,0,0,0,0,0,0
500027,1,1,1989,0,0,0,0,0,0,0,0,0,0
500028,1,1,1989,0,0,0,0,0,0,0,0,0,0
500028,2,1,1989,0,0,0,0,0,0,0,0,0,0
500029,1,1,1989,13,13,13,13,13,13,13,13,13,13
500031,1,1,1989,18,18,18,18,18,18,18,18,18,18
500032,1,1,1989,0,0,0,0,0,0,0,0,0,0
500033,0,1,1989,0,0,0,0,0,0,0,0,0,0
500033,1,1,1989,0,0,0,0,0,0,0,0,0,0
500034,1,1,1989,21,21,21,21,21,21,21,21,21,21
500035,1,1,1989,0,0,0,0,0,0,0,0,0,0
500035,2,1,1989,3,3,3,3,3,3,3,3,3,3
500036,1,1,1989,0,0,0,0,0,0,0,0,0,0
500036,2,1,1989,0,0,0,0,0,0,0,0,0,0
500037,1,1,1989,0,0,0,0,0,0,0,0,0,0
500038,1,1,1989,0,0,0,0,0,0,0,0,0,0
500038,2,1,1989,17,17,17,17,17,17,17,17,17,17
500039,1,1,1989,17,17,17,17,17,17,17,17,17,17
500039,2,1,1989,0,0,0,0,0,0,0,0,0,0
500040,0,1,1989,0,0,0,0,0,0,0,0,0,0
500040,1,1,1989,0,0,0,0,0,0,0,0,0,0
500041,1,1,1989,27,27,27,27,27,27,27,27,27,27
500041,2,1,1989,0,0,0,0,0,0,0,0,0,0
500042,0,1,1989,0,10,0,0,21,0,13,5,19,0
500042,0,2,1989,0,0,0,23,0,0,42,15,0,0
500042,1,1,1989,0,0,0,0,0,0,0,0,0,0
500043,1,1,1989,1,1,1,1,1,1,1,1,1,1
500044,1,1,1989,19,19,19,19,19,19,19,19,19,19
500044,2,1,1989,0,0,0,0,0,0,0,0,0,0
500045,1,1,1989,0,0,0,0,0,0,0,0,0,0
500046,1,1,1989,0,0,0,0,0,0,0,0,0,0
500047,1,1,1989,0,0,0,0,0,0,0,0,0,0
500047,2,1,1989,0,0,0,0,0,0,0,0,0,0
500048,1,1,1989,1,1,1,1,1,1,1,1,1,1
500048,2,1,1989,0,0,0,0,0,0,0,0,0,0
500049,1,1,1989,0,0,0,0,0,0,0,0,0,0
500049,2,1,1989,0,0,0,0,0,0,0,0,0,0
500050,1,1,1989,0,0,0,0,0,0,0,0,0,0
500050,2,1,1989,4,4,4,4,4,4,4,4,4,4
500050,3,1,1989,0,0,0,0,0,0,0,0,0,0
500051,1,1,1989,0,0,11,0,0,0,0,0,0,10
500052,1,1,1989,31,31,31,31,31,31,31,31,31,31
500053,1,1,1989,0,0,0,0,0,0,0,0,0,0
500053,2,1,1989,5,0,0,0,0,0,0,0,0,0
500054,1,1,1989,0,0,0,0,0,0,0,0,0,0
500054,2,1,1989,0,0,0,0,0,0,0,0,0,0
500055,1,1,1989,13,13,13,13,13,13,13,13,13,13
500056,1,1,1989,0,0,0,0,0,0,0,0,0,0
500057,1,1,1989,27,27,27,27,27,27,27,27,27,27
500058,1,1,1989,15,15,15,15,15,15,15,15,15,15
500058,2,1,1989,0,0,0,0,0,0,0,0,0,0
500059,1,1,1989,13,13,13,13,13,13,13,13,13,13
500061,1,1,1989,10,0,3,13,16,9,7,9,7,3
500061,2,1,1989,0,0,0,0,0,0,0,0,0,0
500062,0,1,1989,0,0,0,0,0,0,0,0,0,0
500062,1,1,1989,0,0,0,0,0,0,0,0,0,0
500063,1,1,1989,10,10,10,10,10,10,10,10,10,10
500064,1,1,1989,2,2,2,2,2,2,2,2,2,2
500065,1,1,1989,0,0,0,0,0,0,0,0,0,0
500065,2,1,1989,2,2,2,2,2,2,2,2,2,2
500066,1,1,1989,0,0,0,0,0,0,0,0,0,0
500066,2,1,1989,0,0,0,0,0,0,0,0,0,0
500067,1,1,1989,22,27,22,8,42,23,14,5,48,17
500068,1,1,1989,21,21,21,21,21,21,21,21,21,21
500068,2,1,1989,0,0,0,0,0,0,0,0,0,0
500069,1,1,1989,3,3,3,3,3,3,3,3,3,3
500070,1,1,1989,25,25,25,25,25,25,25,25,25,25
500071,1,1,1989,0,0,0,0,0,0,0,0,0,0
500072,0,1,1989,19,19,19,19,19,19,19,19,19,19
500072,1,1,1989,0,0,0,0,0,0,0,0,0,0
500073,1,1,1989,0,0,0,0,0,0,0,0,0,0
500073,2,1,1989,0,0,0,0,0,0,0,0,0,0
500074,1,1,1989,0,0,0,0,0,0,0,0,0,0
500075,1,1,1989,0,0,0,0,0,0,0,0,0,0
500075,2,1,1989,0,0,0,0,0,0,0,0,0,0
500076,1,1,1989,5,30,18,16,15,7,22,14,15,10
500077,1,1,1989,0,0,0,0,0,0,0,0,0,0
500078,1,1,1989,15,15,15,15,15,15,15,15,15,15
500078,2,1,1989,8,8,8,8,8,8,8,8,8,8
500079,0,1,1989,0,0,0,0,0,0,0,0,0,0
500079,1,1,1989,4,4,4,4,4,4,4,4,4,4
500080,1,1,1989,25,19,12,15,21,9,23,17,16,23
500081,1,1,1989,18,18,18,18,18,18,18,18,18,18
500082,1,1,1989,0,0,0,0,0,0,0,0,0,0
500083,1,1,1989,0,0,0,0,0,0,0,0,0,0
500084,1,1,1989,4,4,4,4,4,4,4,4,4,4
500084,2,1,1989,4,4,4,4,4,4,4,4,4,4
500085,1,1,1989,29,29,29,29,29,29,29,29,29,29
500086,1,1,1989,0,0,0,0,0,0,0,0,0,0
500087,0,1,1989,0,0,0,0,0,0,0,0,0,0
500087,0,2,1989,0,0,0,0,0,0,0,0,0,0
500087,1,1,1989,0,0,0,0,0,0,0,0,0,0
500088,1,3,1989,15,0,16,0,12,0,0,12,19,0
500089,1,1,1989,23,23,23,23,23,23,23,23,23,23
500090,1,1,1989,14,14,14,14,14,14,14,14,14,14
500091,1,1,1989,0,0,0,0,0,0,0,0,0,0
500092,1,1,1989,21,27,14,11,15,19,40,12,8,6
500093,1,1,1989,29,29,29,29,29,29,29,29,29,29
500094,1,1,1989,7,0,10,0,0,0,7,0,20,0
500094,2,1,1989,0,0,0,0,0,0,0,0,0,0
500095,1,1,1989,21,21,21,21,21,21,21,21,21,21
500096,1,1,1989,0,0,0,0,0,0,0,0,0,0
500097,0,1,1989,0,0,0,0,0,0,0,0,0,0
500097,0,2,1989,0,0,7,0,0,0,0,0,7,0
500097,1,1,1989,0,0,0,0,0,0,0,0,0,0
500098,1,1,1989,0,0,0,0,0,0,0,0,0,0
500098,2,1,1989,0,0,0,0,0,10,0,0,0,0
500099,1,1,1989,0,0,0,0,0,0,0,0,0,0
500100,1,1,1989,2,2,2,2,2,2,2,2,2,2
500101,1,1,1989,0,0,0,0,0,0,0,0,0,0
500101,2,1,1989,0,0,0,0,0,0,0,0,0,0
500102,1,1,1989,0,0,0,0,0,0,0,0,0,0
500103,1,1,1989,28,6,22,36,15,11,8,23,16,15
500104,1,1,1989,15,15,15,15,15,15,15,15,15,15
500105,1,1,1989,0,13,0,0,0,0,31,0,0,0
500105,2,1,1989,0,0,0,0,0,0,0,0,0,0
500106,1,1,1989,34,19,12,24,19,34,20,34,16,24
500107,1,1,1989,0,0,0,0,0,0,0,0,0,0
500108,0,1,1989,0,15,24,0,0,0,0,0,0,0
500108,1,1,1989,0,0,0,0,0,0,0,0,0,0
500109,1,1,1989,17,10,12,15,12,16,23,13,7,18
500109,2,1,1989,24,24,24,24,24,24,24,24,24,24
500110,1,1,1989,29,29,29,29,29,29,29,29,29,29
500111,1,1,1989,0,0,0,0,0,0,0,0,0,0
510001,1,1,1989,23,9,0,26,7,0,13,30,16,8
510001,2,1,1989,0,0,0,0,0,0,0,0,0,0
510002,1,1,1989,28,28,28,28,28,28,28,28,28,28
510003,1,1,1989,4,13,15,11,10,20,5,14,8,19
510003,2,1,1989,0,0,0,0,0,0,0,0,0,0
510004,1,1,1989,14,0,0,0,0,0,6,11,0,0
510005,1,1,1989,29,29,29,29,29,29,29,29,29,29
510005,2,1,1989,12,0,0,11,0,0,0,0,0,0
510006,0,1,1989,0,0,0,0,0,0,0,0,0,0
510006,1,1,1989,0,0,0,0,0,0,0,0,0,0
510007,1,1,1989,7,7,7,7,7,7,7,7,7,7
510008,1,1,1989,0,0,0,0,0,0,0,0,0,0
510008,2,1,1989,0,0,0,0,0,0,0,0,0,0
510009,1,1,1989,0,0,0,0,0,0,0,0,0,0
510010,1,1,1989,22,22,22,22,22,22,22,22,22,22
510010,2,1,1989,9,13,15,18,16,6,22,22,10,0
510011,1,1,1989,0,0,0,0,0,0,0,0,0,0
510012,1,1,1989,0,0,0,0,0,0,0,0,0,0
510013,1,1,1989,22,22,22,22,22,22,22,22,22,22
510014,0,1,1989,23,23,23,23,23,23,23,23,23,23
510014,1,1,1989,0,18,0,0,0,0,0,0,0,0
510014,2,1,1989,35,0,0,0,0,0,0,16,0,3
510015,1,1,1989,0,0,0,0,0,0,0,0,0,0
510015,2,1,1989,0,0,0,0,0,0,0,0,0,0
510016,1,1,1989,15,13,13,21,12,8,4,8,19,14
510016,2,1,1989,11,11,11,11,11,11,11,11,11,11
510017,1,1,1989,21,0,0,0,0,0,0,0,0,0
510018,1,1,1989,0,0,0,0,0,0,0,0,0,0
510018,2,1,1989,0,0,0,0,0,0,0,0,0,0
510018,3,1,1989,0,0,0,0,0,0,0,0,0,0
510019,0,1,1989,5,5,5,5,5,5,5,5,5,5
510019,1,1,1989,0,0,0,0,0,0,0,0,0,0
510020,1,1,1989,34,34,34,34,34,34,34,34,34,34
510021,0,1,1989,13,13,13,13,13,13,13,13,13,13
510021,1,1,1989,9,19,18,16,15,20,4,11,13,17
510022,1,1,1989,0,0,0,0,0,0,0,0,0,0
510022,2,1,1989,0,0,0,0,0,0,0,0,0,0
510023,1,1,1989,0,0,0,0,0,0,0,0,0,0
510024,1,1,1989,0,0,0,0,15,0,0,0,0,0
510024,2,1,1989,4,4,4,4,4,4,4,4,4,4
510025,1,1,1989,22,22,22,22,22,22,22,22,22,22
510025,2,1,1989,0,0,0,0,0,0,0,0,0,0
510026,0,1,1989,0,0,0,0,0,0,0,0,0,0
510026,1,1,1989,0,0,0,0,0,0,0,0,0,0
510027,1,1,1989,0,0,0,0,0,0,0,0,0,0
510027,2,1,1989,0,0,0,23,0,0,0,0,0,0
510028,1,1,1989,6,15,24,6,5,33,2,13,23,12
510028,2,1,1989,19,21,10,0,26,17,8,17,15,17
510029,1,1,1989,0,0,0,0,0,0,0,0,0,0
510029,2,1,1989,15,9,10,0,44,18,13,21,22,24
510030,0,1,1989,0,0,0,0,0,0,0,0,0,0