ST_CASE,VEH_NO,PER_NO,YEAR,P1,P2,P3,P4,P5,P6,P7,P8,P9,P10
510030,1,1,1989,0,0,0,0,0,0,0,0,0,0
510031,0,1,1989,0,0,0,0,0,0,0,0,0,0
510031,1,1,1989,0,0,0,0,0,0,0,0,0,0
510032,1,1,1989,0,0,0,0,0,0,0,0,0,0
510032,2,1,1989,0,0,0,0,0,0,0,0,0,0
510033,1,1,1989,0,0,0,0,0,0,0,0,0,0
510033,2,1,1989,0,0,0,0,0,0,0,0,0,0
510034,0,1,1989,0,0,0,0,0,0,0,0,0,0
510034,1,1,1989,0,0,0,0,0,0,0,0,0,0
510036,1,1,1989,0,0,0,0,0,0,0,0,0,0
510036,2,1,1989,0,0,0,0,0,0,23,0,0,0
510037,1,1,1989,0,0,0,0,0,0,0,0,0,0
510037,2,1,1989,0,0,0,0,0,0,0,0,0,0
510038,1,1,1989,0,0,0,0,0,0,0,0,0,0
510039,0,1,1989,0,0,0,0,0,0,0,0,0,0
510039,1,1,1989,0,0,21,0,0,0,4,0,0,0
510040,1,1,1989,21,21,21,21,21,21,21,21,21,21
510041,1,1,1989,15,15,15,15,15,15,15,15,15,15
510042,1,1,1989,10,0,0,0,0,0,0,0,0,0
510042,2,1,1989,0,12,0,10,0,0,0,18,14,16
510043,1,1,1989,11,11,11,11,11,11,11,11,11,11
510044,1,1,1989,0,0,0,0,0,0,0,0,0,0
510045,1,1,1989,0,0,0,0,0,0,0,0,0,0
510046,1,1,1989,0,0,0,0,0,0,0,0,0,0
510046,2,1,1989,1,1,1,1,1,1,1,1,1,1
510046,3,1,1989,0,0,0,0,0,0,0,0,0,0
510047,1,1,1989,11,12,0,0,14,12,7,0,8,9
510048,1,1,1989,0,0,0,0,0,0,0,0,0,0
510048,2,1,1989,0,0,24,0,6,0,28,0,25,26
510049,1,1,1989,0,0,0,0,0,0,0,0,0,0
510049,2,1,1989,0,0,0,0,0,0,0,0,0,0
510050,1,1,1989,0,0,0,0,0,0,0,0,0,0
510050,2,1,1989,0,14,0,0,0,0,11,0,0,0
510051,1,1,1989,0,0,0,0,0,0,0,0,0,0
510051,2,1,1989,0,0,0,0,0,0,0,0,0,0
510052,1,1,1989,0,0,0,0,0,0,0,0,19,0
510052,2,1,1989,0,0,0,0,0,0,0,0,0,0
510053,1,1,1989,8,8,8,8,8,8,8,8,8,8
510054,1,1,1989,0,24,0,0,14,0,0,0,0,0
510054,2,1,1989,0,0,0,0,0,0,0,0,0,0
510055,1,1,1989,16,16,16,16,16,16,16,16,16,16
510056,0,1,1989,0,0,0,0,0,0,0,0,0,0
510056,1,1,1989,0,0,0,0,0,0,28,0,0,0
510057,1,1,1989,20,20,20,20,20,20,20,20,20,20
510057,2,1,1989,10,10,10,10,10,10,10,10,10,10
510058,0,1,1989,14,14,14,14,14,14,14,14,14,14
510058,1,1,1989,0,0,0,0,0,0,0,0,0,0
510059,1,1,1989,0,0,0,0,0,0,0,0,0,0
510059,2,1,1989,0,0,0,0,0,0,0,0,0,0
510060,1,1,1989,0,0,0,0,0,0,0,0,0,0
510061,1,1,1989,0,0,0,0,0,0,0,0,0,0
510061,2,1,1989,34,34,34,34,34,34,34,34,34,34
510062,0,1,1989,0,0,0,0,0,0,0,0,0,0
510062,1,1,1989,0,0,0,0,0,0,9,0,0,0
510063,1,1,1989,0,0,0,0,0,0,0,0,0,0
510063,2,1,1989,0,0,0,0,0,0,0,0,0,0
510064,1,1,1989,20,20,20,20,20,20,20,20,20,20
510065,1,1,1989,0,0,0,0,0,0,0,0,0,0
510066,1,1,1989,0,0,0,0,0,0,0,0,0,0
510066,2,1,1989,0,0,0,0,0,0,0,0,0,0
510067,1,1,1989,0,0,0,0,0,0,0,0,0,0
510067,2,1,1989,0,0,0,0,0,0,0,0,0,0
510068,1,1,1989,12,12,12,12,12,12,12,12,12,12
510069,0,1,1989,0,0,0,0,0,0,0,0,0,0
510069,0,2,1989,0,0,0,0,0,0,0,0,0,0
510069,1,1,1989,0,17,0,16,0,0,0,2,0,0
510070,1,1,1989,0,0,0,0,12,0,0,0,0,0
510070,2,1,1989,0,0,0,0,0,0,0,0,0,0
510071,1,1,1989,22,22,22,22,22,22,22,22,22,22
510072,0,1,1989,26,26,26,26,26,26,26,26,26,26
510072,1,1,1989,17,8,13,6,6,9,19,14,20,16
510073,0,1,1989,30,30,30,30,30,30,30,30,30,30
510073,1,1,1989,0,0,0,0,0,0,20,0,0,0
510074,1,1,1989,28,28,28,28,28,28,28,28,28,28
510075,1,1,1989,20,20,20,20,20,20,20,20,20,20
510076,1,1,1989,32,32,32,32,32,32,32,32,32,32
510076,2,1,1989,0,0,0,0,0,16,0,0,0,0
510077,0,1,1989,19,19,19,19,19,19,19,19,19,19
510077,1,1,1989,0,23,0,0,0,0,0,0,0,0
510078,0,1,1989,0,0,0,0,0,0,0,0,0,0
510078,1,1,1989,0,0,0,0,0,0,0,0,0,0
510079,1,1,1989,0,0,0,0,0,0,0,0,0,0
510080,1,1,1989,12,12,12,12,12,12,12,12,12,12
510080,2,1,1989,22,15,0,15,17,16,16,21,20,4
510081,1,1,1989,0,0,0,0,0,0,0,0,0,0
510081,2,1,1989,0,0,0,0,0,0,0,0,0,0
510082,1,1,1989,0,0,0,0,0,0,0,0,0,0
510083,1,1,1989,21,21,21,21,21,21,21,21,21,21
510084,1,1,1989,21,8,4,12,29,4,4,11,0,7
510085,1,1,1989,0,0,0,0,0,0,0,0,0,0
510086,1,1,1989,15,15,15,15,15,15,15,15,15,15
510087,1,1,1989,0,0,0,0,0,0,0,0,0,0
510088,1,1,1989,15,15,15,15,15,15,15,15,15,15
510088,2,1,1989,0,0,0,0,0,0,0,0,0,0
510089,1,1,1989,21,10,14,12,26,8,11,9,0,27
510090,1,1,1989,0,0,0,0,0,0,0,0,0,0
510091,0,1,1989,28,28,28,28,28,28,28,28,28,28
510091,1,1,1989,15,5,22,0,23,19,9,16,0,8
510092,1,1,1989,0,0,0,0,0,0,0,0,0,0
510093,1,1,1989,0,0,0,0,0,0,0,0,0,0
510093,2,1,1989,0,0,9,0,0,8,24,0,0,0
510094,1,1,1989,9,4,9,0,10,0,0,8,19,0
510095,1,1,1989,0,0,0,0,0,0,0,0,0,53
510095,2,1,1989,23,23,23,23,23,23,23,23,23,23
510096,1,1,1989,0,0,0,0,0,0,0,0,0,0
510097,1,1,1989,10,10,10,10,10,10,10,10,10,10
510098,1,1,1989,0,0,0,0,0,0,0,0,0,0
510098,2,1,1989,0,0,0,0,0,0,0,0,0,0
510098,3,1,1989,0,0,0,0,0,0,0,0,0,0
510099,1,1,1989,0,0,0,0,0,0,0,0,0,0
510099,2,1,1989,18,0,0,0,0,0,0,0,0,0
510100,0,2,1989,0,0,0,0,0,0,0,0,0,0
510100,0,3,1989,13,12,25,0,2,20,17,30,0,33
510100,1,1,1989,0,0,0,0,0,0,0,0,0,0
510101,0,1,1989,0,0,0,0,0,0,0,0,0,0
510101,1,1,1989,0,0,0,0,0,0,0,0,0,0
510102,1,1,1989,28,28,28,28,28,28,28,28,28,28
510103,0,1,1989,0,0,0,0,26,0,0,0,0,0
510103,1,1,1989,0,0,0,0,0,0,0,8,0,0
510104,1,1,1989,14,14,14,14,14,14,14,14,14,14
510105,1,1,1989,0,0,0,0,0,0,0,0,0,0
510106,1,1,1989,0,0,0,0,0,0,0,0,0,0
510106,2,1,1989,0,0,0,0,0,0,0,0,0,0
510108,0,1,1989,29,29,29,29,29,29,29,29,29,29
510108,1,1,1989,0,0,0,0,0,0,0,0,0,0
510109,1,1,1989,0,17,0,0,0,17,6,16,0,0
510110,1,1,1989,0,0,0,13,8,0,0,0,0,0
510111,1,1,1989,14,8,20,22,3,26,19,6,20,25
510112,0,1,1989,0,0,0,0,0,0,0,0,0,0
510112,1,1,1989,0,0,0,0,0,0,0,0,0,0
510113,1,1,1989,0,0,0,0,0,0,0,0,0,0
510113,2,1,1989,0,0,0,0,0,0,0,0,0,0
510114,1,1,1989,20,20,20,20,20,20,20,20,20,20
510115,1,1,1989,0,0,0,0,0,0,0,0,0,0
510116,1,1,1989,18,18,18,18,18,18,18,18,18,18
510117,1,1,1989,17,17,17,17,17,17,17,17,17,17
510118,1,1,1989,3,3,3,3,3,3,3,3,3,3
510118,2,1,1989,0,0,0,0,0,0,0,0,0,0
510118,3,1,1989,0,0,0,0,0,0,0,0,0,0
510119,1,1,1989,0,0,0,0,0,0,0,0,0,0
510119,2,1,1989,13,9,23,9,23,12,7,13,10,25
510120,1,1,1989,0,0,0,0,0,0,0,0,0,0
510120,2,1,1989,0,0,0,0,0,0,0,0,0,0
510121,1,1,1989,24,24,24,24,24,24,24,24,24,24
510121,2,1,1989,0,0,0,0,0,0,0,0,0,0
510121,3,1,1989,0,0,0,0,0,0,0,0,0,0
510122,1,1,1989,0,0,0,0,0,0,0,0,20,0
510123,1,1,1989,0,0,0,0,0,0,0,0,0,0
510123,2,1,1989,0,0,0,0,0,0,0,0,0,0
510124,1,1,1989,0,0,0,0,0,0,0,0,0,0
510124,2,1,1989,0,0,0,0,0,0,0,0,0,0
510125,1,1,1989,0,0,0,0,0,0,0,0,0,0
510125,2,1,1989,0,0,0,0,0,0,0,0,0,0
510126,1,1,1989,3,0,8,20,0,0,0,0,15,15
510127,0,1,1989,0,0,0,0,0,0,0,0,0,0
510127,1,1,1989,15,17,28,18,13,18,19,11,23,14
510128,1,1,1989,18,18,18,18,18,18,18,18,18,18
510129,1,1,1989,21,21,21,21,21,21,21,21,21,21
510129,2,1,1989,0,0,0,0,0,0,0,0,0,0
510130,1,1,1989,0,0,0,0,0,0,0,0,0,0
510131,1,1,1989,0,0,0,0,0,0,0,0,0,0
510131,2,1,1989,0,0,0,0,0,0,0,0,0,0
510132,1,1,1989,13,22,15,0,16,14,3,26,9,14
510133,0,1,1989,24,24,24,24,24,24,24,24,24,24
510133,1,1,1989,0,0,0,0,0,0,0,0,0,0
510134,1,1,1989,0,0,0,0,0,0,0,0,0,0
510134,2,1,1989,13,3,15,9,7,19,22,25,5,13
510135,0,1,1989,0,0,0,0,0,0,0,0,0,0
510135,1,1,1989,0,0,0,0,0,0,0,0,0,0
510136,1,1,1989,7,7,7,7,7,7,7,7,7,7
510137,1,1,1989,0,0,0,0,15,0,0,0,0,0
510138,0,1,1989,18,18,18,18,18,18,18,18,18,18
510138,1,1,1989,6,13,21,12,26,0,13,5,43,12
510139,1,1,1989,14,18,12,12,18,15,3,0,12,14
510139,2,1,1989,0,0,0,0,0,0,0,0,0,0
510140,0,1,1989,0,0,0,0,0,0,0,0,0,0
510140,1,1,1989,0,0,0,0,0,0,0,0,0,0
510141,1,1,1989,0,0,0,0,0,0,0,0,20,0
510141,2,1,1989,0,0,0,0,0,0,0,0,0,0
510142,1,1,1989,0,0,0,0,0,0,0,0,0,0
510143,1,1,1989,11,11,11,11,11,11,11,11,11,11
510144,0,1,1989,0,0,0,0,0,0,0,0,0,0
510144,1,1,1989,5,14,0,0,0,9,30,14,3,0
510145,0,1,1989,0,0,0,0,0,0,0,0,0,0
510145,1,1,1989,0,6,0,4,0,0,0,0,0,0
510146,0,1,1989,0,0,0,0,0,0,0,0,0,0
510146,1,1,1989,4,0,9,0,20,6,12,0,0,0
510147,1,1,1989,19,19,19,19,19,19,19,19,19,19
510148,1,1,1989,0,0,0,0,0,0,0,0,0,0
510148,2,1,1989,0,0,0,0,0,0,0,0,0,0
510149,0,1,1989,23,23,23,23,23,23,23,23,23,23
510149,1,1,1989,0,11,0,23,0,0,0,0,0,0
510150,1,1,1989,0,0,0,0,0,0,0,0,0,0
510151,1,1,1989,20,20,20,20,20,20,20,20,20,20
510152,1,1,1989,14,34,14,29,8,6,11,0,17,15
510152,2,1,1989,0,0,0,0,0,0,0,0,0,0
510153,1,1,1989,19,19,19,19,19,19,19,19,19,19
510154,0,1,1989,40,40,40,40,40,40,40,40,40,40
510154,1,1,1989,0,0,0,0,0,0,0,0,0,0
510155,1,1,1989,16,16,16,16,16,16,16,16,16,16
510156,1,1,1989,0,0,0,0,0,0,0,0,0,0
510156,2,1,1989,18,18,18,18,18,18,18,18,18,18
510157,1,1,1989,7,7,7,7,7,7,7,7,7,7
510158,1,1,1989,0,0,0,0,0,0,0,0,0,0
510158,2,1,1989,0,0,0,0,0,0,0,0,0,0
510159,1,1,1989,9,9,9,9,9,9,9,9,9,9
510160,1,1,1989,13,13,13,13,13,13,13,13,13,13
510161,1,1,1989,0,0,0,0,0,0,0,0,0,0
510162,1,1,1989,0,0,0,0,0,0,0,0,0,0
510163,1,1,1989,10,0,18,0,0,0,0,0,0,15
510164,1,1,1989,0,0,0,0,0,0,0,0,0,0
510164,2,1,1989,0,0,0,0,0,0,0,0,0,0
510165,1,1,1989,0,0,0,0,0,0,0,0,0,0
510165,2,1,1989,0,0,0,0,0,0,0,0,0,0
510165,3,1,1989,0,0,0,0,0,0,0,0,0,0
510166,1,1,1989,15,15,15,15,15,15,15,15,15,15
510167,1,1,1989,8,0,9,16,5,16,10,20,23,14
510167,2,1,1989,0,0,0,0,0,0,0,0,0,0
510168,1,1,1989,0,0,0,0,0,0,0,0,0,0
510168,2,1,1989,0,0,0,0,0,0,0,0,0,0
510169,1,1,1989,22,22,22,22,22,22,22,22,22,22
510170,1,1,1989,0,0,0,0,0,0,0,0,0,0
510170,2,1,1989,0,0,0,0,0,0,0,0,0,0
510171,1,1,1989,0,0,0,0,0,0,0,0,0,0
510172,1,1,1989,0,0,0,0,0,0,0,0,0,0
510173,1,1,1989,24,24,24,24,24,24,24,24,24,24
510174,1,1,1989,13,10,19,24,7,18,4,9,17,19
510175,1,1,1989,0,0,0,0,0,0,0,0,0,0
510175,2,1,1989,0,0,0,0,0,0,0,0,0,0
510176,1,1,1989,18,18,18,18,18,18,18,18,18,18
510177,0,1,1989,0,0,0,0,0,0,0,0,0,0
510177,1,1,1989,0,0,0,0,15,0,0,0,0,0
510178,1,1,1989,0,0,0,0,0,0,0,0,21,0
510178,2,1,1989,0,0,0,0,0,0,0,0,0,0
510179,1,1,1989,9,11,11,32,7,15,15,30,15,18
510180,1,1,1989,0,0,0,0,0,0,0,0,0,0
510181,1,1,1989,0,0,0,0,0,0,0,0,0,0
510181,2,1,1989,0,0,0,0,0,0,0,0,0,0
510181,3,1,1989,0,0,0,0,0,0,0,0,0,0
510182,1,1,1989,0,0,0,0,0,0,0,0,0,0
510183,1,1,1989,17,17,17,17,17,17,17,17,17,17
510184,1,1,1989,0,0,0,0,29,0,0,0,0,0
510184,2,1,1989,9,0,0,12,0,0,0,3,0,0
510185,1,1,1989,0,0,0,0,0,0,0,0,0,0
510186,0,1,1989,0,0,0,0,0,0,0,0,0,0
510186,1,1,1989,0,0,0,0,0,0,0,0,0,0
510187,0,1,1989,0,0,0,0,0,0,0,0,0,0
510187,1,1,1989,0,0,0,0,0,0,0,0,0,0
510188,0,1,1989,0,0,0,0,0,0,0,0,0,0
510188,1,1,1989,0,0,0,0,0,0,0,0,0,12
510189,1,1,1989,0,0,0,0,0,0,0,0,0,0
510190,1,1,1989,0,0,0,0,0,0,0,0,0,0
510190,2,1,1989,0,0,0,0,0,0,0,0,0,0
510191,1,1,1989,25,25,25,25,25,25,25,25,25,25
510192,0,1,1989,0,0,0,0,0,0,0,0,0,0
510192,1,1,1989,0,0,0,0,0,0,0,0,0,0
510193,0,1,1989,17,17,17,17,17,17,17,17,17,17
510193,0,2,1989,0,0,0,0,8,15,21,0,20,18
510193,0,3,1989,0,0,0,34,0,0,19,17,14,0
510193,0,4,1989,0,0,0,0,0,0,0,0,0,0
510193,1,1,1989,0,0,0,10,0,0,0,8,0,0
510193,2,1,1989,0,0,0,0,0,0,0,0,0,0
510194,1,1,1989,0,0,0,0,0,0,0,0,0,0
510194,2,1,1989,0,0,0,0,0,0,0,0,0,0
510197,1,1,1989,24,24,24,24,24,24,24,24,24,24
510198,1,1,1989,0,0,0,0,0,0,0,0,0,0
510199,1,1,1989,0,0,0,0,0,0,0,0,0,0
510199,2,1,1989,0,0,0,0,0,0,0,0,0,0
510200,1,1,1989,0,0,0,0,0,0,0,0,0,0
510201,1,1,1989,17,9,25,23,6,11,13,11,7,16
510201,2,1,1989,0,0,0,0,0,0,0,0,0,0
510202,0,1,1989,0,0,0,0,0,0,0,0,0,0
510202,1,1,1989,0,0,0,0,0,0,0,0,0,0
510203,0,1,1989,0,0,0,0,0,0,0,0,0,0
510203,1,1,1989,0,0,0,0,0,0,0,0,0,0
510204,1,1,1989,25,25,25,25,25,25,25,25,25,25
510205,1,1,1989,27,9,10,27,15,11,0,28,20,16
510206,0,1,1989,23,23,23,23,23,23,23,23,23,23
510206,1,1,1989,0,0,0,0,0,0,0,0,0,0
510207,1,1,1989,0,0,0,0,0,0,0,0,0,0
510208,0,1,1989,9,9,9,9,9,9,9,9,9,9
510208,1,1,1989,0,0,0,0,0,0,0,0,0,0
510209,0,1,1989,0,0,0,0,0,0,0,0,0,0
510209,1,1,1989,0,0,0,0,0,0,0,0,0,0
510210,1,1,1989,0,0,0,0,0,0,0,0,0,9
510211,1,1,1989,0,0,0,0,0,0,0,0,0,0
510211,2,1,1989,0,0,0,0,0,0,0,0,0,0
510212,0,1,1989,0,17,0,0,0,0,0,0,0,0
510212,1,1,1989,0,0,0,0,0,0,0,0,0,0
510213,1,1,1989,0,0,0,0,0,0,0,0,0,0
510214,1,1,1989,0,0,0,0,0,0,0,0,0,0
510214,2,1,1989,13,13,13,13,13,13,13,13,13,13
510215,1,1,1989,0,0,0,0,0,0,0,0,0,0
510216,1,1,1989,0,0,0,0,0,0,0,0,0,0
510216,2,1,1989,0,0,0,0,0,0,0,0,0,0
510217,1,1,1989,28,28,28,28,28,28,28,28,28,28
510217,2,1,1989,0,0,19,0,0,0,0,0,0,0
510219,1,1,1989,1,1,1,1,1,1,1,1,1,1
510220,1,1,1989,23,23,23,23,23,23,23,23,23,23
510221,1,1,1989,41,21,9,15,15,20,19,13,9,3
510221,2,1,1989,0,0,26,18,25,0,14,9,0,10
510222,1,1,1989,15,15,15,15,15,15,15,15,15,15
510223,0,1,1989,0,0,0,0,0,0,0,0,0,0
510223,1,1,1989,0,0,0,0,0,0,0,0,0,0
510224,1,1,1989,0,0,0,0,0,0,0,0,0,0
510224,2,1,1989,0,0,0,0,0,0,0,0,0,0
510225,1,1,1989,0,0,0,0,0,0,0,0,0,0
510225,2,1,1989,0,0,0,0,0,0,0,0,0,0
510226,1,1,1989,0,0,0,0,0,0,0,0,0,0
510226,2,1,1989,0,0,0,0,9,0,0,0,7,0
510227,0,1,1989,10,10,10,10,10,10,10,10,10,10
510227,1,1,1989,0,0,0,0,0,0,0,0,0,0
510228,1,1,1989,0,0,0,0,0,0,0,0,0,0
510228,2,1,1989,0,0,0,0,0,0,0,0,0,0
510228,3,1,1989,0,0,0,0,0,0,0,0,0,0
510229,1,1,1989,0,0,0,0,0,0,0,0,0,0
510229,2,1,1989,0,0,0,0,0,0,0,27,0,0
510230,1,1,1989,14,14,14,14,14,14,14,14,14,14
510230,2,1,1989,13,9,18,10,11,29,7,20,5,13
510232,0,2,1989,0,9,8,0,0,0,0,0,0,0
510232,1,1,1989,0,0,0,0,0,0,0,0,0,0
510233,1,1,1989,17,17,17,17,17,17,17,17,17,17
510233,2,1,1989,0,0,0,0,0,0,0,0,0,0
510234,1,1,1989,14,14,14,14,14,14,14,14,14,14
510235,1,1,1989,15,16,14,11,19,13,12,6,19,14
510235,2,1,1989,0,0,0,0,20,0,0,15,0,0
510235,3,1,1989,0,0,0,0,23,0,0,0,0,0
510235,4,1,1989,0,0,0,0,0,0,0,0,0,0
510236,1,1,1989,10,0,0,0,0,0,0,0,0,0
510237,0,1,1989,0,0,0,0,0,0,0,0,0,0
510237,1,1,1989,0,0,0,0,0,0,0,0,0,0
510239,1,1,1989,0,0,0,0,0,0,0,0,0,0
510239,2,1,1989,0,0,0,0,0,0,0,0,0,0
510240,0,1,1989,14,0,29,30,14,13,0,14,0,0
510240,1,1,1989,0,0,0,0,0,0,0,0,0,0
510241,0,1,1989,0,0,0,0,0,0,0,0,0,0
510241,1,1,1989,0,0,0,0,0,0,0,0,0,0
510242,0,1,1989,0,0,0,0,0,0,0,0,0,0
510242,1,1,1989,0,0,0,0,0,0,0,0,0,0
510243,1,1,1989,16,20,18,4,24,9,0,27,10,2
510244,1,1,1989,0,0,0,0,0,0,0,0,0,0
510245,0,1,1989,0,0,0,0,0,0,0,0,0,0
510245,1,1,1989,0,0,0,0,0,0,0,0,0,0
510246,1,1,1989,9,9,9,9,9,9,9,9,9,9
510247,1,1,1989,0,0,0,0,0,0,0,0,0,0
510248,1,1,1989,0,0,0,0,0,0,0,0,0,0
510248,2,1,1989,0,0,0,0,0,0,0,0,0,0
510249,0,1,1989,28,28,28,28,28,28,28,28,28,28
510249,1,1,1989,16,29,5,15,5,18,7,26,18,15
510250,1,1,1989,0,0,0,0,0,0,0,0,0,0
510250,2,1,1989,0,0,0,0,0,0,0,0,0,0
510251,0,1,1989,0,0,0,0,0,0,0,0,0,0
510251,1,1,1989,0,0,0,0,0,0,0,0,0,0
510252,1,1,1989,28,28,28,28,28,28,28,28,28,28
510253,1,1,1989,0,0,0,0,0,0,0,0,0,0
510254,1,1,1989,0,0,0,0,0,0,0,0,0,0
510254,2,1,1989,0,0,0,0,0,0,0,0,0,0
510255,1,1,1989,0,0,0,0,0,0,0,0,0,0
510256,1,1,1989,0,0,0,0,0,0,0,0,0,0
510256,2,1,1989,0,0,0,0,0,0,0,0,0,0
510257,1,1,1989,0,0,0,0,0,0,0,0,0,0
510257,2,1,1989,0,0,0,0,0,0,0,0,0,0
510258,1,1,1989,4,25,24,7,12,5,0,23,17,9
510259,1,1,1989,0,0,0,0,0,0,0,0,0,0
510259,2,1,1989,0,0,0,0,0,0,0,0,0,0
510260,1,1,1989,6,6,6,6,6,6,6,6,6,6
510260,2,1,1989,0,0,0,0,0,0,0,0,0,0
510261,1,1,1989,0,0,0,0,0,0,0,0,0,0
510261,2,1,1989,0,0,0,0,0,0,0,0,0,0
510261,3,1,1989,0,0,0,0,0,0,0,0,0,0
510261,4,1,1989,0,0,0,0,0,0,0,0,0,0
510262,1,1,1989,30,30,30,30,30,30,30,30,30,30
510262,2,1,1989,0,0,10,13,12,18,4,17,0,8
510263,1,1,1989,23,23,23,23,23,23,23,23,23,23
510263,2,1,1989,15,16,12,17,8,16,13,20,2,22
510264,0,1,1989,1,1,1,1,1,1,1,1,1,1
510264,1,1,1989,7,19,0,0,0,0,0,0,0,0
510265,1,1,1989,0,0,0,0,0,0,0,0,0,0
510266,1,1,1989,0,0,0,0,0,0,0,0,0,0
510266,2,1,1989,0,0,0,0,0,0,0,0,0,0
510267,1,1,1989,8,8,8,8,8,8,8,8,8,8
510268,1,1,1989,24,13,14,13,0,12,10,0,18,16
510269,0,1,1989,5,5,5,5,5,5,5,5,5,5
510269,1,1,1989,0,0,0,0,0,0,0,0,0,0
510270,1,1,1989,0,0,0,0,0,0,0,0,0,0
510271,1,1,1989,0,0,0,0,0,0,0,0,0,0
510272,1,1,1989,0,0,0,0,0,0,0,0,0,0
510272,2,1,1989,0,0,0,0,0,0,0,0,0,0
510273,1,1,1989,0,0,0,0,0,17,0,0,0,0
510273,2,1,1989,0,0,0,0,0,0,0,0,0,0
510274,0,1,1989,28,28,28,28,28,28,28,28,28,28
510274,1,1,1989,0,0,0,0,0,0,0,0,0,0
510275,1,1,1989,0,0,0,0,0,0,0,0,0,0
510275,2,1,1989,0,0,0,0,0,0,0,0,0,0
510276,1,1,1989,0,0,0,0,0,5,0,17,0,0
510277,1,1,1989,0,0,0,0,0,0,0,0,0,0
510277,2,1,1989,0,0,0,0,0,0,0,0,0,0
510278,0,1,1989,0,23,0,16,24,0,0,0,0,0
510278,1,1,1989,0,0,0,0,0,0,0,13,0,0
510278,2,1,1989,11,11,11,11,11,11,11,11,11,11
510279,1,1,1989,0,0,0,0,0,0,0,0,0,0
510280,1,1,1989,21,23,17,26,4,30,23,20,11,12
510281,1,1,1989,0,0,0,0,0,0,0,0,0,0
510282,0,1,1989,0,0,0,0,0,0,0,0,0,0
510282,1,1,1989,0,0,0,0,0,0,0,0,0,0
510283,1,1,1989,0,0,0,0,0,0,0,0,0,0
510284,1,1,1989,21,21,21,21,21,21,21,21,21,21
510285,1,1,1989,0,2,5,10,16,69,4,24,22,0
510285,2,1,1989,0,0,0,0,0,0,0,0,0,0
510286,1,1,1989,23,23,23,23,23,23,23,23,23,23
510287,1,1,1989,0,0,0,0,0,0,0,0,0,0
510288,1,1,1989,0,0,0,0,0,0,0,0,0,0
510288,2,1,1989,0,0,0,0,17,0,10,0,0,10
510289,0,1,1989,23,23,23,23,23,23,23,23,23,23
510289,1,1,1989,0,0,0,0,0,0,0,0,0,0
510290,1,1,1989,0,0,0,0,0,0,0,0,0,0
510291,1,1,1989,0,0,0,0,0,0,0,0,0,0
510292,1,1,1989,0,0,0,0,0,0,0,0,0,0
510292,2,1,1989,0,0,0,0,0,0,0,0,0,0
510292,3,1,1989,0,0,0,0,0,0,0,0,0,0
510293,0,1,1989,26,27,14,13,0,0,35,0,18,17
510293,1,1,1989,0,0,0,0,0,0,0,0,0,0
510294,0,1,1989,0,0,0,0,0,0,0,0,0,0
510294,1,1,1989,0,0,0,0,0,0,0,0,0,0
510295,1,1,1989,0,0,0,0,0,0,0,0,0,0
510296,1,1,1989,0,0,0,0,14,0,0,0,0,7
510297,1,1,1989,12,8,8,0,16,18,3,5,17,20
510299,1,1,1989,21,21,21,21,21,21,21,21,21,21
510300,1,1,1989,19,16,14,14,20,25,10,19,18,21
510301,0,1,1989,17,17,17,17,17,17,17,17,17,17
510301,1,1,1989,8,25,24,15,23,13,19,0,34,31
510302,1,1,1989,11,11,11,11,11,11,11,11,11,11
510303,1,1,1989,0,0,0,0,0,0,0,0,0,0
510304,1,1,1989,0,0,0,0,0,0,0,0,0,0
510304,2,1,1989,0,0,0,0,0,0,0,0,0,0
510304,3,1,1989,0,0,0,0,0,0,0,0,0,0
510305,1,1,1989,23,23,23,23,23,23,23,23,23,23
510306,1,1,1989,0,0,0,0,0,0,0,0,0,0
510306,2,1,1989,1,1,1,1,1,1,1,1,1,1
510307,1,1,1989,0,0,0,4,0,0,2,0,0,0
510307,2,1,1989,0,0,0,0,0,0,0,0,0,0
510308,1,1,1989,0,0,0,0,0,0,0,0,0,0
510309,1,1,1989,6,17,7,33,21,18,21,20,13,12
510309,2,1,1989,0,0,0,0,0,0,0,23,0,21
510310,1,1,1989,17,17,17,17,17,17,17,17,17,17
510311,1,1,1989,23,23,23,23,23,23,23,23,23,23
510312,1,1,1989,0,0,0,0,0,0,0,0,0,0
510312,2,1,1989,0,0,13,0,0,0,0,0,0,0
510313,0,1,1989,0,0,0,0,0,0,0,0,0,0
510313,0,2,1989,16,25,5,0,17,25,8,27,11,8
510313,1,1,1989,0,0,0,0,0,0,0,0,0,0
510314,1,1,1989,18,24,5,5,12,7,10,5,9,6
510315,1,1,1989,0,0,0,0,0,0,0,0,0,0
510315,2,1,1989,0,0,0,0,0,0,0,0,0,0
510316,0,1,1989,24,24,24,24,24,24,24,24,24,24
510316,1,1,1989,0,0,0,0,0,0,0,0,0,0
510317,0,1,1989,0,0,0,0,0,0,0,0,0,0
510317,1,1,1989,0,0,0,0,0,0,0,0,0,0
510318,1,1,1989,25,25,25,25,25,25,25,25,25,25
510319,1,1,1989,20,20,20,20,20,20,20,20,20,20
510320,1,1,1989,8,8,8,8,8,8,8,8,8,8
510321,1,1,1989,0,0,0,0,0,0,0,0,0,0