ST_CASE,VEH_NO,PER_NO,YEAR,P1,P2,P3,P4,P5,P6,P7,P8,P9,P10
510619,1,1,1989,0,0,0,27,0,0,0,0,0,16
510620,1,1,1989,6,0,0,0,0,19,0,0,0,0
510620,2,1,1989,0,0,0,14,0,0,0,8,20,0
510621,1,1,1989,0,0,0,0,0,0,0,0,0,0
510622,1,1,1989,0,0,0,0,0,0,0,0,0,0
510622,2,1,1989,0,0,0,0,0,0,0,0,0,0
510623,1,1,1989,0,0,0,0,0,0,0,0,0,0
510624,1,1,1989,14,21,25,0,18,12,18,28,14,5
510625,1,1,1989,0,0,0,0,0,0,0,0,0,0
510626,1,1,1989,0,0,0,0,0,0,0,0,0,0
510626,2,1,1989,0,0,0,0,0,0,0,0,0,0
510627,1,1,1989,0,0,0,0,0,0,0,0,0,0
510627,2,1,1989,3,3,3,3,3,3,3,3,3,3
510628,0,1,1989,0,0,0,0,0,0,0,0,0,0
510628,1,1,1989,0,0,0,0,0,0,0,0,0,0
510629,1,1,1989,0,0,0,0,0,0,0,0,0,0
510629,2,1,1989,0,0,0,0,0,0,0,0,0,0
510630,1,1,1989,14,14,14,14,14,14,14,14,14,14
510631,1,1,1989,0,0,0,1,0,0,0,0,0,0
510631,2,1,1989,0,0,0,0,0,0,0,0,0,0
510632,1,1,1989,17,17,17,17,17,17,17,17,17,17
510633,1,1,1989,14,12,3,10,17,5,20,16,15,12
510633,2,1,1989,4,4,4,4,4,4,4,4,4,4
510634,1,1,1989,9,9,9,9,9,9,9,9,9,9
510635,0,1,1989,8,8,8,8,8,8,8,8,8,8
510635,1,1,1989,0,0,0,0,0,0,0,7,0,0
510635,2,1,1989,0,0,0,0,9,0,0,0,0,0
510636,1,1,1989,30,23,4,31,15,15,16,15,11,26
510637,1,1,1989,0,0,0,0,0,0,0,0,0,0
510638,1,1,1989,11,0,6,11,0,0,17,0,7,3
510639,0,1,1989,0,0,0,0,0,0,0,0,0,0
510639,1,1,1989,15,21,18,23,8,22,19,15,18,24
510640,1,1,1989,0,0,0,0,0,0,0,0,0,0
510640,2,1,1989,0,0,0,0,0,0,0,0,0,0
510640,3,1,1989,0,0,0,0,0,0,0,0,0,0
510641,1,1,1989,0,0,0,0,0,0,0,0,0,0
510641,2,1,1989,0,0,0,0,0,0,0,0,0,0
510641,3,1,1989,0,0,0,0,0,0,0,0,0,0
510641,4,1,1989,0,0,0,0,0,0,0,0,0,0
510642,1,1,1989,0,0,0,0,0,0,0,0,0,0
510643,0,1,1989,31,31,31,31,31,31,31,31,31,31
510643,1,1,1989,0,0,0,0,23,4,0,0,0,24
510644,1,1,1989,0,0,0,0,0,0,0,0,0,0
510644,2,1,1989,0,0,0,0,0,0,0,0,0,0
510645,1,1,1989,0,0,0,0,0,0,0,0,0,0
510646,0,1,1989,17,19,30,22,6,3,11,14,31,5
510646,1,1,1989,0,0,0,0,0,0,0,0,0,0
510647,0,1,1989,0,0,0,0,0,0,0,0,0,0
510647,1,1,1989,0,0,0,0,0,0,0,0,0,0
510648,1,1,1989,0,0,0,0,0,0,0,0,0,0
510648,2,1,1989,8,8,8,8,8,8,8,8,8,8
510649,1,1,1989,1,1,1,1,1,1,1,1,1,1
510650,1,1,1989,26,26,26,26,26,26,26,26,26,26
510651,1,1,1989,14,14,14,14,14,14,14,14,14,14
510652,1,1,1989,15,15,15,15,15,15,15,15,15,15
510652,2,1,1989,0,0,0,0,0,0,0,0,0,0
510653,0,1,1989,0,0,0,0,0,0,0,0,0,0
510653,1,1,1989,0,0,0,0,0,0,0,0,0,0
510654,1,1,1989,0,0,0,0,0,0,0,0,0,0
510654,2,1,1989,13,0,0,0,0,0,0,0,0,0
510655,0,1,1989,0,0,0,0,0,0,0,0,0,0
510655,1,1,1989,0,0,0,0,0,0,0,0,0,9
510656,0,1,1989,0,0,0,0,0,0,0,0,0,0
510656,1,1,1989,0,0,0,0,0,0,0,0,0,0
510657,1,1,1989,0,0,0,0,0,0,0,0,0,0
510658,1,1,1989,0,0,0,0,0,0,0,0,0,0
510659,1,1,1989,23,0,0,0,0,0,0,0,0,8
510659,2,1,1989,0,0,0,0,0,0,0,0,0,0
510660,0,1,1989,4,4,4,4,4,4,4,4,4,4
510660,1,1,1989,0,0,0,0,0,0,0,0,0,0
510661,1,1,1989,0,0,0,0,0,0,0,0,0,0
510662,1,1,1989,0,0,0,0,0,0,0,0,0,0
510662,2,1,1989,0,0,0,0,0,0,0,0,0,0
510663,0,1,1989,0,0,0,0,0,0,0,0,0,0
510663,1,1,1989,0,0,0,0,6,0,0,0,0,0
510664,0,1,1989,18,0,7,0,0,0,0,0,0,0
510664,1,1,1989,0,0,0,0,0,0,0,0,0,0
510664,2,1,1989,0,0,0,0,0,0,0,0,0,0
510665,1,1,1989,13,0,0,14,24,12,9,16,15,0
510665,2,1,1989,0,0,0,0,0,0,0,0,0,0
510666,1,1,1989,0,0,0,0,0,0,0,0,0,0
510667,1,1,1989,0,0,12,0,0,0,0,0,0,0
510668,1,1,1989,0,0,0,0,0,0,0,0,0,0
510670,1,1,1989,13,0,0,0,0,0,0,4,2,0
510670,2,1,1989,0,0,0,0,22,0,0,0,0,0
510671,0,1,1989,0,0,0,13,0,24,0,0,0,0
510671,1,1,1989,0,0,0,0,0,0,0,0,0,0
510672,1,1,1989,0,0,0,0,0,0,0,0,0,0
510672,2,1,1989,0,11,0,0,0,0,0,0,0,0
510672,3,1,1989,0,0,0,0,0,0,0,0,0,0
510673,0,1,1989,6,42,32,20,46,39,24,24,17,19
510673,1,1,1989,21,12,16,9,16,20,23,15,14,15
510674,1,1,1989,0,0,0,0,0,0,0,0,0,0
510674,2,1,1989,0,0,0,0,0,0,0,0,0,0
510674,3,1,1989,0,0,0,0,0,0,0,0,0,0
510675,1,1,1989,0,0,0,0,0,0,0,0,0,0
510677,0,1,1989,0,0,0,0,0,0,0,0,0,0
510677,1,1,1989,0,0,0,0,0,0,0,0,0,0
510678,1,1,1989,0,0,0,0,0,0,0,0,0,0
510679,1,1,1989,0,0,0,0,0,0,0,0,7,0
510680,1,1,1989,0,0,0,0,0,0,0,0,0,0
510681,1,1,1989,0,0,0,0,0,0,0,0,0,0
510681,2,1,1989,0,0,0,0,0,0,0,0,0,0
510682,1,1,1989,0,0,0,0,0,0,0,0,0,0
510682,2,1,1989,0,0,0,0,0,0,0,0,0,0
510683,1,1,1989,0,0,0,0,0,0,0,0,0,0
510684,0,1,1989,0,0,0,0,0,0,0,0,0,0
510684,1,1,1989,0,0,0,0,0,0,0,0,0,0
510685,1,1,1989,19,6,27,0,4,0,10,2,0,14
510686,1,1,1989,24,0,22,7,9,19,25,6,23,19
510687,1,1,1989,23,23,23,23,23,23,23,23,23,23
510687,2,1,1989,0,0,0,0,0,0,0,13,0,0
510688,1,1,1989,0,0,0,0,0,0,0,0,0,0
510688,2,1,1989,0,0,0,0,0,0,0,0,0,0
510689,1,1,1989,0,0,0,0,0,0,0,0,0,0
510689,2,1,1989,0,0,0,0,0,0,0,0,0,0
510689,3,1,1989,0,0,0,0,0,0,0,6,0,0
510690,1,1,1989,0,32,18,0,28,6,23,18,17,25
510691,1,1,1989,0,0,0,0,0,14,0,0,0,0
510692,1,1,1989,13,21,21,11,10,5,7,27,20,22
510693,1,1,1989,0,0,0,0,0,0,0,0,0,0
510694,1,1,1989,12,12,12,12,12,12,12,12,12,12
510695,0,1,1989,18,18,18,18,18,18,18,18,18,18
510695,1,1,1989,0,0,0,0,0,0,0,0,0,0
510696,1,1,1989,0,0,0,0,0,0,0,0,0,0
510696,2,1,1989,0,0,0,0,0,0,0,0,0,0
510697,1,1,1989,20,20,20,20,20,20,20,20,20,20
510698,1,1,1989,29,14,23,10,28,0,12,21,15,7
510698,2,1,1989,5,5,5,5,5,5,5,5,5,5
510699,1,1,1989,0,0,0,0,0,0,12,0,0,0
510699,2,1,1989,0,0,0,0,0,0,12,0,0,0
510700,0,1,1989,16,16,16,16,16,16,16,16,16,16
510700,1,1,1989,6,17,17,9,16,15,8,7,4,8
510701,0,1,1989,33,33,33,33,33,33,33,33,33,33
510701,1,1,1989,9,14,19,20,8,5,22,20,8,13
510702,1,1,1989,0,0,0,0,0,0,0,0,0,0
510703,0,1,1989,0,0,0,0,0,0,0,0,0,0
510703,1,1,1989,0,0,0,7,0,0,0,5,0,0
510704,1,1,1989,0,0,0,0,0,0,0,0,0,0
510704,2,1,1989,0,0,0,0,0,0,0,0,0,0
510705,1,1,1989,32,32,32,32,32,32,32,32,32,32
510705,2,1,1989,21,11,34,17,15,13,12,7,18,18
510705,3,1,1989,0,0,0,0,0,0,0,0,0,0
510706,1,1,1989,0,0,0,0,0,0,0,0,0,0
510707,1,1,1989,0,0,0,0,0,0,0,0,0,0
510707,2,1,1989,0,0,0,0,0,0,0,0,0,0
510708,1,1,1989,0,19,0,0,13,0,0,0,0,28
510709,1,1,1989,14,0,0,0,10,0,0,19,0,0
510709,2,1,1989,0,0,0,0,0,0,0,0,0,0
510710,1,1,1989,15,15,15,15,15,15,15,15,15,15
510711,1,1,1989,0,0,0,0,0,0,0,0,0,0
510712,1,1,1989,20,20,20,20,20,20,20,20,20,20
510713,1,1,1989,0,0,0,0,0,0,0,0,0,0
510713,2,1,1989,0,0,0,0,0,0,0,0,0,0
510714,1,1,1989,0,0,0,0,0,0,0,0,0,0
510714,2,1,1989,0,0,0,0,0,0,0,0,0,0
510714,3,1,1989,0,0,0,0,0,0,0,0,0,0
510715,1,1,1989,31,25,0,21,37,22,16,6,17,37
510716,1,1,1989,13,13,13,13,13,13,13,13,13,13
510717,0,1,1989,0,0,0,0,0,0,0,0,0,0
510717,1,1,1989,0,0,0,0,0,0,14,0,0,14
510718,0,1,1989,32,32,32,32,32,32,32,32,32,32
510718,1,1,1989,0,0,0,0,0,0,0,0,0,0
510719,1,1,1989,0,19,0,0,0,0,23,0,0,0
510720,1,1,1989,0,0,13,0,10,0,0,0,0,0
510721,1,1,1989,0,0,0,0,0,0,0,0,0,0
510722,1,1,1989,34,12,11,14,15,17,6,15,15,20
510723,1,1,1989,18,18,18,18,18,18,18,18,18,18
510724,0,1,1989,14,14,14,14,14,14,14,14,14,14
510724,1,1,1989,15,14,24,8,5,16,17,15,7,13
510724,2,1,1989,8,23,13,0,12,0,19,0,27,0
510725,1,1,1989,13,18,31,15,15,13,11,9,20,19
510726,1,1,1989,18,18,18,18,18,18,18,18,18,18
510727,1,1,1989,0,16,13,14,15,22,4,17,14,7
510727,2,1,1989,0,0,0,0,0,0,0,0,0,0
510728,1,1,1989,0,0,0,0,0,0,0,12,0,0
510728,2,1,1989,0,0,5,0,0,0,0,0,0,0
510730,1,1,1989,0,0,0,0,18,0,0,0,0,0
510731,1,1,1989,17,17,17,17,17,17,17,17,17,17
510732,0,1,1989,0,0,0,0,0,0,0,0,0,0
510732,1,1,1989,0,0,0,0,0,0,0,0,0,0
510733,1,1,1989,0,14,0,14,34,17,29,0,0,0
510734,1,1,1989,17,17,17,17,17,17,17,17,17,17
510735,1,1,1989,0,0,0,0,0,0,0,24,0,11
510736,1,1,1989,0,0,0,0,0,0,0,0,0,0
510736,2,1,1989,0,0,0,0,0,0,0,0,0,0
510737,1,1,1989,0,0,0,0,0,0,0,0,0,0
510737,2,1,1989,0,0,0,11,0,0,17,0,0,0
510738,1,1,1989,8,8,8,8,8,8,8,8,8,8
510738,2,1,1989,0,30,0,0,11,10,0,19,0,0
510739,1,1,1989,13,13,13,13,13,13,13,13,13,13
510740,1,1,1989,11,11,11,11,11,11,11,11,11,11
510741,1,1,1989,0,0,0,15,0,0,0,0,0,0
510742,1,1,1989,4,4,4,4,4,4,4,4,4,4
510742,2,1,1989,0,0,0,0,0,0,0,0,0,0
510743,1,1,1989,0,0,0,0,0,0,0,0,0,0
510743,2,1,1989,0,0,0,0,0,0,0,0,0,0
510744,1,1,1989,0,0,0,0,0,0,0,0,0,0
510744,2,1,1989,0,0,0,0,0,0,0,0,0,0
510745,1,1,1989,0,0,0,0,0,0,0,0,0,0
510745,2,1,1989,0,0,0,0,0,0,0,0,0,0
510746,1,1,1989,0,0,0,0,0,0,0,0,0,0
510746,2,1,1989,0,0,0,0,0,0,0,0,0,0
510747,1,1,1989,0,0,0,0,0,0,0,0,0,0
510747,2,1,1989,0,0,0,0,0,0,0,0,0,0
510748,0,1,1989,2,2,2,2,2,2,2,2,2,2
510748,1,1,1989,0,0,0,0,0,0,0,0,0,0
510749,0,1,1989,0,0,0,0,0,0,0,0,0,0
510749,0,2,1989,0,0,0,0,0,0,0,0,0,0
510749,0,3,1989,0,0,0,0,0,0,0,0,0,0
510749,1,1,1989,0,16,0,16,0,0,0,18,0,0
510750,1,1,1989,31,31,31,31,31,31,31,31,31,31
510750,2,1,1989,0,0,0,0,0,0,0,0,0,0
510751,1,1,1989,0,0,0,5,0,0,0,0,0,0
510751,2,1,1989,28,28,28,28,28,28,28,28,28,28
510752,1,1,1989,0,0,0,0,0,0,0,0,0,0
510752,2,1,1989,0,15,18,0,0,0,0,0,0,0
510753,1,1,1989,8,8,8,8,8,8,8,8,8,8
510754,1,1,1989,0,0,0,0,0,0,0,0,0,0
510754,2,1,1989,0,0,0,0,0,0,0,0,0,0
510755,1,1,1989,13,13,13,13,13,13,13,13,13,13
510756,1,1,1989,0,0,0,0,0,0,0,0,0,0
510756,2,1,1989,0,0,0,0,0,0,0,0,0,0
510757,0,1,1989,0,0,0,0,0,0,0,0,0,0
510757,1,1,1989,0,15,6,0,0,0,0,0,0,0
510758,1,1,1989,0,0,0,0,0,0,0,0,0,0
510758,2,1,1989,0,0,0,0,0,0,0,0,0,0
510759,1,1,1989,15,15,15,15,15,15,15,15,15,15
510760,0,1,1989,0,0,0,0,0,0,0,0,0,0
510760,1,1,1989,0,0,0,0,0,0,0,0,0,0
510761,1,1,1989,25,25,25,25,25,25,25,25,25,25
510762,1,1,1989,22,22,22,22,22,22,22,22,22,22
510763,1,1,1989,0,0,0,0,0,0,0,0,0,0
510764,1,1,1989,0,0,0,0,0,0,0,0,0,0
510764,2,1,1989,0,0,0,0,0,0,0,0,0,0
510765,1,1,1989,0,0,0,0,0,0,8,0,0,0
510766,1,1,1989,0,0,0,0,0,0,0,0,0,0
510766,2,1,1989,0,0,0,0,0,0,0,0,0,0
510767,1,1,1989,0,0,0,0,0,0,0,0,0,0
510768,0,1,1989,1,1,1,1,1,1,1,1,1,1
510768,1,1,1989,0,0,0,0,0,0,0,0,0,0
510769,1,1,1989,0,0,0,0,0,0,0,0,0,0
510769,2,1,1989,0,0,0,0,0,0,0,0,12,0
510769,3,1,1989,0,0,0,0,0,0,0,0,0,0
510770,1,1,1989,0,0,0,0,0,0,0,0,0,0
510770,2,1,1989,0,0,0,0,0,0,0,0,0,0
510771,1,1,1989,0,0,0,0,0,0,0,0,0,0
510771,2,1,1989,0,0,0,0,0,0,0,0,0,0
510772,1,1,1989,0,4,0,3,0,0,0,0,0,0
510772,2,1,1989,0,0,0,0,0,0,0,0,0,0
510774,0,1,1989,0,0,0,0,0,0,0,0,0,0
510774,0,2,1989,8,8,8,8,8,8,8,8,8,8
510774,0,3,1989,27,6,15,16,24,0,17,12,10,0
510774,1,1,1989,0,0,0,0,0,0,0,0,0,0
510775,1,1,1989,0,0,0,0,0,0,0,0,0,0
510776,1,1,1989,0,0,0,0,0,0,0,0,0,0
510777,1,1,1989,9,12,10,17,26,16,18,27,2,10
510778,1,1,1989,0,0,0,0,0,0,0,0,0,0
510779,1,1,1989,20,20,20,20,20,20,20,20,20,20
510780,0,1,1989,0,0,0,0,0,0,0,0,0,0
510780,1,1,1989,0,0,0,0,13,0,0,0,0,0
510781,1,1,1989,8,8,8,8,8,8,8,8,8,8
510782,1,1,1989,0,0,0,0,0,0,0,0,0,0
510783,0,1,1989,0,0,0,0,0,0,0,0,0,0
510783,1,1,1989,0,0,0,0,0,0,0,0,17,0
510784,1,1,1989,0,0,0,0,0,0,0,0,0,16
510784,2,1,1989,0,0,0,0,0,0,0,0,0,0
510785,1,1,1989,0,0,0,0,0,0,0,13,0,0
510785,2,1,1989,0,0,0,0,0,13,0,0,0,0
510786,1,1,1989,24,24,24,24,24,24,24,24,24,24
510787,1,1,1989,15,15,15,15,15,15,15,15,15,15
510788,1,1,1989,18,18,18,18,18,18,18,18,18,18
510789,0,1,1989,0,0,0,0,0,0,0,0,0,0
510789,1,1,1989,0,0,0,0,0,0,0,0,0,0
510790,1,1,1989,19,19,19,19,19,19,19,19,19,19
510790,2,1,1989,0,0,0,0,0,0,0,23,0,0
510791,1,1,1989,0,0,0,0,0,0,0,0,0,0
510792,0,1,1989,0,0,0,0,0,0,0,0,0,0
510792,1,1,1989,0,0,19,17,14,0,18,0,18,0
510793,1,1,1989,0,0,0,0,0,0,0,0,21,0
510794,0,1,1989,22,22,22,22,22,22,22,22,22,22
510794,1,1,1989,9,11,7,17,11,25,13,20,0,8
510795,1,1,1989,0,0,0,0,0,0,0,0,0,0
510795,2,1,1989,0,0,0,0,0,0,0,0,0,0
510795,3,1,1989,0,0,0,0,0,0,0,0,0,0
510796,1,1,1989,0,0,0,0,0,0,0,0,0,0
510797,1,1,1989,0,0,0,0,0,0,0,0,0,0
510798,1,1,1989,16,16,16,16,16,16,16,16,16,16
510799,1,1,1989,0,0,0,0,0,0,0,0,0,0
510799,2,1,1989,0,0,0,12,0,0,0,0,0,0
510800,1,1,1989,0,0,0,0,0,0,0,0,0,0
510801,1,1,1989,15,15,15,15,15,15,15,15,15,15
510802,1,1,1989,0,8,17,0,7,0,7,0,0,20
510803,1,1,1989,0,0,0,0,0,0,0,0,0,0
510803,2,1,1989,0,0,0,0,0,0,0,0,0,0
510804,1,1,1989,21,21,21,21,21,21,21,21,21,21
510804,2,1,1989,0,0,0,0,0,0,0,0,0,0
510805,1,1,1989,0,0,0,0,0,0,0,0,0,0
510805,2,1,1989,0,0,0,0,0,0,0,0,0,0
510806,1,1,1989,20,20,20,20,20,20,20,20,20,20
510807,1,1,1989,0,0,0,0,0,0,0,0,17,0
510807,2,1,1989,0,0,0,0,0,0,8,0,0,0
510808,1,1,1989,0,19,0,0,9,0,0,0,32,0
510809,0,1,1989,0,0,0,0,0,0,0,0,0,0
510809,1,1,1989,0,0,0,0,0,0,0,0,0,0
510810,1,1,1989,0,0,0,0,0,0,0,0,0,0
510810,2,1,1989,0,0,0,0,0,0,0,0,0,0
510811,1,1,1989,0,0,0,0,0,0,0,0,0,0
510811,2,1,1989,0,0,0,0,0,0,0,0,0,0
510812,1,1,1989,0,0,0,0,0,0,0,0,0,0
510812,2,1,1989,0,0,0,0,0,0,0,0,0,0
510813,1,1,1989,15,10,20,15,28,30,24,17,10,18
510814,1,1,1989,0,0,0,0,0,19,0,0,0,0
510815,1,1,1989,20,20,20,20,20,20,20,20,20,20
510816,1,1,1989,20,19,22,19,13,6,5,13,8,12
510816,2,1,1989,0,0,0,0,0,0,0,0,0,0
510817,1,1,1989,0,0,0,0,0,0,0,0,0,0
510818,1,1,1989,26,26,26,26,26,26,26,26,26,26
510819,0,1,1989,26,26,26,26,26,26,26,26,26,26
510819,1,1,1989,0,0,0,0,0,0,0,0,0,0
510820,1,1,1989,0,0,0,0,0,0,0,0,0,0
510821,1,1,1989,29,29,29,29,29,29,29,29,29,29
510822,1,1,1989,25,25,25,25,25,25,25,25,25,25
510823,1,1,1989,4,4,4,4,4,4,4,4,4,4
510823,2,1,1989,0,0,0,0,0,0,0,0,0,0
510824,1,1,1989,26,0,0,0,0,0,0,0,0,0
510824,2,1,1989,13,13,13,13,13,13,13,13,13,13
510825,1,1,1989,0,0,0,0,0,0,0,0,0,0
510825,2,1,1989,0,0,0,0,0,0,0,0,0,0
510826,1,1,1989,0,0,0,0,0,0,0,10,0,0
510827,0,1,1989,6,12,21,13,7,16,11,28,33,34
510827,1,1,1989,0,0,0,0,0,0,0,0,0,0
510828,1,1,1989,5,5,5,5,5,5,5,5,5,5
510829,0,1,1989,19,28,0,20,16,25,11,23,27,4
510829,1,1,1989,0,0,13,0,0,3,0,0,0,9
510830,0,1,1989,26,26,26,26,26,26,26,26,26,26
510830,1,1,1989,0,0,0,0,0,0,0,0,0,0
510831,1,1,1989,0,0,0,0,0,0,0,0,0,0
510832,1,1,1989,19,19,19,19,19,19,19,19,19,19
510833,1,1,1989,8,8,8,8,8,8,8,8,8,8
510834,0,1,1989,0,0,0,0,0,0,0,0,0,0
510834,1,1,1989,0,0,0,0,0,0,13,0,0,0
510835,1,1,1989,17,16,33,13,12,24,27,15,20,17
510836,1,1,1989,0,0,0,0,0,0,0,0,0,0
510837,1,1,1989,0,0,0,0,0,0,0,0,0,0
510837,2,1,1989,0,0,0,0,0,0,0,0,0,0
510838,1,1,1989,0,0,0,0,0,0,0,0,0,0
510838,2,1,1989,0,0,0,0,0,0,0,0,0,0
510838,3,1,1989,0,0,0,0,0,0,0,0,0,0
510839,0,1,1989,0,0,9,0,0,0,0,0,0,0
510839,1,1,1989,0,0,0,0,0,0,0,0,0,0
510840,1,1,1989,23,23,23,23,23,23,23,23,23,23
510841,1,1,1989,0,0,0,0,0,0,0,0,0,0
510841,2,1,1989,0,0,0,0,0,0,0,0,0,0
510842,1,1,1989,0,0,0,0,0,0,0,0,0,0
510842,2,1,1989,21,19,0,12,25,15,17,16,31,4
510843,0,1,1989,0,0,0,0,0,0,0,0,0,0
510843,1,1,1989,0,0,0,0,0,0,0,0,0,25
510844,0,1,1989,0,0,0,0,0,0,0,0,0,0
510844,1,1,1989,6,6,6,6,6,6,6,6,6,6
510845,1,1,1989,0,0,0,0,0,0,0,0,0,0
510845,2,1,1989,0,0,0,0,0,0,0,0,0,0
510846,1,1,1989,0,0,0,0,0,0,0,0,0,0
510846,2,1,1989,0,0,0,0,0,0,0,0,0,0
510846,3,1,1989,0,0,0,0,0,0,0,18,0,0
510847,0,1,1989,22,22,22,22,22,22,22,22,22,22
510847,1,1,1989,6,21,23,18,13,20,18,19,4,0
510848,0,1,1989,0,0,0,0,0,0,0,0,0,0
510848,1,1,1989,0,0,0,0,0,0,0,0,0,0
510849,0,1,1989,0,22,0,17,9,12,0,23,0,15
510849,1,1,1989,0,0,0,0,0,0,0,0,0,0
510850,1,1,1989,0,0,0,0,0,0,0,0,0,0
510850,2,1,1989,0,0,0,0,0,0,0,0,0,0
510851,0,1,1989,0,0,0,0,0,0,0,0,0,0
510851,1,1,1989,0,0,0,0,0,0,0,0,0,0
510852,1,1,1989,0,0,0,0,0,0,0,0,0,0
510852,2,1,1989,0,0,0,0,0,0,0,0,0,0
510852,3,1,1989,0,0,0,0,0,0,0,0,0,0
510853,1,1,1989,0,0,0,0,0,0,0,0,0,0
510854,1,1,1989,0,0,0,0,0,0,0,0,0,0
510855,1,1,1989,0,0,0,0,0,0,0,0,0,0
510856,1,1,1989,2,2,2,2,2,2,2,2,2,2
510857,0,1,1989,0,0,0,0,0,0,0,0,0,0
510857,1,1,1989,0,0,0,0,0,0,0,0,0,0
510858,1,1,1989,0,0,0,0,0,0,0,0,0,0
510859,1,1,1989,14,14,14,14,14,14,14,14,14,14
510860,1,1,1989,8,5,9,18,9,0,22,7,7,6
510861,1,1,1989,20,20,20,20,20,20,20,20,20,20
510862,1,1,1989,11,6,21,18,7,15,2,17,17,10
510863,1,1,1989,0,0,0,0,0,0,0,0,0,0
510863,2,1,1989,0,0,0,0,0,0,0,0,0,0
510865,1,1,1989,13,22,21,22,16,21,26,6,46,22
510866,1,1,1989,24,24,24,24,24,24,24,24,24,24
510867,0,1,1989,0,0,15,18,0,0,0,23,0,0
510867,1,1,1989,0,0,0,0,0,0,0,0,0,0
510867,2,1,1989,0,0,0,0,0,0,0,0,0,0
510868,1,1,1989,0,0,0,0,0,0,0,0,0,0
510869,1,1,1989,0,0,0,0,0,0,0,0,0,0
510869,2,1,1989,0,0,0,0,0,0,0,0,0,0
510870,1,1,1989,0,0,20,0,0,0,0,0,0,0
510871,0,1,1989,3,3,3,3,3,3,3,3,3,3
510871,1,1,1989,29,24,5,6,4,24,37,8,17,35
510872,1,1,1989,8,12,11,8,17,9,14,7,0,9
510873,1,1,1989,0,0,0,0,0,0,0,0,0,0
510873,2,1,1989,0,0,0,0,0,0,0,0,0,0
510874,1,1,1989,0,0,0,0,0,0,0,0,0,0
510874,2,1,1989,20,20,20,20,20,20,20,20,20,20
510875,1,1,1989,13,28,20,15,0,8,17,19,14,13
510875,2,1,1989,0,0,21,7,0,27,0,10,18,24
510876,1,1,1989,0,0,0,0,0,0,0,0,0,0
510877,1,1,1989,0,0,0,0,0,0,0,0,0,0
510877,2,1,1989,0,0,0,0,0,0,23,0,0,0
510878,1,1,1989,0,0,0,0,0,0,0,0,0,0
510878,2,1,1989,0,0,0,0,0,0,0,0,0,0
510879,1,1,1989,0,0,0,0,0,0,0,0,3,0
510880,1,1,1989,0,0,0,0,0,0,0,0,0,0
510880,2,1,1989,0,0,0,0,0,0,0,0,0,0
510881,1,1,1989,0,0,0,0,0,0,0,0,0,0
510881,2,1,1989,0,0,0,0,0,0,0,0,0,0
510882,0,1,1989,0,0,0,0,0,0,0,0,0,0
510882,1,1,1989,0,0,0,0,0,0,0,0,0,0
510883,1,1,1989,0,0,0,0,0,0,0,0,0,0
510883,2,1,1989,12,27,0,0,0,0,0,0,0,0
510884,1,1,1989,0,0,0,0,0,0,0,0,0,0
510884,2,1,1989,0,0,0,0,0,0,0,0,0,0
510885,1,1,1989,0,0,0,0,0,0,0,0,0,0
510885,2,1,1989,18,18,18,18,18,18,18,18,18,18
510886,1,1,1989,0,0,0,0,0,0,0,0,0,0
510886,2,1,1989,0,0,0,0,0,0,0,0,0,0
510887,1,1,1989,0,0,0,0,0,0,0,0,0,0
510887,2,1,1989,0,0,0,0,0,0,0,0,0,0
510888,0,1,1989,0,0,0,0,0,0,0,0,0,0
510888,1,1,1989,20,0,0,0,0,0,0,0,0,0
510889,1,1,1989,17,17,17,17,17,17,17,17,17,17
510890,1,1,1989,0,0,0,12,0,0,0,0,26,0
510891,1,1,1989,0,0,0,0,0,0,0,0,0,0
510891,2,1,1989,19,19,19,19,19,19,19,19,19,19
510892,1,1,1989,0,0,0,0,0,0,0,0,0,0
510892,2,1,1989,0,0,0,0,0,0,0,0,0,0
510893,1,1,1989,22,22,22,22,22,22,22,22,22,22
510894,1,1,1989,17,17,17,17,17,17,17,17,17,17
510895,0,1,1989,0,0,0,0,0,0,0,0,0,0
510895,1,1,1989,0,0,0,0,11,0,0,0,0,0
510896,0,1,1989,0,0,0,0,0,0,0,0,0,0
510896,1,1,1989,27,0,0,0,0,22,0,0,14,0
510897,1,1,1989,16,16,16,16,16,16,16,16,16,16
510897,2,1,1989,0,0,0,0,0,0,0,0,0,0
510898,1,1,1989,0,0,0,0,0,0,0,0,0,0
510898,2,1,1989,0,0,0,0,0,0,0,0,0,0
510899,1,1,1989,0,0,0,0,0,0,0,0,0,0
510899,2,1,1989,0,0,0,0,0,0,0,0,0,0
510900,1,1,1989,0,0,0,0,0,0,0,0,0,0
510901,1,1,1989,13,13,13,13,13,13,13,13,13,13
510901,2,1,1989,0,0,0,0,0,0,0,0,0,0
510902,1,1,1989,0,0,0,0,0,0,0,0,0,0
510903,1,1,1989,0,0,0,0,0,0,0,0,0,0
510903,2,1,1989,32,32,32,32,32,32,32,32,32,32
510904,0,1,1989,29,20,0,12,27,21,27,23,0,18
510904,1,1,1989,0,0,0,0,0,0,0,0,0,0
510905,0,1,1989,0,0,0,0,0,0,0,0,0,0
510905,1,1,1989,0,0,0,0,0,0,0,0,0,0
510906,1,1,1989,0,0,0,0,0,0,0,0,0,0
510906,2,1,1989,22,0,0,13,15,0,21,8,10,18
510907,1,1,1989,6,6,6,6,6,6,6,6,6,6
510907,2,1,1989,0,0,0,0,0,0,0,0,0,0
510908,0,1,1989,0,0,0,0,0,0,0,0,0,0