ST_CASE,VEH_NO,PER_NO,YEAR,P1,P2,P3,P4,P5,P6,P7,P8,P9,P10
510908,1,1,1989,5,21,1,11,9,17,17,14,6,28
510909,1,1,1989,0,0,0,0,0,0,0,0,0,0
510909,2,1,1989,0,0,0,0,0,0,0,0,0,0
510910,0,1,1989,0,0,0,0,0,0,0,0,0,0
510910,1,1,1989,0,0,0,0,0,0,0,0,0,0
510911,1,1,1989,0,21,0,7,5,13,23,22,0,0
510912,1,1,1989,0,0,0,0,0,0,0,0,0,0
510912,2,1,1989,0,9,0,0,0,0,0,0,0,0
510913,1,1,1989,18,18,18,18,18,18,18,18,18,18
510914,1,1,1989,2,2,2,2,2,2,2,2,2,2
510915,1,1,1989,27,27,27,27,27,27,27,27,27,27
510916,1,1,1989,0,0,0,0,0,0,0,0,0,0
510916,2,1,1989,0,0,0,0,0,0,0,0,0,0
510917,1,1,1989,0,0,0,0,0,0,0,0,0,0
510918,1,1,1989,21,13,17,27,17,32,23,27,19,20
510919,1,1,1989,0,0,0,0,0,0,0,0,0,0
510919,2,1,1989,0,0,0,0,0,0,0,0,0,0
510920,1,1,1989,0,0,0,0,0,0,0,0,0,0
510920,2,1,1989,0,0,0,0,0,0,0,0,0,0
510921,1,1,1989,26,9,20,21,21,0,9,10,15,20
510922,1,1,1989,18,0,0,0,0,0,0,0,0,0
510922,2,1,1989,0,0,0,0,0,0,0,0,0,0
510923,1,1,1989,0,0,0,0,0,0,0,0,0,0
510924,0,1,1989,0,0,0,0,0,0,0,0,0,0
510924,1,1,1989,0,0,0,0,0,0,0,14,0,0
510925,1,1,1989,0,0,0,0,18,0,0,0,0,0
510925,2,1,1989,0,0,0,0,0,0,0,0,0,0
510926,1,1,1989,21,11,15,12,15,13,18,18,6,13
510927,1,1,1989,0,0,0,0,0,0,0,9,0,0
510927,2,1,1989,0,0,0,0,0,0,0,0,0,0
510928,0,1,1989,1,1,1,1,1,1,1,1,1,1
510928,1,1,1989,0,0,0,0,0,0,0,0,0,0
510929,1,1,1989,0,7,0,0,0,0,0,0,0,0
510929,2,1,1989,0,0,0,0,0,0,0,0,0,0
510930,0,1,1989,0,0,0,0,0,0,0,0,0,0
510930,1,1,1989,0,0,0,0,0,0,0,0,0,0
510931,1,1,1989,21,20,20,4,8,28,16,14,17,12
510932,1,1,1989,19,10,0,15,0,4,17,15,20,20
510933,1,1,1989,12,12,12,12,12,12,12,12,12,12
510934,1,1,1989,18,13,11,18,26,3,35,18,24,14
510935,1,1,1989,10,13,14,23,27,16,26,17,18,31
510936,1,1,1989,13,0,11,14,7,15,8,6,24,8
510937,0,1,1989,7,0,0,0,21,13,14,6,0,25
510937,1,1,1989,0,0,0,0,0,0,0,0,0,0
510937,2,1,1989,0,0,0,0,0,0,16,20,0,0
510938,1,1,1989,0,0,0,0,0,0,0,0,0,0
510938,2,1,1989,0,0,0,0,0,0,0,0,0,0
510940,1,1,1989,0,0,0,0,0,0,0,0,0,0
510940,2,1,1989,0,0,0,0,0,0,0,0,0,0
510941,1,1,1989,0,0,0,0,0,0,0,0,0,0
510941,2,1,1989,0,0,0,0,25,0,0,0,0,0
510942,1,1,1989,0,0,0,0,0,0,0,0,0,0
530001,1,1,1989,12,6,6,13,19,21,4,17,20,13
530001,2,1,1989,0,0,0,0,0,0,0,0,0,0
530002,0,1,1989,0,0,0,0,0,0,0,0,0,0
530002,1,1,1989,0,0,0,0,0,0,0,0,0,0
530003,1,1,1989,17,17,17,17,17,17,17,17,17,17
530003,2,1,1989,0,0,0,0,0,0,0,0,0,0
530004,1,1,1989,0,0,0,0,0,0,0,0,0,0
530004,2,1,1989,0,0,0,0,0,0,0,0,0,0
530005,1,1,1989,15,0,33,0,0,0,6,18,8,13
530005,2,1,1989,0,0,0,0,0,0,0,0,0,0
530006,1,1,1989,32,32,32,32,32,32,32,32,32,32
530006,2,1,1989,0,0,0,0,0,0,0,0,0,0
530007,1,1,1989,0,0,0,0,0,0,0,0,0,0
530007,2,1,1989,0,0,0,0,0,0,0,0,0,0
530007,3,1,1989,0,0,0,0,0,0,0,0,0,0
530007,4,1,1989,0,0,0,0,0,0,0,0,0,0
530008,1,1,1989,0,0,0,0,0,0,0,0,0,0
530008,2,1,1989,0,0,0,0,0,0,0,0,0,0
530009,1,1,1989,17,17,17,17,17,17,17,17,17,17
530009,2,1,1989,0,0,0,0,0,28,0,0,0,0
530009,3,1,1989,0,0,0,0,0,0,0,0,0,0
530009,4,1,1989,0,0,0,0,0,0,0,0,0,0
530010,1,1,1989,0,0,0,0,0,0,0,0,0,0
530010,2,1,1989,0,0,0,0,0,0,5,0,0,0
530010,3,1,1989,0,0,0,0,0,0,0,0,0,0
530011,1,1,1989,0,0,0,0,0,0,0,0,0,0
530012,1,1,1989,17,17,17,17,17,17,17,17,17,17
530012,2,1,1989,18,21,0,20,21,0,14,0,0,0
530013,1,1,1989,0,0,0,0,0,0,0,0,0,0
530013,2,1,1989,0,0,0,0,0,0,0,0,0,0
530013,3,1,1989,0,0,0,0,0,0,0,0,0,0
530014,1,1,1989,20,20,20,20,20,20,20,20,20,20
530014,2,1,1989,0,0,0,0,0,21,0,7,0,0
530015,1,1,1989,0,0,0,0,0,0,0,0,0,0
530015,2,1,1989,0,0,0,0,0,0,0,0,0,0
530016,1,1,1989,0,19,0,0,0,0,0,0,0,0
530016,2,1,1989,11,11,11,11,11,11,11,11,11,11
530017,1,1,1989,0,0,0,0,0,0,0,0,0,0
530018,1,1,1989,0,0,0,0,0,0,0,0,0,0
530018,2,1,1989,0,0,0,0,0,0,0,0,0,0
530018,3,1,1989,3,3,3,3,3,3,3,3,3,3
530019,1,1,1989,0,0,0,0,0,0,0,0,0,0
530019,2,1,1989,21,21,21,21,21,21,21,21,21,21
530019,3,1,1989,4,4,4,4,4,4,4,4,4,4
530020,1,1,1989,0,0,0,0,0,0,0,0,0,0
530021,1,1,1989,22,22,22,22,22,22,22,22,22,22
530021,2,1,1989,0,0,0,0,0,0,0,0,0,0
530022,1,1,1989,13,13,13,13,13,13,13,13,13,13
530023,1,1,1989,5,5,5,5,5,5,5,5,5,5
530024,1,1,1989,0,0,0,0,0,0,0,0,0,0
530024,2,1,1989,0,0,0,0,0,0,0,0,0,0
530025,1,1,1989,37,37,37,37,37,37,37,37,37,37
530025,2,1,1989,0,22,0,0,0,0,0,6,0,0
530025,3,1,1989,0,12,0,0,0,0,0,0,0,0
530025,4,1,1989,0,0,0,0,0,0,0,0,0,0
530026,1,1,1989,28,28,28,28,28,28,28,28,28,28
530026,2,1,1989,1,1,1,1,1,1,1,1,1,1
530027,1,1,1989,0,11,0,0,0,0,15,0,0,0
530028,1,1,1989,0,0,0,0,0,0,0,0,0,0
530028,2,1,1989,0,0,0,0,0,0,0,0,0,0
530029,1,1,1989,14,14,14,14,14,14,14,14,14,14
530030,1,1,1989,26,26,26,26,26,26,26,26,26,26
530031,0,1,1989,25,25,25,25,25,25,25,25,25,25
530031,1,1,1989,21,21,21,21,21,21,21,21,21,21
530032,1,1,1989,0,0,0,0,0,0,0,0,0,0
530032,2,1,1989,0,13,0,23,0,0,12,21,11,0
530033,1,1,1989,11,11,11,11,11,11,11,11,11,11
530034,1,1,1989,17,17,17,17,17,17,17,17,17,17
530035,1,1,1989,22,22,22,22,22,22,22,22,22,22
530036,1,1,1989,3,8,24,23,19,17,18,6,27,16
530037,1,1,1989,14,0,0,0,0,0,0,0,0,0
530038,0,1,1989,0,0,0,0,0,0,0,0,0,0
530038,0,2,1989,0,0,0,0,0,0,0,9,10,17
530038,1,1,1989,10,0,0,0,0,0,0,0,0,0
530039,1,1,1989,15,15,15,15,15,15,15,15,15,15
530039,2,1,1989,0,0,0,0,0,0,0,0,0,0
530040,1,1,1989,0,0,0,0,0,0,0,0,0,0
530040,2,1,1989,0,0,0,0,0,0,0,0,0,0
530041,1,1,1989,0,0,0,0,0,0,0,0,0,0
530042,1,1,1989,0,0,0,0,0,0,0,0,0,0
530042,2,1,1989,0,0,0,0,0,0,0,0,0,0
530043,1,1,1989,0,0,0,0,0,0,0,0,0,0
530043,2,1,1989,0,0,0,0,0,0,0,0,0,0
530044,1,1,1989,0,0,0,0,0,0,0,0,0,0
530045,1,1,1989,0,0,0,0,0,0,0,0,0,0
530046,1,1,1989,0,0,0,0,17,0,42,0,0,0
530046,2,1,1989,0,0,0,0,0,0,0,10,0,0
530047,1,1,1989,21,21,21,21,21,21,21,21,21,21
530049,1,1,1989,0,0,0,0,0,0,0,0,0,0
530050,1,1,1989,0,0,0,0,0,0,0,0,0,0
530050,2,1,1989,0,0,0,0,0,0,0,0,0,0
530051,1,1,1989,0,0,0,0,0,0,0,0,0,0
530052,1,1,1989,0,0,0,11,0,0,0,0,0,0
530053,1,1,1989,0,0,0,0,0,0,0,0,0,0
530053,2,1,1989,0,0,0,0,0,0,0,0,0,0
530053,3,1,1989,0,0,0,0,0,0,0,0,0,0
530054,1,1,1989,0,0,0,0,0,0,0,0,0,0
530055,1,1,1989,0,0,0,0,0,0,0,0,0,0
530055,2,1,1989,0,0,0,0,0,0,0,0,0,0
530056,0,1,1989,0,0,0,0,0,0,0,0,0,0
530056,1,1,1989,0,0,0,0,0,0,0,0,0,0
530057,1,1,1989,0,0,0,0,0,0,0,0,0,0
530057,2,1,1989,0,0,0,0,0,22,0,0,0,0
530058,1,1,1989,18,19,34,0,9,0,13,0,15,17
530058,2,1,1989,0,0,0,0,0,0,0,0,0,0
530059,1,1,1989,0,0,0,0,0,0,0,0,0,0
530059,2,1,1989,0,0,0,0,0,0,0,0,0,0
530061,0,1,1989,0,0,0,0,0,0,0,0,0,0
530061,0,2,1989,0,0,0,0,0,0,0,0,0,0
530061,1,1,1989,4,4,4,4,4,4,4,4,4,4
530062,1,1,1989,0,0,0,0,0,0,0,0,0,0
530062,2,1,1989,0,0,0,0,0,0,19,0,0,15
530063,1,1,1989,0,0,0,0,0,0,0,0,0,0
530063,2,1,1989,28,28,28,28,28,28,28,28,28,28
530064,1,1,1989,0,0,0,0,0,0,0,0,0,0
530064,2,1,1989,13,0,0,44,12,0,8,0,11,0
530065,1,1,1989,0,0,0,0,0,0,0,0,0,0
530066,1,1,1989,16,16,16,16,16,16,16,16,16,16
530067,1,1,1989,5,5,5,5,5,5,5,5,5,5
530068,1,1,1989,33,33,33,33,33,33,33,33,33,33
530068,2,1,1989,0,0,0,0,0,0,0,0,0,0
530070,0,1,1989,22,22,22,22,22,22,22,22,22,22
530070,1,1,1989,12,12,12,12,12,12,12,12,12,12
530071,1,1,1989,0,0,0,0,0,0,0,0,0,0
530071,2,1,1989,0,0,0,0,0,0,0,0,0,0
530072,0,1,1989,0,0,0,0,0,0,0,0,0,0
530072,1,1,1989,0,0,0,0,0,0,0,0,0,0
530073,1,1,1989,0,0,0,0,0,0,0,0,0,0
530073,2,1,1989,0,0,0,0,0,0,0,0,0,0
530074,1,1,1989,26,26,26,26,26,26,26,26,26,26
530075,1,1,1989,0,0,0,0,0,0,0,0,0,0
530075,2,1,1989,0,0,0,0,0,0,0,0,0,0
530076,1,1,1989,0,0,0,0,0,0,0,0,0,0
530076,2,1,1989,0,0,0,0,0,0,0,0,0,0
530077,1,1,1989,0,0,0,0,0,0,0,0,0,0
530077,2,1,1989,0,0,0,0,0,0,0,0,0,0
530078,1,1,1989,0,0,0,0,0,0,0,0,0,0
530078,2,1,1989,0,0,0,0,0,0,0,0,0,0
530079,1,1,1989,28,28,28,28,28,28,28,28,28,28
530080,1,1,1989,18,18,18,18,18,18,18,18,18,18
530081,0,1,1989,0,0,0,0,0,0,0,0,0,0
530081,1,1,1989,0,0,0,0,0,0,0,0,0,0
530082,0,1,1989,0,0,0,0,0,0,0,0,0,0
530082,0,2,1989,0,0,0,0,0,0,0,0,0,0
530082,2,1,1989,0,0,0,0,0,0,0,0,0,0
530083,1,1,1989,12,12,12,12,12,12,12,12,12,12
530084,1,1,1989,0,0,0,0,0,0,0,0,0,0
530084,2,1,1989,0,0,0,0,0,0,0,0,0,0
530084,3,1,1989,0,0,0,0,0,0,0,0,0,0
530085,1,1,1989,17,17,17,17,17,17,17,17,17,17
530086,1,1,1989,0,0,0,0,0,0,0,0,0,0
530087,1,1,1989,0,0,0,0,0,0,0,0,0,0
530088,1,1,1989,0,0,0,0,0,0,0,0,0,0
530088,2,1,1989,0,0,0,24,0,0,0,0,0,0
530089,1,1,1989,18,18,18,18,18,18,18,18,18,18
530090,1,1,1989,20,20,20,20,20,20,20,20,20,20
530091,1,1,1989,0,0,0,0,0,0,0,0,0,0
530091,2,1,1989,0,0,0,0,0,0,0,0,0,0
530092,1,1,1989,0,0,0,0,0,0,0,0,0,0
530092,2,1,1989,11,11,11,11,11,11,11,11,11,11
530093,1,1,1989,0,0,0,0,0,0,0,0,0,0
530093,2,1,1989,0,0,0,0,0,0,0,0,0,0
530094,1,1,1989,0,0,0,0,0,0,0,8,0,0
530094,2,1,1989,0,0,0,32,0,0,0,0,0,0
530094,3,1,1989,0,0,0,0,0,0,0,0,0,0
530094,4,1,1989,0,0,0,0,0,0,0,0,0,0
530095,0,1,1989,0,0,0,0,0,0,0,0,0,0
530095,1,1,1989,12,12,12,12,12,12,12,12,12,12
530096,1,1,1989,0,0,0,0,0,0,0,0,0,0
530097,1,1,1989,20,20,20,20,20,20,20,20,20,20
530097,2,1,1989,5,7,19,0,0,0,0,0,0,0
530098,1,1,1989,17,17,17,17,17,17,17,17,17,17
530098,2,1,1989,0,0,0,0,0,0,0,0,0,0
530099,1,1,1989,22,22,22,22,22,22,22,22,22,22
530099,2,1,1989,17,17,17,17,17,17,17,17,17,17
530100,1,1,1989,8,8,8,8,8,8,8,8,8,8
530100,2,1,1989,0,0,0,0,0,0,0,0,0,0
530101,1,1,1989,0,0,0,0,0,0,0,0,0,0
530101,2,1,1989,0,0,0,0,0,0,0,0,0,0
530102,1,1,1989,0,0,0,0,0,0,0,0,0,0
530103,1,1,1989,0,0,0,0,0,0,0,0,0,0
530103,2,1,1989,0,0,0,0,0,0,0,0,0,0
530104,1,1,1989,12,12,12,12,12,12,12,12,12,12
530105,1,1,1989,0,0,0,0,0,0,0,0,0,0
530105,2,1,1989,0,0,0,0,0,0,0,0,0,0
530106,1,1,1989,0,0,0,0,0,0,0,0,0,0
530106,2,1,1989,0,0,0,0,0,0,0,0,0,0
530107,1,1,1989,31,31,31,31,31,31,31,31,31,31
530107,2,1,1989,0,0,0,0,9,0,0,11,30,0
530108,1,1,1989,25,25,25,25,25,25,25,25,25,25
530109,1,1,1989,0,0,0,0,0,0,23,0,0,0
530110,1,1,1989,0,15,0,0,0,0,0,35,18,0
530111,0,1,1989,0,0,20,0,12,0,0,0,0,0
530111,1,1,1989,0,0,0,0,0,0,0,0,0,0
530112,1,1,1989,0,0,0,0,0,0,0,0,0,0
530112,2,1,1989,0,0,0,0,0,0,0,0,0,0
530113,0,1,1989,0,0,0,0,0,0,0,0,0,0
530113,1,1,1989,0,0,0,0,0,0,0,0,0,0
530114,1,1,1989,11,11,11,11,11,11,11,11,11,11
530114,2,1,1989,0,0,0,0,0,0,0,0,0,0
530116,1,1,1989,0,0,0,0,0,0,0,0,0,0
530116,2,1,1989,0,0,0,0,0,0,0,0,0,0
530117,1,1,1989,0,0,0,0,0,0,0,0,0,0
530118,1,1,1989,0,0,0,0,0,0,0,0,0,0
530119,1,1,1989,0,0,0,0,0,0,0,0,0,0
530120,1,1,1989,10,10,10,10,10,10,10,10,10,10
530121,1,1,1989,0,0,0,0,0,0,0,0,0,0
530121,2,1,1989,0,0,0,0,0,0,0,0,0,0
530122,1,1,1989,23,23,23,23,23,23,23,23,23,23
530123,1,1,1989,0,0,0,0,0,0,0,0,0,0
530123,2,1,1989,0,0,0,0,0,0,0,0,0,0
530123,3,1,1989,0,0,0,0,0,0,0,0,0,0
530124,1,1,1989,0,0,0,0,0,0,0,0,0,0
530125,1,1,1989,24,24,24,24,24,24,24,24,24,24
530126,0,1,1989,0,0,0,0,0,0,0,0,0,0
530126,1,1,1989,0,12,0,0,0,0,33,0,0,0
530127,1,1,1989,0,0,0,0,0,0,0,0,0,0
530127,2,1,1989,0,0,0,0,0,0,0,0,0,0
530128,1,1,1989,10,10,10,10,10,10,10,10,10,10
530129,0,1,1989,15,15,15,15,15,15,15,15,15,15
530129,1,1,1989,0,0,0,0,0,0,0,0,0,0
530130,1,1,1989,6,6,6,6,6,6,6,6,6,6
530131,1,1,1989,0,0,0,0,0,0,0,0,0,0
530131,2,1,1989,0,0,0,0,0,0,0,0,0,0
530132,1,1,1989,0,0,0,0,0,0,0,0,0,0
530132,2,1,1989,0,0,0,8,0,0,0,0,0,0
530133,0,1,1989,0,0,0,0,0,0,0,0,0,0
530133,1,1,1989,0,0,0,0,0,0,0,0,0,0
530134,1,1,1989,0,0,0,0,0,0,0,0,0,0
530134,2,1,1989,0,0,0,0,0,0,0,0,0,0
530134,3,1,1989,0,0,0,0,0,0,0,0,0,0
530134,4,1,1989,0,0,0,0,0,0,0,0,0,0
530135,1,1,1989,18,18,18,18,18,18,18,18,18,18
530136,1,1,1989,22,22,22,22,22,22,22,22,22,22
530137,1,1,1989,27,27,27,27,27,27,27,27,27,27
530138,1,1,1989,0,0,0,0,0,0,0,0,0,0
530139,1,1,1989,17,17,0,3,15,7,22,20,17,0
530140,1,1,1989,0,0,0,0,0,0,0,0,0,0
530140,2,1,1989,0,0,0,0,0,0,0,0,0,0
530141,1,1,1989,15,15,15,15,15,15,15,15,15,15
530141,2,1,1989,0,0,0,0,0,0,0,0,0,0
530142,0,1,1989,0,0,0,0,0,0,0,0,0,0
530142,1,1,1989,21,21,21,21,21,21,21,21,21,21
530143,0,1,1989,0,0,0,0,0,0,0,0,0,0
530143,1,1,1989,21,0,0,0,0,0,0,13,0,0
530144,1,1,1989,0,0,0,0,0,0,0,0,0,0
530144,2,1,1989,11,13,0,0,5,13,9,19,12,0
530145,1,1,1989,13,13,13,13,13,13,13,13,13,13
530146,1,1,1989,19,19,19,19,19,19,19,19,19,19
530147,1,1,1989,0,20,0,0,0,0,0,0,0,16
530148,1,1,1989,8,8,8,8,8,8,8,8,8,8
530149,0,1,1989,0,0,0,0,0,0,0,0,0,0
530149,1,1,1989,0,0,0,0,0,0,0,0,0,0
530150,1,2,1989,16,0,20,9,19,5,0,0,0,23
530151,1,1,1989,14,14,14,14,14,14,14,14,14,14
530151,2,1,1989,0,0,0,0,0,0,0,0,0,0
530152,1,1,1989,2,2,2,2,2,2,2,2,2,2
530153,1,1,1989,21,21,21,21,21,21,21,21,21,21
530154,1,1,1989,15,15,15,15,15,15,15,15,15,15
530155,1,1,1989,0,0,0,0,0,0,0,0,0,0
530155,2,1,1989,0,0,0,0,0,0,0,0,0,0
530156,1,1,1989,19,19,19,19,19,19,19,19,19,19
530157,1,1,1989,23,23,23,23,23,23,23,23,23,23
530158,1,1,1989,0,0,0,0,0,0,27,0,0,0
530158,2,1,1989,0,0,0,0,0,0,0,0,0,0
530159,1,1,1989,3,3,3,3,3,3,3,3,3,3
530159,2,1,1989,0,0,0,14,0,0,0,0,0,0
530160,0,1,1989,0,0,0,0,0,0,0,0,0,0
530160,1,1,1989,0,0,0,0,0,0,0,0,0,0
530161,1,1,1989,0,0,0,0,0,0,0,0,0,0
530161,2,1,1989,0,0,0,0,0,0,0,0,0,0
530162,1,1,1989,0,0,0,0,0,0,0,0,0,0
530162,2,1,1989,0,0,0,0,0,0,0,0,0,0
530163,1,1,1989,0,0,0,0,0,0,0,0,0,0
530164,1,1,1989,18,18,18,18,18,18,18,18,18,18
530165,1,1,1989,0,0,0,21,0,0,0,0,0,0
530165,2,1,1989,0,0,0,0,0,0,0,0,0,0
530166,1,1,1989,9,20,13,21,6,12,14,27,9,4
530167,0,1,1989,0,0,0,0,0,0,0,0,0,0
530167,0,2,1989,0,0,0,0,0,0,0,0,0,0
530167,0,3,1989,0,0,0,0,0,16,0,0,0,0
530167,1,1,1989,0,0,0,0,0,0,0,0,0,0
530168,1,1,1989,14,14,14,14,14,14,14,14,14,14
530168,2,1,1989,0,0,0,0,0,0,0,0,0,0
530169,0,1,1989,0,0,0,0,0,0,0,0,0,0
530169,1,1,1989,0,0,0,0,0,0,0,0,0,0
530170,1,1,1989,16,16,16,16,16,16,16,16,16,16
530171,1,1,1989,25,25,25,25,25,25,25,25,25,25
530172,1,1,1989,0,0,0,0,0,0,0,0,0,0
530173,1,1,1989,0,0,0,0,0,0,0,0,0,0
530174,1,1,1989,0,0,0,0,0,0,0,0,0,0
530174,2,1,1989,0,0,0,0,0,0,0,0,0,0
530175,1,1,1989,12,12,12,12,12,12,12,12,12,12
530176,1,1,1989,0,0,0,0,0,0,0,0,0,0
530176,2,1,1989,0,0,0,0,0,0,0,0,0,0
530177,1,1,1989,0,0,0,0,0,0,0,0,0,0
530177,2,1,1989,0,0,0,0,0,0,0,0,0,0
530177,3,1,1989,0,0,0,0,0,0,0,0,0,0
530178,1,1,1989,0,0,0,0,0,0,0,0,0,0
530178,2,1,1989,10,10,10,10,10,10,10,10,10,10
530179,1,1,1989,6,6,6,6,6,6,6,6,6,6
530179,2,1,1989,0,0,0,0,0,0,0,0,0,0
530180,1,1,1989,19,22,13,7,16,7,19,15,0,4
530180,2,1,1989,0,0,0,0,0,0,0,4,10,0
530181,1,1,1989,17,17,17,17,17,17,17,17,17,17
530182,1,1,1989,0,0,0,0,0,0,0,0,0,0
530183,1,1,1989,13,13,13,13,13,13,13,13,13,13
530183,2,1,1989,0,0,0,0,0,0,0,21,0,0
530183,3,1,1989,0,0,0,21,0,0,0,0,0,0
530184,1,1,1989,0,0,0,0,0,0,0,0,0,0
530184,2,1,1989,0,0,0,0,0,0,0,0,0,0
530185,1,1,1989,19,19,19,19,19,19,19,19,19,19
530185,2,1,1989,0,0,0,0,0,0,0,0,0,0
530186,1,1,1989,0,0,0,0,0,0,0,0,0,0
530186,2,1,1989,15,15,15,15,15,15,15,15,15,15
530187,1,1,1989,11,11,11,11,11,11,11,11,11,11
530187,2,1,1989,0,0,0,0,0,0,0,0,0,0
530188,1,1,1989,14,14,14,14,14,14,14,14,14,14
530189,1,1,1989,19,19,19,19,19,19,19,19,19,19
530190,1,1,1989,36,36,36,36,36,36,36,36,36,36
530191,1,1,1989,19,19,19,19,19,19,19,19,19,19
530192,0,1,1989,0,0,0,0,0,0,0,0,0,0
530192,1,1,1989,0,0,0,0,0,0,21,0,0,0
530193,1,1,1989,22,22,22,22,22,22,22,22,22,22
530193,2,1,1989,0,0,0,0,0,0,0,0,29,0
530194,0,1,1989,0,0,0,0,0,0,0,0,0,0
530194,1,1,1989,0,11,0,0,0,0,0,0,0,0
530195,1,1,1989,0,0,0,0,0,0,0,0,0,0
530195,2,1,1989,0,0,0,0,0,0,0,0,0,0
530196,1,1,1989,18,18,18,18,18,18,18,18,18,18
530196,2,1,1989,0,0,0,0,0,0,0,0,0,0
530196,3,1,1989,0,0,0,0,0,0,0,0,0,0
530196,4,1,1989,0,0,0,0,0,0,0,0,0,0
530196,5,1,1989,0,0,0,0,0,0,0,0,0,8
530196,6,1,1989,0,0,0,0,0,0,0,0,0,0
530196,7,1,1989,0,0,0,0,0,0,0,0,0,0
530196,8,1,1989,0,0,0,0,0,0,0,0,0,0
530196,9,1,1989,0,0,0,0,0,0,0,0,0,0
530197,1,1,1989,7,7,7,7,7,7,7,7,7,7
530197,2,1,1989,0,0,0,0,0,0,0,0,0,0
530198,1,1,1989,18,18,18,18,18,18,18,18,18,18
530198,2,1,1989,0,0,0,0,0,0,0,0,0,0
530199,1,1,1989,16,16,16,16,16,16,16,16,16,16
530199,2,1,1989,0,0,0,0,0,0,0,0,0,0
530200,1,1,1989,17,9,12,26,14,24,23,19,19,25
530201,1,1,1989,3,3,3,3,3,3,3,3,3,3
530202,1,1,1989,19,19,19,19,19,19,19,19,19,19
530203,1,1,1989,0,0,0,0,0,0,0,0,0,0
530203,2,1,1989,0,0,0,0,0,0,0,0,0,0
530204,1,1,1989,0,0,0,0,0,0,0,0,0,0
530205,1,1,1989,34,34,34,34,34,34,34,34,34,34
530206,1,1,1989,0,0,0,0,0,0,0,0,0,0
530207,1,1,1989,25,25,25,25,25,25,25,25,25,25
530208,1,1,1989,16,16,16,16,16,16,16,16,16,16
530209,2,1,1989,0,0,0,0,0,0,0,0,0,0
530210,1,1,1989,20,20,20,20,20,20,20,20,20,20
530211,1,1,1989,20,20,20,20,20,20,20,20,20,20
530212,1,1,1989,0,0,0,0,0,0,0,0,0,0
530213,1,1,1989,0,0,0,0,0,0,0,0,0,0
530213,2,1,1989,0,0,0,0,0,0,0,0,0,0
530215,1,1,1989,0,0,0,0,0,0,0,0,0,0
530215,2,1,1989,0,0,0,0,0,0,0,0,0,0
530216,1,1,1989,0,0,0,0,0,0,0,0,0,0
530216,2,1,1989,12,0,0,0,0,0,0,0,0,0
530217,1,1,1989,18,0,25,0,7,12,0,19,0,0
530218,1,1,1989,19,19,19,19,19,19,19,19,19,19
530218,2,1,1989,0,0,0,0,0,0,0,0,0,0
530219,1,1,1989,0,0,0,0,0,0,0,0,0,0
530219,2,1,1989,0,0,0,0,0,0,0,0,0,0
530220,1,1,1989,10,18,9,22,15,17,33,0,14,5
530220,2,1,1989,0,0,0,0,0,0,0,0,0,0
530220,3,1,1989,0,0,0,0,0,0,0,0,0,0
530220,4,1,1989,0,0,0,0,0,0,0,0,0,0
530220,5,1,1989,0,0,0,0,0,0,0,0,0,0
530220,6,1,1989,0,0,0,0,0,0,0,0,0,0
530221,1,1,1989,18,18,18,18,18,18,18,18,18,18
530222,1,1,1989,39,0,18,17,26,0,13,25,0,14
530222,2,1,1989,0,0,0,0,0,0,0,16,24,0
530222,3,1,1989,0,0,0,0,0,0,0,0,0,0
530223,1,1,1989,12,12,12,12,12,12,12,12,12,12
530224,1,1,1989,5,5,5,5,5,5,5,5,5,5
530225,1,1,1989,3,3,3,3,3,3,3,3,3,3
530227,1,1,1989,0,0,0,0,0,0,0,0,0,0
530227,2,1,1989,0,0,0,0,0,0,0,0,0,0
530228,1,1,1989,12,12,12,12,12,12,12,12,12,12
530229,1,1,1989,0,25,17,0,0,0,0,0,0,0
530230,1,1,1989,0,0,0,0,0,0,0,0,0,0
530231,1,1,1989,17,17,17,17,17,17,17,17,17,17
530232,1,1,1989,0,0,0,0,0,0,0,4,0,0
530233,1,1,1989,15,15,15,15,15,15,15,15,15,15
530234,1,1,1989,20,20,20,20,20,20,20,20,20,20
530235,1,1,1989,0,0,0,0,0,0,0,0,0,0
530235,2,1,1989,21,21,21,21,21,21,21,21,21,21
530236,0,1,1989,0,0,0,0,0,0,0,0,0,0
530236,1,1,1989,0,0,0,0,0,0,0,0,0,0
530237,1,1,1989,0,0,0,0,0,0,0,0,0,0
530238,1,1,1989,9,9,9,9,9,9,9,9,9,9
530238,2,1,1989,0,0,0,0,0,0,0,0,0,0
530239,1,1,1989,0,0,0,0,0,0,0,0,0,0
530239,2,1,1989,0,0,0,0,0,0,0,0,0,0
530240,1,1,1989,24,24,24,24,24,24,24,24,24,24
530241,1,1,1989,27,27,27,27,27,27,27,27,27,27
530242,1,1,1989,28,0,0,0,0,0,0,0,0,0
530242,2,1,1989,0,0,0,0,0,0,0,0,0,0
530243,1,1,1989,0,0,0,0,0,0,0,0,0,0
530244,0,1,1989,20,20,20,20,20,20,20,20,20,20
530244,1,1,1989,0,0,0,0,0,0,0,0,0,0
530245,1,1,1989,9,0,17,0,0,0,21,14,0,18