ST_CASE,VEH_NO,PER_NO,YEAR,P1,P2,P3,P4,P5,P6,P7,P8,P9,P10
530246,1,1,1989,4,4,4,4,4,4,4,4,4,4
530246,2,1,1989,0,0,0,0,0,0,0,0,0,0
530247,1,1,1989,0,0,0,0,0,0,0,0,0,0
530247,2,1,1989,0,0,0,0,0,0,0,0,0,0
530247,3,1,1989,0,0,0,0,0,0,0,0,0,0
530248,1,1,1989,4,4,4,4,4,4,4,4,4,4
530248,2,1,1989,0,0,0,0,0,0,0,0,0,0
530249,1,1,1989,25,0,19,0,0,0,0,0,0,0
530249,2,1,1989,0,0,0,0,0,0,0,0,0,0
530250,1,1,1989,13,13,13,13,13,13,13,13,13,13
530251,1,1,1989,15,15,15,15,15,15,15,15,15,15
530251,2,1,1989,0,0,0,0,0,0,0,0,0,0
530251,3,1,1989,9,9,9,9,9,9,9,9,9,9
530252,0,1,1989,29,29,29,29,29,29,29,29,29,29
530252,1,1,1989,0,0,0,0,0,0,0,8,0,0
530253,1,1,1989,25,25,25,25,25,25,25,25,25,25
530254,0,1,1989,10,18,8,18,22,12,15,34,20,19
530254,1,1,1989,4,0,0,0,0,0,0,0,0,0
530255,1,1,1989,17,17,17,17,17,17,17,17,17,17
530255,2,1,1989,0,0,0,0,0,0,0,0,0,0
530256,1,1,1989,0,0,0,0,0,0,0,0,0,0
530257,1,1,1989,6,6,6,6,6,6,6,6,6,6
530257,2,1,1989,0,0,0,0,0,0,0,0,0,0
530258,0,1,1989,0,0,0,0,0,0,0,0,0,0
530258,1,1,1989,0,0,0,0,0,0,0,0,0,0
530259,1,1,1989,0,0,0,0,0,0,0,19,0,0
530259,2,1,1989,0,0,0,0,0,0,0,0,0,0
530260,1,1,1989,15,15,15,15,15,15,15,15,15,15
530261,1,1,1989,0,0,0,0,0,0,0,0,0,0
530262,1,1,1989,0,0,0,0,0,0,0,0,0,0
530262,2,1,1989,0,0,0,0,0,0,0,0,0,0
530263,1,1,1989,14,14,14,14,14,14,14,14,14,14
530263,2,1,1989,0,0,7,0,0,0,0,0,0,0
530264,1,1,1989,0,0,0,0,0,0,0,0,0,0
530265,1,1,1989,23,23,23,23,23,23,23,23,23,23
530266,0,1,1989,0,0,0,15,0,0,0,0,0,0
530266,1,1,1989,0,0,0,0,0,0,16,0,0,0
530267,0,1,1989,0,0,0,0,0,0,0,0,0,0
530267,1,1,1989,25,22,23,0,21,13,0,0,0,0
530268,0,1,1989,0,0,0,0,0,0,0,0,0,0
530268,1,1,1989,0,14,20,24,5,0,0,0,0,0
530269,1,1,1989,26,12,17,0,21,17,9,0,21,11
530270,0,1,1989,0,0,0,0,0,0,0,0,0,0
530270,1,1,1989,0,0,0,0,0,0,0,0,0,0
530271,1,1,1989,15,15,15,15,15,15,15,15,15,15
530272,1,1,1989,0,0,0,0,0,0,0,0,0,0
530272,2,1,1989,0,0,0,0,0,0,0,0,0,0
530273,1,1,1989,10,10,10,10,10,10,10,10,10,10
530274,0,1,1989,16,16,16,16,16,16,16,16,16,16
530274,1,1,1989,0,16,0,0,0,0,0,0,0,6
530275,1,1,1989,0,0,0,0,0,0,0,0,0,0
530276,0,1,1989,0,0,0,0,0,0,0,0,0,0
530276,1,1,1989,12,12,12,12,12,12,12,12,12,12
530277,1,1,1989,0,0,0,0,0,0,0,0,0,0
530277,2,1,1989,11,11,11,11,11,11,11,11,11,11
530278,1,1,1989,0,0,0,0,0,0,0,0,0,0
530279,1,1,1989,17,17,17,17,17,17,17,17,17,17
530280,1,1,1989,15,15,15,15,15,15,15,15,15,15
530281,1,1,1989,19,19,19,19,19,19,19,19,19,19
530282,1,1,1989,0,0,0,0,0,0,0,0,0,0
530283,1,1,1989,0,0,0,0,0,0,0,0,0,0
530283,2,1,1989,0,0,0,0,0,0,0,0,0,0
530284,1,1,1989,0,0,0,0,0,0,0,0,0,0
530284,2,1,1989,0,25,0,0,0,14,0,0,0,0
530285,0,1,1989,19,19,19,19,19,19,19,19,19,19
530285,1,1,1989,11,11,11,11,11,11,11,11,11,11
530286,1,1,1989,13,13,13,13,13,13,13,13,13,13
530287,1,1,1989,0,0,0,0,0,0,0,0,18,0
530288,1,1,1989,30,30,30,30,30,30,30,30,30,30
530289,1,1,1989,0,0,0,0,0,0,0,0,0,0
530289,2,1,1989,0,0,0,0,0,0,0,0,0,0
530290,1,1,1989,0,0,0,0,0,0,0,0,0,0
530290,2,1,1989,0,0,0,0,0,0,0,0,0,0
530291,1,1,1989,0,0,0,0,0,0,0,0,0,0
530292,1,1,1989,0,0,0,0,0,0,0,0,0,0
530292,2,1,1989,0,0,0,0,6,0,0,0,0,0
530293,1,1,1989,0,0,0,0,0,0,0,0,0,0
530294,1,1,1989,24,24,24,24,24,24,24,24,24,24
530295,1,1,1989,0,0,0,0,0,0,0,0,0,0
530296,0,1,1989,0,0,0,0,0,0,0,0,0,0
530296,1,1,1989,0,0,0,0,0,0,0,0,0,0
530297,1,1,1989,19,19,19,19,19,19,19,19,19,19
530298,1,1,1989,9,9,9,9,9,9,9,9,9,9
530298,2,1,1989,0,0,0,0,0,0,0,0,0,0
530299,1,1,1989,0,0,0,0,0,0,0,0,0,0
530299,2,1,1989,0,0,0,0,0,0,0,0,0,0
530300,1,1,1989,27,27,27,27,27,27,27,27,27,27
530300,2,1,1989,0,0,0,0,0,0,0,11,0,0
530301,1,1,1989,0,0,0,0,0,0,0,0,0,0
530301,2,1,1989,0,0,0,0,0,0,0,0,0,0
530302,1,1,1989,13,13,13,13,13,13,13,13,13,13
530303,1,1,1989,27,27,27,27,27,27,27,27,27,27
530304,1,1,1989,11,11,11,11,11,11,11,11,11,11
530305,1,1,1989,9,9,9,9,9,9,9,9,9,9
530305,2,1,1989,0,0,0,0,0,0,0,0,0,0
530306,1,1,1989,26,26,26,26,26,26,26,26,26,26
530307,1,1,1989,18,18,18,18,18,18,18,18,18,18
530307,2,1,1989,4,4,4,4,4,4,4,4,4,4
530308,1,1,1989,0,0,0,0,0,0,0,0,0,0
530308,2,1,1989,7,7,7,7,7,7,7,7,7,7
530309,1,1,1989,0,0,0,0,0,0,0,0,0,0
530310,1,1,1989,0,0,0,0,0,0,0,0,0,0
530310,2,1,1989,0,0,0,0,0,0,0,0,0,0
530311,0,1,1989,0,0,0,0,0,0,0,0,0,0
530311,1,1,1989,0,0,0,0,0,0,0,0,0,0
530312,1,1,1989,0,0,0,0,0,0,0,0,0,0
530312,2,1,1989,0,0,0,0,0,0,0,0,0,0
530313,1,1,1989,8,8,8,8,8,8,8,8,8,8
530314,1,1,1989,0,0,0,0,0,0,0,0,0,0
530314,2,1,1989,0,0,0,0,0,0,0,0,0,0
530315,0,1,1989,0,0,0,0,0,0,0,0,0,0
530315,1,1,1989,0,0,0,0,0,0,0,0,0,0
530316,1,1,1989,13,13,13,13,13,13,13,13,13,13
530317,1,1,1989,24,24,24,24,24,24,24,24,24,24
530317,2,1,1989,0,0,16,9,0,0,0,0,0,3
530318,1,1,1989,7,7,7,7,7,7,7,7,7,7
530319,1,1,1989,20,20,20,20,20,20,20,20,20,20
530320,1,1,1989,14,14,14,14,14,14,14,14,14,14
530321,1,1,1989,17,17,17,17,17,17,17,17,17,17
530322,1,1,1989,2,2,2,2,2,2,2,2,2,2
530323,1,1,1989,36,36,36,36,36,36,36,36,36,36
530324,0,1,1989,33,33,33,33,33,33,33,33,33,33
530324,1,1,1989,0,0,12,0,14,0,0,24,0,2
530325,1,1,1989,13,13,13,13,13,13,13,13,13,13
530326,0,1,1989,0,0,0,0,0,0,0,0,0,0
530326,1,1,1989,0,0,0,0,0,0,0,0,0,0
530327,0,1,1989,0,0,0,0,0,0,0,0,0,0
530327,1,1,1989,0,0,0,0,0,0,0,0,0,0
530328,1,1,1989,8,8,8,8,8,8,8,8,8,8
530329,0,1,1989,25,25,25,25,25,25,25,25,25,25
530329,1,1,1989,25,25,25,25,25,25,25,25,25,25
530330,1,1,1989,0,0,0,0,0,0,0,0,0,0
530330,2,1,1989,0,0,0,0,0,0,0,0,0,0
530331,1,1,1989,0,0,0,0,0,0,0,0,0,0
530332,1,1,1989,9,6,17,12,5,29,26,24,14,20
530333,1,1,1989,0,0,0,0,0,0,0,0,0,0
530333,2,1,1989,0,0,0,0,0,0,0,0,0,0
530334,1,1,1989,23,23,23,23,23,23,23,23,23,23
530334,2,1,1989,0,0,0,0,0,0,0,0,0,0
530335,1,1,1989,22,22,22,22,22,22,22,22,22,22
530336,1,1,1989,29,29,29,29,29,29,29,29,29,29
530336,2,1,1989,0,0,0,0,0,0,0,0,0,0
530337,1,1,1989,22,22,22,22,22,22,22,22,22,22
530337,2,1,1989,0,0,25,0,19,0,0,0,0,0
530337,3,1,1989,0,0,0,0,0,0,0,0,0,0
530337,4,1,1989,0,0,0,0,0,0,0,0,0,0
530338,1,1,1989,0,0,0,0,0,0,0,0,0,0
530339,1,1,1989,0,0,0,0,0,0,0,0,0,0
530340,1,1,1989,18,18,18,18,18,18,18,18,18,18
530341,1,1,1989,0,0,0,0,0,0,0,0,0,0
530341,2,1,1989,0,0,0,0,0,0,0,0,0,0
530342,1,1,1989,0,0,0,0,0,0,0,0,0,0
530342,2,1,1989,0,0,0,0,0,0,0,0,0,0
530342,3,1,1989,0,0,0,0,0,0,0,0,0,0
530343,1,1,1989,19,19,19,19,19,19,19,19,19,19
530344,1,1,1989,0,0,0,0,0,0,0,0,0,0
530344,2,1,1989,0,0,0,0,0,0,0,0,0,0
530345,1,1,1989,23,23,23,23,23,23,23,23,23,23
530346,1,1,1989,10,10,10,10,10,10,10,10,10,10
530346,2,1,1989,0,0,0,0,0,0,0,0,0,0
530346,3,1,1989,0,0,0,0,0,0,0,0,0,0
530346,4,1,1989,0,0,0,0,0,0,0,0,0,0
530347,1,1,1989,0,0,0,0,0,0,0,0,0,0
530348,1,1,1989,0,0,0,0,0,0,0,0,0,0
530349,0,1,1989,0,0,0,0,0,0,0,0,0,0
530349,1,1,1989,0,0,0,0,0,0,0,0,0,0
530351,1,1,1989,17,17,17,17,17,17,17,17,17,17
530351,2,1,1989,0,0,0,0,0,0,0,0,0,0
530351,3,1,1989,0,0,13,0,0,0,0,0,0,0
530352,0,1,1989,0,27,0,22,15,0,0,0,0,23
530352,1,1,1989,5,5,5,5,5,5,5,5,5,5
530353,1,1,1989,0,0,0,0,0,0,0,0,0,0
530354,1,1,1989,19,19,19,19,19,19,19,19,19,19
530355,1,1,1989,0,0,0,0,0,0,0,0,0,0
530356,1,1,1989,27,27,27,27,27,27,27,27,27,27
530357,1,1,1989,14,14,14,14,14,14,14,14,14,14
530357,2,1,1989,0,0,0,0,0,0,0,0,18,0
530358,0,1,1989,19,19,19,19,19,19,19,19,19,19
530358,1,1,1989,0,0,0,9,0,15,0,22,13,0
530359,1,1,1989,0,0,0,0,0,0,0,0,0,0
530359,2,1,1989,0,0,0,0,0,0,0,0,0,0
530360,1,1,1989,17,17,17,17,17,17,17,17,17,17
530361,1,1,1989,19,19,19,19,19,19,19,19,19,19
530362,1,1,1989,14,14,14,14,14,14,14,14,14,14
530363,1,1,1989,0,0,0,0,0,0,0,0,0,0
530364,1,1,1989,0,0,0,0,0,0,0,0,0,0
530364,2,1,1989,0,0,0,0,0,0,0,0,0,0
530364,3,1,1989,0,0,0,0,0,0,0,0,0,0
530365,1,1,1989,14,14,14,14,14,14,14,14,14,14
530366,1,1,1989,12,12,12,12,12,12,12,12,12,12
530366,2,1,1989,0,0,0,0,0,0,0,0,0,0
530366,3,1,1989,0,0,0,0,0,0,0,0,0,0
530367,1,1,1989,21,21,21,21,21,21,21,21,21,21
530368,0,1,1989,22,22,22,22,22,22,22,22,22,22
530368,1,1,1989,17,0,4,15,0,2,0,0,0,0
530369,1,1,1989,12,12,12,12,12,12,12,12,12,12
530370,1,1,1989,19,19,19,19,19,19,19,19,19,19
530371,1,1,1989,20,20,20,20,20,20,20,20,20,20
530372,1,1,1989,20,20,20,20,20,20,20,20,20,20
530372,2,1,1989,0,0,0,0,0,0,0,0,0,0
530373,1,1,1989,0,0,0,0,0,0,0,0,0,0
530373,2,1,1989,17,17,17,17,17,17,17,17,17,17
530375,1,1,1989,0,0,0,0,0,0,0,0,0,0
530376,1,1,1989,0,0,0,0,0,0,0,0,0,0
530376,2,1,1989,0,0,0,0,0,0,0,0,0,0
530376,3,1,1989,0,0,0,0,0,0,0,0,0,0
530377,1,1,1989,2,2,2,2,2,2,2,2,2,2
530378,1,1,1989,0,0,0,0,0,0,0,0,0,0
530378,2,1,1989,0,0,0,0,0,0,0,0,0,0
530379,1,1,1989,0,0,0,0,0,0,0,0,0,0
530379,2,1,1989,21,0,0,0,0,0,20,0,0,0
530379,3,1,1989,0,0,0,0,0,0,0,0,0,0
530380,1,1,1989,25,25,25,25,25,25,25,25,25,25
530381,1,1,1989,0,0,0,0,0,0,0,0,0,0
530381,2,1,1989,0,0,0,0,0,0,0,0,0,0
530382,0,1,1989,0,0,0,0,0,0,0,0,0,0
530382,1,1,1989,12,12,12,12,12,12,12,12,12,12
530383,1,1,1989,0,0,0,0,0,0,0,0,0,0
530383,2,1,1989,12,12,12,12,12,12,12,12,12,12
530384,1,1,1989,32,32,32,32,32,32,32,32,32,32
530384,2,1,1989,0,0,0,0,0,0,0,0,0,0
530385,1,1,1989,0,0,0,0,0,0,0,0,0,0
530385,2,1,1989,0,0,0,0,0,0,0,0,0,0
530386,1,1,1989,18,18,18,18,18,18,18,18,18,18
530387,0,1,1989,0,0,0,0,0,0,0,0,0,0
530387,1,1,1989,0,0,0,0,0,0,0,0,0,0
530388,1,1,1989,9,9,9,9,9,9,9,9,9,9
530390,1,1,1989,0,0,0,0,0,0,0,14,0,0
530390,2,1,1989,0,0,0,0,0,0,0,0,0,0
530391,1,1,1989,14,14,14,14,14,14,14,14,14,14
530391,2,1,1989,0,0,0,0,0,0,0,0,0,0
530392,1,1,1989,25,25,25,25,25,25,25,25,25,25
530393,1,1,1989,21,21,21,21,21,21,21,21,21,21
530394,1,1,1989,0,0,0,0,0,0,0,0,0,0
530395,1,1,1989,9,9,9,9,9,9,9,9,9,9
530396,1,1,1989,14,14,14,14,14,14,14,14,14,14
530397,0,1,1989,0,0,18,0,0,0,0,0,0,0
530397,1,1,1989,0,0,0,0,0,0,0,0,0,0
530397,2,1,1989,0,0,0,0,0,0,0,0,0,0
530399,1,1,1989,0,0,0,0,0,0,0,0,0,0
530399,2,1,1989,0,0,0,0,0,0,0,0,0,0
530400,1,1,1989,0,0,0,0,0,0,0,0,36,0
530401,0,1,1989,18,18,18,18,18,18,18,18,18,18
530401,1,1,1989,7,7,7,7,7,7,7,7,7,7
530402,0,1,1989,0,0,0,0,0,0,0,0,0,0
530402,1,1,1989,0,0,0,0,0,0,0,0,0,0
530403,1,1,1989,0,0,0,0,0,0,0,0,0,0
530403,2,1,1989,0,0,0,0,0,0,0,0,0,0
530404,1,1,1989,0,0,0,0,0,0,0,0,0,0
530404,2,1,1989,0,0,0,0,0,0,0,0,0,0
530404,3,1,1989,0,0,0,0,0,0,0,0,0,0
530405,1,1,1989,5,5,5,5,5,5,5,5,5,5
530406,1,1,1989,0,0,0,0,0,0,0,0,0,0
530406,2,1,1989,0,0,0,0,0,0,0,0,0,0
530407,1,1,1989,0,0,0,0,0,0,0,0,0,0
530407,2,1,1989,0,0,0,0,0,0,0,0,0,0
530408,0,1,1989,24,24,24,24,24,24,24,24,24,24
530408,1,1,1989,15,15,15,15,15,15,15,15,15,15
530409,1,1,1989,16,0,0,0,0,16,7,0,0,0
530409,2,1,1989,17,17,17,17,17,17,17,17,17,17
530410,1,1,1989,9,9,9,9,9,9,9,9,9,9
530411,1,1,1989,0,0,0,0,0,0,0,0,0,0
530411,2,1,1989,18,15,12,7,21,17,26,10,7,21
530412,0,1,1989,25,14,26,3,8,12,6,61,0,15
530412,1,1,1989,18,18,18,18,18,18,18,18,18,18
530413,1,1,1989,17,17,17,17,17,17,17,17,17,17
530414,1,1,1989,0,0,0,0,0,0,0,0,0,0
530415,1,1,1989,5,5,5,5,5,5,5,5,5,5
530416,1,1,1989,0,0,0,0,0,0,0,0,0,0
530416,2,1,1989,24,24,24,24,24,24,24,24,24,24
530417,0,1,1989,11,11,11,11,11,11,11,11,11,11
530417,1,1,1989,0,0,0,6,0,0,3,0,0,0
530418,1,1,1989,0,0,0,0,0,0,0,0,0,0
530418,2,1,1989,0,0,0,0,0,0,0,0,0,0
530419,0,1,1989,0,0,0,0,0,0,0,0,0,0
530419,1,1,1989,0,0,0,0,0,0,0,0,0,0
530420,1,1,1989,0,0,0,0,0,0,0,0,0,0
530420,2,1,1989,0,0,0,0,0,0,0,0,0,0
530421,0,1,1989,0,0,0,0,0,0,0,0,0,0
530421,1,1,1989,0,0,0,0,0,8,0,0,0,0
530422,1,1,1989,12,12,12,12,12,12,12,12,12,12
530422,2,1,1989,0,0,0,0,0,0,0,0,0,0
530423,1,1,1989,0,0,0,0,0,0,0,0,0,0
530424,1,1,1989,0,0,0,0,0,0,0,0,0,0
530424,2,1,1989,0,0,0,0,0,0,0,0,0,0
530425,1,1,1989,0,0,0,0,0,0,0,0,0,0
530426,1,1,1989,0,0,0,0,0,0,0,0,0,0
530426,2,1,1989,0,0,0,0,0,0,0,0,0,0
530427,1,1,1989,0,0,0,0,0,0,0,0,0,0
530427,2,1,1989,0,0,0,0,0,0,0,0,0,0
530428,1,1,1989,0,0,0,0,0,0,0,0,0,0
530428,2,1,1989,0,0,0,0,0,0,0,0,0,0
530430,1,1,1989,22,22,22,22,22,22,22,22,22,22
530431,1,1,1989,14,14,14,14,14,14,14,14,14,14
530432,1,1,1989,19,19,19,19,19,19,19,19,19,19
530432,2,1,1989,0,0,0,0,0,0,0,0,0,0
530433,1,1,1989,0,0,0,0,0,0,0,0,0,0
530433,2,1,1989,0,0,0,0,0,0,0,12,0,0
530434,1,1,1989,24,24,24,24,24,24,24,24,24,24
530434,2,1,1989,0,0,0,0,11,0,0,0,0,0
530436,1,1,1989,14,14,14,14,14,14,14,14,14,14
530437,1,1,1989,0,0,0,0,0,0,0,0,0,0
530437,2,1,1989,0,0,0,0,0,0,0,0,0,0
530438,1,1,1989,22,22,22,22,22,22,22,22,22,22
530439,1,1,1989,10,10,10,10,10,10,10,10,10,10
530439,2,1,1989,0,0,0,0,0,0,0,16,0,0
530439,3,1,1989,0,0,0,0,0,0,0,0,0,0
530440,0,1,1989,0,0,0,0,0,0,0,0,0,0
530440,1,1,1989,0,0,0,0,0,0,0,0,0,0
530441,1,1,1989,13,13,13,13,13,13,13,13,13,13
530442,0,1,1989,16,16,16,16,16,16,16,16,16,16
530442,1,1,1989,0,0,0,11,4,21,0,0,19,0
530443,0,1,1989,0,0,0,0,0,0,7,0,0,0
530443,1,1,1989,20,14,15,9,6,7,0,18,16,9
530444,1,1,1989,10,10,10,10,10,10,10,10,10,10
530445,1,1,1989,0,0,0,0,0,0,0,0,0,0
530445,2,1,1989,0,0,0,0,0,0,0,0,0,0
530446,1,1,1989,28,28,28,28,28,28,28,28,28,28
530446,2,1,1989,0,0,0,0,0,0,0,0,0,0
530447,1,1,1989,18,18,18,18,18,18,18,18,18,18
530448,0,1,1989,0,0,0,0,0,0,0,0,0,0
530448,1,1,1989,0,0,0,0,0,0,0,0,0,0
530448,2,1,1989,0,0,0,0,0,0,0,0,0,0
530449,1,1,1989,0,0,0,0,0,0,0,0,0,0
530450,1,1,1989,0,0,0,0,0,0,0,0,0,0
530452,1,1,1989,0,0,0,0,31,0,0,0,0,0
530452,2,1,1989,0,0,0,0,0,0,0,0,0,0
530453,0,1,1989,0,0,0,0,0,0,0,0,0,0
530453,1,1,1989,15,15,15,15,15,15,15,15,15,15
530454,1,1,1989,13,0,0,0,0,20,0,0,0,0
530455,1,1,1989,0,0,0,0,0,0,0,0,0,0
530455,2,1,1989,0,0,0,0,0,0,0,20,0,0
530455,3,1,1989,0,0,0,0,0,0,0,0,0,0
530456,1,1,1989,5,5,5,5,5,5,5,5,5,5
530456,2,1,1989,0,0,0,0,0,0,0,0,0,0
530457,1,1,1989,0,0,0,0,0,0,0,0,0,0
530458,1,1,1989,0,0,0,0,0,0,0,0,0,0
530459,1,1,1989,0,0,0,0,0,0,0,0,0,0
530460,0,1,1989,0,0,0,0,0,0,0,0,0,0
530460,1,1,1989,0,0,0,0,0,0,0,0,0,0
530462,1,1,1989,0,0,0,0,0,0,0,0,0,0
530462,2,1,1989,0,0,0,0,0,0,0,0,0,0
530462,3,1,1989,0,0,0,0,0,0,0,0,0,0
530463,1,1,1989,21,21,21,21,21,21,21,21,21,21
530464,1,1,1989,20,20,20,20,20,20,20,20,20,20
530465,1,1,1989,14,14,14,14,14,14,14,14,14,14
530465,2,1,1989,0,0,0,0,0,0,0,0,0,0
530466,0,1,1989,28,28,28,28,28,28,28,28,28,28
530466,1,1,1989,0,0,0,0,0,0,0,0,0,0
530468,0,1,1989,0,0,0,0,0,0,0,0,0,0
530468,1,1,1989,0,0,0,0,0,0,0,0,0,0
530469,1,1,1989,14,14,14,14,14,14,14,14,14,14
530470,1,1,1989,21,21,21,21,21,21,21,21,21,21
530471,1,1,1989,24,24,24,24,24,24,24,24,24,24
530472,1,1,1989,0,0,0,0,0,0,0,0,0,0
530473,1,1,1989,11,11,11,11,11,11,11,11,11,11
530474,1,1,1989,0,0,0,0,0,0,0,0,0,0
530475,1,1,1989,12,12,12,12,12,12,12,12,12,12
530476,1,1,1989,7,7,7,7,7,7,7,7,7,7
530477,1,1,1989,17,17,17,17,17,17,17,17,17,17
530478,1,1,1989,0,0,0,0,0,0,0,0,0,0
530479,0,1,1989,0,0,0,0,0,0,0,0,0,0
530479,0,2,1989,0,0,0,0,0,0,0,0,0,0
530479,1,1,1989,0,0,0,0,0,0,0,0,0,0
530480,1,1,1989,23,13,23,14,24,9,19,0,18,13
530481,0,1,1989,0,0,0,0,0,0,0,0,0,0
530481,1,1,1989,0,0,0,0,0,0,0,0,0,0
530482,1,1,1989,11,11,11,11,11,11,11,11,11,11
530483,1,1,1989,0,0,0,0,0,0,0,0,0,0
530484,1,1,1989,17,17,17,17,17,17,17,17,17,17
530484,2,1,1989,0,0,0,0,0,0,0,0,0,0
530485,1,1,1989,0,0,0,0,0,0,0,0,0,0
530485,2,1,1989,0,0,0,0,0,0,0,0,0,0
530486,1,1,1989,3,3,3,3,3,3,3,3,3,3
530486,2,1,1989,0,0,0,0,0,0,0,0,0,0
530487,0,1,1989,0,0,0,0,0,0,0,0,0,0
530487,1,1,1989,1,1,1,1,1,1,1,1,1,1
530488,0,1,1989,0,0,0,0,0,0,0,0,0,0
530488,1,1,1989,0,0,0,0,0,0,0,0,0,0
530489,1,1,1989,0,0,0,0,0,0,0,0,0,0
530489,2,1,1989,0,0,0,0,0,0,0,0,0,0
530489,3,1,1989,0,0,0,0,0,0,0,0,0,0
530490,1,1,1989,0,0,0,0,0,0,0,0,0,8
530490,2,1,1989,28,28,28,28,28,28,28,28,28,28
530492,0,1,1989,14,14,14,14,14,14,14,14,14,14
530492,0,2,1989,16,16,16,16,16,16,16,16,16,16
530492,1,1,1989,13,13,13,13,13,13,13,13,13,13
530494,0,1,1989,2,2,2,2,2,2,2,2,2,2
530494,1,1,1989,0,0,0,0,0,0,0,0,0,0
530495,1,1,1989,0,0,0,0,0,0,0,0,0,0
530495,2,1,1989,6,6,6,6,6,6,6,6,6,6
530496,0,1,1989,18,18,18,18,18,18,18,18,18,18
530496,1,1,1989,14,14,14,14,14,14,14,14,14,14
530497,1,1,1989,9,9,9,9,9,9,9,9,9,9
530498,1,1,1989,21,21,21,21,21,21,21,21,21,21
530499,1,1,1989,0,0,0,0,0,0,0,0,0,0
530499,2,1,1989,0,0,0,0,0,0,0,0,0,0
530500,1,1,1989,16,19,17,27,11,0,5,10,16,7
530500,2,1,1989,0,0,0,0,0,0,0,0,0,0
530501,1,1,1989,0,0,0,0,0,0,0,0,0,0
530501,2,1,1989,0,0,0,0,0,0,0,0,0,0
530502,1,1,1989,16,16,16,16,16,16,16,16,16,16
530503,1,1,1989,46,46,46,46,46,46,46,46,46,46
530503,2,1,1989,0,0,0,0,0,0,0,0,0,0
530504,1,1,1989,0,0,0,0,0,0,0,0,0,0
530504,2,1,1989,0,0,0,0,0,0,0,0,0,0
530505,0,1,1989,4,4,4,4,4,4,4,4,4,4
530505,1,1,1989,0,0,20,6,0,0,5,0,14,0
530506,1,1,1989,20,20,20,20,20,20,20,20,20,20
530506,2,1,1989,0,0,0,0,0,0,0,0,0,0
530507,1,1,1989,17,17,17,17,17,17,17,17,17,17
530507,2,1,1989,0,0,0,0,0,0,0,0,0,0
530508,1,1,1989,13,13,13,13,13,13,13,13,13,13
530509,1,1,1989,0,0,0,0,0,0,0,0,0,0
530509,2,1,1989,0,0,0,0,0,0,0,0,0,0
530510,1,1,1989,0,0,0,0,0,0,0,0,0,0
530510,2,1,1989,0,0,0,0,0,0,0,0,0,0
530511,1,1,1989,23,7,13,18,18,30,10,6,17,21
530512,0,1,1989,0,39,0,0,0,0,0,0,0,0
530512,1,1,1989,0,0,6,7,0,0,0,24,4,16
530513,0,1,1989,0,0,0,0,0,0,0,0,0,0
530513,1,1,1989,0,0,0,0,0,0,0,0,0,0
530514,0,1,1989,0,0,0,0,0,0,0,0,0,0
530514,1,1,1989,0,0,0,0,0,0,0,0,0,0
530515,1,1,1989,18,18,18,18,18,18,18,18,18,18
530516,1,1,1989,0,0,0,0,0,0,0,0,0,0
530516,2,1,1989,0,0,0,0,0,0,0,0,0,0
530517,0,1,1989,21,21,21,21,21,21,21,21,21,21
530517,1,1,1989,0,0,0,0,0,0,0,0,0,3
530518,0,1,1989,0,0,0,0,0,0,0,0,0,0
530518,1,1,1989,0,0,0,0,0,0,0,0,0,0
530519,1,1,1989,3,3,3,3,3,3,3,3,3,3
530520,1,1,1989,17,17,17,17,17,17,17,17,17,17
530520,2,1,1989,0,0,0,0,0,0,7,0,0,13
530521,1,1,1989,0,0,0,0,0,0,0,0,0,0
530521,2,1,1989,0,0,0,0,0,0,0,0,0,0
530522,1,1,1989,17,17,17,17,17,17,17,17,17,17
530523,1,1,1989,12,12,12,12,12,12,12,12,12,12
530524,0,1,1989,0,0,0,0,0,0,0,0,0,0
530524,1,1,1989,0,0,0,0,0,0,0,0,0,0
530525,1,1,1989,21,21,21,21,21,21,21,21,21,21
530526,1,1,1989,0,0,0,0,0,0,0,0,0,0
530526,2,1,1989,0,0,0,0,0,0,0,0,0,0
530527,1,1,1989,0,0,0,0,0,0,0,0,0,0
530527,2,1,1989,0,0,0,0,0,0,0,0,0,0
530528,0,1,1989,23,23,23,23,23,23,23,23,23,23
530528,1,1,1989,0,0,0,0,0,0,0,0,0,0
530530,1,1,1989,0,0,0,0,0,0,0,0,0,0
530530,2,1,1989,0,0,0,0,0,0,0,0,0,0
530531,2,1,1989,16,16,16,16,16,16,16,16,16,16
530532,1,1,1989,16,16,16,16,16,16,16,16,16,16
530533,0,1,1989,16,16,16,16,16,16,16,16,16,16
530533,1,1,1989,18,18,19,12,21,17,22,16,23,15
530534,0,1,1989,0,0,0,0,0,0,0,0,0,0