ST_CASE,VEH_NO,PER_NO,YEAR,P1,P2,P3,P4,P5,P6,P7,P8,P9,P10
540107,1,1,1989,0,0,0,0,0,0,0,0,0,0
540107,2,1,1989,0,0,0,0,0,0,0,0,0,0
540108,1,1,1989,29,29,29,29,29,29,29,29,29,29
540109,1,1,1989,33,33,33,33,33,33,33,33,33,33
540109,2,1,1989,0,0,36,0,27,0,16,0,0,0
540110,1,1,1989,17,17,17,17,17,17,17,17,17,17
540110,2,1,1989,0,16,0,0,0,0,0,0,0,14
540111,1,1,1989,31,31,31,31,31,31,31,31,31,31
540111,2,1,1989,15,15,15,15,15,15,15,15,15,15
540112,1,1,1989,0,0,0,0,0,0,0,0,0,0
540112,2,1,1989,0,0,0,0,0,0,0,0,0,0
540113,0,1,1989,0,0,0,0,0,0,3,0,0,0
540113,1,1,1989,0,0,0,0,0,0,0,0,0,0
540114,0,1,1989,4,0,0,0,0,0,0,0,0,0
540114,0,2,1989,0,0,0,3,0,5,0,0,0,0
540114,0,3,1989,0,33,20,0,11,0,26,14,10,0
540114,0,4,1989,0,0,0,0,0,0,0,0,0,0
540115,1,1,1989,0,12,0,0,0,0,0,0,0,0
540115,2,1,1989,16,16,16,16,16,16,16,16,16,16
540116,1,1,1989,0,0,0,0,0,0,0,0,0,0
540116,2,1,1989,0,0,0,0,0,0,0,0,0,0
540117,1,1,1989,15,15,15,15,15,15,15,15,15,15
540118,1,1,1989,0,0,0,0,0,0,0,0,0,0
540118,2,1,1989,0,0,0,0,0,0,0,0,0,0
540119,1,1,1989,0,0,0,0,0,0,0,0,0,0
540119,2,1,1989,0,0,0,0,0,0,0,0,0,16
540120,1,1,1989,0,0,0,0,0,0,0,0,0,0
540121,0,1,1989,0,0,9,0,0,0,0,0,0,0
540121,1,1,1989,16,16,16,16,16,16,16,16,16,16
540122,0,1,1989,0,0,0,0,0,0,0,0,0,0
540122,1,1,1989,0,0,0,0,0,0,0,0,0,0
540123,0,1,1989,0,0,0,0,0,0,0,0,0,0
540123,0,2,1989,0,0,0,0,0,0,0,0,0,0
540123,0,3,1989,0,19,0,0,9,0,0,0,0,0
540123,0,4,1989,0,0,0,0,7,0,0,0,2,0
540123,0,5,1989,0,0,0,0,0,0,25,0,0,0
540123,0,6,1989,0,0,0,0,0,0,0,0,23,0
540123,2,1,1989,0,0,0,0,0,0,0,0,0,0
540123,3,1,1989,0,0,0,0,0,0,0,0,0,0
540123,5,1,1989,0,0,0,0,0,0,0,0,0,0
540124,1,1,1989,0,0,0,0,0,0,0,0,0,0
540125,1,1,1989,27,27,27,27,27,27,27,27,27,27
540126,1,1,1989,0,0,0,0,0,0,0,0,0,0
540126,2,1,1989,0,0,0,0,0,0,0,0,0,0
540127,1,1,1989,18,18,18,18,18,18,18,18,18,18
540128,1,1,1989,0,0,14,0,11,0,0,0,0,0
540129,1,1,1989,9,9,9,9,9,9,9,9,9,9
540130,1,1,1989,0,0,0,0,0,5,0,0,0,0
540130,2,1,1989,0,0,0,0,0,0,0,0,0,0
540131,1,1,1989,21,21,21,21,21,21,21,21,21,21
540131,2,1,1989,12,0,23,0,0,0,0,0,0,0
540132,1,1,1989,31,0,0,0,0,0,0,0,0,18
540132,2,1,1989,0,0,0,10,0,0,0,0,0,0
540133,1,1,1989,0,0,0,0,0,0,0,0,0,0
540133,2,1,1989,0,0,0,0,0,0,0,0,0,0
540134,1,1,1989,31,31,31,31,31,31,31,31,31,31
540134,2,1,1989,24,24,24,24,24,24,24,24,24,24
540135,1,1,1989,0,0,0,0,0,0,0,0,0,0
540135,2,1,1989,0,0,0,0,0,0,0,0,0,0
540136,1,1,1989,0,0,0,0,0,0,0,0,0,0
540136,2,1,1989,0,0,0,0,0,0,0,0,0,0
540136,3,1,1989,0,0,0,0,0,0,0,0,0,0
540137,1,1,1989,0,0,0,0,0,0,0,0,0,0
540137,2,1,1989,0,0,0,0,0,0,0,0,0,0
540138,1,1,1989,0,0,0,0,0,0,0,0,0,0
540138,2,1,1989,0,0,0,0,0,0,0,0,0,0
540139,1,1,1989,0,0,0,0,0,0,0,0,0,0
540139,2,1,1989,0,0,0,0,0,0,0,0,0,0
540139,3,1,1989,0,0,0,0,20,0,0,0,0,0
540140,1,1,1989,11,11,11,11,11,11,11,11,11,11
540141,1,1,1989,0,0,0,0,0,0,0,0,0,0
540141,2,1,1989,0,0,0,0,0,0,0,0,0,0
540142,1,1,1989,0,3,0,0,0,0,0,0,0,0
540143,1,1,1989,0,0,0,0,0,0,0,0,0,0
540143,2,1,1989,0,0,0,0,0,0,0,0,0,0
540144,1,1,1989,0,0,0,0,0,0,0,0,0,0
540145,1,1,1989,0,0,0,0,0,0,0,0,0,0
540145,2,1,1989,0,0,0,0,0,0,0,0,0,16
540146,1,1,1989,20,20,20,20,20,20,20,20,20,20
540146,2,1,1989,0,8,0,0,0,0,0,0,11,15
540147,1,1,1989,0,0,0,0,0,0,0,0,0,0
540147,2,1,1989,0,0,0,0,0,0,0,0,0,0
540148,1,1,1989,0,0,0,0,0,0,0,17,0,0
540148,2,1,1989,0,0,0,0,0,0,0,0,0,0
540149,1,1,1989,21,21,21,21,21,21,21,21,21,21
540150,1,1,1989,0,0,0,0,0,0,0,0,0,0
540150,2,1,1989,0,0,0,0,0,0,0,0,0,0
540150,3,1,1989,0,0,0,0,0,0,0,0,0,0
540151,1,1,1989,0,0,0,0,0,0,0,0,0,0
540151,2,1,1989,0,0,0,0,0,0,0,0,0,0
540152,1,1,1989,14,14,14,14,14,14,14,14,14,14
540153,1,1,1989,0,0,0,0,0,0,0,0,0,0
540154,1,1,1989,8,8,8,8,8,8,8,8,8,8
540154,2,1,1989,0,0,0,0,0,0,0,0,0,0
540155,1,1,1989,0,0,0,0,0,0,0,0,0,0
540156,1,1,1989,21,21,21,21,21,21,21,21,21,21
540157,1,1,1989,2,2,2,2,2,2,2,2,2,2
540157,2,1,1989,0,11,0,0,0,0,0,0,0,0
540158,1,1,1989,0,0,0,0,0,0,0,0,0,0
540158,2,1,1989,0,0,0,0,0,0,0,0,0,0
540159,1,1,1989,20,20,20,20,20,20,20,20,20,20
540160,1,1,1989,16,16,16,16,16,16,16,16,16,16
540161,1,1,1989,20,20,20,20,20,20,20,20,20,20
540162,1,1,1989,0,0,0,0,0,0,0,0,0,0
540162,2,1,1989,0,0,27,17,0,0,0,0,0,0
540163,1,1,1989,25,25,25,25,25,25,25,25,25,25
540164,1,1,1989,26,26,26,26,26,26,26,26,26,26
540165,1,1,1989,0,0,0,0,0,0,0,0,0,0
540166,1,1,1989,17,17,17,17,17,17,17,17,17,17
540167,1,1,1989,0,0,0,0,0,0,0,0,0,13
540167,2,1,1989,0,0,15,0,0,0,0,0,0,0
540168,1,1,1989,14,14,14,14,14,14,14,14,14,14
540169,1,1,1989,16,16,16,16,16,16,16,16,16,16
540170,1,1,1989,3,3,3,3,3,3,3,3,3,3
540171,1,1,1989,7,0,0,0,0,0,0,0,0,0
540171,2,1,1989,0,0,0,0,0,0,0,0,0,0
540172,2,1,1989,17,17,17,17,17,17,17,17,17,17
540173,0,1,1989,0,0,0,0,0,0,0,0,0,0
540173,1,1,1989,0,0,0,0,0,0,24,0,0,0
540174,1,1,1989,16,16,16,16,16,16,16,16,16,16
540175,1,1,1989,0,0,0,0,0,0,16,0,0,0
540176,1,1,1989,0,0,0,0,0,0,0,0,0,0
540176,2,1,1989,0,0,0,0,0,0,0,0,0,0
540177,1,1,1989,0,0,0,0,0,0,0,0,0,0
540177,2,1,1989,0,0,0,0,0,0,0,0,0,0
540178,1,1,1989,0,0,11,0,0,0,0,0,0,0
540178,2,1,1989,26,17,25,31,23,20,0,0,23,0
540179,1,1,1989,0,0,0,0,0,0,0,0,0,0
540179,2,1,1989,0,0,0,0,0,0,0,0,0,0
540180,1,1,1989,0,0,0,0,0,0,0,0,0,0
540180,2,1,1989,0,0,0,0,0,0,0,0,0,0
540182,1,1,1989,0,0,0,0,0,0,17,0,0,0
540183,1,1,1989,13,19,25,7,8,24,20,10,12,25
540184,1,1,1989,13,13,13,13,13,13,13,13,13,13
540185,0,1,1989,0,0,0,0,0,0,0,0,0,0
540185,1,1,1989,0,0,0,0,0,0,0,0,0,0
540186,1,1,1989,25,25,25,25,25,25,25,25,25,25
540187,1,1,1989,10,10,10,10,10,10,10,10,10,10
540188,1,1,1989,22,22,22,22,22,22,22,22,22,22
540188,2,1,1989,14,14,14,14,14,14,14,14,14,14
540189,1,1,1989,0,0,0,0,0,0,0,0,0,0
540190,1,1,1989,0,0,0,0,0,0,0,0,0,0
540191,1,1,1989,0,0,0,0,0,0,0,0,0,0
540191,2,1,1989,0,0,0,0,0,0,0,0,0,0
540192,1,1,1989,0,0,0,0,0,0,0,0,0,0
540193,1,1,1989,24,14,0,0,13,14,10,14,13,14
540194,1,1,1989,0,0,0,0,0,0,0,0,0,0
540195,1,1,1989,9,0,10,6,0,9,27,20,0,0
540196,1,1,1989,0,0,0,0,0,0,0,0,0,0
540196,2,1,1989,0,0,0,0,9,0,0,0,0,0
540197,1,1,1989,10,10,10,10,10,10,10,10,10,10
540197,2,1,1989,0,0,0,0,0,0,0,0,0,0
540198,1,1,1989,0,0,0,0,0,0,26,0,0,0
540198,2,1,1989,22,22,22,22,22,22,22,22,22,22
540199,1,1,1989,0,0,0,0,0,0,0,12,0,0
540199,2,1,1989,20,20,20,20,20,20,20,20,20,20
540200,1,1,1989,4,4,4,4,4,4,4,4,4,4
540201,1,1,1989,0,0,0,0,0,0,0,0,0,0
540202,1,1,1989,0,0,0,0,0,0,0,0,0,0
540202,2,1,1989,0,0,0,0,0,0,0,0,0,0
540203,1,1,1989,20,20,20,20,20,20,20,20,20,20
540204,1,1,1989,0,0,0,0,0,0,0,0,0,0
540204,2,1,1989,6,6,6,6,6,6,6,6,6,6
540205,1,1,1989,0,0,0,0,0,0,0,0,0,0
540205,2,1,1989,0,0,0,0,0,0,8,0,0,0
540205,3,1,1989,0,0,0,0,0,0,0,0,0,0
540206,1,1,1989,21,21,21,21,21,21,21,21,21,21
540207,1,1,1989,0,0,0,17,0,0,0,0,0,0
540207,2,1,1989,0,0,0,0,0,0,0,0,5,0
540208,0,1,1989,0,0,0,0,0,20,0,0,0,26
540208,1,1,1989,0,0,0,0,0,0,0,0,0,0
540209,1,1,1989,19,19,19,19,19,19,19,19,19,19
540210,1,1,1989,23,23,23,23,23,23,23,23,23,23
540211,1,1,1989,0,0,0,0,0,0,0,0,0,0
540212,1,1,1989,13,13,13,13,13,13,13,13,13,13
540213,1,1,1989,0,0,0,0,0,0,0,0,0,0
540213,2,1,1989,0,0,0,0,0,0,0,0,0,0
540214,1,1,1989,7,7,7,7,7,7,7,7,7,7
540215,1,1,1989,17,17,17,17,17,17,17,17,17,17
540216,1,1,1989,11,11,11,11,11,11,11,11,11,11
540216,2,1,1989,0,0,0,0,0,0,0,0,0,0
540216,3,1,1989,0,0,0,0,0,0,0,0,0,0
540216,4,1,1989,0,0,0,0,0,0,0,0,0,0
540217,1,1,1989,17,17,17,17,17,17,17,17,17,17
540218,1,1,1989,30,30,30,30,30,30,30,30,30,30
540219,1,1,1989,6,6,6,6,6,6,6,6,6,6
540220,1,1,1989,0,0,0,0,0,0,0,0,0,0
540220,2,1,1989,0,0,0,0,0,0,0,0,0,0
540221,1,1,1989,4,4,4,4,4,4,4,4,4,4
540222,1,1,1989,31,12,13,10,0,0,0,0,0,0
540223,1,1,1989,14,11,7,13,20,24,19,5,17,10
540224,1,1,1989,26,26,26,26,26,26,26,26,26,26
540225,1,1,1989,0,0,0,0,0,0,0,12,0,0
540225,2,1,1989,0,0,0,0,0,0,0,0,0,0
540226,1,1,1989,0,0,0,0,0,0,0,0,0,0
540227,0,1,1989,0,0,0,0,0,0,0,0,0,0
540228,1,1,1989,13,0,0,22,0,0,0,0,0,0
540228,2,1,1989,22,22,22,22,22,22,22,22,22,22
540229,1,1,1989,0,0,0,0,0,0,0,0,0,0
540229,2,1,1989,0,0,0,0,0,0,0,0,0,0
540230,1,1,1989,11,11,11,11,11,11,11,11,11,11
540231,1,1,1989,13,13,13,13,13,13,13,13,13,13
540232,1,1,1989,0,0,0,0,0,0,0,0,0,0
540232,2,1,1989,0,0,0,0,0,0,0,0,0,0
540233,1,1,1989,17,17,17,17,17,17,17,17,17,17
540234,1,1,1989,0,0,0,0,0,0,0,0,0,0
540234,2,1,1989,0,0,0,0,0,0,0,0,0,0
540235,1,1,1989,26,26,26,26,26,26,26,26,26,26
540236,1,1,1989,0,0,0,0,0,0,0,0,0,0
540236,2,1,1989,0,0,0,0,0,0,0,0,0,0
540237,1,1,1989,0,0,0,0,0,0,0,0,0,0
540238,0,1,1989,18,18,7,12,0,3,20,18,6,28
540238,1,1,1989,0,0,0,0,0,0,0,0,0,0
540240,0,1,1989,15,15,15,15,15,15,15,15,15,15
540240,1,1,1989,0,0,0,0,0,9,0,0,0,0
540241,1,1,1989,25,25,25,25,25,25,25,25,25,25
540242,1,1,1989,31,31,31,31,31,31,31,31,31,31
540243,1,1,1989,13,13,13,13,13,13,13,13,13,13
540244,1,1,1989,0,0,0,0,0,0,0,0,0,0
540245,1,1,1989,11,11,11,11,11,11,11,11,11,11
540246,1,1,1989,14,14,14,14,14,14,14,14,14,14
540246,2,1,1989,0,0,0,0,0,0,0,0,0,0
540247,1,1,1989,21,21,21,21,21,21,21,21,21,21
540248,0,1,1989,0,0,0,0,0,0,0,0,0,0
540248,0,2,1989,0,0,0,0,6,0,0,0,0,0
540248,0,3,1989,0,0,0,0,0,0,0,0,0,0
540248,1,1,1989,3,3,3,3,3,3,3,3,3,3
540249,1,1,1989,0,0,0,0,0,0,0,0,0,0
540250,1,1,1989,0,0,0,0,0,0,0,0,0,0
540250,2,1,1989,0,0,0,18,0,0,0,0,0,0
540251,1,1,1989,19,0,0,0,0,0,0,23,29,0
540251,2,1,1989,0,0,0,0,0,0,0,0,0,0
540251,3,1,1989,0,0,5,0,0,20,0,0,0,23
540252,1,1,1989,0,0,0,0,0,0,0,0,0,0
540253,1,1,1989,6,6,6,6,6,6,6,6,6,6
540254,1,1,1989,20,20,20,20,20,20,20,20,20,20
540255,1,1,1989,0,0,0,0,0,0,0,0,0,0
540255,2,1,1989,0,0,0,0,0,0,0,0,0,0
540255,3,1,1989,0,0,0,0,0,0,0,0,0,0
540255,4,1,1989,0,0,0,0,0,0,8,0,0,0
540256,1,1,1989,18,18,18,18,18,18,18,18,18,18
540257,1,1,1989,13,13,13,13,13,13,13,13,13,13
540257,2,1,1989,0,0,0,0,0,0,0,0,0,0
540258,1,1,1989,10,10,10,10,10,10,10,10,10,10
540258,2,1,1989,0,0,0,0,0,0,0,0,0,0
540259,1,1,1989,19,19,19,19,19,19,19,19,19,19
540260,1,1,1989,27,27,27,27,27,27,27,27,27,27
540261,1,1,1989,3,3,3,3,3,3,3,3,3,3
540262,1,1,1989,14,14,14,14,14,14,14,14,14,14
540263,1,1,1989,0,9,0,0,0,0,0,0,39,0
540264,1,1,1989,0,0,0,0,0,0,0,0,0,0
540264,2,1,1989,0,0,0,0,0,0,0,0,0,0
540266,1,1,1989,23,23,23,23,23,23,23,23,23,23
540266,2,1,1989,0,0,0,0,0,0,0,0,0,0
540267,1,1,1989,9,9,9,9,9,9,9,9,9,9
540268,1,1,1989,0,0,0,0,0,0,0,0,0,0
540268,2,1,1989,0,0,0,0,0,0,0,0,0,0
540269,1,1,1989,0,0,0,0,0,0,0,0,0,0
540270,1,1,1989,0,0,0,0,0,0,0,0,0,0
540270,2,1,1989,0,0,0,0,0,0,0,0,0,0
540270,3,1,1989,0,3,15,4,0,0,13,5,0,0
540270,4,1,1989,0,0,0,0,0,0,0,0,10,8
540271,1,1,1989,0,0,0,0,0,0,0,0,0,0
540271,2,1,1989,0,0,0,0,0,0,0,0,0,0
540272,1,1,1989,20,20,20,20,20,20,20,20,20,20
540274,1,1,1989,0,0,0,0,0,0,0,0,0,0
540275,1,1,1989,18,18,18,18,18,18,18,18,18,18
540276,1,1,1989,6,6,6,6,6,6,6,6,6,6
540277,1,1,1989,0,0,0,0,0,0,0,0,0,0
540278,1,1,1989,0,0,0,0,0,0,0,0,0,0
540279,1,1,1989,19,19,19,19,19,19,19,19,19,19
540280,1,1,1989,0,0,0,0,0,0,0,0,0,0
540281,1,1,1989,0,0,0,0,0,0,0,0,0,0
540281,2,1,1989,0,0,0,0,0,0,0,0,0,0
540282,1,1,1989,8,8,8,8,8,8,8,8,8,8
540283,1,1,1989,0,37,0,0,0,0,0,0,0,0
540283,2,1,1989,22,22,22,22,22,22,22,22,22,22
540284,0,1,1989,0,0,0,0,0,0,0,0,0,0
540284,1,1,1989,0,0,0,0,0,0,0,0,0,0
540285,1,1,1989,0,0,0,0,0,0,0,0,0,0
540285,2,1,1989,0,0,0,0,0,0,20,0,0,0
540285,3,1,1989,0,0,0,0,0,0,0,17,0,0
540287,1,1,1989,0,0,0,0,0,0,0,0,0,0
540287,2,1,1989,20,20,20,20,20,20,20,20,20,20
540288,1,1,1989,27,27,27,27,27,27,27,27,27,27
540289,1,1,1989,0,18,0,0,0,0,0,0,0,0
540290,1,1,1989,0,0,0,0,0,0,0,0,0,0
540290,2,1,1989,0,0,0,0,0,0,0,0,0,0
540291,1,1,1989,0,0,0,0,0,0,0,0,0,0
540292,1,1,1989,24,24,24,24,24,24,24,24,24,24
540293,1,1,1989,0,0,0,0,0,0,0,0,0,0
540294,1,1,1989,0,0,0,0,0,0,0,0,0,0
540294,2,1,1989,7,7,7,7,7,7,7,7,7,7
540295,1,1,1989,0,0,0,0,0,0,0,0,0,0
540295,2,1,1989,22,22,22,22,22,22,22,22,22,22
540296,1,1,1989,0,0,0,0,0,0,0,0,18,0
540296,2,1,1989,0,0,0,0,0,0,0,0,0,0
540297,0,1,1989,6,6,6,6,6,6,6,6,6,6
540297,1,1,1989,0,0,0,0,0,0,0,0,14,0
540298,1,1,1989,0,0,0,0,0,0,0,0,0,0
540299,1,1,1989,37,37,37,37,37,37,37,37,37,37
540300,1,1,1989,38,38,38,38,38,38,38,38,38,38
540301,1,1,1989,0,0,0,0,0,0,0,0,0,0
540302,1,1,1989,0,0,0,0,0,0,0,0,0,0
540302,2,1,1989,0,0,0,0,0,0,0,0,0,0
540303,1,1,1989,0,0,0,0,0,0,0,0,0,0
540303,2,1,1989,0,0,0,0,0,0,0,0,0,0
540304,1,1,1989,18,18,18,18,18,18,18,18,18,18
540305,1,1,1989,0,0,0,0,0,0,0,0,0,0
540305,2,1,1989,0,0,0,0,0,0,0,0,0,0
540306,1,1,1989,0,0,0,23,14,0,0,0,0,0
540307,1,1,1989,37,37,37,37,37,37,37,37,37,37
540308,1,1,1989,6,6,6,6,6,6,6,6,6,6
540310,1,1,1989,0,0,0,0,0,0,0,0,0,0
540311,1,1,1989,0,0,0,0,0,0,0,0,0,0
540312,1,1,1989,19,19,19,19,19,19,19,19,19,19
540313,1,1,1989,10,10,10,10,10,10,10,10,10,10
540314,1,1,1989,8,8,8,8,8,8,8,8,8,8
540315,1,1,1989,0,0,0,0,0,0,0,0,0,0
540316,1,1,1989,0,0,0,0,0,0,0,0,0,0
540317,1,1,1989,0,0,0,0,0,0,0,0,0,0
540318,1,1,1989,0,0,0,0,0,0,0,0,0,0
540318,2,1,1989,0,0,0,0,0,0,0,0,0,0
540319,1,1,1989,21,21,21,21,21,21,21,21,21,21
540319,2,1,1989,0,8,0,11,0,0,26,0,8,0
540320,1,1,1989,0,0,0,0,0,0,0,0,0,0
540320,2,1,1989,0,0,0,0,0,0,0,0,0,0
540321,1,1,1989,0,0,0,0,0,0,0,0,0,0
540321,2,1,1989,0,0,0,0,0,0,0,0,0,0
540322,1,1,1989,17,17,17,17,17,17,17,17,17,17
540323,1,1,1989,0,0,0,0,0,0,0,0,0,0
540323,2,1,1989,0,0,0,0,0,0,0,0,0,0
540324,1,1,1989,0,0,0,0,0,0,0,0,0,0
540324,2,1,1989,18,0,0,0,0,0,0,0,0,0
540324,3,1,1989,0,0,0,0,0,0,0,0,0,0
540325,0,1,1989,21,21,21,21,21,21,21,21,21,21
540325,1,1,1989,10,10,10,10,10,10,10,10,10,10
540325,2,1,1989,0,0,0,0,0,0,0,0,0,0
540325,3,1,1989,0,0,0,0,0,0,0,0,0,0
540327,1,1,1989,32,14,0,21,19,28,14,28,17,24
540328,1,1,1989,1,1,1,1,1,1,1,1,1,1
540328,2,1,1989,0,0,0,0,0,14,0,0,0,0
540329,1,1,1989,0,0,0,0,0,0,0,0,0,0
540329,2,1,1989,0,0,0,0,0,0,0,0,0,0
540330,1,1,1989,21,21,21,21,21,21,21,21,21,21
540330,2,1,1989,24,24,24,24,24,24,24,24,24,24
540331,1,1,1989,0,0,0,0,0,0,0,0,0,0
540331,2,1,1989,0,0,0,0,0,0,0,0,0,0
540332,1,1,1989,0,0,0,0,0,0,0,0,0,0
540332,2,1,1989,0,0,0,0,0,0,0,0,0,0
540333,1,1,1989,0,0,0,0,0,0,0,0,0,0
540333,2,1,1989,0,0,0,0,0,0,0,0,0,0
540333,3,1,1989,0,0,0,0,0,0,0,0,0,0
540334,1,1,1989,20,20,20,20,20,20,20,20,20,20
540335,0,1,1989,0,0,0,0,0,0,0,0,0,0
540335,1,1,1989,0,0,0,0,0,0,0,0,0,0
540336,1,1,1989,5,5,5,5,5,5,5,5,5,5
540336,2,1,1989,0,0,0,0,0,0,0,0,0,0
540337,1,1,1989,0,0,0,0,0,0,0,0,0,0
540337,2,1,1989,0,0,0,0,0,0,0,0,0,0
540338,1,1,1989,0,0,0,0,0,0,0,0,0,0
540338,2,1,1989,0,0,0,0,0,0,0,0,0,0
540339,1,1,1989,16,16,16,16,16,16,16,16,16,16
540340,0,1,1989,0,0,0,0,0,0,0,0,0,0
540340,1,1,1989,0,0,0,0,0,0,0,14,0,0
540341,1,1,1989,3,3,3,3,3,3,3,3,3,3
540342,1,1,1989,20,19,23,21,0,7,4,23,5,6
540343,0,1,1989,27,27,27,27,27,27,27,27,27,27
540343,1,1,1989,0,0,0,0,0,0,0,0,0,0
540344,1,1,1989,0,7,0,0,0,0,0,0,0,0
540344,2,1,1989,15,0,0,0,0,0,0,0,0,0
540344,3,1,1989,0,0,0,0,0,0,0,0,0,0
540345,1,1,1989,4,4,4,4,4,4,4,4,4,4
540345,2,1,1989,0,0,0,0,0,0,0,0,0,0
540346,1,1,1989,7,7,7,7,7,7,7,7,7,7
540346,2,1,1989,0,19,0,0,0,0,0,0,0,0
540347,1,1,1989,0,0,0,0,0,0,0,0,0,0
540347,2,1,1989,29,29,29,29,29,29,29,29,29,29
540348,1,1,1989,16,16,16,16,16,16,16,16,16,16
540348,2,1,1989,0,34,0,20,33,0,0,0,28,0
540349,1,1,1989,0,0,0,0,0,0,0,0,0,0
540349,2,1,1989,0,0,8,0,0,20,0,0,0,0
540350,1,1,1989,0,0,0,0,0,0,0,0,0,0
540350,2,1,1989,0,0,0,0,0,0,0,0,0,0
540351,1,1,1989,0,0,0,0,0,0,0,0,0,0
540351,2,1,1989,0,0,0,0,0,0,0,0,0,0
540352,1,1,1989,0,0,0,0,0,0,0,0,0,0
540353,1,1,1989,22,22,22,22,22,22,22,22,22,22
540354,1,1,1989,30,30,30,30,30,30,30,30,30,30
540354,2,1,1989,0,0,0,0,8,0,0,0,0,0
540355,1,1,1989,13,13,13,13,13,13,13,13,13,13
540356,1,1,1989,17,17,17,17,17,17,17,17,17,17
540357,1,1,1989,0,0,0,0,0,0,0,0,0,0
540357,2,1,1989,19,19,19,19,19,19,19,19,19,19
540359,1,1,1989,8,8,8,8,8,8,8,8,8,8
540359,2,1,1989,9,0,6,0,21,5,0,24,0,0
540360,1,1,1989,0,0,0,0,0,0,0,0,0,0
540361,1,1,1989,22,22,22,22,22,22,22,22,22,22
540362,1,1,1989,0,0,0,0,0,0,0,0,0,0
540362,2,1,1989,0,0,9,0,0,0,0,0,0,0
540363,0,1,1989,0,0,0,0,0,0,0,0,0,0
540363,1,1,1989,0,0,0,0,0,0,0,0,0,0
540364,1,1,1989,0,0,0,0,0,0,0,0,0,0
540364,2,1,1989,0,0,0,0,0,0,0,0,0,0
540365,1,1,1989,0,0,0,0,0,0,0,0,0,0
540366,1,1,1989,3,3,3,3,3,3,3,3,3,3
540367,1,1,1989,18,18,18,18,18,18,18,18,18,18
540368,2,1,1989,0,0,0,10,0,0,0,0,0,0
540369,0,1,1989,20,9,22,11,15,36,7,22,22,42
540369,1,1,1989,13,13,13,13,13,13,13,13,13,13
540370,1,1,1989,0,0,0,0,0,0,0,0,0,0
540372,1,1,1989,0,0,0,0,0,0,0,0,8,0
540373,1,1,1989,22,22,22,22,22,22,22,22,22,22
540374,1,1,1989,23,23,23,23,23,23,23,23,23,23
540375,1,1,1989,0,0,0,0,0,0,0,0,0,0
540375,2,1,1989,9,20,0,0,0,0,0,11,0,0
540376,0,1,1989,17,17,17,17,17,17,17,17,17,17
540376,1,1,1989,0,0,0,0,0,0,0,0,0,0
540377,1,1,1989,27,27,27,27,27,27,27,27,27,27
540377,2,1,1989,0,0,0,0,0,0,0,0,0,0
540378,1,1,1989,10,10,10,10,10,10,10,10,10,10
540379,1,1,1989,7,7,7,7,7,7,7,7,7,7
540380,1,1,1989,0,0,0,0,0,0,0,0,0,0
540381,1,1,1989,11,11,11,11,11,11,11,11,11,11
540381,2,1,1989,0,0,0,0,0,0,0,0,0,0
540382,1,1,1989,0,13,0,17,0,0,6,0,0,5
540383,1,1,1989,24,24,24,24,24,24,24,24,24,24
540383,2,1,1989,0,0,0,0,0,0,0,0,0,0
540384,1,1,1989,0,0,0,0,0,0,0,0,0,0
540384,2,1,1989,9,9,9,9,9,9,9,9,9,9
540384,3,1,1989,0,0,10,0,0,0,0,0,0,0
540385,1,1,1989,0,14,0,0,8,0,0,0,0,0
540386,1,1,1989,0,0,0,0,0,0,0,0,0,0
540386,2,1,1989,0,0,0,0,0,0,0,0,0,0
540387,1,1,1989,0,0,0,0,0,0,0,0,0,0
540388,1,1,1989,0,0,0,0,0,0,0,0,0,0
540389,1,1,1989,11,11,11,11,11,11,11,11,11,11
540390,1,1,1989,0,0,0,11,0,0,0,0,0,0
540390,2,1,1989,0,0,0,0,0,0,0,0,0,0
540390,3,1,1989,0,0,0,0,12,0,0,0,0,0
540391,1,1,1989,23,23,23,23,23,23,23,23,23,23
540392,1,1,1989,0,0,0,0,0,0,0,0,0,0
540393,1,1,1989,0,0,0,0,0,0,0,0,19,0
540393,2,1,1989,0,0,0,0,0,0,10,0,0,0
540394,0,1,1989,0,0,21,0,21,0,19,15,0,0
540394,1,1,1989,0,0,0,0,0,0,0,0,0,0
540395,1,1,1989,0,0,0,0,0,0,0,0,0,0
540395,2,1,1989,0,0,0,0,0,0,0,0,0,0
540396,1,1,1989,0,0,0,0,0,0,0,0,0,0
540397,1,1,1989,23,23,23,23,23,23,23,23,23,23
540398,1,1,1989,18,10,0,23,0,0,0,0,0,0
540399,1,1,1989,0,0,0,0,0,0,0,0,0,0
540400,1,1,1989,0,0,0,0,0,14,0,0,0,0
540401,1,1,1989,0,0,0,0,0,4,0,0,0,0
540401,2,1,1989,0,0,0,0,0,0,0,0,0,0
540402,1,1,1989,0,0,0,0,0,0,0,8,0,0
540403,1,1,1989,0,0,0,0,0,0,0,0,0,0
540403,2,1,1989,0,0,0,0,0,0,0,0,0,0
540404,1,1,1989,0,0,0,0,19,11,0,0,0,0