ST_CASE,VEH_NO,PER_NO,YEAR,P1,P2,P3,P4,P5,P6,P7,P8,P9,P10
60001,1,1,1989,0,0,0,0,0,0,0,0,0,0
60002,1,1,1989,16,16,16,16,16,16,16,16,16,16
60003,0,1,1989,0,0,0,0,0,0,0,0,0,0
60003,0,2,1989,0,0,0,0,0,0,0,0,0,0
60003,1,1,1989,0,0,7,10,0,0,0,7,19,0
60004,1,1,1989,12,12,12,12,12,12,12,12,12,12
60005,0,1,1989,0,0,0,0,0,0,0,0,0,0
60005,1,1,1989,0,0,0,0,0,0,0,0,0,8
60006,1,1,1989,0,0,0,0,0,0,0,0,0,0
60006,2,1,1989,4,4,4,4,4,4,4,4,4,4
60007,1,1,1989,0,0,0,0,0,0,0,0,0,0
60007,2,1,1989,0,0,0,0,10,0,0,0,0,0
60008,1,1,1989,18,18,18,18,18,18,18,18,18,18
60008,2,1,1989,0,0,0,0,0,0,0,0,0,0
60009,0,1,1989,0,0,0,0,0,0,0,0,0,0
60009,1,1,1989,0,0,0,0,0,0,0,0,0,0
60010,0,1,1989,26,26,26,26,26,26,26,26,26,26
60010,1,1,1989,0,0,0,14,0,0,0,0,9,0
60011,1,1,1989,7,7,7,7,7,7,7,7,7,7
60012,1,1,1989,0,0,0,0,0,0,0,8,0,21
60012,2,1,1989,5,5,5,5,5,5,5,5,5,5
60013,1,1,1989,0,0,0,0,0,0,0,0,0,0
60013,2,1,1989,0,0,0,0,0,0,0,0,0,0
60014,1,1,1989,19,19,19,19,19,19,19,19,19,19
60015,1,1,1989,0,0,0,0,0,0,0,0,0,0
60016,1,1,1989,12,12,12,12,12,12,12,12,12,12
60016,2,1,1989,19,19,19,19,19,19,19,19,19,19
60017,0,1,1989,0,0,0,0,0,0,0,0,0,0
60017,1,1,1989,0,0,0,0,0,0,0,0,0,0
60018,1,1,1989,25,25,25,25,25,25,25,25,25,25
60018,2,1,1989,0,0,0,0,0,0,0,0,0,0
60019,1,1,1989,16,16,16,16,16,16,16,16,16,16
60019,2,1,1989,0,0,0,0,0,0,0,0,0,0
60020,1,1,1989,0,0,0,0,0,0,0,0,0,0
60020,2,1,1989,0,6,0,0,0,0,0,0,0,0
60021,0,1,1989,0,0,0,0,0,0,0,0,0,0
60021,1,1,1989,0,0,0,0,0,0,0,0,0,0
60022,1,1,1989,21,21,21,21,21,21,21,21,21,21
60023,1,1,1989,0,0,0,0,0,0,0,0,0,0
60023,2,1,1989,0,0,0,0,0,0,0,0,0,0
60024,0,1,1989,0,0,0,0,0,0,0,0,0,0
60024,1,1,1989,0,0,0,0,0,0,0,0,0,0
60025,1,1,1989,0,0,0,0,0,0,0,0,0,0
60025,2,1,1989,0,0,0,0,0,14,0,0,0,0
60025,3,1,1989,0,0,0,0,0,0,0,0,0,0
60026,1,1,1989,0,0,0,0,0,0,0,0,0,0
60026,2,1,1989,0,0,0,0,0,0,0,0,0,0
60027,1,1,1989,16,16,16,16,16,16,16,16,16,16
60028,1,1,1989,0,0,0,0,0,0,0,0,0,0
60028,2,1,1989,0,0,0,0,0,0,0,0,0,0
60029,1,1,1989,0,0,0,0,0,0,0,0,0,0
60029,2,1,1989,0,0,0,0,0,0,0,0,0,0
60030,1,1,1989,16,16,16,16,16,16,16,16,16,16
60030,2,1,1989,4,4,4,4,4,4,4,4,4,4
60031,0,1,1989,0,0,0,0,0,0,0,0,0,0
60031,1,1,1989,13,13,13,13,13,13,13,13,13,13
60032,1,1,1989,20,20,20,20,20,20,20,20,20,20
60032,2,1,1989,0,5,0,17,0,0,0,0,0,23
60033,1,1,1989,19,19,19,19,19,19,19,19,19,19
60034,1,1,1989,18,18,18,18,18,18,18,18,18,18
60034,2,1,1989,0,0,0,0,0,0,13,0,0,0
60035,0,1,1989,0,0,0,0,0,0,0,0,0,0
60035,1,1,1989,0,0,0,0,0,0,0,0,0,0
60036,1,1,1989,19,19,19,19,19,19,19,19,19,19
60037,0,1,1989,28,28,28,28,28,28,28,28,28,28
60037,1,1,1989,29,29,29,29,29,29,29,29,29,29
60038,0,1,1989,0,0,0,0,0,0,0,0,0,0
60038,1,1,1989,0,0,0,0,0,0,0,0,0,0
60039,1,1,1989,0,0,0,0,0,0,0,0,0,0
60039,2,1,1989,0,0,0,0,0,0,0,17,0,0
60040,1,1,1989,0,0,0,0,0,0,0,0,0,0
60040,2,1,1989,43,43,43,43,43,43,43,43,43,43
60041,1,1,1989,4,4,4,4,4,4,4,4,4,4
60042,0,1,1989,6,6,6,6,6,6,6,6,6,6
60042,1,1,1989,0,0,0,0,0,0,0,0,0,0
60043,0,1,1989,20,20,20,20,20,20,20,20,20,20
60043,1,1,1989,8,8,8,8,8,8,8,8,8,8
60044,0,1,1989,19,19,19,19,19,19,19,19,19,19
60044,1,1,1989,19,17,0,0,0,0,0,9,0,0
60045,1,1,1989,0,0,0,0,0,0,0,0,0,0
60046,0,1,1989,0,0,0,0,0,0,0,0,0,0
60046,1,1,1989,0,0,0,0,0,0,0,0,0,0
60047,1,1,1989,0,5,0,0,0,0,0,0,0,0
60048,1,1,1989,0,0,0,0,0,0,0,0,0,0
60048,2,1,1989,0,0,0,0,0,0,0,0,0,0
60049,0,1,1989,0,0,0,0,0,0,0,0,0,0
60049,1,1,1989,0,0,0,0,0,0,0,0,0,0
60050,1,1,1989,0,0,0,0,0,11,0,0,0,0
60051,0,1,1989,0,0,0,0,0,0,0,0,0,0
60051,1,1,1989,0,0,0,0,0,0,0,0,0,0
60051,2,1,1989,0,0,0,0,0,0,0,0,0,0
60051,3,1,1989,0,0,0,0,0,0,0,0,0,0
60052,1,1,1989,0,0,0,0,0,0,0,0,0,0
60053,1,1,1989,0,0,0,0,0,0,0,0,0,0
60053,2,1,1989,0,0,0,0,0,0,0,0,0,0
60054,1,1,1989,0,0,0,0,0,0,0,0,0,0
60054,2,1,1989,0,0,0,0,0,0,0,0,0,0
60055,1,1,1989,0,0,0,0,0,0,0,0,9,0
60055,2,1,1989,0,0,0,0,0,0,0,0,0,0
60055,3,1,1989,0,0,0,0,0,0,0,0,0,0
60056,1,1,1989,12,12,12,12,12,12,12,12,12,12
60056,2,1,1989,0,0,0,0,0,0,0,0,0,0
60057,1,1,1989,0,0,0,0,0,0,0,0,0,0
60057,2,1,1989,0,0,0,0,0,0,0,0,0,0
60058,0,1,1989,0,0,0,0,0,0,0,0,0,0
60058,1,1,1989,0,0,0,0,0,0,0,0,0,0
60059,1,1,1989,0,0,0,0,0,0,0,0,0,0
60059,2,1,1989,0,0,0,0,0,0,0,0,0,0
60060,1,1,1989,0,0,0,0,0,0,0,0,0,0
60061,0,1,1989,0,0,0,0,0,0,0,0,0,0
60061,1,1,1989,0,0,0,0,0,0,0,0,0,0
60062,0,1,1989,0,0,0,0,0,0,0,0,0,0
60062,1,1,1989,0,0,0,0,0,0,0,0,0,0
60063,0,1,1989,0,0,0,0,0,0,0,0,0,0
60063,1,1,1989,0,0,0,0,0,0,0,0,0,0
60064,1,1,1989,0,0,0,0,0,0,0,0,0,0
60064,2,1,1989,0,0,0,0,0,0,0,0,0,0
60065,0,1,1989,14,14,14,14,14,14,14,14,14,14
60065,1,1,1989,3,0,8,0,0,8,0,19,0,12
60066,1,1,1989,0,0,0,0,0,0,0,0,0,0
60066,2,1,1989,0,0,0,0,0,0,0,0,0,0
60066,3,1,1989,0,0,0,0,0,0,0,0,0,0
60067,1,1,1989,0,12,9,0,0,13,0,0,0,0
60067,2,1,1989,0,0,0,0,0,0,0,0,0,0
60068,1,1,1989,0,0,0,0,0,0,0,0,0,0
60068,2,1,1989,0,0,0,0,0,0,0,0,0,0
60069,0,1,1989,31,31,31,31,31,31,31,31,31,31
60069,1,1,1989,0,0,0,0,0,0,0,0,0,0
60070,0,1,1989,25,25,25,25,25,25,25,25,25,25
60070,1,1,1989,6,0,4,0,0,0,0,0,0,0
60071,1,1,1989,0,0,0,0,0,0,0,0,0,0
60072,1,1,1989,0,8,0,0,0,0,0,0,0,0
60072,2,1,1989,0,0,0,0,0,0,0,0,0,0
60073,1,1,1989,26,26,26,26,26,26,26,26,26,26
60073,2,1,1989,0,0,0,0,0,0,0,0,0,0
60074,1,1,1989,19,19,16,35,15,32,16,29,32,6
60075,0,1,1989,27,27,27,27,27,27,27,27,27,27
60075,1,1,1989,0,0,0,0,9,0,0,0,0,0
60076,1,1,1989,0,0,0,0,0,0,0,0,0,0
60076,2,1,1989,0,0,0,0,0,0,0,0,0,0
60076,3,1,1989,0,0,0,0,0,0,0,0,0,0
60077,1,1,1989,0,0,0,0,0,0,0,0,0,0
60077,2,1,1989,0,0,0,0,0,0,0,0,0,0
60078,0,1,1989,0,0,0,0,0,0,0,0,0,0
60078,1,1,1989,0,27,0,8,0,0,11,23,0,0
60079,1,1,1989,0,0,0,0,0,0,0,0,0,0
60079,2,1,1989,0,0,0,0,0,0,0,0,0,0
60080,1,1,1989,0,0,0,0,0,0,0,0,0,0
60080,2,1,1989,0,0,0,0,0,0,0,0,0,0
60080,3,1,1989,0,0,0,0,0,0,0,14,0,0
60080,4,1,1989,0,0,0,0,14,0,0,0,0,0
60080,5,1,1989,0,0,0,0,0,0,0,23,24,0
60081,1,1,1989,22,22,22,22,22,22,22,22,22,22
60081,2,1,1989,0,0,0,10,0,0,0,0,0,0
60082,0,1,1989,0,0,0,0,0,0,0,0,0,0
60082,1,1,1989,0,0,0,0,0,0,0,0,0,0
60083,1,1,1989,0,0,0,0,0,0,0,0,0,0
60084,1,1,1989,0,0,0,0,0,0,0,0,0,0
60084,2,1,1989,0,0,0,0,0,0,0,0,0,0
60084,3,1,1989,0,0,0,0,0,0,0,0,0,0
60085,0,1,1989,0,0,0,0,0,0,0,0,0,0
60085,1,1,1989,0,34,0,0,23,0,0,18,18,0
60086,1,1,1989,23,0,0,0,0,0,0,0,0,0
60086,2,1,1989,9,9,9,9,9,9,9,9,9,9
60087,1,1,1989,0,0,0,0,0,0,0,0,0,0
60087,2,1,1989,0,0,0,0,0,0,0,0,0,0
60087,3,1,1989,0,0,0,0,0,0,0,0,0,0
60088,1,1,1989,0,0,0,0,0,0,0,0,0,0
60088,2,1,1989,0,0,0,0,0,0,0,0,0,14
60089,0,1,1989,0,0,0,0,0,0,0,0,0,0
60089,1,1,1989,0,0,0,0,0,0,0,0,0,0
60090,1,1,1989,0,0,25,0,0,0,0,0,0,0
60090,2,1,1989,0,0,0,0,0,0,0,0,0,0
60091,0,1,1989,0,0,0,0,0,0,0,0,0,0
60091,1,1,1989,0,0,0,0,0,0,0,14,0,0
60092,1,1,1989,20,11,29,15,6,8,10,0,22,0
60093,1,1,1989,0,0,0,0,0,0,0,0,0,0
60094,0,1,1989,7,7,7,7,7,7,7,7,7,7
60094,1,1,1989,19,0,17,0,21,0,18,0,4,0
60095,1,1,1989,0,0,0,0,0,0,0,0,0,0
60095,2,1,1989,0,0,0,0,0,0,0,0,0,0
60096,1,1,1989,14,14,14,14,14,14,14,14,14,14
60096,2,1,1989,0,0,0,0,0,0,0,0,0,0
60097,1,1,1989,0,0,0,0,0,0,0,0,0,0
60097,2,1,1989,0,0,0,0,0,0,0,0,0,0
60098,1,1,1989,0,0,0,0,0,0,0,0,0,0
60098,2,1,1989,0,0,0,0,0,0,0,0,0,0
60099,1,1,1989,16,7,0,3,8,0,0,0,0,0
60099,2,1,1989,0,0,0,0,0,0,0,0,0,0
60100,0,1,1989,0,0,0,0,0,0,0,0,0,0
60100,1,1,1989,0,0,0,0,0,0,0,0,0,0
60101,1,1,1989,0,0,0,0,0,0,0,0,0,0
60102,1,1,1989,10,10,10,10,10,10,10,10,10,10
60103,0,1,1989,0,0,0,0,0,0,0,0,0,0
60103,1,1,1989,21,21,21,21,21,21,21,21,21,21
60104,1,1,1989,0,0,0,0,0,0,0,0,0,0
60104,2,1,1989,25,0,24,13,11,0,0,9,0,28
60105,0,1,1989,0,0,0,0,0,0,9,0,0,0
60105,1,1,1989,0,0,0,0,0,0,0,0,0,0
60106,0,1,1989,0,0,0,0,0,0,0,0,0,0
60106,1,1,1989,0,0,0,0,0,0,0,0,0,0
60107,0,1,1989,0,0,0,0,0,0,0,0,0,0
60107,1,1,1989,0,0,0,0,0,0,0,0,0,0
60108,1,1,1989,0,0,0,0,0,0,0,0,0,0
60108,2,1,1989,0,0,0,0,0,0,0,0,0,0
60109,1,1,1989,0,0,0,0,0,0,0,0,0,0
60109,2,1,1989,0,0,0,0,0,0,0,0,0,0
60109,3,1,1989,0,0,0,0,0,0,0,0,0,0
60110,1,1,1989,20,20,20,20,20,20,20,20,20,20
60110,2,1,1989,0,0,0,0,0,0,0,0,0,0
60111,0,1,1989,0,0,0,0,0,0,0,0,0,0
60111,1,1,1989,0,0,0,0,0,0,0,0,0,0
60112,1,1,1989,8,8,8,8,8,8,8,8,8,8
60112,2,1,1989,0,0,0,0,0,0,0,0,0,0
60113,1,1,1989,16,16,16,16,16,16,16,16,16,16
60114,0,1,1989,6,6,6,6,6,6,6,6,6,6
60114,1,1,1989,13,13,13,13,13,13,13,13,13,13
60115,1,1,1989,21,21,21,21,21,21,21,21,21,21
60116,1,1,1989,17,17,17,17,17,17,17,17,17,17
60117,1,1,1989,0,0,0,0,0,0,0,0,0,0
60117,2,1,1989,0,0,0,0,0,0,0,0,0,0
60118,1,1,1989,6,6,6,6,6,6,6,6,6,6
60118,2,1,1989,0,0,0,0,0,0,0,0,0,0
60119,1,1,1989,14,14,14,14,14,14,14,14,14,14
60119,2,1,1989,0,0,0,0,0,0,0,0,0,0
60120,0,1,1989,37,17,18,28,16,19,23,35,21,15
60120,1,1,1989,0,0,0,0,0,0,0,0,0,0
60121,1,1,1989,18,18,18,18,18,18,18,18,18,18
60122,1,1,1989,0,0,0,0,0,0,0,0,0,0
60123,1,1,1989,0,0,0,0,0,0,9,0,0,0
60123,2,1,1989,0,0,0,0,0,0,0,0,0,0
60124,0,1,1989,0,0,0,0,0,0,0,0,0,0
60124,1,1,1989,0,0,0,0,0,0,16,0,0,0
60125,1,1,1989,38,38,38,38,38,38,38,38,38,38
60125,2,1,1989,0,0,0,0,0,0,0,0,0,0
60125,3,1,1989,0,0,0,31,0,0,0,0,0,0
60126,1,1,1989,19,19,19,19,19,19,19,19,19,19
60127,1,1,1989,30,30,30,30,30,30,30,30,30,30
60127,2,1,1989,0,0,0,0,0,0,0,0,0,0
60127,3,1,1989,0,0,0,0,0,11,0,0,0,0
60128,1,1,1989,0,0,0,0,0,0,0,0,0,0
60128,2,1,1989,0,0,0,0,0,0,0,0,0,0
60129,1,1,1989,0,0,0,0,0,0,0,0,0,0
60129,2,1,1989,0,0,0,0,0,0,0,0,0,0
60130,1,1,1989,22,22,22,22,22,22,22,22,22,22
60130,2,1,1989,8,8,8,8,8,8,8,8,8,8
60130,3,1,1989,0,0,0,0,0,0,0,0,0,0
60130,4,1,1989,0,7,0,0,0,0,0,0,0,0
60131,1,1,1989,19,19,19,19,19,19,19,19,19,19
60131,2,1,1989,0,0,0,0,0,0,0,0,0,0
60132,1,1,1989,19,19,19,19,19,19,19,19,19,19
60133,0,1,1989,11,11,11,11,11,11,11,11,11,11
60133,1,1,1989,0,0,0,0,0,0,0,0,45,0
60134,1,1,1989,0,0,0,0,0,0,0,0,0,0
60134,2,1,1989,0,0,0,0,0,0,0,0,0,0
60135,0,1,1989,0,0,0,0,0,0,0,0,0,0
60135,1,1,1989,0,0,0,0,0,0,13,0,0,0
60136,0,1,1989,0,0,0,0,0,0,0,0,0,0
60136,0,2,1989,0,0,0,0,0,0,0,0,0,0
60136,1,1,1989,0,0,0,0,0,0,0,0,0,0
60137,0,1,1989,29,29,29,29,29,29,29,29,29,29
60137,1,1,1989,0,0,0,0,0,0,16,0,0,0
60137,2,1,1989,0,0,0,14,15,5,0,0,0,9
60138,1,1,1989,0,0,0,0,0,0,0,0,0,0
60138,2,1,1989,0,0,0,0,0,0,0,0,0,0
60139,1,1,1989,24,24,24,24,24,24,24,24,24,24
60139,2,1,1989,0,0,0,0,0,0,0,0,0,0
60139,3,1,1989,0,0,0,0,0,0,0,18,0,0
60140,0,1,1989,0,0,0,0,0,0,0,0,0,0
60140,1,1,1989,0,0,0,0,0,0,0,11,13,0
60141,1,1,1989,0,0,0,0,0,0,0,0,0,0
60142,1,1,1989,0,0,0,0,0,0,0,0,0,0
60143,1,1,1989,11,11,11,11,11,11,11,11,11,11
60143,2,1,1989,0,0,0,0,0,0,0,0,0,0
60144,0,1,1989,0,0,0,0,0,0,0,0,0,0
60144,1,1,1989,0,0,0,0,0,0,0,0,0,0
60145,1,1,1989,0,0,0,0,0,0,0,0,0,0
60145,2,1,1989,0,0,0,0,0,0,0,0,0,0
60146,1,1,1989,0,0,0,0,0,0,0,0,0,0
60146,2,1,1989,0,0,0,0,0,0,0,0,0,0
60147,0,1,1989,0,0,0,0,0,0,0,0,0,0
60147,1,1,1989,0,0,0,0,0,0,0,0,0,0
60148,1,1,1989,0,0,0,0,0,0,0,0,0,0
60148,2,1,1989,0,0,0,0,0,0,0,0,0,0
60149,1,1,1989,25,25,25,25,25,25,25,25,25,25
60150,1,1,1989,13,13,13,13,13,13,13,13,13,13
60150,2,1,1989,0,0,0,0,0,0,0,0,0,0
60150,3,1,1989,0,0,0,0,0,0,0,0,0,0
60151,1,1,1989,0,0,0,0,0,0,0,0,0,0
60151,2,1,1989,0,0,0,0,0,0,0,0,0,0
60151,3,1,1989,0,0,0,0,0,0,0,0,0,0
60151,4,1,1989,0,0,0,0,0,0,0,0,0,0
60151,5,1,1989,0,0,0,0,0,0,0,0,0,0
60151,6,1,1989,0,0,0,0,0,0,0,0,0,0
60151,7,1,1989,0,0,0,0,0,0,0,0,8,0
60151,8,1,1989,0,0,0,0,0,0,0,0,0,0
60151,9,1,1989,0,0,0,0,0,0,0,0,0,0
60152,0,1,1989,35,35,35,35,35,35,35,35,35,35
60152,1,1,1989,0,0,0,0,0,0,10,0,0,0
60153,1,1,1989,23,23,23,23,23,23,23,23,23,23
60153,2,1,1989,0,0,0,0,0,0,5,0,21,0
60154,1,1,1989,21,21,21,21,21,21,21,21,21,21
60155,1,1,1989,26,26,26,26,26,26,26,26,26,26
60156,1,1,1989,36,36,36,36,36,36,36,36,36,36
60156,2,1,1989,16,0,8,0,0,17,0,0,0,14
60157,0,1,1989,0,0,0,0,0,0,0,0,0,0
60157,1,1,1989,8,8,8,8,8,8,8,8,8,8
60158,0,1,1989,18,18,18,18,18,18,18,18,18,18
60158,1,1,1989,0,0,0,15,0,0,22,0,0,8
60159,1,1,1989,37,37,37,37,37,37,37,37,37,37
60160,1,1,1989,0,0,0,0,11,0,0,0,0,0
60160,2,1,1989,0,0,0,0,0,0,0,0,0,0
60161,1,1,1989,9,9,9,9,9,9,9,9,9,9
60161,2,1,1989,7,7,7,7,7,7,7,7,7,7
60162,1,1,1989,25,25,25,25,25,25,25,25,25,25
60162,2,1,1989,9,9,9,9,9,9,9,9,9,9
60163,1,1,1989,0,0,0,0,0,0,0,0,0,0
60163,2,1,1989,0,0,0,0,0,0,0,0,0,0
60163,3,1,1989,0,0,0,0,0,0,0,0,0,0
60164,1,1,1989,0,0,0,0,0,0,0,0,0,0
60164,2,1,1989,0,0,0,0,0,0,0,0,0,0
60165,0,1,1989,0,0,0,0,0,0,0,0,0,0
60165,1,1,1989,0,0,0,0,0,0,0,0,0,0
60165,2,1,1989,0,0,0,0,0,0,0,0,0,0
60166,1,1,1989,34,0,14,19,9,4,13,24,10,5
60166,2,1,1989,0,0,0,0,0,0,0,0,0,0
60167,1,1,1989,10,10,10,10,10,10,10,10,10,10
60168,1,1,1989,26,26,26,26,26,26,26,26,26,26
60169,0,1,1989,39,39,39,39,39,39,39,39,39,39
60169,1,1,1989,0,0,0,0,0,0,0,0,17,0
60170,1,1,1989,0,0,0,0,0,0,0,0,0,0
60170,2,1,1989,0,0,0,0,0,0,0,0,0,0
60171,0,1,1989,0,0,0,0,0,0,0,0,0,0
60171,1,1,1989,0,0,0,0,0,0,0,18,0,0
60172,0,1,1989,19,19,19,19,19,19,19,19,19,19
60172,1,1,1989,0,0,0,0,0,0,0,0,0,0
60173,0,1,1989,15,15,15,15,15,15,15,15,15,15
60173,1,1,1989,0,0,0,0,0,0,0,0,0,0
60174,1,1,1989,16,10,21,18,16,16,10,10,20,0
60174,2,1,1989,0,0,0,0,0,0,0,0,0,0
60175,0,1,1989,5,5,5,5,5,5,5,5,5,5
60175,1,1,1989,0,0,14,0,0,0,15,0,15,0
60176,1,1,1989,0,0,0,0,0,0,0,0,0,0
60177,1,1,1989,16,16,16,16,16,16,16,16,16,16
60177,2,1,1989,19,20,0,0,0,0,0,0,0,0
60178,1,1,1989,24,24,24,24,24,24,24,24,24,24
60179,1,1,1989,12,19,11,8,9,18,13,20,0,0
60180,1,1,1989,0,0,0,0,0,0,0,0,0,0
60181,1,1,1989,10,10,10,10,10,10,10,10,10,10
60181,2,1,1989,16,0,0,0,0,0,0,0,0,0
60182,1,2,1989,20,20,20,20,20,20,20,20,20,20
60183,1,1,1989,0,0,0,0,0,0,0,0,0,0
60184,1,1,1989,3,3,3,3,3,3,3,3,3,3
60185,0,1,1989,0,0,0,0,0,0,0,0,0,0
60185,1,1,1989,0,0,0,0,0,0,0,11,0,0
60186,1,1,1989,24,7,9,23,6,8,28,23,17,11
60186,2,1,1989,22,22,22,22,22,22,22,22,22,22
60187,1,1,1989,12,12,12,12,12,12,12,12,12,12
60187,2,1,1989,0,0,0,0,0,0,0,0,0,0
60189,0,1,1989,25,25,25,25,25,25,25,25,25,25
60189,1,1,1989,0,0,0,0,0,0,0,0,0,0
60190,1,1,1989,23,0,0,0,8,0,0,0,0,9
60190,2,1,1989,0,0,0,0,0,0,0,0,0,0
60190,3,1,1989,0,0,0,0,0,0,14,0,0,0
60191,0,1,1989,16,16,16,16,16,16,16,16,16,16
60191,1,1,1989,13,0,0,0,0,0,0,0,0,0
60192,1,1,1989,15,15,15,15,15,15,15,15,15,15
60193,1,1,1989,27,27,27,27,27,27,27,27,27,27
60194,1,1,1989,0,0,0,0,0,0,0,0,0,0
60194,2,1,1989,0,0,0,0,0,0,0,0,0,0
60194,3,1,1989,0,0,0,0,0,0,0,0,0,0
60195,1,1,1989,0,3,0,20,5,6,11,0,0,12
60195,2,1,1989,22,0,0,0,0,0,0,18,0,0
60195,3,1,1989,0,0,15,0,0,0,0,0,0,0
60196,1,1,1989,26,26,26,26,26,26,26,26,26,26
60197,1,1,1989,0,0,0,0,0,0,0,0,0,0
60197,2,1,1989,0,0,0,0,0,0,0,0,0,0
60197,3,1,1989,0,0,0,0,0,0,0,0,0,0
60197,4,1,1989,0,0,0,29,0,0,0,0,0,0
60198,1,1,1989,19,19,19,19,19,19,19,19,19,19
60198,2,1,1989,0,0,0,13,0,0,0,0,0,0
60198,3,1,1989,0,0,0,0,0,0,0,0,0,0
60199,1,1,1989,0,0,0,0,0,0,0,0,0,0
60199,2,1,1989,0,0,0,0,0,0,0,0,0,0
60200,2,1,1989,0,0,0,0,0,0,0,0,0,0
60201,1,1,1989,0,0,0,0,0,0,0,0,0,0
60201,2,1,1989,0,0,0,0,0,0,0,0,0,0
60202,1,1,1989,0,0,0,0,0,0,0,0,0,0
60202,2,1,1989,0,0,0,0,0,0,0,0,0,0
60203,1,1,1989,0,0,0,0,0,0,0,0,0,0
60203,2,1,1989,0,0,0,0,0,0,0,0,0,0
60204,0,1,1989,0,0,0,0,0,0,0,0,0,0
60204,1,1,1989,0,0,0,0,0,0,0,0,0,0
60205,1,1,1989,7,7,7,7,7,7,7,7,7,7
60206,1,1,1989,0,0,0,0,0,0,0,0,0,0
60207,1,1,1989,5,5,5,5,5,5,5,5,5,5
60208,1,1,1989,0,0,0,0,0,14,21,0,7,0
60208,2,1,1989,0,0,0,0,0,0,0,0,0,0
60208,3,1,1989,0,0,0,0,0,0,0,0,0,12
60209,1,1,1989,0,0,0,0,0,0,0,16,0,0
60209,2,1,1989,0,0,0,0,0,0,0,0,0,0
60209,3,1,1989,0,0,0,0,0,0,0,0,2,0
60210,0,1,1989,0,0,0,0,0,0,0,0,0,0
60210,1,1,1989,0,0,0,0,0,0,0,0,0,0
60211,0,1,1989,0,0,0,0,0,0,0,0,0,0
60211,1,1,1989,0,0,0,0,0,0,0,7,0,0
60212,1,1,1989,0,0,0,0,0,0,0,0,0,0
60213,1,1,1989,21,21,21,21,21,21,21,21,21,21
60214,1,1,1989,10,10,10,10,10,10,10,10,10,10
60215,1,1,1989,22,10,0,14,0,18,0,0,18,0
60216,1,1,1989,13,13,13,13,13,13,13,13,13,13
60216,2,1,1989,0,0,0,0,0,0,0,0,0,0
60217,0,1,1989,0,0,0,0,0,0,0,0,0,0
60217,1,1,1989,3,0,6,0,5,12,0,0,0,0
60218,1,1,1989,0,9,15,11,8,3,22,0,13,17
60218,2,1,1989,0,0,0,0,0,0,0,0,0,0
60219,1,1,1989,7,7,7,7,7,7,7,7,7,7
60219,2,1,1989,0,0,0,0,0,0,0,0,0,0
60220,1,1,1989,0,3,15,6,24,28,0,23,4,22
60221,1,1,1989,5,5,5,5,5,5,5,5,5,5
60222,1,1,1989,0,0,0,0,0,0,0,0,0,0
60223,1,1,1989,13,13,13,13,13,13,13,13,13,13
60224,1,1,1989,0,0,0,0,0,22,0,0,0,0
60224,2,1,1989,0,0,0,0,0,0,0,0,0,0
60224,3,1,1989,0,0,0,0,0,0,0,0,0,0
60225,0,1,1989,0,0,0,0,0,0,0,0,0,0
60225,1,1,1989,0,27,23,6,0,0,0,14,0,0
60226,1,1,1989,0,0,0,0,0,0,0,0,0,0
60226,2,1,1989,0,0,0,0,0,0,0,0,0,0
60226,3,1,1989,0,0,0,0,0,0,0,0,0,0
60226,4,1,1989,0,0,0,0,0,0,0,0,0,0
60226,5,1,1989,0,0,0,0,0,0,0,0,0,0
60227,1,1,1989,17,17,17,17,17,17,17,17,17,17
60227,2,1,1989,0,0,0,0,0,0,0,0,0,0
60228,1,1,1989,17,17,17,17,17,17,17,17,17,17
60228,2,1,1989,0,0,0,0,0,0,0,0,0,0
60229,1,1,1989,34,34,34,34,34,34,34,34,34,34
60229,2,1,1989,0,0,0,0,0,0,0,0,0,0
60230,1,1,1989,0,0,0,0,0,0,0,0,0,0
60230,2,1,1989,0,44,0,0,0,0,0,0,0,0
60231,0,1,1989,8,8,8,8,8,8,8,8,8,8
60231,1,1,1989,0,0,0,0,0,0,0,0,0,0
60232,1,1,1989,17,17,17,17,17,17,17,17,17,17
60233,1,1,1989,40,40,40,40,40,40,40,40,40,40
60233,2,1,1989,0,0,0,0,0,0,0,0,0,0
60234,0,1,1989,0,0,0,0,0,0,0,0,0,0
60234,1,1,1989,0,0,0,0,0,0,0,0,0,0
60235,0,1,1989,0,0,0,0,0,0,0,0,0,0
60235,1,1,1989,0,0,0,0,0,11,0,0,17,0
60236,1,1,1989,18,18,18,18,18,18,18,18,18,18
60237,0,1,1989,18,18,18,18,18,18,18,18,18,18
60237,1,1,1989,0,0,0,0,0,0,0,0,0,0
60238,1,1,1989,0,0,0,0,0,0,0,0,0,0
60239,1,1,1989,0,0,0,0,0,0,0,0,0,0
60239,2,1,1989,0,0,0,0,0,0,0,0,0,0
60239,3,1,1989,0,0,0,0,0,0,0,0,0,0
60239,4,1,1989,0,0,0,0,0,0,0,0,0,0
60240,1,1,1989,0,0,0,0,0,0,0,0,0,0
60241,1,1,1989,0,0,0,0,0,0,0,0,0,0
60241,2,1,1989,6,6,6,6,6,6,6,6,6,6
60242,1,1,1989,0,0,0,0,0,0,0,0,0,0
60242,2,1,1989,0,0,0,0,0,0,0,0,0,0
60243,1,1,1989,0,0,0,0,0,0,0,0,0,0
60243,2,1,1989,0,0,0,0,0,0,0,0,0,0
60244,1,1,1989,0,0,0,0,0,0,0,0,0,0
60245,1,1,1989,16,12,11,16,20,13,16,26,40,0
60245,2,1,1989,0,13,0,0,0,0,7,0,0,0
60246,1,1,1989,0,0,0,0,0,0,0,0,0,0
60247,1,1,1989,0,0,0,0,0,0,0,0,0,0
60248,1,1,1989,0,0,0,0,0,0,0,0,0,0
60248,2,1,1989,0,0,0,0,0,0,0,0,0,0
60249,1,1,1989,25,25,25,25,25,25,25,25,25,25
60250,0,1,1989,18,18,18,18,18,18,18,18,18,18