ST_CASE,VEH_NO,PER_NO,YEAR,P1,P2,P3,P4,P5,P6,P7,P8,P9,P10
60519,0,1,1989,0,0,0,13,14,33,44,12,0,0
60519,1,1,1989,12,30,7,7,9,16,31,15,7,27
60520,1,1,1989,0,0,0,0,0,0,0,0,0,0
60520,2,1,1989,0,0,0,0,0,0,0,0,0,0
60520,3,1,1989,0,0,0,0,0,0,0,0,0,0
60521,1,1,1989,3,3,3,3,3,3,3,3,3,3
60521,2,1,1989,0,0,0,0,0,0,0,0,7,0
60521,3,1,1989,0,0,0,0,0,0,0,0,0,0
60522,0,1,1989,0,0,0,0,0,0,0,0,0,0
60522,1,1,1989,0,0,0,0,0,0,0,0,0,0
60523,0,1,1989,0,29,0,0,0,0,0,14,0,0
60523,1,1,1989,0,0,0,0,0,0,0,0,0,0
60524,1,1,1989,0,0,0,0,0,0,0,12,0,0
60524,2,1,1989,0,0,0,0,0,0,0,0,0,0
60525,0,1,1989,0,0,0,0,0,0,0,0,0,0
60525,1,1,1989,0,0,0,0,0,0,0,0,0,0
60526,0,1,1989,0,0,0,19,9,0,0,0,0,0
60526,1,1,1989,0,0,0,0,0,0,0,0,0,0
60527,1,1,1989,21,21,21,21,21,21,21,21,21,21
60528,1,1,1989,27,27,27,27,27,27,27,27,27,27
60529,1,1,1989,0,0,0,0,0,0,0,0,0,0
60529,2,1,1989,0,0,0,0,0,0,0,0,0,0
60530,1,1,1989,0,0,0,0,0,0,0,0,0,0
60531,1,1,1989,0,0,0,0,0,0,0,0,0,0
60532,1,1,1989,15,15,15,15,15,15,15,15,15,15
60533,1,1,1989,14,14,14,14,14,14,14,14,14,14
60534,1,1,1989,25,25,25,25,25,25,25,25,25,25
60535,0,1,1989,27,7,19,26,48,15,19,20,28,30
60535,1,1,1989,0,0,16,0,0,0,0,0,0,0
60535,2,1,1989,0,22,0,0,12,0,0,0,27,30
60536,1,1,1989,24,24,24,24,24,24,24,24,24,24
60537,1,1,1989,15,15,15,15,15,15,15,15,15,15
60537,2,1,1989,18,0,0,0,0,0,0,0,0,0
60537,3,1,1989,0,0,0,0,0,0,0,0,0,0
60537,4,1,1989,5,5,5,5,5,5,5,5,5,5
60537,5,1,1989,2,2,2,2,2,2,2,2,2,2
60538,1,1,1989,20,20,20,20,20,20,20,20,20,20
60539,0,1,1989,0,0,0,0,0,0,0,0,0,0
60539,1,1,1989,0,0,0,0,0,0,0,0,0,0
60540,1,1,1989,0,0,0,0,0,0,0,0,0,0
60541,0,1,1989,5,5,5,5,5,5,5,5,5,5
60541,1,1,1989,0,0,0,0,0,0,0,0,12,0
60542,1,1,1989,0,0,0,0,0,0,0,0,0,0
60542,2,1,1989,10,10,10,10,10,10,10,10,10,10
60543,0,1,1989,0,0,0,0,0,0,0,0,0,0
60543,1,1,1989,0,0,0,0,0,0,0,0,0,0
60544,1,1,1989,14,14,14,14,14,14,14,14,14,14
60545,0,1,1989,17,15,32,47,12,16,19,12,11,0
60545,1,1,1989,0,18,0,0,11,14,0,0,0,1
60546,1,1,1989,0,0,0,0,0,0,0,0,0,0
60546,2,1,1989,0,0,0,0,0,0,0,0,0,0
60547,0,1,1989,0,0,0,0,0,0,0,0,0,0
60547,1,1,1989,0,0,0,0,0,0,10,0,0,0
60547,2,1,1989,0,0,0,0,0,0,0,0,0,0
60548,0,1,1989,0,0,13,0,0,0,0,0,0,0
60548,1,1,1989,0,0,0,0,0,0,0,0,0,0
60549,1,1,1989,0,0,0,0,0,0,0,0,0,0
60549,2,1,1989,0,0,0,0,0,0,0,0,0,0
60550,0,1,1989,0,0,0,0,0,0,0,0,0,0
60550,1,1,1989,19,19,19,19,19,19,19,19,19,19
60551,1,1,1989,20,20,20,20,20,20,20,20,20,20
60551,2,1,1989,0,0,0,0,0,0,0,0,0,0
60552,1,1,1989,21,21,21,21,21,21,21,21,21,21
60553,1,1,1989,12,0,0,22,0,13,0,0,0,0
60554,0,1,1989,23,23,23,23,23,23,23,23,23,23
60554,1,1,1989,0,0,0,0,0,0,0,0,0,0
60555,1,1,1989,10,10,10,10,10,10,10,10,10,10
60556,1,1,1989,0,0,0,15,0,0,0,0,0,0
60557,1,1,1989,24,24,24,24,24,24,24,24,24,24
60557,2,1,1989,0,0,0,0,0,0,0,0,0,0
60558,1,1,1989,18,18,18,18,18,18,18,18,18,18
60559,1,1,1989,25,25,25,25,25,25,25,25,25,25
60560,1,1,1989,10,10,10,10,10,10,10,10,10,10
60561,1,1,1989,0,0,0,0,0,0,0,0,0,0
60562,0,1,1989,0,0,0,0,4,0,0,0,0,0
60562,1,1,1989,0,0,0,0,0,0,0,0,0,0
60562,2,1,1989,0,0,0,0,0,0,0,0,0,0
60563,0,1,1989,0,0,0,0,0,0,0,0,0,0
60563,1,1,1989,0,0,0,0,0,0,0,0,0,0
60564,1,1,1989,0,0,0,0,0,0,0,0,0,0
60565,1,1,1989,17,17,17,17,17,17,17,17,17,17
60565,2,1,1989,3,0,4,9,0,14,0,12,3,0
60566,1,1,1989,0,0,0,0,0,0,0,0,0,0
60567,0,1,1989,0,0,0,0,0,0,0,0,0,0
60567,1,1,1989,0,0,0,0,0,0,0,0,0,0
60568,1,1,1989,0,0,0,0,0,0,0,0,0,0
60568,2,1,1989,0,0,0,0,0,0,0,0,0,0
60569,0,1,1989,0,0,0,0,0,0,0,0,0,0
60569,1,1,1989,0,0,0,0,0,0,0,0,0,0
60570,1,1,1989,7,0,0,0,0,0,0,0,0,0
60570,2,1,1989,10,10,10,10,10,10,10,10,10,10
60571,1,1,1989,0,0,0,0,0,0,0,0,0,0
60571,2,1,1989,0,0,0,0,0,0,0,0,0,0
60572,1,1,1989,0,0,0,0,0,0,0,0,0,0
60573,1,1,1989,7,7,7,7,7,7,7,7,7,7
60573,2,1,1989,0,0,0,0,0,0,0,0,0,0
60574,1,1,1989,0,0,0,0,0,0,0,0,0,0
60574,2,1,1989,0,0,0,0,0,0,17,0,0,0
60575,1,1,1989,9,9,9,9,9,9,9,9,9,9
60576,1,1,1989,15,17,10,20,11,13,14,17,8,11
60577,1,1,1989,12,12,12,12,12,12,12,12,12,12
60578,1,1,1989,17,17,17,17,17,17,17,17,17,17
60578,2,1,1989,0,0,0,0,0,0,0,0,0,0
60579,1,1,1989,0,0,0,0,0,0,0,0,0,0
60579,2,1,1989,0,0,0,0,0,0,0,0,0,0
60580,1,1,1989,0,0,0,0,0,0,0,0,0,0
60580,2,1,1989,0,0,26,0,0,0,0,0,0,0
60582,1,1,1989,0,0,0,0,0,0,0,0,0,0
60583,1,1,1989,0,0,0,0,0,0,0,0,14,0
60583,2,1,1989,0,0,0,0,0,0,0,0,0,0
60584,0,1,1989,0,0,0,0,0,0,0,0,0,0
60584,1,1,1989,0,0,0,0,0,0,0,0,0,0
60585,1,1,1989,0,0,0,0,0,0,0,0,0,0
60585,2,1,1989,0,0,0,25,0,4,0,0,0,0
60586,1,1,1989,13,13,13,13,13,13,13,13,13,13
60587,1,1,1989,9,9,9,9,9,9,9,9,9,9
60587,2,1,1989,0,0,0,0,0,0,0,0,0,0
60588,0,1,1989,0,0,0,0,0,0,0,0,0,0
60588,1,1,1989,16,16,16,16,16,16,16,16,16,16
60589,1,1,1989,0,0,0,0,0,0,0,0,0,0
60590,1,1,1989,22,22,22,22,22,22,22,22,22,22
60591,1,1,1989,0,0,0,0,0,0,0,0,0,0
60592,1,1,1989,0,0,0,0,0,0,0,0,0,0
60592,2,1,1989,0,0,0,0,0,0,0,0,0,0
60593,1,1,1989,19,19,19,19,19,19,19,19,19,19
60594,1,1,1989,0,0,0,0,0,0,0,0,0,0
60595,1,1,1989,0,0,0,0,0,0,0,0,0,0
60595,2,1,1989,11,0,20,6,0,0,0,0,0,0
60596,2,1,1989,24,24,24,24,24,24,24,24,24,24
60597,1,1,1989,0,0,0,0,0,0,0,0,0,0
60598,1,1,1989,0,0,0,0,0,0,0,0,0,0
60598,2,1,1989,7,7,7,7,7,7,7,7,7,7
60599,0,1,1989,3,3,3,3,3,3,3,3,3,3
60599,1,1,1989,0,0,0,0,0,0,0,0,0,0
60600,1,1,1989,0,0,0,0,0,0,0,0,0,0
60600,2,1,1989,9,9,9,9,9,9,9,9,9,9
60601,0,1,1989,38,38,38,38,38,38,38,38,38,38
60601,1,1,1989,0,0,0,0,0,0,0,0,0,0
60601,2,1,1989,0,0,0,0,0,0,0,0,0,0
60602,1,1,1989,10,10,10,10,10,10,10,10,10,10
60603,1,1,1989,16,16,16,16,16,16,16,16,16,16
60604,1,1,1989,0,0,0,0,0,0,0,0,0,0
60605,0,1,1989,12,25,9,0,0,0,22,0,0,27
60605,1,1,1989,0,0,0,0,13,0,0,0,0,0
60606,1,1,1989,29,29,29,29,29,29,29,29,29,29
60606,2,1,1989,8,0,0,0,0,0,0,0,0,0
60607,1,1,1989,21,6,7,9,15,0,14,25,30,21
60607,2,1,1989,0,0,0,0,0,0,0,0,0,0
60608,1,1,1989,18,18,18,18,18,18,18,18,18,18
60608,2,1,1989,0,0,0,0,0,0,0,0,0,0
60609,1,1,1989,0,0,0,0,0,0,0,0,0,0
60610,1,1,1989,0,0,0,0,0,10,0,0,0,0
60610,2,1,1989,0,0,0,0,0,0,0,0,0,0
60611,1,1,1989,0,0,0,0,0,0,0,0,0,0
60611,2,1,1989,0,0,0,0,0,0,0,0,0,0
60612,1,1,1989,3,3,3,3,3,3,3,3,3,3
60613,1,1,1989,0,0,4,0,5,0,24,0,0,0
60614,0,1,1989,0,0,0,0,0,0,0,0,0,0
60614,1,1,1989,11,18,5,21,4,19,25,0,3,24
60615,1,1,1989,0,0,0,0,0,0,0,0,0,0
60615,2,1,1989,0,0,18,0,0,0,0,16,0,0
60616,1,1,1989,4,4,4,4,4,4,4,4,4,4
60617,1,1,1989,6,6,6,6,6,6,6,6,6,6
60617,2,1,1989,0,0,0,0,0,0,15,0,27,0
60618,1,1,1989,18,18,18,18,18,18,18,18,18,18
60619,0,1,1989,25,25,25,25,25,25,25,25,25,25
60619,1,1,1989,12,0,0,0,0,0,0,0,0,15
60620,0,1,1989,12,12,12,12,12,12,12,12,12,12
60620,1,1,1989,0,0,7,10,0,15,8,0,8,0
60621,1,1,1989,0,0,0,11,0,0,0,0,0,0
60622,1,1,1989,0,0,0,0,0,0,0,0,0,0
60623,1,1,1989,0,0,0,0,0,0,0,11,0,0
60623,2,1,1989,0,0,0,0,0,0,0,0,0,0
60624,1,1,1989,0,0,0,0,0,0,0,0,0,0
60624,2,1,1989,0,0,0,0,0,0,0,0,0,0
60624,3,1,1989,0,0,0,0,0,0,0,0,0,0
60624,4,1,1989,0,0,0,0,0,0,0,0,0,0
60624,5,1,1989,0,0,0,0,0,0,0,0,0,0
60624,6,1,1989,0,0,0,0,0,0,0,0,0,0
60624,7,1,1989,0,0,0,0,0,0,0,0,0,0
60624,8,1,1989,0,0,0,0,0,0,0,0,0,0
60624,9,1,1989,0,0,0,0,0,0,0,0,0,0
60624,10,1,1989,0,0,0,0,0,0,0,0,0,0
60625,0,1,1989,2,2,2,2,2,2,2,2,2,2
60625,1,1,1989,0,0,0,0,0,0,0,0,0,0
60626,0,1,1989,0,0,0,0,0,0,0,0,0,0
60626,1,1,1989,0,0,0,0,0,0,0,0,0,0
60627,1,1,1989,24,24,24,24,24,24,24,24,24,24
60628,1,1,1989,0,0,0,0,0,0,0,0,0,0
60628,2,1,1989,0,0,0,0,0,0,0,0,0,0
60629,0,1,1989,0,0,0,0,0,0,0,0,0,0
60629,1,1,1989,0,0,0,0,0,0,0,0,0,0
60630,1,1,1989,0,0,0,0,0,0,0,0,0,0
60630,2,1,1989,0,0,0,0,0,0,0,0,0,0
60630,3,1,1989,0,0,0,0,0,0,0,0,0,0
60630,4,1,1989,0,0,0,0,0,0,0,0,0,0
60631,0,1,1989,0,0,0,0,0,0,0,0,0,0
60631,1,1,1989,0,27,0,0,0,0,0,0,0,0
60632,1,1,1989,28,28,28,28,28,28,28,28,28,28
60633,1,1,1989,17,17,17,17,17,17,17,17,17,17
60634,1,1,1989,0,0,0,0,0,0,0,0,0,0
60635,0,1,1989,18,18,18,18,18,18,18,18,18,18
60635,1,1,1989,0,0,0,0,0,12,0,0,0,0
60636,0,1,1989,0,0,0,0,0,0,0,0,0,0
60636,1,1,1989,0,0,0,0,0,0,0,0,0,0
60637,1,1,1989,22,22,22,22,22,22,22,22,22,22
60638,1,1,1989,0,0,0,0,0,0,0,0,0,0
60638,2,1,1989,0,0,8,0,0,0,0,0,0,0
60639,0,1,1989,0,0,0,0,0,0,0,0,0,0
60639,1,1,1989,0,0,0,0,0,0,0,0,0,0
60640,0,1,1989,24,17,11,27,15,39,10,7,23,30
60640,1,1,1989,0,0,0,0,0,0,0,0,0,0
60641,1,1,1989,0,0,0,0,0,0,0,0,0,0
60641,2,1,1989,0,0,0,0,0,0,0,0,0,0
60641,3,1,1989,0,0,0,0,0,0,0,0,0,0
60641,4,1,1989,0,0,0,0,0,0,0,0,0,0
60642,1,1,1989,13,13,13,13,13,13,13,13,13,13
60643,0,1,1989,20,20,20,20,20,20,20,20,20,20
60643,1,1,1989,8,0,0,0,0,0,0,0,0,0
60645,1,1,1989,0,0,0,0,0,0,0,0,0,0
60646,1,1,1989,0,0,0,0,0,0,0,0,0,0
60646,2,1,1989,0,0,0,0,0,0,0,0,0,0
60647,1,1,1989,19,19,19,19,19,19,19,19,19,19
60648,0,1,1989,0,0,0,0,0,0,0,0,0,0
60648,1,1,1989,0,0,0,0,0,0,0,0,0,15
60648,3,1,1989,0,0,0,0,0,0,0,0,0,0
60648,4,1,1989,12,0,0,0,0,0,0,0,16,0
60649,1,1,1989,0,0,0,0,0,0,0,0,0,0
60650,1,1,1989,0,0,0,0,0,0,0,0,0,0
60650,2,1,1989,0,0,0,0,0,0,0,0,0,0
60651,1,1,1989,9,9,9,9,9,9,9,9,9,9
60652,1,1,1989,0,0,0,0,0,0,0,0,0,0
60652,2,1,1989,0,0,0,0,0,0,0,0,0,0
60653,0,1,1989,0,0,0,8,0,0,0,0,0,0
60653,0,2,1989,0,0,0,0,0,0,6,0,0,3
60653,1,1,1989,0,0,0,0,0,0,0,0,0,0
60654,0,1,1989,0,0,0,0,0,0,0,0,0,0
60654,1,1,1989,0,0,0,0,0,0,0,0,0,0
60655,1,1,1989,10,10,10,10,10,10,10,10,10,10
60656,0,1,1989,0,29,0,0,0,13,0,15,0,0
60656,0,2,1989,13,0,17,12,19,0,0,0,11,29
60656,1,1,1989,0,0,34,0,0,18,0,0,0,0
60657,0,1,1989,29,29,29,29,29,29,29,29,29,29
60657,1,1,1989,0,0,0,0,0,0,0,0,0,0
60658,1,1,1989,0,0,0,9,0,0,0,0,0,0
60658,2,1,1989,0,0,0,0,0,0,0,0,0,0
60659,1,1,1989,12,12,12,12,12,12,12,12,12,12
60660,0,1,1989,10,10,10,10,10,10,10,10,10,10
60660,1,1,1989,0,0,0,0,0,0,0,0,0,0
60661,0,1,1989,0,16,0,0,0,0,0,0,0,0
60661,1,1,1989,0,0,0,0,0,0,0,0,21,0
60661,2,1,1989,17,0,0,0,0,0,0,0,0,0
60662,1,1,1989,0,0,0,0,0,0,0,0,0,0
60662,2,1,1989,0,0,0,0,0,0,0,0,0,0
60663,1,1,1989,0,0,0,15,0,0,0,0,0,0
60664,1,1,1989,0,0,0,0,0,0,0,0,0,0
60664,2,1,1989,0,0,0,0,0,0,0,0,0,0
60665,1,1,1989,10,10,10,10,10,10,10,10,10,10
60666,1,1,1989,17,17,17,17,17,17,17,17,17,17
60666,2,1,1989,0,0,0,0,0,0,0,0,0,0
60667,1,1,1989,0,0,0,0,0,0,0,0,0,0
60667,2,1,1989,0,0,0,0,0,0,0,0,0,0
60668,1,1,1989,0,0,0,0,0,0,0,0,0,0
60668,2,1,1989,0,22,0,0,0,0,0,0,0,0
60669,1,1,1989,13,0,19,12,12,20,0,11,16,19
60669,2,1,1989,0,0,0,0,0,0,0,0,0,0
60670,1,1,1989,0,0,0,0,0,0,0,0,27,0
60670,2,1,1989,16,16,16,16,16,16,16,16,16,16
60671,1,1,1989,7,7,7,7,7,7,7,7,7,7
60671,2,1,1989,0,16,0,0,0,0,0,0,0,0
60672,1,1,1989,0,0,0,0,0,0,0,0,0,0
60672,2,1,1989,0,0,0,0,0,0,0,0,0,0
60673,1,1,1989,20,20,20,20,20,20,20,20,20,20
60674,1,1,1989,9,9,9,9,9,9,9,9,9,9
60676,0,1,1989,0,0,10,0,0,0,0,0,19,0
60676,1,1,1989,0,0,0,0,0,0,0,0,0,0
60677,1,1,1989,0,24,12,24,0,30,36,25,32,23
60678,1,1,1989,0,0,0,0,0,0,0,0,0,0
60678,2,1,1989,0,0,0,0,0,0,0,0,0,0
60679,0,1,1989,0,0,0,0,0,0,25,0,0,0
60679,1,1,1989,0,0,0,20,3,0,0,0,0,0
60680,1,1,1989,0,12,13,0,13,14,8,17,8,14
60680,2,1,1989,0,0,0,0,0,0,0,0,0,0
60680,3,1,1989,0,0,0,0,0,0,0,0,0,0
60680,4,1,1989,0,0,0,0,0,0,0,0,0,0
60680,5,1,1989,0,0,0,0,0,0,0,0,0,0
60680,6,1,1989,0,0,0,0,0,0,0,8,0,0
60681,1,1,1989,13,13,13,13,13,13,13,13,13,13
60682,1,1,1989,0,0,0,0,0,0,0,0,0,0
60682,2,1,1989,0,0,0,0,0,3,0,0,0,4
60683,1,1,1989,0,0,0,0,0,0,0,0,0,0
60684,1,1,1989,7,7,7,7,7,7,7,7,7,7
60685,0,1,1989,0,0,0,0,0,0,0,0,0,0
60685,1,1,1989,0,0,0,0,11,0,0,0,8,5
60686,1,1,1989,18,0,0,14,0,0,0,0,0,0
60687,1,1,1989,13,13,13,13,13,13,13,13,13,13
60687,2,1,1989,0,0,0,0,0,0,0,21,0,0
60688,1,1,1989,17,17,17,17,17,17,17,17,17,17
60689,1,1,1989,27,27,27,27,27,27,27,27,27,27
60689,2,1,1989,21,5,6,13,5,18,9,16,15,17
60690,0,1,1989,12,12,12,12,12,12,12,12,12,12
60690,2,1,1989,10,4,6,6,7,12,9,12,21,7
60691,1,1,1989,4,4,4,4,4,4,4,4,4,4
60692,1,1,1989,0,0,0,0,0,0,0,0,0,0
60693,1,1,1989,0,0,0,0,0,0,0,0,0,0
60693,2,1,1989,0,0,0,0,0,0,0,0,0,0
60694,1,1,1989,0,0,0,0,0,0,0,0,0,0
60694,2,1,1989,0,0,0,0,0,0,0,0,0,0
60695,1,1,1989,0,0,0,0,0,0,0,0,0,0
60696,0,1,1989,16,16,16,16,16,16,16,16,16,16
60696,1,1,1989,0,0,0,0,0,0,0,0,0,0
60697,1,1,1989,13,13,13,13,13,13,13,13,13,13
60698,1,1,1989,26,0,0,25,23,32,0,0,9,0
60698,2,1,1989,0,0,0,0,0,0,0,0,0,0
60699,1,1,1989,17,17,17,17,17,17,17,17,17,17
60699,2,1,1989,0,0,0,0,0,0,0,0,0,0
60700,1,1,1989,12,11,6,14,24,0,0,0,8,11
60700,2,1,1989,0,0,0,0,0,0,0,0,0,0
60701,0,1,1989,0,0,0,0,0,0,0,0,0,0
60701,1,1,1989,18,18,18,18,18,18,18,18,18,18
60702,1,1,1989,1,1,1,1,1,1,1,1,1,1
60702,2,1,1989,0,0,0,0,0,0,0,0,0,0
60703,1,1,1989,3,3,3,3,3,3,3,3,3,3
60703,2,1,1989,14,14,14,14,14,14,14,14,14,14
60704,1,1,1989,13,13,13,13,13,13,13,13,13,13
60705,1,1,1989,20,10,6,0,28,18,28,24,15,5
60706,0,1,1989,2,2,2,2,2,2,2,2,2,2
60706,1,1,1989,2,2,2,2,2,2,2,2,2,2
60707,1,2,1989,10,10,10,10,10,10,10,10,10,10
60708,1,1,1989,0,0,0,0,0,0,0,0,0,0
60708,2,1,1989,0,0,0,0,0,0,0,0,0,0
60709,1,1,1989,5,0,0,0,0,0,0,5,0,0
60709,2,1,1989,0,0,0,0,0,0,0,0,0,0
60710,1,1,1989,0,0,0,0,0,0,0,0,0,0
60710,2,1,1989,0,0,0,0,0,0,0,0,0,0
60711,1,1,1989,0,0,0,0,0,0,0,0,0,0
60712,1,1,1989,0,0,0,0,0,0,0,0,0,0
60712,2,1,1989,0,0,0,0,0,0,0,0,0,0
60713,1,1,1989,25,25,25,25,25,25,25,25,25,25
60714,1,1,1989,0,0,0,0,0,0,0,0,0,0
60715,0,1,1989,14,14,14,14,14,14,14,14,14,14
60715,1,1,1989,0,0,0,0,0,0,0,0,0,0
60716,1,1,1989,19,19,19,19,19,19,19,19,19,19
60717,1,1,1989,13,14,14,25,10,9,15,7,15,18
60717,2,1,1989,7,7,7,7,7,7,7,7,7,7
60718,1,1,1989,0,0,0,0,0,0,0,0,0,0
60718,2,1,1989,22,22,22,22,22,22,22,22,22,22
60719,1,1,1989,0,0,0,0,0,0,0,0,0,0
60719,2,1,1989,0,0,0,10,0,0,0,0,0,0
60719,3,1,1989,0,0,5,0,0,0,0,0,0,0
60719,4,1,1989,0,16,0,0,0,0,0,0,0,0
60720,1,1,1989,0,0,0,0,0,0,0,0,0,0
60720,2,1,1989,0,0,0,0,0,0,0,0,0,0
60721,0,1,1989,11,11,11,11,11,11,11,11,11,11
60721,1,1,1989,0,0,0,0,0,0,0,0,0,0
60722,1,1,1989,14,14,14,14,14,14,14,14,14,14
60722,2,1,1989,0,0,0,0,0,0,0,0,0,0
60723,1,1,1989,0,0,0,0,0,0,0,0,0,0
60724,0,1,1989,0,0,0,0,0,0,0,0,0,0
60724,1,1,1989,0,0,0,0,0,0,0,0,0,0
60725,1,1,1989,0,0,0,0,0,0,19,0,0,0
60726,0,1,1989,39,39,39,39,39,39,39,39,39,39
60726,1,1,1989,0,0,0,0,0,0,0,0,0,0
60727,0,1,1989,25,25,25,25,25,25,25,25,25,25
60727,1,1,1989,0,0,4,0,0,0,0,0,0,0
60728,1,1,1989,0,0,0,0,0,0,0,0,0,0
60728,2,1,1989,0,0,0,0,0,0,0,0,0,0
60729,1,1,1989,7,7,7,7,7,7,7,7,7,7
60729,2,1,1989,0,0,0,0,0,0,0,0,0,0
60730,1,1,1989,9,9,9,9,9,9,9,9,9,9
60731,1,1,1989,0,18,0,0,0,0,0,0,0,0
60732,1,1,1989,6,6,6,6,6,6,6,6,6,6
60732,2,1,1989,0,0,0,0,0,0,0,0,0,0
60733,1,1,1989,19,19,19,19,19,19,19,19,19,19
60734,0,1,1989,0,0,0,0,0,0,0,0,0,0
60734,1,1,1989,0,0,0,0,0,0,0,0,17,0
60734,2,1,1989,0,0,0,0,0,0,20,0,0,0
60735,1,1,1989,0,0,0,0,0,0,0,0,0,0
60736,0,1,1989,0,0,0,0,0,0,0,0,0,0
60736,1,1,1989,0,12,0,0,10,0,0,20,29,0
60737,1,1,1989,22,22,22,22,22,22,22,22,22,22
60738,1,1,1989,0,0,0,0,0,0,0,0,0,0
60738,2,1,1989,0,0,0,0,0,0,0,0,0,0
60739,1,1,1989,0,0,0,0,0,0,0,0,0,0
60739,2,1,1989,0,0,0,0,0,0,0,0,0,0
60740,0,1,1989,0,0,0,0,0,0,0,0,0,0
60740,1,1,1989,0,0,0,14,0,0,0,0,10,0
60741,1,1,1989,0,0,0,0,0,19,0,0,0,0
60741,2,1,1989,0,0,0,0,0,0,12,0,0,0
60742,0,1,1989,19,17,0,34,0,0,18,12,0,33
60742,1,1,1989,0,0,0,0,0,0,0,0,0,0
60742,2,1,1989,18,0,0,0,0,0,0,0,0,0
60743,1,1,1989,0,0,0,0,0,0,0,0,0,0
60743,2,1,1989,0,0,0,0,0,0,0,0,0,0
60744,1,1,1989,0,0,0,0,0,0,0,0,0,0
60745,1,1,1989,0,0,0,0,0,0,0,0,0,0
60745,2,1,1989,0,0,0,0,10,0,0,0,0,0
60745,3,1,1989,0,0,0,0,0,0,0,0,0,0
60746,1,1,1989,0,0,0,0,0,0,0,0,0,8
60746,2,1,1989,0,0,0,0,0,0,0,0,0,0
60747,1,1,1989,0,0,0,0,0,0,0,0,0,0
60748,1,1,1989,0,0,0,0,0,0,0,0,0,0
60749,1,1,1989,26,26,26,26,26,26,26,26,26,26
60750,1,1,1989,2,2,2,2,2,2,2,2,2,2
60750,2,1,1989,0,0,0,0,0,0,0,0,0,0
60751,1,1,1989,13,13,13,13,13,13,13,13,13,13
60752,1,1,1989,15,15,15,15,15,15,15,15,15,15
60753,1,1,1989,9,9,9,9,9,9,9,9,9,9
60754,1,1,1989,3,3,3,3,3,3,3,3,3,3
60755,1,1,1989,10,10,10,10,10,10,10,10,10,10
60756,1,1,1989,0,0,0,0,0,0,0,0,0,0
60756,2,1,1989,0,0,0,0,0,0,0,0,0,0
60757,1,1,1989,0,0,0,0,0,0,0,0,0,0
60757,2,1,1989,0,0,0,0,0,0,0,0,0,0
60758,1,1,1989,0,0,0,0,0,0,0,0,0,0
60758,2,1,1989,0,0,0,0,0,0,0,0,0,0
60759,1,1,1989,0,0,0,0,0,0,0,0,0,0
60759,2,1,1989,0,0,0,0,0,0,0,0,0,0
60760,0,1,1989,0,0,0,0,0,0,0,0,0,0
60760,1,1,1989,0,0,0,0,0,0,0,0,0,0
60761,1,1,1989,10,10,10,10,10,10,10,10,10,10
60762,0,1,1989,29,29,29,29,29,29,29,29,29,29
60762,1,1,1989,0,0,0,0,5,0,0,0,0,8
60763,0,1,1989,0,0,0,0,0,0,0,0,0,0
60763,1,1,1989,0,0,0,0,0,0,0,0,0,0
60763,2,1,1989,0,0,0,0,0,0,0,0,0,0
60764,1,1,1989,17,17,17,17,17,17,17,17,17,17
60765,1,1,1989,0,0,0,0,0,0,0,0,0,0
60766,1,1,1989,21,21,21,21,21,21,21,21,21,21
60767,0,1,1989,25,25,25,25,25,25,25,25,25,25
60767,1,1,1989,0,0,8,0,0,0,0,0,0,0
60768,1,1,1989,11,11,11,11,11,11,11,11,11,11
60769,1,1,1989,0,0,0,0,0,0,0,0,0,0
60769,2,1,1989,0,0,0,0,0,0,0,0,0,0
60769,3,1,1989,32,32,32,32,32,32,32,32,32,32
60770,1,1,1989,19,19,19,19,19,19,19,19,19,19
60770,2,1,1989,15,15,15,15,15,15,15,15,15,15
60771,1,1,1989,0,19,0,0,0,22,0,23,0,0
60772,1,1,1989,0,0,0,0,0,0,0,0,0,0
60773,1,1,1989,0,0,0,0,0,0,0,0,0,0
60773,2,1,1989,0,0,0,0,0,0,0,0,0,0
60774,1,1,1989,0,0,0,0,0,0,0,0,0,0
60774,2,1,1989,0,0,0,0,0,0,0,0,0,0
60775,0,1,1989,29,29,29,29,29,29,29,29,29,29
60775,1,1,1989,0,0,0,0,0,0,0,0,0,0
60776,0,1,1989,0,0,0,0,0,0,0,0,0,0
60776,1,1,1989,0,0,0,0,0,0,0,0,0,0
60777,1,1,1989,12,12,12,12,12,12,12,12,12,12
60778,0,1,1989,36,36,36,36,36,36,36,36,36,36
60778,1,1,1989,0,0,0,0,0,0,0,0,0,0
60779,0,1,1989,0,0,0,0,0,0,0,0,0,0
60779,0,2,1989,0,0,0,0,0,0,0,0,0,0
60779,1,1,1989,0,0,0,0,0,0,0,0,0,0
60780,0,1,1989,0,0,0,0,0,0,0,0,0,0
60780,1,1,1989,0,0,0,0,0,0,0,0,0,17
60781,0,1,1989,0,0,0,0,0,0,0,0,0,0
60781,1,1,1989,0,0,0,0,0,0,0,0,0,0
60782,1,3,1989,18,22,17,0,13,0,0,0,16,0
60783,0,1,1989,16,16,16,16,16,16,16,16,16,16
60783,1,1,1989,6,0,0,0,0,17,0,12,20,15
60784,1,1,1989,0,0,0,0,0,0,0,0,0,0
60785,1,1,1989,0,0,0,0,0,0,0,0,0,0
60786,1,1,1989,16,28,0,21,0,0,0,0,0,0
60787,1,1,1989,19,19,19,19,19,19,19,19,19,19
60787,2,1,1989,0,0,0,0,0,0,0,0,0,0
60788,1,1,1989,0,0,0,0,0,0,0,0,0,0
60788,2,1,1989,0,0,0,0,0,0,0,0,0,0
60788,3,1,1989,10,10,10,10,10,10,10,10,10,10
60788,4,1,1989,0,0,0,0,18,7,0,0,0,8
60789,1,1,1989,12,12,12,12,12,12,12,12,12,12