ST_CASE,VEH_NO,PER_NO,YEAR,P1,P2,P3,P4,P5,P6,P7,P8,P9,P10
60790,1,1,1989,13,13,13,13,13,13,13,13,13,13
60791,1,1,1989,5,5,5,5,5,5,5,5,5,5
60791,2,1,1989,0,0,0,0,0,0,0,0,0,0
60792,0,1,1989,0,0,0,0,0,0,0,0,0,0
60792,1,1,1989,0,0,0,0,0,0,0,0,0,0
60793,1,1,1989,0,0,0,0,0,0,0,0,0,0
60793,2,1,1989,0,0,0,0,0,0,3,0,0,0
60794,1,1,1989,0,0,0,0,0,0,0,0,0,0
60795,1,1,1989,0,0,0,0,0,0,0,0,0,0
60796,1,1,1989,0,0,0,0,0,0,0,0,0,0
60796,2,1,1989,0,0,0,0,0,0,0,0,0,0
60797,1,1,1989,22,22,22,22,22,22,22,22,22,22
60798,1,1,1989,0,0,0,0,0,0,0,0,0,0
60798,2,1,1989,0,0,0,0,0,0,0,0,0,0
60799,0,1,1989,33,33,33,33,33,33,33,33,33,33
60799,1,1,1989,0,0,0,0,0,0,0,0,0,0
60800,0,1,1989,0,0,0,0,0,0,0,0,0,0
60800,1,1,1989,5,0,0,8,0,0,11,0,0,15
60801,0,1,1989,0,0,0,0,0,0,0,0,0,0
60801,1,1,1989,0,0,0,0,0,0,0,0,0,0
60802,1,1,1989,20,20,20,20,20,20,20,20,20,20
60802,2,1,1989,0,0,0,17,0,0,0,0,0,0
60803,1,1,1989,14,14,14,14,14,14,14,14,14,14
60804,0,1,1989,0,0,0,0,0,0,0,0,0,0
60804,0,2,1989,0,0,0,0,0,0,0,0,0,0
60804,0,3,1989,0,0,0,0,0,9,10,15,0,0
60804,0,4,1989,0,0,0,0,0,0,0,0,0,0
60804,0,5,1989,0,11,11,0,0,0,0,2,0,0
60804,1,1,1989,0,0,0,0,0,0,9,0,0,0
60804,2,1,1989,0,0,0,0,0,0,0,25,0,0
60805,0,1,1989,0,0,0,0,0,0,0,0,0,0
60805,1,1,1989,0,0,0,0,0,0,0,0,0,0
60805,2,1,1989,9,0,0,0,0,0,0,0,0,0
60806,1,1,1989,0,0,0,0,0,0,0,0,0,0
60807,1,1,1989,16,16,16,16,16,16,16,16,16,16
60808,0,1,1989,21,21,21,21,21,21,21,21,21,21
60808,1,1,1989,0,0,0,0,0,0,0,0,0,0
60809,1,1,1989,12,12,12,12,12,12,12,12,12,12
60810,1,1,1989,0,9,0,0,0,0,0,0,0,0
60811,1,1,1989,0,0,0,0,0,0,0,0,0,0
60811,2,1,1989,0,0,0,0,0,0,0,0,0,0
60812,1,1,1989,12,12,12,12,12,12,12,12,12,12
60813,1,1,1989,6,6,6,6,6,6,6,6,6,6
60813,2,1,1989,0,10,21,13,0,0,27,0,0,0
60814,0,1,1989,0,0,0,0,0,0,0,0,0,0
60814,1,1,1989,0,0,0,0,0,0,0,0,0,0
60815,1,1,1989,0,0,0,0,0,0,0,0,0,0
60815,2,1,1989,25,25,25,25,25,25,25,25,25,25
60816,1,1,1989,0,0,0,0,0,0,0,0,0,0
60817,1,1,1989,0,0,0,0,0,0,0,0,0,0
60817,2,1,1989,0,0,0,0,0,0,0,0,0,0
60818,0,1,1989,0,0,0,0,0,0,0,0,0,0
60818,1,1,1989,0,0,0,0,0,0,0,32,0,0
60819,1,1,1989,0,21,0,0,0,0,15,0,0,0
60819,2,1,1989,0,0,0,0,0,0,0,0,0,0
60820,1,1,1989,0,0,0,0,0,0,0,0,0,0
60820,2,1,1989,0,0,0,0,0,0,0,0,0,0
60820,3,1,1989,0,0,0,0,0,0,12,0,0,0
60821,1,1,1989,0,0,0,0,0,0,0,0,0,0
60821,2,1,1989,0,0,0,0,0,0,0,0,0,0
60821,3,1,1989,0,0,0,0,0,0,0,0,0,0
60822,0,1,1989,22,22,22,22,22,22,22,22,22,22
60822,1,1,1989,0,0,0,0,0,0,21,0,0,0
60823,0,1,1989,24,24,24,24,24,24,24,24,24,24
60823,1,1,1989,22,0,33,0,0,0,13,0,0,0
60823,2,1,1989,0,8,0,0,0,0,0,16,0,0
60824,1,1,1989,0,0,0,0,0,0,0,0,0,0
60825,1,1,1989,0,0,0,0,0,0,0,0,0,0
60825,2,1,1989,9,9,9,9,9,9,9,9,9,9
60826,0,1,1989,24,24,24,24,24,24,24,24,24,24
60826,1,1,1989,0,0,0,0,0,0,0,0,0,0
60827,1,1,1989,0,0,20,0,0,0,0,0,0,0
60828,1,1,1989,0,0,0,0,15,0,0,0,13,22
60829,0,1,1989,0,0,0,0,0,0,0,0,0,0
60829,1,1,1989,0,7,0,0,0,0,0,0,0,0
60829,2,1,1989,0,0,0,0,0,0,0,0,0,0
60830,1,1,1989,0,0,0,0,0,0,0,0,0,0
60831,1,1,1989,0,0,0,0,0,0,0,0,0,0
60832,1,1,1989,0,0,0,0,0,0,0,0,0,0
60833,1,1,1989,20,20,20,20,20,20,20,20,20,20
60834,0,1,1989,0,0,0,0,0,0,0,0,0,0
60834,1,1,1989,0,0,0,0,0,0,0,0,0,17
60835,1,1,1989,0,4,20,0,0,10,23,0,13,0
60836,0,1,1989,0,0,0,0,0,0,0,0,0,0
60836,1,1,1989,0,4,0,0,0,0,0,0,0,0
60837,1,1,1989,0,0,0,0,0,0,0,0,0,0
60838,0,1,1989,0,0,0,0,0,0,0,0,0,0
60838,1,1,1989,0,0,0,0,0,0,0,9,0,0
60839,0,1,1989,5,0,0,0,0,0,0,0,0,14
60839,0,2,1989,19,0,0,0,0,0,4,0,25,0
60839,0,3,1989,0,0,0,0,0,0,0,0,0,0
60839,1,1,1989,25,25,25,25,25,25,25,25,25,25
60840,1,1,1989,12,12,12,12,12,12,12,12,12,12
60840,2,1,1989,0,0,0,0,0,0,0,0,0,0
60841,1,1,1989,0,0,0,0,0,0,0,0,0,0
60841,2,1,1989,0,0,0,0,0,0,0,0,20,0
60842,1,1,1989,18,18,18,18,18,18,18,18,18,18
60842,2,1,1989,0,0,10,0,0,0,0,0,0,0
60843,1,1,1989,14,14,14,14,14,14,14,14,14,14
60844,0,1,1989,16,16,16,16,16,16,16,16,16,16
60844,0,2,1989,0,0,22,24,18,7,37,39,7,0
60844,1,1,1989,0,0,0,0,0,0,0,0,0,0
60845,1,1,1989,23,23,23,23,23,23,23,23,23,23
60845,2,1,1989,0,0,0,0,0,0,0,19,0,7
60846,1,1,1989,11,37,12,10,20,11,8,18,8,6
60846,2,1,1989,0,0,0,0,0,0,0,0,0,0
60847,1,1,1989,0,0,0,0,0,0,0,0,0,0
60848,1,1,1989,0,0,0,0,0,0,0,0,0,0
60848,2,1,1989,0,0,0,0,0,0,0,0,0,0
60849,1,1,1989,0,0,0,0,0,0,0,0,0,0
60849,2,1,1989,0,0,0,0,0,0,0,0,0,0
60850,1,1,1989,0,0,0,0,0,0,0,0,0,0
60850,2,1,1989,0,0,0,0,0,0,0,0,0,0
60851,1,1,1989,0,0,0,0,0,0,0,0,0,0
60851,2,1,1989,0,0,0,0,0,0,0,0,0,0
60852,0,1,1989,20,0,16,35,0,0,0,0,9,0
60852,1,1,1989,0,11,0,20,25,0,28,14,14,0
60853,1,1,1989,14,14,14,14,14,14,14,14,14,14
60853,2,1,1989,0,0,0,0,0,0,0,0,0,0
60854,1,1,1989,11,11,11,11,11,11,11,11,11,11
60855,1,1,1989,8,8,8,8,8,8,8,8,8,8
60855,2,1,1989,12,12,12,12,12,12,12,12,12,12
60856,1,1,1989,27,27,27,27,27,27,27,27,27,27
60856,2,1,1989,0,0,0,0,0,0,0,0,0,0
60857,1,1,1989,0,0,0,0,0,0,0,0,0,0
60858,1,1,1989,12,3,9,15,16,19,20,22,19,13
60858,2,1,1989,0,0,0,0,0,0,0,0,0,0
60859,1,1,1989,0,0,0,0,0,0,0,0,0,0
60860,1,1,1989,0,0,0,0,0,0,0,0,0,0
60861,0,1,1989,24,24,24,24,24,24,24,24,24,24
60861,1,1,1989,0,6,2,0,0,0,0,0,0,13
60862,1,1,1989,12,12,12,12,12,12,12,12,12,12
60862,2,1,1989,0,0,0,0,0,0,0,0,0,0
60863,1,1,1989,6,12,5,23,15,17,0,18,11,0
60864,1,1,1989,14,14,14,14,14,14,14,14,14,14
60864,2,1,1989,0,0,0,0,0,0,0,0,0,0
60865,0,1,1989,34,34,34,34,34,34,34,34,34,34
60865,1,1,1989,0,0,0,22,0,0,0,0,0,0
60866,1,1,1989,25,25,25,25,25,25,25,25,25,25
60867,1,1,1989,0,0,0,0,0,0,0,0,0,0
60867,2,1,1989,0,0,0,0,0,0,0,0,0,0
60868,1,1,1989,0,0,0,0,0,0,0,0,0,0
60869,0,1,1989,18,18,18,18,18,18,18,18,18,18
60869,1,1,1989,0,0,0,0,0,0,0,0,0,0
60869,2,1,1989,0,0,0,0,0,0,4,0,0,0
60870,1,1,1989,19,19,19,19,19,19,19,19,19,19
60871,0,1,1989,28,28,28,28,28,28,28,28,28,28
60871,1,1,1989,0,0,0,0,0,0,0,0,0,0
60872,1,1,1989,0,0,17,0,0,0,0,0,0,0
60873,1,1,1989,31,31,31,31,31,31,31,31,31,31
60874,1,1,1989,6,0,0,0,0,0,0,0,0,0
60874,2,1,1989,0,0,0,0,0,0,0,0,0,0
60875,1,1,1989,18,18,18,18,18,18,18,18,18,18
60876,1,1,1989,28,28,28,28,28,28,28,28,28,28
60877,1,1,1989,19,19,19,19,19,19,19,19,19,19
60878,0,1,1989,0,0,0,0,0,0,0,0,0,0
60878,1,1,1989,0,0,0,0,0,0,0,0,0,0
60879,1,1,1989,10,10,10,10,10,10,10,10,10,10
60880,1,1,1989,0,0,0,0,0,0,0,0,0,0
60880,2,1,1989,27,27,27,27,27,27,27,27,27,27
60881,1,1,1989,15,14,8,12,10,15,4,11,16,19
60882,1,1,1989,3,3,3,3,3,3,3,3,3,3
60883,1,1,1989,11,11,11,11,11,11,11,11,11,11
60884,1,1,1989,22,22,22,22,22,22,22,22,22,22
60885,0,1,1989,0,0,0,5,21,0,0,0,0,0
60885,1,1,1989,10,12,8,0,22,18,11,9,17,16
60886,1,1,1989,16,16,16,16,16,16,16,16,16,16
60887,1,1,1989,35,0,24,20,0,0,21,16,26,19
60887,2,1,1989,3,0,12,10,30,0,0,18,18,13
60888,0,1,1989,0,0,0,0,0,0,0,0,0,0
60888,1,1,1989,29,29,29,29,29,29,29,29,29,29
60889,1,1,1989,21,14,16,0,19,17,0,10,14,9
60890,0,1,1989,11,11,11,11,11,11,11,11,11,11
60890,1,1,1989,0,0,0,0,0,0,0,0,0,0
60891,1,1,1989,0,0,0,0,0,0,0,0,0,0
60891,2,1,1989,0,0,0,0,0,0,0,0,0,0
60892,1,1,1989,0,0,0,0,0,0,0,0,0,0
60892,2,1,1989,0,0,0,0,0,0,0,0,0,0
60893,1,1,1989,8,8,8,8,8,8,8,8,8,8
60894,1,1,1989,0,0,0,0,0,0,0,0,0,0
60894,2,1,1989,0,0,0,0,0,0,0,0,0,0
60895,1,1,1989,0,6,0,0,0,0,0,0,0,0
60896,0,1,1989,0,0,0,0,0,0,0,0,0,0
60896,1,1,1989,0,0,0,19,0,0,0,0,0,0
60897,1,1,1989,0,0,0,0,0,0,0,0,0,0
60898,0,1,1989,0,0,0,0,0,0,0,0,0,0
60898,1,1,1989,0,15,0,0,0,0,0,17,0,0
60899,1,1,1989,16,16,16,16,16,16,16,16,16,16
60899,2,1,1989,0,0,0,0,0,0,0,0,0,0
60900,1,1,1989,0,0,0,0,0,0,0,0,0,0
60901,1,1,1989,4,4,4,4,4,4,4,4,4,4
60901,2,1,1989,0,0,0,0,0,0,0,0,0,0
60902,1,1,1989,15,15,15,15,15,15,15,15,15,15
60903,1,1,1989,0,0,0,0,0,28,0,0,0,0
60904,1,1,1989,23,23,23,23,23,23,23,23,23,23
60904,2,1,1989,0,0,0,0,0,0,0,4,0,0
60904,3,1,1989,0,0,0,0,0,0,0,0,0,0
60905,1,1,1989,18,18,18,18,18,18,18,18,18,18
60906,1,1,1989,0,0,20,0,20,0,0,0,0,0
60906,2,1,1989,13,13,13,13,13,13,13,13,13,13
60907,0,1,1989,0,0,0,0,0,0,0,0,0,0
60907,1,1,1989,0,0,0,0,0,0,0,0,0,0
60908,1,1,1989,7,0,0,0,0,0,0,0,0,0
60908,2,1,1989,0,0,0,0,0,0,0,0,0,0
60909,1,1,1989,2,2,2,2,2,2,2,2,2,2
60910,1,1,1989,0,0,9,0,0,0,0,0,0,0
60911,1,1,1989,38,38,38,38,38,38,38,38,38,38
60912,1,1,1989,9,9,9,9,9,9,9,9,9,9
60912,2,1,1989,4,4,4,4,4,4,4,4,4,4
60913,0,1,1989,17,17,17,17,17,17,17,17,17,17
60913,1,1,1989,0,0,0,0,0,0,0,0,0,0
60914,1,1,1989,0,0,0,0,0,0,0,0,0,0
60915,1,1,1989,0,0,8,0,0,0,0,0,0,0
60915,2,1,1989,18,18,18,18,18,18,18,18,18,18
60916,1,1,1989,18,18,18,18,18,18,18,18,18,18
60917,0,1,1989,3,3,3,3,3,3,3,3,3,3
60917,1,1,1989,0,0,0,0,0,0,0,0,21,0
60918,1,1,1989,15,6,35,7,2,13,0,0,26,0
60919,0,1,1989,0,0,0,0,0,0,0,0,0,0
60919,1,1,1989,0,0,15,0,0,0,0,0,0,12
60920,1,1,1989,0,0,0,0,0,0,0,0,0,0
60921,1,1,1989,0,0,0,0,0,0,0,0,0,0
60921,2,1,1989,0,0,0,0,0,0,0,0,0,0
60922,1,1,1989,8,21,10,15,31,14,26,19,8,13
60923,1,1,1989,0,0,0,0,0,0,0,0,0,0
60923,2,1,1989,0,0,0,0,0,0,0,0,0,0
60923,3,1,1989,0,0,0,0,0,0,0,0,0,0
60924,1,1,1989,14,14,14,14,14,14,14,14,14,14
60925,1,1,1989,0,0,0,0,0,0,0,0,0,0
60926,1,1,1989,26,26,26,26,26,26,26,26,26,26
60927,1,1,1989,0,0,0,0,0,0,0,0,0,0
60927,2,1,1989,2,2,2,2,2,2,2,2,2,2
60928,1,1,1989,0,0,0,0,0,0,0,0,0,0
60929,0,1,1989,0,0,0,11,0,0,0,0,0,9
60929,0,2,1989,0,0,0,0,0,0,0,0,0,0
60929,0,3,1989,0,0,29,9,0,0,0,0,0,0
60929,0,4,1989,0,0,0,0,0,0,0,18,0,0
60929,1,1,1989,0,0,0,0,0,0,0,0,0,0
60929,2,1,1989,0,0,0,0,0,0,0,0,0,0
60930,1,1,1989,0,0,0,0,0,0,0,0,0,0
60930,2,1,1989,0,0,0,0,0,0,0,0,0,0
60931,1,1,1989,0,0,0,0,0,0,0,0,0,0
60932,1,1,1989,0,0,0,0,0,0,0,0,0,0
60933,1,1,1989,2,2,2,2,2,2,2,2,2,2
60934,1,1,1989,0,0,0,0,0,0,0,0,0,0
60934,2,1,1989,3,3,3,3,3,3,3,3,3,3
60935,1,1,1989,0,15,6,23,27,19,21,17,19,0
60935,2,1,1989,13,0,12,6,20,16,11,5,10,6
60936,1,1,1989,2,2,2,2,2,2,2,2,2,2
60937,1,1,1989,9,9,9,9,9,9,9,9,9,9
60937,2,1,1989,0,0,0,0,0,0,0,0,0,0
60938,2,1,1989,9,9,9,9,9,9,9,9,9,9
60939,1,1,1989,23,23,23,23,23,23,23,23,23,23
60939,2,1,1989,6,3,11,12,2,8,22,20,25,17
60940,1,1,1989,13,13,13,13,13,13,13,13,13,13
60940,2,1,1989,0,0,0,0,0,0,0,0,0,0
60940,3,1,1989,0,0,0,0,0,0,0,10,0,0
60941,1,1,1989,0,0,0,0,0,0,0,0,0,0
60941,2,1,1989,0,0,0,0,0,0,0,0,0,0
60942,1,1,1989,0,0,0,0,0,0,0,0,0,0
60942,2,1,1989,0,0,0,0,0,0,0,0,0,0
60943,1,1,1989,0,0,0,0,0,0,0,0,0,0
60943,2,1,1989,0,0,0,0,0,0,0,0,0,0
60944,1,1,1989,0,0,0,0,0,0,0,0,0,0
60944,2,1,1989,0,0,0,0,0,0,0,0,0,0
60945,1,1,1989,14,14,14,14,14,14,14,14,14,14
60946,1,1,1989,23,23,23,23,23,23,23,23,23,23
60947,1,1,1989,14,14,14,14,14,14,14,14,14,14
60947,2,1,1989,15,0,0,0,0,0,0,0,0,0
60947,3,1,1989,0,0,0,0,0,0,0,0,0,0
60948,0,1,1989,0,0,0,0,0,0,0,0,0,0
60948,1,1,1989,25,0,20,28,27,25,9,23,13,12
60949,1,1,1989,19,19,19,19,19,19,19,19,19,19
60950,1,1,1989,0,0,0,0,0,0,0,0,0,0
60950,2,1,1989,0,0,0,0,0,0,0,0,0,0
60950,3,1,1989,0,0,0,0,0,0,0,0,25,0
60951,1,1,1989,0,0,0,0,0,0,0,0,0,0
60952,1,1,1989,0,0,0,0,0,0,0,0,0,0
60953,1,1,1989,0,0,13,0,0,0,0,0,0,0
60953,2,1,1989,0,0,0,0,0,0,0,0,0,0
60953,3,1,1989,0,0,0,0,0,0,0,0,0,0
60954,1,1,1989,0,0,0,0,0,0,0,0,0,0
60955,1,1,1989,0,0,0,0,0,0,0,0,0,0
60956,1,1,1989,0,0,0,0,0,0,0,0,0,0
60956,2,1,1989,0,0,0,0,0,0,0,0,0,0
60957,0,1,1989,22,22,22,22,22,22,22,22,22,22
60957,0,2,1989,15,22,38,17,1,7,26,32,17,18
60957,0,3,1989,12,35,10,18,6,6,8,12,18,16
60957,1,1,1989,11,0,7,4,13,0,8,5,9,17
60958,1,1,1989,5,0,12,4,11,0,8,14,7,18
60958,2,1,1989,5,5,5,5,5,5,5,5,5,5
60959,1,1,1989,0,0,0,0,0,0,0,0,0,0
60959,2,1,1989,0,0,0,0,0,0,0,5,0,0
60960,0,1,1989,0,0,0,0,0,0,0,0,0,0
60960,1,1,1989,0,0,0,0,0,0,0,0,0,0
60961,1,1,1989,32,32,32,32,32,32,32,32,32,32
60962,1,1,1989,18,18,18,18,18,18,18,18,18,18
60963,1,1,1989,0,0,0,0,0,0,0,0,0,0
60964,1,1,1989,24,24,24,24,24,24,24,24,24,24
60965,1,1,1989,22,22,22,22,22,22,22,22,22,22
60966,1,1,1989,16,22,10,9,15,19,0,26,16,4
60967,1,1,1989,24,24,24,24,24,24,24,24,24,24
60968,0,1,1989,0,0,0,0,0,0,0,0,0,0
60968,1,1,1989,0,0,0,0,0,0,0,0,0,0
60969,0,1,1989,0,0,0,0,0,0,0,0,0,0
60969,1,1,1989,0,0,0,0,0,0,0,0,0,0
60970,1,1,1989,22,22,22,22,22,22,22,22,22,22
60971,1,1,1989,15,15,15,15,15,15,15,15,15,15
60971,2,1,1989,0,0,0,0,0,0,0,0,0,0
60972,1,1,1989,21,21,21,21,21,21,21,21,21,21
60973,1,1,1989,17,22,14,7,23,13,16,31,24,0
60973,2,1,1989,0,0,0,0,0,30,0,16,0,20
60974,1,1,1989,13,13,13,13,13,13,13,13,13,13
60975,1,1,1989,3,3,3,3,3,3,3,3,3,3
60976,1,1,1989,13,13,13,13,13,13,13,13,13,13
60977,1,1,1989,0,0,0,0,0,0,0,0,0,0
60977,2,1,1989,0,0,0,0,0,0,0,0,0,0
60978,1,1,1989,0,0,0,0,0,0,0,0,0,0
60979,1,1,1989,0,6,0,0,0,0,0,0,0,0
60980,0,1,1989,0,0,0,0,0,0,0,0,0,0
60980,1,1,1989,0,0,0,0,0,0,0,0,0,0
60981,1,1,1989,0,0,0,0,0,0,0,0,0,0
60981,2,1,1989,0,0,0,0,0,0,0,0,0,0
60982,1,1,1989,0,0,0,0,0,0,0,0,0,0
60982,2,1,1989,0,0,0,0,0,0,0,0,0,0
60983,1,1,1989,1,1,1,1,1,1,1,1,1,1
60983,2,1,1989,0,0,0,0,0,0,0,0,0,0
60984,0,1,1989,0,0,0,0,0,0,0,0,0,0
60984,1,1,1989,0,0,0,0,0,0,0,0,0,0
60985,1,1,1989,0,0,0,0,0,0,0,0,0,0
60985,2,1,1989,0,0,0,0,0,0,0,0,0,0
60986,1,1,1989,22,22,22,22,22,22,22,22,22,22
60987,1,1,1989,0,0,0,0,0,0,0,0,0,0
60987,2,1,1989,0,0,0,0,0,0,0,0,0,0
60988,1,1,1989,0,11,0,0,0,0,0,16,0,0
60988,2,1,1989,12,12,12,12,12,12,12,12,12,12
60989,0,1,1989,22,22,22,22,22,22,22,22,22,22
60989,1,1,1989,0,0,0,0,0,0,0,0,0,0
60990,1,1,1989,0,0,0,0,0,0,0,0,0,0
60990,2,1,1989,0,0,0,0,0,0,0,0,0,0
60991,1,1,1989,13,13,13,13,13,13,13,13,13,13
60992,1,1,1989,9,9,9,9,9,9,9,9,9,9
60993,1,1,1989,0,0,0,0,0,0,0,0,4,0
60994,1,1,1989,11,11,11,11,11,11,11,11,11,11
60995,1,1,1989,31,31,31,31,31,31,31,31,31,31
60996,0,1,1989,29,29,29,29,29,29,29,29,29,29
60996,1,1,1989,0,0,0,22,0,0,0,0,0,10
60997,0,1,1989,0,0,0,0,0,0,0,0,0,0
60997,1,1,1989,13,9,26,0,4,14,0,17,0,13
60998,1,1,1989,0,0,0,0,0,0,0,0,0,0
60999,1,1,1989,0,0,0,0,0,0,0,0,0,0
60999,2,1,1989,0,0,0,0,0,0,0,0,0,0
61000,1,1,1989,15,15,15,15,15,15,15,15,15,15
61001,1,1,1989,0,0,0,4,0,0,0,0,20,5
61001,2,1,1989,7,7,7,7,7,7,7,7,7,7
61002,1,1,1989,0,0,0,0,0,0,0,0,0,0
61003,1,1,1989,0,0,0,0,0,0,0,0,0,0
61004,1,1,1989,0,0,0,26,9,0,0,0,0,0
61004,2,1,1989,0,0,0,0,0,0,0,0,0,0
61004,3,1,1989,0,0,0,0,0,0,0,0,0,0
61005,1,1,1989,24,24,24,24,24,24,24,24,24,24
61006,1,1,1989,0,0,0,0,0,0,0,0,0,0
61006,2,1,1989,2,2,2,2,2,2,2,2,2,2
61006,3,1,1989,0,0,0,0,0,0,0,0,0,0
61007,1,1,1989,0,0,0,0,0,0,0,0,0,0
61007,2,1,1989,0,0,0,0,0,0,0,0,0,0
61008,1,1,1989,0,0,0,0,0,0,0,0,0,0
61008,2,1,1989,0,0,0,0,0,0,0,0,0,0
61009,1,1,1989,20,20,20,20,20,20,20,20,20,20
61010,0,1,1989,15,15,15,15,15,15,15,15,15,15
61010,1,1,1989,0,0,0,0,0,0,0,0,0,0
61011,1,1,1989,0,0,0,0,0,0,0,0,0,0
61011,2,1,1989,6,6,6,6,6,6,6,6,6,6
61012,1,1,1989,0,0,0,0,0,0,0,0,0,0
61012,2,1,1989,0,0,0,0,0,0,0,0,0,0
61013,0,1,1989,0,0,0,0,0,0,0,0,0,0
61014,0,1,1989,8,8,8,8,8,8,8,8,8,8
61014,1,1,1989,2,2,2,2,2,2,2,2,2,2
61015,1,1,1989,14,14,14,14,14,14,14,14,14,14
61016,1,1,1989,0,0,0,0,0,0,0,0,0,0
61017,0,1,1989,0,0,0,0,0,0,0,0,0,0
61017,1,1,1989,0,0,0,0,0,0,0,0,0,0
61018,1,1,1989,0,0,0,0,0,0,0,0,0,0
61018,2,1,1989,0,0,0,0,0,0,0,0,0,0
61019,1,1,1989,0,0,0,0,0,0,0,0,0,0
61020,0,1,1989,0,0,0,0,0,0,0,0,0,0
61020,1,1,1989,0,0,0,0,0,0,0,0,0,0
61021,1,1,1989,0,0,0,0,0,0,23,0,0,0
61021,2,1,1989,7,7,0,9,19,16,14,9,11,13
61022,1,1,1989,28,28,28,28,28,28,28,28,28,28
61022,2,1,1989,0,0,0,0,0,0,0,0,0,0
61023,1,1,1989,0,0,0,0,0,0,0,0,0,0
61023,2,1,1989,0,0,0,0,0,0,0,0,0,0
61024,1,1,1989,15,15,15,15,15,15,15,15,15,15
61025,1,1,1989,0,0,0,0,0,0,0,0,0,0
61026,1,1,1989,0,0,0,0,0,0,0,0,0,0
61027,1,1,1989,0,0,0,0,0,0,0,0,0,0
61027,2,1,1989,0,0,0,0,0,0,0,0,0,0
61028,1,1,1989,0,0,0,0,0,0,0,0,0,0
61029,0,1,1989,0,0,0,0,0,0,0,0,0,0
61029,0,2,1989,0,0,0,0,0,0,0,0,0,0
61029,1,1,1989,0,0,0,0,0,0,0,0,0,0
61030,1,1,1989,0,0,0,0,0,0,0,0,0,0
61031,1,1,1989,0,0,0,0,0,0,0,0,0,0
61031,2,1,1989,0,0,0,0,0,0,0,0,0,0
61032,1,1,1989,0,0,0,0,17,0,0,0,0,0
61033,1,1,1989,0,0,0,29,0,0,21,13,0,0
61034,0,1,1989,0,0,0,0,0,0,0,0,0,0
61034,1,1,1989,0,0,0,0,0,0,0,0,0,0
61035,0,1,1989,6,0,0,0,22,0,0,0,0,0
61035,0,2,1989,0,0,13,0,0,0,18,0,22,0
61035,1,1,1989,25,25,25,25,25,25,25,25,25,25
61036,0,1,1989,0,0,0,0,0,0,0,0,0,0
61036,1,1,1989,0,0,0,0,0,0,0,0,0,0
61037,0,1,1989,0,0,0,0,0,0,0,0,0,23
61037,1,1,1989,0,0,0,0,0,0,0,0,0,0
61038,0,1,1989,0,0,8,0,0,0,0,0,24,0
61038,1,1,1989,0,0,0,0,0,0,0,0,0,0
61039,1,1,1989,0,0,0,0,0,0,0,0,0,0
61039,2,1,1989,0,0,0,0,0,0,0,0,0,0
61040,1,1,1989,0,0,0,0,0,0,0,0,0,0
61040,2,1,1989,0,0,0,0,0,0,0,0,0,0
61041,1,1,1989,0,0,0,0,0,0,0,0,0,0
61042,1,1,1989,9,22,16,17,17,7,10,10,10,12
61042,2,1,1989,1,1,1,1,1,1,1,1,1,1
61042,3,1,1989,0,0,0,0,0,0,0,0,0,0
61043,1,1,1989,0,0,0,0,0,0,0,0,0,0
61044,1,1,1989,9,9,9,9,9,9,9,9,9,9
61045,1,1,1989,19,19,19,19,19,19,19,19,19,19
61046,0,1,1989,0,0,0,0,0,0,0,0,0,0
61046,1,1,1989,0,0,0,0,0,0,0,0,0,0
61047,1,1,1989,0,0,0,0,0,0,0,0,0,0
61048,1,1,1989,15,15,15,15,15,15,15,15,15,15
61049,1,1,1989,0,0,0,0,0,0,0,0,0,0
61049,2,1,1989,0,0,0,0,0,0,0,0,0,0
61050,1,1,1989,5,13,5,13,7,24,12,9,11,3
61051,1,1,1989,19,0,0,14,26,0,9,35,27,31
61052,1,1,1989,2,2,2,2,2,2,2,2,2,2
61053,1,1,1989,11,11,11,11,11,11,11,11,11,11
61054,1,1,1989,0,0,21,0,28,13,0,0,0,17
61055,1,1,1989,0,0,0,0,0,0,0,0,0,0
61056,1,1,1989,0,0,0,0,0,0,0,0,0,0
61056,2,1,1989,0,0,0,0,0,0,0,0,0,0
61056,3,1,1989,0,0,0,0,0,0,0,0,0,0
61057,1,1,1989,16,16,16,16,16,16,16,16,16,16
61057,2,1,1989,0,0,0,0,7,0,0,0,0,0
61058,1,1,1989,0,0,0,0,0,0,0,0,0,0
61059,0,1,1989,28,28,28,28,28,28,28,28,28,28
61059,1,1,1989,7,0,0,12,0,10,0,0,21,0
61060,1,1,1989,0,0,0,0,0,0,0,0,0,0
61060,2,1,1989,0,0,0,0,0,0,0,0,0,0
61061,1,1,1989,25,25,25,25,25,25,25,25,25,25
61062,1,1,1989,2,2,2,2,2,2,2,2,2,2
61062,2,1,1989,8,0,0,0,0,0,0,0,0,0
61063,0,1,1989,0,0,0,0,0,0,0,0,0,0
61063,1,1,1989,0,0,0,0,0,23,0,0,0,23
61064,1,1,1989,0,10,25,11,27,0,22,22,3,21
61065,0,1,1989,0,0,0,0,0,0,0,0,0,0
61065,1,1,1989,2,2,2,2,2,2,2,2,2,2
61066,1,1,1989,0,0,0,0,0,0,0,0,0,0
61066,2,1,1989,15,15,15,15,15,15,15,15,15,15
61067,0,1,1989,0,0,0,0,0,0,0,0,0,0
61067,1,1,1989,0,0,0,0,0,0,0,0,0,0
61068,1,1,1989,0,0,0,0,0,0,0,0,0,0
61069,1,1,1989,0,0,0,0,0,0,0,0,0,0
61070,1,1,1989,0,0,0,0,0,0,0,0,0,0
61071,1,1,1989,0,0,0,0,0,0,0,0,0,0
61071,2,1,1989,0,0,0,0,0,0,0,0,0,0
61072,1,1,1989,13,13,13,13,13,13,13,13,13,13