ST_CASE,VEH_NO,PER_NO,YEAR,P1,P2,P3,P4,P5,P6,P7,P8,P9,P10
61353,1,1,1989,0,0,0,0,0,0,0,0,0,0
61353,2,1,1989,17,0,7,13,19,15,0,9,0,11
61354,0,1,1989,26,26,26,26,26,26,26,26,26,26
61354,1,1,1989,17,12,0,12,0,17,0,0,0,0
61355,1,1,1989,0,0,0,0,11,0,0,8,0,0
61356,1,1,1989,9,9,9,9,9,9,9,9,9,9
61357,1,1,1989,21,21,21,21,21,21,21,21,21,21
61358,1,1,1989,16,16,16,16,16,16,16,16,16,16
61359,0,1,1989,0,0,0,0,0,0,0,0,0,0
61359,1,1,1989,0,22,0,0,2,0,28,9,11,0
61360,1,1,1989,20,20,20,20,20,20,20,20,20,20
61361,1,1,1989,23,23,23,23,23,23,23,23,23,23
61362,1,1,1989,0,0,0,0,0,0,0,0,0,0
61362,2,1,1989,16,16,16,16,16,16,16,16,16,16
61363,1,1,1989,0,0,0,0,0,0,0,0,0,0
61364,1,1,1989,0,0,0,0,0,0,0,0,0,0
61364,2,1,1989,0,0,0,6,0,0,0,0,0,0
61365,1,1,1989,0,0,0,0,0,0,0,0,0,0
61366,0,1,1989,0,0,0,0,0,0,0,0,0,0
61366,1,1,1989,26,26,26,26,26,26,26,26,26,26
61367,1,1,1989,0,0,0,0,0,0,0,0,0,0
61368,1,1,1989,0,0,12,0,0,0,0,0,0,0
61368,2,1,1989,0,0,0,0,0,0,0,0,0,0
61369,0,1,1989,14,14,14,14,14,14,14,14,14,14
61369,1,1,1989,0,0,0,0,0,0,0,0,0,0
61370,1,1,1989,20,20,20,20,20,20,20,20,20,20
61371,1,1,1989,0,0,0,0,0,0,0,0,0,0
61371,2,1,1989,23,0,0,0,0,0,0,0,0,0
61372,1,1,1989,7,25,0,0,0,0,0,0,0,0
61372,2,1,1989,0,0,0,0,0,0,0,0,0,0
61372,3,1,1989,11,0,0,0,0,0,0,0,0,0
61372,4,1,1989,0,0,0,20,0,0,0,0,0,16
61373,1,1,1989,0,0,0,0,0,0,0,0,0,0
61374,0,1,1989,11,11,11,11,11,11,11,11,11,11
61374,1,1,1989,0,0,0,0,0,0,12,6,0,0
61375,1,1,1989,0,0,0,0,0,0,0,0,0,0
61376,1,1,1989,0,0,0,0,0,0,0,0,0,0
61376,2,1,1989,0,0,0,0,0,0,0,0,0,0
61377,0,1,1989,8,8,8,8,8,8,8,8,8,8
61377,1,1,1989,10,0,0,0,0,0,0,0,0,0
61378,0,1,1989,0,0,0,0,0,0,0,0,0,0
61378,1,1,1989,0,0,0,0,0,0,0,0,0,0
61379,1,1,1989,0,0,0,0,0,0,0,0,0,0
61379,2,1,1989,0,0,0,0,0,0,0,0,0,0
61380,1,1,1989,0,0,0,0,0,0,0,0,0,0
61381,0,1,1989,0,0,0,0,0,0,0,0,0,0
61381,1,1,1989,0,0,0,0,0,0,0,0,0,0
61382,1,1,1989,27,27,27,27,27,27,27,27,27,27
61383,1,1,1989,23,23,23,23,23,23,23,23,23,23
61384,1,1,1989,29,29,29,29,29,29,29,29,29,29
61385,0,1,1989,0,0,0,0,0,0,0,0,0,0
61385,1,1,1989,0,0,0,0,0,0,0,0,0,0
61386,1,1,1989,9,9,9,9,9,9,9,9,9,9
61387,1,1,1989,0,0,0,0,0,0,0,0,0,0
61387,2,1,1989,12,12,12,12,12,12,12,12,12,12
61388,1,1,1989,13,13,13,13,13,13,13,13,13,13
61389,0,1,1989,40,40,40,40,40,40,40,40,40,40
61389,1,1,1989,0,0,0,0,0,0,0,0,0,0
61390,1,1,1989,9,9,9,9,9,9,9,9,9,9
61391,1,1,1989,0,0,0,0,0,0,0,0,0,0
61391,2,1,1989,0,7,0,0,0,0,0,0,0,0
61392,1,1,1989,19,21,22,0,0,0,0,17,0,0
61392,2,1,1989,0,0,0,0,0,0,0,0,0,0
61392,3,1,1989,0,0,0,0,0,0,0,0,0,0
61393,1,1,1989,21,21,21,21,21,21,21,21,21,21
61394,1,1,1989,0,0,0,0,0,0,0,0,0,0
61394,2,1,1989,8,8,8,8,8,8,8,8,8,8
61395,1,1,1989,0,0,0,0,16,0,28,0,0,0
61396,0,1,1989,0,0,0,0,0,0,0,0,0,0
61396,2,1,1989,0,0,0,0,0,0,0,0,0,0
61397,1,1,1989,0,0,0,0,0,0,0,0,0,0
61397,2,1,1989,0,0,0,0,7,0,0,0,0,0
61397,3,1,1989,0,0,0,0,0,0,0,0,10,0
61397,4,1,1989,0,0,0,0,0,0,0,0,0,0
61397,5,1,1989,0,0,3,0,0,0,0,0,0,0
61398,1,1,1989,12,12,12,12,12,12,12,12,12,12
61399,0,1,1989,0,0,0,0,0,0,0,0,0,0
61399,1,1,1989,0,0,0,28,0,0,0,22,0,0
61400,1,1,1989,0,0,0,0,0,0,0,0,0,0
61401,1,1,1989,15,15,15,15,15,15,15,15,15,15
61402,1,1,1989,0,0,0,0,0,0,0,0,0,0
61402,2,1,1989,0,0,0,0,0,0,0,0,0,0
61403,1,1,1989,0,0,12,0,15,0,0,0,0,0
61403,2,1,1989,9,9,9,9,9,9,9,9,9,9
61404,1,1,1989,0,0,0,0,0,0,0,0,0,0
61405,1,1,1989,0,0,0,0,0,0,0,0,0,0
61405,2,1,1989,0,0,0,0,0,0,0,0,0,0
61406,1,1,1989,0,0,0,0,0,0,0,6,0,0
61406,2,1,1989,0,0,0,0,0,0,0,0,0,0
61406,3,1,1989,0,0,0,0,0,0,0,0,0,0
61406,4,1,1989,0,0,0,0,0,0,19,0,0,20
61407,1,1,1989,16,16,16,16,16,16,16,16,16,16
61407,2,1,1989,0,0,0,0,0,0,0,0,0,0
61408,1,1,1989,0,0,0,0,0,16,0,0,0,0
61408,2,1,1989,14,0,0,0,0,0,0,0,0,0
61408,3,1,1989,0,0,0,0,0,0,0,0,0,0
61409,0,1,1989,0,0,0,0,0,0,0,0,0,0
61409,1,1,1989,0,0,0,0,0,0,0,0,0,0
61409,2,1,1989,0,0,0,0,0,0,0,0,0,0
61409,3,1,1989,5,0,0,0,0,0,0,0,0,0
61409,4,1,1989,0,0,0,0,0,0,0,0,0,0
61410,1,1,1989,0,0,0,0,0,0,0,0,0,0
61411,0,1,1989,0,0,0,0,0,0,0,0,0,0
61411,1,1,1989,0,0,0,0,0,0,0,0,0,0
61412,1,1,1989,0,0,0,0,0,0,0,0,0,0
61413,0,1,1989,0,0,0,0,0,0,0,0,0,0
61413,1,1,1989,0,0,0,0,0,0,0,0,0,0
61414,1,1,1989,0,0,0,0,0,0,0,0,0,0
61414,2,1,1989,9,9,9,9,9,9,9,9,9,9
61414,3,1,1989,0,0,0,13,0,0,10,0,0,0
61415,1,1,1989,17,17,17,17,17,17,17,17,17,17
61415,2,1,1989,0,0,0,0,0,0,0,0,0,0
61416,1,1,1989,0,0,0,0,0,0,0,0,0,0
61416,2,1,1989,0,0,0,0,0,0,0,0,0,0
61417,1,1,1989,28,28,28,28,28,28,28,28,28,28
61417,2,1,1989,0,0,0,0,10,0,14,0,0,0
61418,1,1,1989,0,0,0,0,0,0,0,0,0,0
61419,0,1,1989,0,0,0,0,0,0,0,0,0,0
61419,0,2,1989,0,0,0,0,0,0,0,0,0,0
61419,0,3,1989,0,0,5,0,2,0,0,0,23,0
61419,0,4,1989,14,0,0,0,0,0,0,0,0,0
61419,0,5,1989,0,18,0,0,12,0,11,0,0,0
61419,1,1,1989,20,20,20,20,20,20,20,20,20,20
61420,1,1,1989,14,14,14,14,14,14,14,14,14,14
61421,0,1,1989,27,27,27,27,27,27,27,27,27,27
61421,1,1,1989,0,0,0,0,0,0,0,17,0,0
61422,1,1,1989,0,0,0,0,0,0,0,0,0,0
61423,1,1,1989,0,0,0,0,0,0,0,0,0,13
61423,2,1,1989,0,8,0,0,0,38,20,0,6,0
61424,1,1,1989,13,13,13,13,13,13,13,13,13,13
61424,2,1,1989,0,0,0,0,0,0,0,0,0,0
61425,1,1,1989,0,0,0,0,0,0,0,0,0,0
61426,1,1,1989,8,8,8,8,8,8,8,8,8,8
61426,2,1,1989,0,0,0,0,0,0,0,0,0,0
61427,0,1,1989,18,18,18,18,18,18,18,18,18,18
61427,0,2,1989,20,20,20,20,20,20,20,20,20,20
61427,1,1,1989,0,0,0,0,0,0,0,0,0,0
61428,1,1,1989,35,35,35,35,35,35,35,35,35,35
61428,2,1,1989,0,0,8,18,9,0,0,0,0,4
61429,1,1,1989,0,0,0,0,0,0,0,0,0,0
61429,2,1,1989,0,0,0,0,0,0,0,0,0,0
61430,0,1,1989,0,15,0,0,0,0,0,0,0,0
61430,1,1,1989,0,0,0,0,0,0,0,0,0,0
61431,0,1,1989,15,15,15,15,15,15,15,15,15,15
61431,1,1,1989,17,15,7,17,14,6,16,23,11,17
61432,1,1,1989,0,0,0,0,0,0,0,0,0,0
61432,2,1,1989,0,0,0,0,0,0,0,0,0,0
61432,3,1,1989,0,0,0,0,0,0,0,0,0,0
61433,1,1,1989,0,0,0,0,0,0,0,0,0,0
61433,2,1,1989,0,0,0,0,0,0,0,0,0,0
61433,3,1,1989,0,0,0,0,0,0,0,0,0,0
61434,1,1,1989,27,27,27,27,27,27,27,27,27,27
61435,1,1,1989,0,0,0,0,0,0,0,0,0,16
61435,2,1,1989,8,8,8,8,8,8,8,8,8,8
61436,0,1,1989,0,0,0,0,0,0,0,0,0,0
61436,1,1,1989,0,0,0,0,0,0,0,0,0,0
61437,0,1,1989,7,0,11,0,0,0,0,0,26,18
61437,1,1,1989,0,0,0,0,0,0,0,0,0,0
61438,1,1,1989,0,0,0,0,0,0,0,0,0,0
61438,2,1,1989,0,0,0,0,0,0,0,0,0,0
61439,0,1,1989,0,0,0,0,0,0,0,0,0,0
61439,1,1,1989,0,0,0,0,0,0,0,0,0,0
61440,1,1,1989,10,10,10,10,10,10,10,10,10,10
61441,1,1,1989,0,0,13,0,10,3,3,0,0,0
61441,2,1,1989,0,0,0,0,0,0,0,0,0,0
61442,0,1,1989,0,0,0,0,0,0,0,0,0,0
61442,1,1,1989,0,0,0,0,0,0,0,0,0,0
61443,1,1,1989,25,18,0,12,0,0,0,16,22,15
61443,2,1,1989,0,0,0,0,0,0,0,23,0,0
61444,1,1,1989,21,21,21,21,21,21,21,21,21,21
61444,2,1,1989,0,0,0,0,0,0,0,0,0,0
61444,3,1,1989,0,0,0,0,0,0,0,0,0,0
61445,0,1,1989,0,0,0,0,0,0,0,0,0,0
61445,1,1,1989,0,0,0,0,0,0,0,0,0,0
61446,0,1,1989,0,0,0,0,0,0,0,0,0,0
61446,1,1,1989,0,0,0,0,0,0,0,0,0,0
61447,0,1,1989,0,0,0,0,0,0,0,0,0,0
61447,1,1,1989,0,0,0,0,0,0,8,0,0,0
61448,1,1,1989,28,28,28,28,28,28,28,28,28,28
61448,2,1,1989,8,8,8,8,8,8,8,8,8,8
61449,0,1,1989,0,0,0,0,0,0,0,0,0,0
61449,1,1,1989,0,0,0,0,0,0,0,0,0,0
61450,0,1,1989,0,0,0,0,0,0,0,0,0,0
61450,1,1,1989,0,0,0,0,0,0,0,0,0,0
61451,1,1,1989,18,18,18,18,18,18,18,18,18,18
61452,1,1,1989,0,0,0,0,0,0,0,0,0,0
61453,1,1,1989,0,0,0,0,0,0,0,0,0,0
61454,1,1,1989,0,0,0,14,0,0,0,0,0,0
61455,1,1,1989,0,0,0,0,0,0,0,0,0,0
61455,2,1,1989,0,0,0,0,0,0,0,0,0,0
61456,0,1,1989,0,0,0,0,0,0,0,0,0,0
61456,1,1,1989,15,15,15,15,15,15,15,15,15,15
61457,1,1,1989,15,15,15,15,15,15,15,15,15,15
61457,2,1,1989,0,0,0,0,0,0,0,0,0,0
61458,1,1,1989,0,0,0,0,0,0,0,0,0,0
61459,0,1,1989,23,10,11,19,19,16,19,15,39,7
61459,1,1,1989,7,0,3,11,24,14,9,0,5,3
61460,0,1,1989,0,0,0,0,0,0,0,0,0,0
61460,1,1,1989,0,0,0,0,0,0,0,0,0,0
61461,1,1,1989,15,13,21,6,12,8,5,7,7,17
61461,2,1,1989,12,10,9,10,6,0,6,3,16,9
61462,1,1,1989,0,0,0,0,0,0,14,0,0,0
61462,2,1,1989,0,0,0,0,0,0,0,0,0,0
61463,1,1,1989,23,23,23,23,23,23,23,23,23,23
61463,2,1,1989,0,0,0,0,0,0,0,0,0,0
61464,0,1,1989,14,0,5,0,0,0,0,25,45,0
61464,0,2,1989,0,0,0,0,0,0,0,0,0,0
61464,1,1,1989,0,0,0,0,0,0,0,0,0,3
61465,1,1,1989,0,0,0,0,11,14,0,0,0,0
61466,0,1,1989,15,15,15,15,15,15,15,15,15,15
61466,1,1,1989,0,0,0,0,0,0,0,0,0,0
61467,1,1,1989,0,0,0,0,0,0,0,0,0,0
61467,2,1,1989,0,0,0,0,0,0,0,0,0,0
61468,0,1,1989,0,0,0,0,0,0,0,0,0,0
61468,0,2,1989,9,7,38,0,32,10,0,0,14,23
61468,1,1,1989,21,21,21,21,21,21,21,21,21,21
61469,1,1,1989,24,24,24,24,24,24,24,24,24,24
61470,1,1,1989,8,8,8,8,8,8,8,8,8,8
61471,1,1,1989,0,0,0,0,0,0,0,0,0,0
61471,2,1,1989,0,0,0,0,0,0,0,0,0,0
61472,1,1,1989,0,0,0,0,0,0,0,0,0,0
61472,2,1,1989,0,0,0,0,0,0,0,0,0,0
61472,3,1,1989,0,0,0,0,0,0,0,0,0,0
61473,1,1,1989,0,0,0,0,0,0,0,0,0,0
61473,2,1,1989,0,0,0,0,0,0,0,0,0,0
61474,1,1,1989,0,0,0,0,0,0,0,0,0,0
61475,1,1,1989,25,25,25,25,25,25,25,25,25,25
61476,0,1,1989,4,4,4,4,4,4,4,4,4,4
61476,1,1,1989,0,0,0,0,0,0,0,0,0,0
61477,1,1,1989,8,31,0,0,0,0,0,0,7,0
61477,2,1,1989,0,0,0,0,0,0,0,0,0,0
61478,1,1,1989,0,0,0,0,0,0,0,0,0,0
61479,1,1,1989,33,33,33,33,33,33,33,33,33,33
61480,1,1,1989,0,0,0,0,0,0,0,0,0,0
61480,2,1,1989,27,0,0,0,18,15,21,0,25,0
61481,1,1,1989,19,19,19,19,19,19,19,19,19,19
61481,2,1,1989,0,0,0,0,0,0,0,0,0,0
61482,0,1,1989,0,0,0,0,0,0,0,0,0,0
61482,1,1,1989,0,0,0,0,0,0,0,0,0,0
61483,0,1,1989,8,8,8,8,8,8,8,8,8,8
61483,1,1,1989,0,0,0,0,0,0,0,0,0,0
61484,0,1,1989,39,39,39,39,39,39,39,39,39,39
61484,1,1,1989,0,0,0,0,0,0,0,0,0,0
61486,1,1,1989,12,12,12,12,12,12,12,12,12,12
61486,2,1,1989,0,0,0,0,0,0,0,0,0,0
61486,3,1,1989,0,0,0,0,0,0,0,0,0,0
61487,1,1,1989,11,11,11,11,11,11,11,11,11,11
61487,2,1,1989,0,0,0,0,0,0,0,0,0,0
61487,3,1,1989,0,0,0,0,0,0,0,0,0,0
61488,1,1,1989,0,0,0,0,6,0,0,0,0,0
61488,2,1,1989,0,0,0,0,0,0,0,0,0,0
61489,1,1,1989,0,0,0,0,0,17,0,0,0,0
61489,2,1,1989,10,10,10,10,10,10,10,10,10,10
61490,1,1,1989,0,0,0,0,0,0,0,0,0,0
61490,2,1,1989,12,12,12,12,12,12,12,12,12,12
61490,3,1,1989,0,0,0,0,0,0,17,7,0,0
61491,1,1,1989,18,9,10,22,22,20,28,13,24,17
61492,0,1,1989,0,0,0,0,0,0,0,0,0,0
61492,1,1,1989,15,15,15,15,15,15,15,15,15,15
61493,0,1,1989,0,0,0,0,0,0,0,0,0,0
61493,1,1,1989,20,20,20,20,20,20,20,20,20,20
61494,0,1,1989,0,0,0,0,0,0,0,0,0,0
61494,1,1,1989,0,0,0,0,0,0,0,0,0,0
61495,1,1,1989,21,21,21,21,21,21,21,21,21,21
61495,2,1,1989,0,0,0,0,0,0,0,0,0,0
61496,1,1,1989,0,0,0,0,0,0,0,0,0,0
61496,2,1,1989,0,0,0,0,0,0,0,0,0,0
61496,3,1,1989,0,0,0,0,0,0,0,0,0,0
61497,1,1,1989,20,20,20,20,20,20,20,20,20,20
61497,2,1,1989,0,0,0,0,0,0,0,0,0,0
61497,3,1,1989,0,0,0,0,0,0,0,0,0,0
61498,1,1,1989,0,0,0,0,0,0,0,0,0,0
61498,2,1,1989,15,15,15,15,15,15,15,15,15,15
61499,1,1,1989,16,16,16,16,16,16,16,16,16,16
61499,2,1,1989,0,0,0,0,0,0,0,0,0,0
61499,3,1,1989,0,0,0,0,0,0,0,0,0,0
61499,4,1,1989,0,0,0,0,0,0,0,0,4,0
61500,1,1,1989,13,13,13,13,13,13,13,13,13,13
61501,1,1,1989,3,3,3,3,3,3,3,3,3,3
61502,1,1,1989,11,11,11,11,11,11,11,11,11,11
61502,2,1,1989,0,0,0,0,0,0,0,0,0,0
61503,1,1,1989,0,0,0,0,0,0,0,0,0,0
61504,1,1,1989,25,25,25,25,25,25,25,25,25,25
61504,2,1,1989,0,0,0,0,0,0,0,0,0,0
61504,3,1,1989,0,0,0,0,0,0,0,0,0,0
61505,1,1,1989,30,30,30,30,30,30,30,30,30,30
61505,2,1,1989,0,0,0,0,0,0,0,0,0,0
61506,1,1,1989,0,0,8,0,14,5,17,23,0,0
61507,0,1,1989,0,0,0,0,0,0,0,0,0,0
61507,1,1,1989,0,16,0,0,0,17,0,0,0,0
61508,1,1,1989,14,14,14,14,14,14,14,14,14,14
61509,1,1,1989,0,0,0,0,0,0,0,0,0,0
61509,2,1,1989,0,0,0,0,0,0,0,0,0,0
61510,1,1,1989,20,20,20,20,20,20,20,20,20,20
61510,2,1,1989,0,0,0,0,0,0,0,0,0,0
61511,1,1,1989,9,9,9,9,9,9,9,9,9,9
61511,2,1,1989,0,0,0,0,0,0,0,0,0,0
61512,1,1,1989,0,0,0,0,0,0,0,0,0,0
61512,2,1,1989,0,0,0,0,0,0,0,0,0,0
61513,1,1,1989,0,0,0,0,0,0,0,0,0,0
61514,1,1,1989,16,16,16,16,16,16,16,16,16,16
61514,2,1,1989,0,0,0,0,0,0,0,0,0,0
61515,1,1,1989,2,2,2,2,2,2,2,2,2,2
61515,2,1,1989,0,0,0,0,0,0,0,0,0,0
61516,1,1,1989,0,0,0,0,0,0,0,0,0,0
61516,2,1,1989,0,0,0,0,0,0,0,0,0,0
61517,1,1,1989,0,0,0,0,0,0,0,0,0,0
61517,2,1,1989,0,0,0,0,0,0,0,0,0,0
61518,0,1,1989,0,0,0,0,0,0,0,0,0,0
61518,1,1,1989,20,20,20,20,20,20,20,20,20,20
61520,1,1,1989,16,18,16,4,4,8,15,8,14,14
61520,2,1,1989,0,0,0,0,0,0,0,0,0,0
61521,1,1,1989,17,17,17,17,17,17,17,17,17,17
61522,1,1,1989,18,18,18,18,18,18,18,18,18,18
61523,1,1,1989,16,16,16,16,16,16,16,16,16,16
61523,2,1,1989,20,11,0,8,0,0,0,0,0,0
61524,0,1,1989,17,17,17,17,17,17,17,17,17,17
61524,1,1,1989,0,19,0,0,0,0,0,0,0,0
61525,1,1,1989,17,17,17,17,17,17,17,17,17,17
61526,1,1,1989,0,0,0,0,0,0,0,0,0,0
61526,2,1,1989,0,0,0,0,0,0,0,0,0,0
61527,1,1,1989,27,27,27,27,27,27,27,27,27,27
61527,2,1,1989,0,0,0,0,0,0,7,0,0,0
61527,3,1,1989,17,7,0,7,0,21,0,5,8,6
61528,1,1,1989,0,0,0,0,0,0,0,0,0,0
61528,2,1,1989,12,0,0,17,0,0,0,0,0,0
61529,0,1,1989,5,5,5,5,5,5,5,5,5,5
61529,1,1,1989,11,11,11,11,11,11,11,11,11,11
61529,2,1,1989,3,3,3,3,3,3,3,3,3,3
61530,1,1,1989,0,0,0,0,0,0,0,0,0,0
61530,2,1,1989,0,0,0,0,0,0,0,0,0,0
61530,3,1,1989,0,0,0,0,0,0,0,0,0,0
61531,0,1,1989,20,20,20,20,20,20,20,20,20,20
61531,1,1,1989,0,0,4,0,19,18,0,0,0,0
61532,1,1,1989,0,0,0,0,0,0,0,0,0,0
61533,1,1,1989,10,10,10,10,10,10,10,10,10,10
61534,1,1,1989,20,20,20,20,20,20,20,20,20,20
61535,1,1,1989,7,7,7,7,7,7,7,7,7,7
61536,1,1,1989,14,14,14,14,14,14,14,14,14,14
61537,1,1,1989,2,2,2,2,2,2,2,2,2,2
61537,2,1,1989,15,15,15,15,15,15,15,15,15,15
61538,0,1,1989,0,0,11,26,0,0,25,0,0,0
61538,1,1,1989,7,10,19,5,10,9,6,0,10,0
61539,1,1,1989,0,0,0,0,0,0,0,0,0,0
61539,2,1,1989,0,0,0,0,0,0,0,0,0,0
61540,1,1,1989,0,0,0,0,0,0,0,0,0,0
61541,1,1,1989,11,11,11,11,11,11,11,11,11,11
61541,2,1,1989,0,0,0,0,0,0,0,0,0,0
61541,3,1,1989,0,0,0,0,0,0,0,0,0,0
61542,1,1,1989,10,10,10,10,10,10,10,10,10,10
61543,1,1,1989,0,0,0,0,14,0,0,0,0,0
61543,2,1,1989,0,0,0,0,0,0,0,0,0,0
61544,1,1,1989,0,0,0,17,0,0,0,0,0,0
61544,2,1,1989,0,0,0,0,0,0,0,0,11,0
61545,1,1,1989,0,0,0,0,0,0,0,0,0,0
61545,2,1,1989,0,0,0,12,0,0,0,0,0,0
61546,1,1,1989,9,9,9,9,9,9,9,9,9,9
61546,2,1,1989,0,0,0,0,0,0,0,0,0,0
61547,0,1,1989,0,0,0,0,0,0,0,0,0,0
61547,1,1,1989,21,21,21,21,21,21,21,21,21,21
61548,0,1,1989,12,13,0,0,22,0,0,0,0,34
61548,1,1,1989,0,0,0,0,0,0,0,0,0,0
61549,1,1,1989,4,4,4,4,4,4,4,4,4,4
61549,2,1,1989,15,3,0,16,2,6,11,6,13,17
61550,1,1,1989,0,0,0,0,0,0,0,0,0,0
61551,1,1,1989,0,0,0,0,0,0,0,0,0,19
61552,1,1,1989,0,0,0,0,0,0,0,0,0,0
61553,1,1,1989,0,0,0,0,0,0,0,0,0,0
61554,0,1,1989,0,0,0,0,0,0,0,0,0,0
61554,1,1,1989,0,0,0,0,0,0,0,0,0,0
61555,1,1,1989,0,0,0,0,0,0,0,0,0,0
61555,2,1,1989,18,0,0,0,0,0,0,0,0,0
61556,1,1,1989,0,8,0,0,0,0,0,0,0,0
61556,2,1,1989,7,7,7,7,7,7,7,7,7,7
61557,1,1,1989,10,10,10,10,10,10,10,10,10,10
61558,1,1,1989,13,13,13,13,13,13,13,13,13,13
61558,2,1,1989,0,0,0,0,0,0,0,0,0,0
61558,3,1,1989,0,0,0,0,0,0,0,0,0,0
61559,1,1,1989,19,19,19,19,19,19,19,19,19,19
61559,2,1,1989,0,0,9,0,0,0,0,0,14,0
61559,3,1,1989,0,0,0,0,0,0,0,0,0,0
61560,1,1,1989,19,19,19,19,19,19,19,19,19,19
61560,2,1,1989,0,0,0,0,0,0,0,0,0,0
61560,3,1,1989,0,0,0,0,0,0,0,0,0,17
61560,4,1,1989,0,0,0,0,0,7,0,0,0,0
61561,0,1,1989,0,0,0,0,0,0,0,0,0,0
61561,1,1,1989,17,17,17,17,17,17,17,17,17,17
61562,1,1,1989,0,0,0,0,0,0,0,0,0,0
61562,2,1,1989,0,0,0,0,0,0,0,0,0,0
61563,0,1,1989,0,0,0,0,0,0,0,0,0,0
61563,1,1,1989,13,13,13,13,13,13,13,13,13,13
61564,1,1,1989,17,17,17,17,17,17,17,17,17,17
61564,2,1,1989,0,0,0,0,0,0,0,0,0,0
61565,1,1,1989,30,30,30,30,30,30,30,30,30,30
61566,1,1,1989,0,0,0,0,0,0,0,0,0,0
61567,1,1,1989,0,0,0,0,0,0,0,0,0,0
61567,2,1,1989,0,0,0,0,0,0,0,0,0,0
61568,1,1,1989,0,0,0,0,0,0,0,0,0,0
61568,2,1,1989,0,0,0,0,0,0,0,0,0,0
61569,1,1,1989,0,0,0,0,0,0,0,0,0,0
61570,1,1,1989,0,0,0,0,0,0,0,0,0,0
61571,1,1,1989,9,9,9,9,9,9,9,9,9,9
61572,1,1,1989,16,16,16,16,16,16,16,16,16,16
61572,2,1,1989,2,2,2,2,2,2,2,2,2,2
61573,1,1,1989,14,14,14,14,14,14,14,14,14,14
61574,1,1,1989,10,10,10,10,10,10,10,10,10,10
61574,2,1,1989,0,0,0,14,0,0,0,0,0,0
61575,1,1,1989,15,15,15,15,15,15,15,15,15,15
61576,1,1,1989,21,21,21,21,21,21,21,21,21,21
61576,2,1,1989,0,0,0,0,0,0,0,0,0,0
61577,1,1,1989,0,0,0,0,0,0,0,0,0,0
61578,1,1,1989,13,13,13,13,13,13,13,13,13,13
61578,2,1,1989,20,20,20,20,20,20,20,20,20,20
61579,1,1,1989,7,7,7,7,7,7,7,7,7,7
61580,1,1,1989,19,19,19,19,19,19,19,19,19,19
61581,1,1,1989,21,7,19,18,10,6,22,29,8,23
61582,1,1,1989,0,0,0,0,0,0,0,0,0,0
61582,2,1,1989,24,0,0,0,0,0,22,0,0,11
61583,1,1,1989,0,0,0,0,0,12,0,0,0,0
61584,1,1,1989,0,0,0,0,0,0,0,0,0,0
61585,1,1,1989,0,0,0,0,0,0,0,11,0,0
61585,2,1,1989,0,0,0,0,0,0,0,0,0,0
61586,1,1,1989,6,6,6,6,6,6,6,6,6,6
61587,1,1,1989,0,0,0,0,0,0,0,0,0,0
61588,1,1,1989,0,0,0,0,0,0,0,0,0,0
61588,2,1,1989,0,0,0,0,0,0,0,0,0,0
61589,1,1,1989,23,23,23,23,23,23,23,23,23,23
61590,0,1,1989,0,0,0,0,0,0,0,0,0,0
61590,1,1,1989,0,0,0,0,0,0,0,0,0,0
61591,1,1,1989,0,0,0,0,0,0,0,0,0,0
61592,1,1,1989,18,18,18,18,18,18,18,18,18,18
61592,2,1,1989,0,0,0,0,0,0,0,0,0,0
61593,1,1,1989,0,0,0,0,0,0,0,0,0,0
61593,2,1,1989,0,0,0,0,0,0,0,0,0,0
61593,3,1,1989,0,0,0,0,0,0,0,0,0,0
61594,1,1,1989,22,22,22,22,22,22,22,22,22,22
61594,2,1,1989,20,0,0,0,0,25,0,8,0,9
61595,0,1,1989,14,0,20,11,0,0,19,0,0,0
61595,1,1,1989,0,0,0,0,0,0,0,0,0,0
61596,1,1,1989,12,12,12,12,12,12,12,12,12,12
61597,1,1,1989,10,10,10,10,10,10,10,10,10,10
61598,1,1,1989,21,26,14,0,18,16,14,0,18,23
61599,1,1,1989,4,4,4,4,4,4,4,4,4,4
61599,2,1,1989,0,0,0,0,0,0,0,0,0,0
61600,0,1,1989,23,23,23,23,23,23,23,23,23,23
61600,1,1,1989,0,0,0,0,0,0,0,0,0,0
61601,1,1,1989,0,0,0,0,0,0,0,0,0,0
61601,2,1,1989,0,0,0,0,0,0,0,0,0,0
61602,1,1,1989,0,0,0,0,0,0,0,0,0,0
61602,2,1,1989,0,0,0,0,0,0,0,0,0,0
61603,1,1,1989,8,8,8,8,8,8,8,8,8,8
61603,2,1,1989,0,0,0,0,0,0,0,0,0,0
61604,1,1,1989,17,17,17,17,17,17,17,17,17,17
61605,1,1,1989,8,8,8,8,8,8,8,8,8,8
61606,1,1,1989,0,0,0,0,0,0,0,0,0,0
61606,2,1,1989,0,0,0,0,0,0,0,0,0,0
61607,1,1,1989,0,0,0,0,0,0,0,0,0,0
61607,2,1,1989,0,0,0,0,0,0,0,0,0,0
61608,1,1,1989,0,0,0,0,0,0,0,0,0,0
61609,1,1,1989,40,40,40,40,40,40,40,40,40,40
61610,1,1,1989,0,0,0,19,0,0,0,0,0,17
61610,2,1,1989,0,0,0,0,0,0,0,0,0,0
61611,1,1,1989,0,0,0,0,0,0,0,0,0,0
61612,0,1,1989,0,0,0,0,0,0,0,0,0,0
61612,1,1,1989,0,0,0,0,0,0,0,0,0,0
61613,1,1,1989,14,14,14,14,14,14,14,14,14,14
61614,1,1,1989,24,0,0,0,0,0,0,13,0,0
61615,1,1,1989,3,3,3,3,3,3,3,3,3,3
61616,1,1,1989,0,0,0,0,0,0,0,0,0,0