ST_CASE,VEH_NO,PER_NO,YEAR,P1,P2,P3,P4,P5,P6,P7,P8,P9,P10
61891,1,1,1989,0,0,0,0,0,0,0,0,0,0
61892,0,1,1989,31,13,23,29,26,35,18,0,17,2
61892,1,1,1989,0,0,0,0,0,0,0,0,0,0
61893,1,1,1989,25,25,25,25,25,25,25,25,25,25
61893,2,1,1989,16,0,0,0,0,0,0,0,0,0
61894,1,1,1989,0,0,0,0,0,0,0,0,0,0
61894,2,1,1989,0,0,0,0,0,0,0,0,0,0
61895,1,1,1989,0,0,0,0,0,0,0,0,0,0
61897,1,1,1989,9,9,9,9,9,9,9,9,9,9
61897,2,1,1989,0,0,0,15,0,0,0,0,0,0
61897,3,1,1989,0,0,0,0,0,0,0,0,0,0
61898,1,1,1989,24,24,24,24,24,24,24,24,24,24
61899,1,1,1989,0,0,0,0,0,0,0,0,0,0
61900,1,1,1989,0,0,0,0,0,0,0,0,0,0
61900,2,1,1989,0,0,0,0,0,0,0,0,0,0
61901,1,1,1989,0,0,0,0,0,0,0,0,0,0
61902,1,1,1989,0,0,0,0,0,0,0,0,0,0
61902,2,1,1989,0,0,0,0,0,0,0,0,0,0
61903,1,1,1989,0,0,0,0,0,0,0,0,0,0
61904,1,1,1989,16,16,16,16,16,16,16,16,16,16
61905,1,1,1989,24,24,24,24,24,24,24,24,24,24
61906,1,1,1989,11,11,11,11,11,11,11,11,11,11
61906,2,1,1989,0,0,0,0,0,0,0,0,0,0
61907,0,1,1989,0,0,0,0,0,0,0,0,0,0
61907,1,1,1989,0,0,0,0,0,0,0,0,0,0
61908,1,1,1989,0,0,0,0,0,0,0,0,0,0
61909,0,1,1989,12,12,12,12,12,12,12,12,12,12
61909,1,1,1989,14,0,0,16,0,0,0,9,0,4
61909,2,1,1989,0,0,10,0,0,5,25,11,23,0
61910,1,1,1989,0,0,0,0,0,0,0,0,0,0
61911,1,1,1989,0,0,0,0,0,0,0,0,0,0
61911,2,1,1989,0,0,0,0,0,0,0,0,0,16
61911,3,1,1989,0,27,0,10,0,0,0,0,0,0
61911,4,1,1989,0,12,0,11,0,0,0,23,0,0
61911,5,1,1989,0,0,0,0,0,0,0,0,0,0
61912,1,1,1989,19,19,19,19,19,19,19,19,19,19
61913,1,1,1989,7,7,7,7,7,7,7,7,7,7
61914,1,1,1989,13,13,13,13,13,13,13,13,13,13
61915,1,1,1989,0,0,0,0,0,0,0,0,0,0
61915,2,1,1989,0,0,0,0,0,0,0,0,0,0
61916,1,1,1989,18,18,18,18,18,18,18,18,18,18
61916,2,1,1989,0,0,0,0,0,0,0,0,0,0
61917,1,1,1989,0,0,0,0,0,0,0,0,0,0
61918,1,1,1989,10,10,10,10,10,10,10,10,10,10
61919,1,1,1989,14,14,14,14,14,14,14,14,14,14
61920,1,1,1989,0,0,0,0,0,0,0,0,0,0
61920,2,1,1989,0,0,0,0,0,0,0,0,0,0
61921,1,1,1989,24,24,24,24,24,24,24,24,24,24
61922,1,1,1989,8,8,8,8,8,8,8,8,8,8
61923,0,1,1989,22,22,22,22,22,22,22,22,22,22
61923,1,1,1989,0,0,0,0,0,0,0,0,16,0
61924,1,1,1989,0,0,0,0,0,0,0,0,0,0
61924,2,1,1989,10,15,16,22,0,37,27,27,30,22
61925,1,1,1989,10,10,10,10,10,10,10,10,10,10
61926,1,1,1989,24,24,24,24,24,24,24,24,24,24
61926,2,1,1989,0,0,0,0,0,0,0,0,0,0
61927,1,1,1989,0,0,0,0,0,0,0,0,0,0
61927,2,1,1989,0,0,0,0,0,0,0,0,0,0
61928,1,1,1989,0,0,0,0,0,0,0,0,0,0
61928,2,1,1989,0,0,7,0,0,0,0,0,0,0
61929,1,1,1989,24,24,24,24,24,24,24,24,24,24
61929,2,1,1989,0,0,0,0,0,0,0,0,0,0
61929,3,1,1989,0,0,0,0,0,0,0,0,0,0
61930,1,1,1989,0,0,0,0,0,0,0,0,0,0
61930,2,1,1989,0,0,0,0,0,0,0,0,0,0
61931,0,1,1989,0,0,0,0,4,0,0,0,0,0
61931,1,1,1989,0,0,0,0,0,0,0,0,0,0
61932,0,1,1989,0,0,0,0,0,0,0,0,0,0
61932,1,1,1989,0,0,0,0,0,0,0,0,0,0
61933,1,1,1989,0,0,0,0,0,0,0,0,0,0
61933,2,1,1989,0,0,0,0,0,0,0,0,0,0
61934,1,1,1989,15,15,15,15,15,15,15,15,15,15
61935,0,1,1989,0,0,0,0,0,0,0,0,0,0
61935,1,1,1989,0,0,0,0,0,0,0,0,0,0
61936,1,1,1989,0,0,0,0,0,0,0,0,0,0
61937,1,1,1989,0,0,0,0,0,0,0,25,26,0
61937,2,1,1989,15,15,15,15,15,15,15,15,15,15
61938,1,1,1989,0,0,0,0,0,0,0,0,0,0
61939,1,1,1989,9,9,9,9,9,9,9,9,9,9
61939,2,1,1989,9,9,9,9,9,9,9,9,9,9
61940,0,1,1989,0,0,0,0,0,0,0,0,0,0
61940,1,1,1989,0,0,0,0,0,0,0,0,0,0
61941,1,1,1989,20,20,20,20,20,20,20,20,20,20
61941,2,1,1989,0,0,0,0,0,0,0,0,0,0
61942,1,1,1989,28,28,28,28,28,28,28,28,28,28
61943,0,1,1989,0,0,0,0,0,0,0,0,0,0
61943,1,1,1989,0,0,0,0,0,0,0,15,0,0
61944,1,1,1989,0,0,0,0,0,0,0,0,0,0
61945,1,1,1989,12,27,6,21,35,11,21,23,8,16
61946,1,1,1989,15,15,15,15,15,15,15,15,15,15
61946,2,1,1989,20,20,20,20,20,20,20,20,20,20
61947,0,1,1989,7,7,7,7,7,7,7,7,7,7
61947,1,1,1989,0,0,0,0,7,11,0,12,0,24
61948,0,1,1989,27,27,27,27,27,27,27,27,27,27
61948,1,1,1989,0,0,0,0,0,0,0,0,0,0
61949,1,1,1989,13,13,13,13,13,13,13,13,13,13
61950,1,1,1989,8,8,8,8,8,8,8,8,8,8
61951,1,1,1989,0,0,0,0,0,0,0,0,0,0
61951,2,1,1989,0,0,0,0,0,0,0,0,0,0
61952,1,1,1989,0,0,0,0,0,0,0,0,0,0
61953,1,1,1989,27,27,27,27,27,27,27,27,27,27
61954,1,1,1989,0,0,0,0,0,0,0,0,0,0
61955,0,1,1989,0,0,0,0,0,0,0,0,0,0
61955,1,1,1989,3,3,3,3,3,3,3,3,3,3
61956,1,1,1989,0,0,0,0,0,0,0,0,0,0
61956,2,1,1989,0,0,0,0,0,0,0,0,0,0
61957,1,1,1989,13,13,13,13,13,13,13,13,13,13
61958,1,1,1989,20,20,20,20,20,20,20,20,20,20
61959,1,1,1989,8,8,8,8,8,8,8,8,8,8
61959,2,1,1989,0,0,0,0,0,0,0,0,0,0
61960,0,1,1989,0,0,0,0,0,0,0,0,0,0
61960,1,1,1989,18,18,18,18,18,18,18,18,18,18
61961,1,1,1989,23,23,23,23,23,23,23,23,23,23
61962,0,1,1989,0,0,0,0,0,0,0,0,0,0
61962,1,1,1989,0,0,0,0,0,0,0,0,0,0
61963,1,1,1989,24,24,24,24,24,24,24,24,24,24
61964,1,1,1989,0,0,0,0,0,0,0,0,0,0
61965,1,1,1989,0,0,0,0,0,0,0,0,0,0
61966,1,1,1989,11,11,11,11,11,11,11,11,11,11
61967,1,1,1989,0,0,0,0,0,0,0,0,0,0
61968,0,1,1989,0,0,0,0,0,0,0,0,9,0
61968,0,2,1989,0,0,0,0,0,0,0,0,0,0
61968,1,1,1989,0,0,0,0,0,0,0,0,0,0
61969,1,1,1989,0,0,0,0,0,0,0,0,0,0
61969,2,1,1989,0,0,0,0,0,0,0,0,0,0
61970,1,1,1989,0,0,0,0,0,0,0,0,0,0
61971,1,1,1989,18,18,18,18,18,18,18,18,18,18
61972,1,1,1989,7,7,7,7,7,7,7,7,7,7
61973,1,1,1989,0,0,0,0,0,0,0,0,0,0
61973,2,1,1989,0,0,0,0,0,0,0,0,0,0
61974,1,1,1989,0,0,0,0,0,0,0,0,0,0
61974,2,1,1989,0,0,0,0,0,0,0,0,0,0
61975,1,1,1989,12,12,12,12,12,12,12,12,12,12
61976,1,1,1989,5,0,0,0,0,0,0,0,0,0
61977,1,1,1989,0,0,0,0,0,0,0,0,0,0
61978,1,1,1989,26,26,26,26,26,26,26,26,26,26
61979,1,1,1989,19,19,19,19,19,19,19,19,19,19
61980,0,1,1989,0,0,0,0,0,0,0,0,0,0
61980,1,1,1989,0,0,0,0,0,0,0,0,0,0
61981,1,1,1989,13,13,13,13,13,13,13,13,13,13
61982,1,1,1989,0,0,0,0,0,0,0,0,0,0
61983,0,1,1989,0,0,0,0,0,0,0,0,0,0
61983,1,1,1989,0,0,0,0,0,0,0,0,0,0
61984,1,1,1989,21,21,21,21,21,21,21,21,21,21
61985,1,1,1989,13,13,13,13,13,13,13,13,13,13
61986,1,1,1989,0,0,0,0,0,0,0,0,0,0
61986,2,1,1989,0,0,0,0,0,16,0,0,0,0
61987,1,1,1989,9,9,9,9,9,9,9,9,9,9
61988,2,1,1989,0,0,10,4,0,4,0,0,0,20
61989,1,1,1989,0,0,0,0,0,0,0,0,0,0
61990,1,1,1989,0,0,0,0,0,0,8,0,0,0
61990,2,1,1989,6,6,6,6,6,6,6,6,6,6
61991,1,1,1989,32,32,32,32,32,32,32,32,32,32
61991,2,1,1989,0,0,0,13,0,0,0,0,12,0
61992,0,1,1989,25,25,25,25,25,25,25,25,25,25
61992,1,1,1989,0,0,0,0,8,0,0,0,0,0
61993,1,1,1989,0,0,0,0,0,0,0,0,0,0
61993,2,1,1989,0,0,0,0,0,0,0,0,0,0
61994,1,1,1989,0,0,13,0,13,0,0,0,10,0
61994,2,1,1989,0,0,0,0,0,0,0,0,27,0
61995,1,1,1989,1,1,1,1,1,1,1,1,1,1
61995,2,1,1989,0,0,0,0,0,0,0,0,0,0
61996,1,1,1989,20,20,20,20,20,20,20,20,20,20
61997,1,1,1989,0,0,0,0,0,0,0,0,0,0
61998,1,1,1989,17,0,8,17,7,0,13,0,15,3
61999,0,1,1989,0,0,0,0,0,0,0,0,0,0
61999,1,1,1989,0,0,0,0,0,0,0,0,0,0
62000,1,1,1989,15,15,15,15,15,15,15,15,15,15
62001,0,1,1989,24,24,24,24,24,24,24,24,24,24
62001,1,1,1989,6,0,0,0,12,0,0,0,0,0
62002,1,1,1989,28,28,28,28,28,28,28,28,28,28
62003,1,1,1989,14,0,0,0,0,0,0,10,26,0
62004,1,1,1989,18,18,18,18,18,18,18,18,18,18
62005,1,1,1989,0,0,0,0,0,0,0,0,0,0
62005,2,1,1989,6,6,6,6,6,6,6,6,6,6
62006,1,1,1989,5,5,5,5,5,5,5,5,5,5
62007,1,1,1989,27,27,27,27,27,27,27,27,27,27
62008,1,1,1989,16,16,16,16,16,16,16,16,16,16
62008,2,1,1989,1,1,1,1,1,1,1,1,1,1
62009,1,1,1989,18,18,18,18,18,18,18,18,18,18
62010,1,1,1989,15,0,8,9,12,11,12,8,12,5
62011,0,1,1989,13,6,27,11,17,0,0,5,19,0
62011,0,2,1989,0,0,0,0,0,0,0,0,0,0
62011,0,3,1989,0,0,0,0,0,0,0,0,0,0
62011,1,1,1989,0,0,0,0,0,0,0,11,0,0
62012,0,1,1989,0,0,0,0,0,0,0,0,0,0
62012,1,1,1989,0,14,16,9,35,11,24,9,0,0
62013,1,1,1989,39,39,39,39,39,39,39,39,39,39
62013,2,1,1989,0,0,5,0,0,0,0,0,0,0
62014,1,1,1989,10,10,10,10,10,10,10,10,10,10
62015,1,1,1989,0,0,0,0,0,0,0,0,0,0
62016,1,1,1989,0,0,0,0,14,0,0,0,0,0
62016,2,1,1989,0,0,0,0,0,0,0,0,0,0
62017,0,1,1989,0,0,0,0,0,0,0,0,0,0
62017,1,1,1989,0,0,0,0,0,0,0,0,0,0
62018,1,1,1989,0,0,0,0,0,0,0,0,0,0
62019,1,1,1989,0,0,0,0,0,0,0,0,0,0
62019,2,1,1989,0,0,0,0,0,0,0,0,0,0
62020,1,1,1989,0,0,0,0,0,0,0,0,0,0
62020,2,1,1989,0,0,0,0,0,0,0,0,0,0
62021,1,1,1989,12,12,12,12,12,12,12,12,12,12
62021,2,1,1989,0,0,0,0,0,0,0,0,0,0
62022,1,1,1989,2,2,2,2,2,2,2,2,2,2
62022,2,1,1989,0,0,0,0,0,0,0,0,0,0
62023,1,1,1989,21,21,21,21,21,21,21,21,21,21
62023,2,1,1989,0,0,0,0,0,0,0,0,0,0
62024,1,1,1989,0,0,0,0,0,0,0,0,0,0
62025,1,1,1989,16,0,4,31,31,26,47,31,13,22
62026,1,1,1989,23,23,23,23,23,23,23,23,23,23
62026,2,1,1989,0,0,0,0,0,0,0,0,0,0
62027,1,1,1989,7,7,7,7,7,7,7,7,7,7
62028,1,1,1989,24,24,24,24,24,24,24,24,24,24
62028,2,1,1989,0,0,0,0,0,0,0,0,0,0
62029,1,1,1989,15,15,15,15,15,15,15,15,15,15
62029,2,1,1989,0,0,0,0,0,0,0,8,0,0
62030,1,1,1989,0,0,0,0,0,0,0,0,0,0
62031,0,1,1989,0,0,0,0,0,14,0,0,0,0
62031,1,1,1989,9,9,9,9,9,9,9,9,9,9
62032,1,1,1989,9,0,0,0,0,0,0,0,0,15
62032,2,1,1989,0,0,0,0,0,0,0,0,0,0
62033,1,1,1989,0,0,0,0,0,0,0,0,0,0
62033,2,1,1989,0,0,0,0,0,0,0,0,0,0
62034,1,1,1989,0,0,0,0,0,0,0,0,0,0
62035,1,1,1989,20,7,0,0,25,0,21,0,0,22
62036,1,1,1989,0,0,0,0,0,0,0,0,0,0
62036,2,1,1989,0,0,0,0,0,0,0,0,0,0
62037,1,1,1989,0,0,0,0,0,0,0,0,0,0
62037,2,1,1989,0,0,0,0,0,0,0,0,0,0
62038,1,1,1989,2,2,2,2,2,2,2,2,2,2
62038,2,1,1989,0,0,0,0,0,0,0,0,0,0
62038,3,1,1989,0,0,0,0,0,0,11,0,0,0
62038,4,1,1989,0,0,0,0,0,0,0,0,0,0
62039,0,1,1989,0,0,0,0,0,0,0,0,0,0
62039,1,1,1989,0,0,0,0,0,0,0,0,0,0
62040,1,1,1989,9,9,9,9,9,9,9,9,9,9
62041,0,1,1989,8,27,15,14,15,18,15,12,9,22
62041,1,1,1989,8,24,8,9,7,0,0,15,9,5
62042,0,1,1989,15,15,15,15,15,15,15,15,15,15
62042,1,1,1989,0,0,0,0,0,0,0,0,0,0
62043,0,1,1989,19,19,19,19,19,19,19,19,19,19
62043,1,1,1989,0,0,0,15,0,0,0,0,0,0
62044,1,1,1989,19,19,19,19,19,19,19,19,19,19
62045,0,1,1989,0,0,0,0,0,0,0,0,0,0
62045,1,1,1989,0,0,0,0,0,0,0,0,0,0
62046,0,1,1989,0,22,0,0,0,0,0,12,0,0
62046,1,1,1989,0,0,0,0,0,0,0,0,0,0
62047,1,1,1989,3,3,3,3,3,3,3,3,3,3
62048,1,1,1989,0,5,0,0,0,0,0,0,0,0
62049,1,1,1989,17,17,17,17,17,17,17,17,17,17
62050,1,1,1989,0,0,0,0,0,0,0,0,0,0
62050,2,1,1989,0,0,0,0,0,0,0,0,0,0
62051,1,1,1989,0,0,0,0,0,0,0,0,0,0
62052,1,1,1989,0,0,0,0,0,0,0,0,0,0
62052,2,1,1989,0,0,0,0,0,0,0,0,0,0
62053,1,1,1989,0,0,0,0,0,0,0,0,0,0
62054,1,1,1989,0,0,0,0,0,0,0,0,0,0
62054,2,1,1989,0,0,0,0,0,0,0,0,0,0
62054,3,1,1989,0,0,0,0,0,0,0,0,0,0
62055,1,1,1989,0,0,0,0,0,0,0,0,0,0
62056,1,1,1989,0,0,0,0,0,0,0,0,0,0
62056,2,1,1989,0,0,0,0,0,0,0,0,0,0
62057,1,1,1989,0,0,0,0,0,0,0,0,0,0
62057,2,1,1989,0,0,0,0,0,0,0,0,0,0
62058,1,1,1989,0,0,0,0,0,0,0,0,0,0
62059,1,1,1989,0,0,0,0,0,0,0,0,0,5
62060,0,1,1989,0,0,0,0,0,0,0,0,0,0
62060,1,1,1989,0,0,0,0,0,0,0,0,0,0
62061,1,1,1989,0,0,0,0,0,0,0,0,0,0
62061,2,1,1989,0,0,0,0,0,0,0,24,0,0
62062,1,1,1989,0,0,0,0,0,0,0,0,0,0
62062,2,1,1989,4,4,4,4,4,4,4,4,4,4
62063,1,1,1989,23,23,23,23,23,23,23,23,23,23
62064,0,1,1989,27,27,27,27,27,27,27,27,27,27
62064,1,1,1989,0,0,0,0,0,0,0,0,0,0
62065,1,1,1989,0,0,0,0,0,0,0,0,0,0
62065,2,1,1989,18,0,0,0,0,0,0,0,0,0
62065,3,1,1989,0,0,0,0,0,0,0,0,0,0
62066,1,1,1989,0,0,0,0,0,0,0,0,0,0
62066,2,1,1989,0,0,0,0,0,0,0,0,0,0
62067,1,1,1989,0,0,0,0,0,0,0,0,0,0
62067,2,1,1989,0,0,0,0,0,0,0,0,0,0
62069,1,1,1989,13,13,13,13,13,13,13,13,13,13
62070,1,1,1989,0,0,0,0,0,0,0,0,0,0
62071,0,1,1989,0,0,0,0,0,0,0,12,0,0
62071,1,1,1989,0,13,0,0,0,0,0,0,0,0
62072,0,1,1989,27,0,0,7,8,17,21,2,14,5
62072,0,2,1989,0,0,0,0,0,0,0,0,0,0
62072,1,1,1989,0,0,0,0,17,0,0,0,11,0
62073,1,1,1989,11,11,11,11,11,11,11,11,11,11
62074,1,1,1989,0,0,0,0,0,0,0,0,0,0
62074,2,1,1989,0,0,0,19,0,0,0,0,0,0
62075,1,1,1989,21,21,21,21,21,21,21,21,21,21
62076,1,1,1989,0,0,0,0,0,0,0,0,0,0
62077,1,1,1989,26,26,26,26,26,26,26,26,26,26
62078,1,1,1989,17,17,17,17,17,17,17,17,17,17
62079,1,1,1989,0,0,0,0,0,0,0,9,0,0
62079,2,1,1989,0,0,0,0,0,0,0,0,0,0
62080,1,1,1989,8,8,8,8,8,8,8,8,8,8
62081,1,1,1989,0,0,0,0,0,0,0,0,0,0
62082,1,1,1989,0,0,0,0,0,0,0,0,0,0
62083,1,1,1989,0,0,0,0,0,0,0,0,0,0
62083,2,1,1989,0,0,0,0,0,0,0,0,0,0
62083,3,1,1989,0,0,0,0,0,0,0,0,0,0
62083,4,1,1989,0,0,0,0,0,0,0,0,0,0
62084,1,1,1989,0,0,0,0,0,0,0,0,0,0
62084,2,1,1989,0,0,0,0,0,0,0,0,0,0
62085,0,1,1989,0,0,0,0,0,0,0,0,0,0
62085,1,1,1989,0,0,0,24,0,0,0,0,0,0
62086,1,1,1989,0,0,0,0,0,0,0,0,0,0
62087,1,1,1989,0,0,0,0,0,0,0,0,0,0
62088,1,1,1989,25,11,20,7,12,11,9,11,13,15
62089,1,1,1989,16,16,16,16,16,16,16,16,16,16
62090,0,1,1989,8,8,8,8,8,8,8,8,8,8
62090,0,2,1989,29,29,29,29,29,29,29,29,29,29
62090,1,1,1989,16,16,16,16,16,16,16,16,16,16
62091,1,1,1989,9,9,9,9,9,9,9,9,9,9
62092,1,1,1989,7,7,7,7,7,7,7,7,7,7
62092,2,1,1989,0,0,0,0,0,0,0,0,0,0
62093,1,1,1989,0,0,0,0,0,0,0,0,0,0
62093,2,1,1989,0,0,0,0,0,0,0,0,0,0
62094,0,1,1989,1,1,1,1,1,1,1,1,1,1
62094,0,2,1989,21,0,8,0,3,0,27,0,4,0
62094,1,1,1989,14,14,14,14,14,14,14,14,14,14
62095,1,1,1989,27,27,27,27,27,27,27,27,27,27
62096,1,1,1989,16,16,16,16,16,16,16,16,16,16
62096,2,1,1989,0,0,0,0,0,0,0,0,0,0
62097,1,1,1989,8,8,8,8,8,8,8,8,8,8
62098,1,1,1989,0,0,0,0,0,0,0,0,0,0
62098,2,1,1989,0,0,0,0,0,0,0,0,0,0
62099,1,1,1989,0,0,0,0,0,0,0,0,0,0
62099,2,1,1989,0,0,0,0,0,0,0,0,0,0
62100,1,1,1989,0,0,0,0,0,0,0,0,0,0
62100,2,1,1989,0,0,0,0,0,0,0,0,0,0
62101,1,1,1989,0,0,0,0,0,0,0,0,14,10
62102,1,1,1989,0,0,0,0,0,0,0,0,0,0
62102,2,1,1989,0,0,0,0,0,0,0,0,0,0
62102,3,1,1989,0,0,0,11,0,0,0,0,0,13
62103,1,1,1989,19,32,24,23,21,0,6,0,20,20
62103,2,1,1989,0,0,0,0,0,0,0,0,0,0
62104,1,1,1989,17,0,0,0,13,12,0,9,0,30
62104,2,1,1989,0,0,0,0,0,0,0,0,0,0
62105,1,1,1989,12,12,12,12,12,12,12,12,12,12
62106,1,1,1989,14,14,14,14,14,14,14,14,14,14
62106,2,1,1989,5,5,5,5,5,5,5,5,5,5
62107,0,1,1989,38,38,38,38,38,38,38,38,38,38
62107,1,1,1989,0,0,0,0,0,0,0,0,0,0
62108,1,1,1989,0,0,0,0,0,0,0,0,0,0
62108,2,1,1989,15,20,10,6,13,18,13,6,16,16
62109,1,1,1989,8,8,8,8,8,8,8,8,8,8
62110,1,1,1989,40,0,0,15,18,11,0,0,19,18
62111,0,1,1989,0,0,0,0,0,0,0,0,0,0
62111,1,1,1989,0,0,0,0,0,0,0,0,0,0
62112,1,1,1989,0,0,0,0,0,0,0,0,0,0
62113,1,1,1989,0,0,0,0,0,0,0,0,0,0
62113,2,1,1989,0,0,0,0,0,0,0,0,0,0
62114,0,1,1989,29,29,29,29,29,29,29,29,29,29
62114,1,1,1989,0,0,0,0,0,0,18,0,0,0
62115,0,1,1989,0,0,0,0,0,0,0,0,0,0
62115,1,1,1989,0,0,0,0,0,0,0,0,0,0
62116,1,1,1989,5,5,5,5,5,5,5,5,5,5
62117,0,1,1989,0,30,17,0,21,24,0,0,28,0
62117,1,1,1989,0,0,0,0,0,0,0,0,0,18
62118,1,1,1989,23,23,23,23,23,23,23,23,23,23
62118,2,1,1989,10,10,10,10,10,10,10,10,10,10
62119,1,1,1989,0,0,0,0,0,0,0,0,0,0
62120,1,1,1989,17,17,17,17,17,17,17,17,17,17
62120,2,1,1989,31,14,14,13,12,14,28,16,13,11
62121,1,1,1989,0,0,0,0,0,0,0,0,0,0
62122,1,1,1989,2,2,2,2,2,2,2,2,2,2
62122,2,1,1989,20,0,0,0,0,0,20,0,0,0
62123,1,1,1989,0,0,0,0,0,0,0,0,0,0
62123,2,1,1989,0,0,17,0,0,0,0,0,0,0
62124,0,1,1989,0,0,0,27,0,0,0,24,0,0
62124,1,1,1989,0,0,3,0,0,0,0,0,0,0
62125,1,1,1989,22,22,22,22,22,22,22,22,22,22
62125,2,1,1989,0,0,0,0,0,0,0,0,12,0
62126,1,1,1989,11,11,11,11,11,11,11,11,11,11
62127,1,1,1989,0,0,0,0,0,0,0,0,0,0
62127,2,1,1989,0,0,0,0,0,0,0,0,0,0
62129,1,1,1989,0,0,0,0,0,0,0,0,0,0
62129,2,1,1989,0,0,0,0,0,0,0,0,3,5
62130,1,1,1989,0,0,0,0,0,0,0,0,0,0
62131,1,1,1989,0,0,0,0,0,0,0,0,0,0
62131,2,1,1989,0,0,8,0,0,0,0,0,13,0
62132,1,1,1989,38,38,38,38,38,38,38,38,38,38
62133,1,1,1989,4,4,4,4,4,4,4,4,4,4
62133,2,1,1989,2,2,2,2,2,2,2,2,2,2
62134,1,1,1989,3,3,3,3,3,3,3,3,3,3
62134,2,1,1989,0,0,0,0,0,0,0,0,0,0
62134,3,1,1989,0,0,0,0,0,0,0,0,0,0
62135,1,1,1989,0,0,0,0,0,0,0,0,0,0
62137,1,1,1989,8,8,8,8,8,8,8,8,8,8
62138,0,1,1989,15,15,15,15,15,15,15,15,15,15
62138,1,1,1989,0,0,0,0,0,0,0,0,0,0
62139,0,1,1989,0,0,0,0,0,0,0,0,0,0
62139,1,1,1989,0,0,0,3,0,0,0,19,0,0
62140,1,1,1989,5,5,5,5,5,5,5,5,5,5
62141,1,1,1989,19,19,19,19,19,19,19,19,19,19
62142,1,1,1989,21,21,21,21,21,21,21,21,21,21
62143,1,1,1989,13,13,13,13,13,13,13,13,13,13
62144,0,1,1989,26,26,26,26,26,26,26,26,26,26
62144,1,1,1989,0,12,0,0,0,0,0,16,0,0
62145,1,1,1989,11,11,11,11,11,11,11,11,11,11
62146,1,1,1989,0,0,0,0,7,0,0,0,0,8
62147,0,1,1989,10,10,10,10,10,10,10,10,10,10
62147,1,1,1989,0,0,0,0,0,0,0,0,0,0
62148,1,1,1989,11,25,13,19,17,21,13,0,16,30
62149,1,1,1989,17,17,17,17,17,17,17,17,17,17
62149,2,1,1989,0,0,0,0,0,0,0,0,0,0
62150,1,1,1989,0,0,0,0,0,0,0,0,0,0
62150,2,1,1989,0,0,0,0,0,0,0,0,0,0
62151,1,1,1989,10,10,10,10,10,10,10,10,10,10
62152,0,1,1989,0,0,0,0,0,0,0,0,0,0
62152,1,1,1989,0,0,20,0,21,0,0,0,0,0
62153,1,1,1989,15,15,15,15,15,15,15,15,15,15
62154,1,1,1989,13,13,13,13,13,13,13,13,13,13
62154,2,1,1989,0,0,0,0,0,0,0,0,0,0
62154,3,1,1989,0,0,0,0,0,0,0,0,0,0
62155,1,1,1989,17,17,17,17,17,17,17,17,17,17
62155,2,1,1989,0,0,0,0,0,0,0,0,0,0
62156,1,1,1989,0,0,0,0,0,0,0,0,0,0
62156,2,1,1989,0,0,0,0,0,0,0,0,0,0
62157,1,1,1989,21,21,21,21,21,21,21,21,21,21
62158,1,1,1989,0,0,0,0,0,0,0,0,0,0
62159,0,1,1989,0,0,0,0,0,0,0,0,0,0
62159,1,1,1989,0,0,0,0,0,0,0,0,0,0
62160,1,1,1989,8,8,8,8,8,8,8,8,8,8
62161,1,1,1989,0,0,0,0,0,0,0,0,0,0
62162,1,1,1989,0,0,0,0,0,0,0,0,0,0
62163,1,1,1989,30,30,30,30,30,30,30,30,30,30
62163,2,1,1989,0,0,0,0,0,0,0,0,0,0
62164,0,1,1989,0,0,17,0,0,0,0,9,0,34
62164,1,1,1989,15,0,31,20,0,23,21,29,12,0
62165,1,1,1989,0,0,0,0,0,0,0,0,0,0
62165,2,1,1989,0,0,0,0,0,0,0,0,0,0
62166,1,1,1989,0,20,0,0,0,0,0,0,0,0
62166,2,1,1989,0,0,0,0,0,0,0,0,0,0
62167,1,1,1989,4,4,4,4,4,4,4,4,4,4
62167,2,1,1989,3,3,3,3,3,3,3,3,3,3
62168,1,1,1989,0,0,0,0,0,0,0,0,0,0
62168,2,1,1989,0,0,0,0,0,0,0,0,0,0
62169,1,1,1989,0,0,0,0,0,0,0,0,0,0
62169,2,1,1989,0,0,0,0,0,0,0,0,0,0
62170,0,1,1989,0,0,0,0,0,0,0,0,0,0
62170,1,1,1989,0,0,0,0,0,0,0,0,0,0
62171,1,1,1989,0,0,0,0,0,0,0,0,0,0
62172,0,1,1989,0,0,0,0,0,0,0,0,0,0
62172,0,2,1989,0,0,0,0,0,7,0,0,0,0
62172,1,1,1989,0,0,0,0,0,0,0,0,0,0
62173,1,1,1989,41,41,41,41,41,41,41,41,41,41
62173,2,1,1989,0,0,0,0,0,0,0,0,0,0
62174,0,1,1989,0,0,0,0,23,24,0,0,0,11
62174,1,1,1989,0,0,0,0,0,16,0,0,19,0
62175,1,1,1989,0,0,0,0,0,0,0,0,0,0
62175,2,1,1989,0,0,0,0,0,0,0,0,0,0
62176,0,1,1989,0,0,0,0,0,0,0,0,0,0
62176,1,1,1989,0,0,0,9,0,0,20,0,0,0
62177,1,1,1989,0,0,0,0,0,0,0,0,0,0
62178,1,1,1989,0,0,0,0,0,0,0,0,0,0
62178,2,1,1989,0,0,0,0,0,0,0,0,0,0
62179,1,1,1989,0,0,0,0,0,0,0,0,0,0
62180,1,1,1989,0,0,0,0,0,0,0,0,0,0
62180,2,1,1989,0,0,0,0,0,0,0,0,0,0
62181,1,1,1989,23,23,23,23,23,23,23,23,23,23
62181,2,1,1989,8,0,7,0,15,0,0,0,0,0
62181,3,1,1989,0,0,0,0,0,0,0,0,0,0
62182,1,2,1989,0,0,12,0,23,11,0,10,0,0
62183,1,1,1989,0,0,0,0,0,0,0,0,0,0
62184,1,1,1989,20,20,20,20,20,20,20,20,20,20