ST_CASE,VEH_NO,PER_NO,YEAR,P1,P2,P3,P4,P5,P6,P7,P8,P9,P10
62185,1,1,1989,0,0,0,0,0,0,0,0,0,0
62185,2,1,1989,0,0,0,0,0,0,0,0,0,0
62186,0,1,1989,0,0,0,0,0,0,0,0,0,0
62186,1,1,1989,0,0,0,0,0,0,0,0,0,0
62187,1,1,1989,0,0,0,0,0,0,0,0,0,0
62187,2,1,1989,0,0,0,0,0,0,0,0,0,0
62187,3,1,1989,0,0,0,0,0,0,0,0,0,0
62188,1,1,1989,0,0,0,0,17,0,0,0,0,0
62189,1,1,1989,16,16,16,16,16,16,16,16,16,16
62190,0,1,1989,0,0,0,0,0,0,0,0,0,0
62190,0,2,1989,0,0,18,0,0,0,0,0,0,0
62190,1,1,1989,0,0,0,0,0,0,0,0,0,0
62191,1,1,1989,0,13,0,0,18,22,0,21,0,0
62192,1,1,1989,18,18,18,18,18,18,18,18,18,18
62192,2,1,1989,0,0,0,0,0,0,0,0,12,0
62193,1,1,1989,0,0,0,0,0,0,0,0,0,0
62194,0,1,1989,0,0,0,0,0,0,0,0,0,0
62194,1,1,1989,0,0,0,0,0,0,0,0,0,0
62195,1,1,1989,0,0,0,0,0,0,0,0,0,0
62196,1,1,1989,0,0,0,0,0,0,0,0,0,0
62196,2,1,1989,0,0,0,0,0,0,0,0,0,0
62197,1,1,1989,0,0,0,0,0,0,0,0,0,0
62197,2,1,1989,0,0,0,0,0,0,0,0,0,0
62198,1,1,1989,20,20,20,20,20,20,20,20,20,20
62199,1,1,1989,0,0,0,0,0,0,0,0,0,0
62199,2,1,1989,0,0,0,0,0,0,0,0,0,0
62200,1,1,1989,0,0,0,0,0,0,0,0,0,0
62201,1,1,1989,0,0,0,0,0,0,0,0,0,0
62202,0,1,1989,0,0,0,0,0,0,0,0,0,0
62202,1,1,1989,0,0,0,0,0,0,0,0,0,0
62203,1,1,1989,0,0,0,0,0,0,0,0,0,0
62204,1,1,1989,0,0,0,0,0,0,0,0,0,0
62204,2,1,1989,0,0,0,0,0,0,0,0,0,0
62205,1,1,1989,10,10,10,10,10,10,10,10,10,10
62206,1,1,1989,0,0,0,0,0,0,0,0,0,0
62206,2,1,1989,0,0,0,0,0,0,0,0,0,0
62207,1,1,1989,17,17,17,17,17,17,17,17,17,17
62208,1,1,1989,30,30,30,30,30,30,30,30,30,30
62209,1,1,1989,15,15,15,15,15,15,15,15,15,15
62210,1,1,1989,14,14,14,14,14,14,14,14,14,14
62210,2,1,1989,5,6,0,20,0,9,0,0,10,0
62211,1,1,1989,0,0,0,0,0,0,0,0,0,0
62212,0,1,1989,13,13,13,13,13,13,13,13,13,13
62212,1,1,1989,23,14,28,14,3,5,3,7,9,14
62213,1,1,1989,0,0,0,0,0,0,0,0,0,0
62213,2,1,1989,0,0,0,0,0,0,0,0,0,0
62214,1,1,1989,5,5,5,5,5,5,5,5,5,5
62215,0,1,1989,0,0,0,0,0,0,0,0,0,0
62215,1,1,1989,0,0,0,0,0,0,0,0,0,0
62216,0,1,1989,0,0,0,0,0,0,0,0,0,0
62216,1,1,1989,0,0,0,0,0,0,0,0,0,0
62217,0,1,1989,0,0,0,0,0,0,0,0,0,0
62217,1,1,1989,0,0,0,0,0,0,0,0,0,0
62218,0,1,1989,0,0,0,0,0,0,0,0,0,0
62218,1,1,1989,0,0,0,0,0,0,0,0,0,0
62219,1,1,1989,0,0,0,0,0,0,0,0,0,0
62219,2,1,1989,0,0,0,0,0,0,0,0,0,0
62220,1,1,1989,0,11,0,14,0,0,0,18,0,14
62220,2,1,1989,0,0,0,0,0,0,0,0,0,0
62221,1,1,1989,0,0,0,15,0,0,0,0,0,0
62221,2,1,1989,0,0,0,0,0,0,0,0,0,0
62222,1,1,1989,6,6,6,6,6,6,6,6,6,6
62223,0,1,1989,0,0,0,0,0,0,0,0,0,0
62223,1,1,1989,13,0,26,39,0,0,19,12,13,0
62224,1,1,1989,9,9,9,9,9,9,9,9,9,9
62225,1,1,1989,0,0,0,0,0,0,0,0,0,0
62225,2,1,1989,0,0,0,0,0,0,0,0,0,0
62226,1,1,1989,36,36,36,36,36,36,36,36,36,36
62226,2,1,1989,0,0,0,0,0,0,0,0,0,0
62227,0,1,1989,0,0,0,0,0,0,0,0,0,0
62227,1,1,1989,0,0,15,0,19,0,0,0,0,0
62228,1,1,1989,0,0,0,0,0,0,0,0,0,0
62229,0,1,1989,0,0,0,0,0,0,0,0,0,0
62229,1,1,1989,14,14,14,14,14,14,14,14,14,14
62230,1,1,1989,0,0,0,0,0,0,0,0,0,0
62230,2,1,1989,0,0,0,0,0,0,0,0,0,0
62231,1,1,1989,23,23,23,23,23,23,23,23,23,23
62232,0,1,1989,0,0,0,0,0,0,0,0,0,0
62232,1,1,1989,23,0,0,0,27,0,0,0,0,9
62233,1,1,1989,4,21,14,34,0,15,18,9,15,9
62233,2,1,1989,23,23,23,23,23,23,23,23,23,23
62234,1,1,1989,0,4,0,0,0,0,0,0,0,0
62235,0,1,1989,0,0,0,0,0,0,0,0,0,0
62235,1,1,1989,0,0,0,0,22,0,0,23,22,12
62236,1,1,1989,0,15,0,26,0,0,33,19,6,7
62236,2,1,1989,0,0,0,0,0,0,0,0,0,0
62237,1,1,1989,0,0,0,0,0,0,0,0,0,0
62238,1,1,1989,13,13,13,13,13,13,13,13,13,13
62239,1,1,1989,0,0,0,0,0,0,0,0,0,0
62240,1,1,1989,0,0,0,0,0,0,0,0,0,0
62240,2,1,1989,0,0,0,0,0,0,0,0,0,0
62241,1,1,1989,21,21,21,21,21,21,21,21,21,21
62242,1,1,1989,0,0,0,0,0,0,0,0,0,0
62242,2,1,1989,16,5,7,4,0,0,10,0,18,0
62243,1,1,1989,5,5,5,5,5,5,5,5,5,5
62244,1,1,1989,16,16,16,16,16,16,16,16,16,16
62244,2,1,1989,0,0,0,0,0,0,0,0,0,0
62245,1,1,1989,39,39,39,39,39,39,39,39,39,39
62245,2,1,1989,0,0,0,0,0,0,0,0,0,0
62246,1,1,1989,6,6,6,6,6,6,6,6,6,6
62247,1,1,1989,0,0,0,0,0,23,0,0,0,8
62248,1,1,1989,0,0,0,0,0,0,0,0,0,0
62249,1,1,1989,0,0,0,0,0,0,0,0,0,0
62249,2,1,1989,0,0,0,0,0,0,0,0,0,0
62250,1,1,1989,19,19,19,19,19,19,19,19,19,19
62251,1,1,1989,0,0,0,0,0,0,0,0,0,0
62252,1,1,1989,0,0,0,0,0,0,0,0,0,0
62252,2,1,1989,0,0,0,0,0,0,0,0,0,0
62253,1,1,1989,0,0,0,0,0,0,0,0,0,0
62253,2,1,1989,0,0,0,0,0,0,0,0,0,0
62254,1,1,1989,13,13,13,13,13,13,13,13,13,13
62254,2,1,1989,0,0,0,0,0,0,0,0,0,0
62255,1,1,1989,0,0,0,0,0,0,0,0,0,0
62255,2,1,1989,0,0,0,0,0,0,0,0,0,0
62256,1,1,1989,0,0,0,0,0,0,0,0,0,0
62256,2,1,1989,0,0,0,0,0,0,0,0,0,0
62257,1,1,1989,0,0,0,0,0,0,0,0,0,0
62257,2,1,1989,0,0,0,0,0,0,0,0,0,0
62258,1,1,1989,0,0,0,0,0,0,0,0,0,0
62259,0,1,1989,0,0,0,0,0,0,0,0,0,0
62259,1,1,1989,0,0,0,0,0,0,0,0,0,0
62260,1,1,1989,19,19,19,19,19,19,19,19,19,19
62261,0,1,1989,0,0,0,0,0,0,0,0,0,0
62261,1,1,1989,0,0,0,0,0,0,0,0,0,0
62262,1,1,1989,24,24,24,24,24,24,24,24,24,24
62262,2,1,1989,27,0,0,0,0,0,32,0,0,0
62263,1,1,1989,0,0,0,0,0,0,0,0,0,0
62263,2,1,1989,0,0,0,0,0,0,0,0,0,0
62264,1,1,1989,0,0,0,0,0,0,0,0,0,0
62264,2,1,1989,0,0,0,0,0,0,0,0,0,0
62265,0,1,1989,19,19,19,19,19,19,19,19,19,19
62265,1,1,1989,0,0,0,0,0,16,0,0,0,0
62266,1,1,1989,8,8,8,8,8,8,8,8,8,8
62267,1,1,1989,26,26,26,26,26,26,26,26,26,26
62267,2,1,1989,0,0,0,0,0,9,0,0,0,0
62268,1,1,1989,26,26,26,26,26,26,26,26,26,26
62268,2,1,1989,0,0,0,0,0,0,0,0,0,0
62269,1,1,1989,0,0,0,0,0,0,0,0,0,0
62269,2,1,1989,0,0,0,0,0,0,0,0,0,0
62270,1,1,1989,10,0,0,0,0,0,0,0,0,0
62271,1,1,1989,14,14,14,14,14,14,14,14,14,14
62271,2,1,1989,0,0,0,0,0,0,0,0,0,0
62272,1,1,1989,0,0,0,0,0,0,0,0,0,0
62273,1,1,1989,14,14,14,14,14,14,14,14,14,14
62273,2,1,1989,0,0,0,0,0,0,0,0,0,0
62274,1,1,1989,39,23,12,24,27,10,4,0,24,0
62275,0,1,1989,0,0,0,0,0,0,0,0,0,0
62275,1,1,1989,0,0,0,0,0,0,0,0,0,0
62276,1,1,1989,13,13,13,13,13,13,13,13,13,13
62276,2,1,1989,0,0,0,0,0,0,0,0,0,0
62277,1,1,1989,11,11,11,11,11,11,11,11,11,11
62278,1,1,1989,6,6,6,6,6,6,6,6,6,6
62279,1,1,1989,20,20,20,20,20,20,20,20,20,20
62280,0,1,1989,26,26,26,26,26,26,26,26,26,26
62280,1,1,1989,13,14,0,0,0,0,0,0,0,0
62281,1,1,1989,17,17,17,17,17,17,17,17,17,17
62282,1,1,1989,10,10,10,10,10,10,10,10,10,10
62282,2,1,1989,0,0,0,0,6,0,0,1,0,0
62283,1,1,1989,0,0,0,0,0,0,0,0,0,0
62283,2,1,1989,0,0,0,0,0,0,0,0,0,0
62284,1,1,1989,26,26,26,26,26,26,26,26,26,26
62285,1,1,1989,15,15,15,15,15,15,15,15,15,15
62286,1,1,1989,20,20,20,20,20,20,20,20,20,20
62287,1,1,1989,7,7,7,7,7,7,7,7,7,7
62288,1,1,1989,27,27,27,27,27,27,27,27,27,27
62288,2,1,1989,0,0,0,0,0,0,0,0,0,0
62289,0,1,1989,0,0,0,0,0,0,0,0,0,0
62289,1,1,1989,0,0,0,0,0,7,0,0,0,0
62290,0,1,1989,0,0,0,0,0,0,0,0,0,0
62290,1,1,1989,0,0,0,0,5,0,0,9,0,0
62291,1,1,1989,0,0,0,0,0,0,0,0,0,0
62291,2,1,1989,0,0,0,0,0,0,0,0,0,0
62291,3,1,1989,0,0,0,0,0,0,0,0,0,0
62292,0,1,1989,0,0,0,0,0,0,0,0,0,0
62292,1,1,1989,0,0,0,0,0,0,0,0,0,0
62293,1,1,1989,23,23,23,23,23,23,23,23,23,23
62293,2,1,1989,0,0,0,0,0,0,0,0,0,0
62294,0,1,1989,18,18,18,18,18,18,18,18,18,18
62294,0,2,1989,19,13,24,0,14,16,17,18,0,27
62294,1,1,1989,0,0,0,0,0,0,0,0,0,0
62295,1,1,1989,16,16,16,16,16,16,16,16,16,16
62296,1,1,1989,0,0,0,0,0,0,0,0,0,0
62296,2,1,1989,0,0,0,0,0,0,0,0,0,0
62297,1,1,1989,0,0,0,0,0,0,0,0,0,0
62298,1,1,1989,0,0,0,0,0,0,0,0,0,0
62298,2,1,1989,0,0,0,0,0,0,0,0,0,0
62299,1,1,1989,0,20,0,0,0,0,0,0,0,5
62299,2,1,1989,16,16,16,16,16,16,16,16,16,16
62299,3,1,1989,16,20,10,8,18,0,16,14,0,0
62300,1,1,1989,6,6,6,6,6,6,6,6,6,6
62301,1,1,1989,20,20,20,20,20,20,20,20,20,20
62302,1,1,1989,23,23,23,23,23,23,23,23,23,23
62303,1,1,1989,0,0,0,0,0,0,0,0,0,0
62303,2,1,1989,0,0,0,0,0,0,0,0,0,0
62304,1,1,1989,31,31,31,31,31,31,31,31,31,31
62305,1,1,1989,0,0,0,0,0,0,0,0,0,0
62305,2,1,1989,0,0,0,0,0,0,0,0,0,0
62305,3,1,1989,0,0,0,0,0,0,0,0,0,0
62306,1,1,1989,0,0,0,0,0,0,0,0,0,0
62306,2,1,1989,0,0,0,0,0,0,0,0,0,0
62307,1,1,1989,8,8,8,8,8,8,8,8,8,8
62307,2,1,1989,0,0,0,0,0,0,0,0,0,0
62308,1,1,1989,9,9,9,9,9,9,9,9,9,9
62309,1,1,1989,21,21,21,21,21,21,21,21,21,21
62309,2,1,1989,8,18,18,8,8,27,12,33,12,21
62310,1,1,1989,14,14,14,14,14,14,14,14,14,14
62311,1,1,1989,12,12,12,12,12,12,12,12,12,12
62312,1,1,1989,15,15,15,15,15,15,15,15,15,15
62313,1,1,1989,14,14,14,14,14,14,14,14,14,14
62314,1,1,1989,16,16,16,16,16,16,16,16,16,16
62315,1,1,1989,3,3,3,3,3,3,3,3,3,3
62316,1,1,1989,25,25,25,25,25,25,25,25,25,25
62317,1,1,1989,15,15,15,15,15,15,15,15,15,15
62317,2,1,1989,0,0,0,0,0,0,0,0,0,0
62318,1,1,1989,4,4,4,4,4,4,4,4,4,4
62318,2,1,1989,0,24,0,0,0,0,0,0,0,0
62318,3,1,1989,0,0,0,0,0,0,0,0,0,0
62319,1,1,1989,0,0,0,0,0,0,0,0,0,0
62320,0,1,1989,6,6,6,6,6,6,6,6,6,6
62320,1,1,1989,14,14,14,14,14,14,14,14,14,14
62321,1,1,1989,9,12,36,13,22,12,27,22,8,0
62322,1,1,1989,0,0,0,0,0,0,0,0,0,0
62322,2,1,1989,0,0,0,0,0,0,0,0,0,0
62322,3,1,1989,0,0,0,0,0,0,0,0,0,0
62323,1,1,1989,0,0,0,0,0,0,0,0,0,0
62324,1,1,1989,0,0,0,0,0,0,0,0,0,0
62324,2,1,1989,0,0,0,0,0,0,0,0,0,0
62325,1,1,1989,0,0,0,0,0,0,0,0,0,0
62325,2,1,1989,0,0,0,0,0,0,0,0,0,0
62326,1,1,1989,0,0,0,0,0,0,0,0,0,0
62326,2,1,1989,0,0,0,0,0,0,0,0,0,0
62326,3,1,1989,0,0,0,0,0,0,0,0,0,0
62327,1,1,1989,7,7,7,7,7,7,7,7,7,7
62328,1,1,1989,0,0,0,0,0,0,0,0,0,0
62329,1,1,1989,0,0,0,0,0,0,0,0,0,0
62329,2,1,1989,19,19,19,19,19,19,19,19,19,19
62330,1,1,1989,3,3,3,3,3,3,3,3,3,3
62331,1,1,1989,0,0,0,0,0,0,0,0,0,0
62332,1,1,1989,0,0,0,0,0,0,0,0,0,0
62332,2,1,1989,0,0,0,0,0,0,0,0,0,0
62332,3,1,1989,0,0,0,0,0,0,0,0,0,0
62333,1,1,1989,0,0,0,0,0,0,0,0,0,0
62334,1,1,1989,15,15,15,15,15,15,15,15,15,15
62334,2,1,1989,0,0,0,12,0,10,0,0,0,0
62335,1,1,1989,29,29,29,29,29,29,29,29,29,29
62336,1,1,1989,0,0,0,0,0,0,0,0,0,0
62336,2,1,1989,0,0,0,0,0,0,0,0,0,0
62336,3,1,1989,0,0,0,0,0,0,0,0,0,0
62337,1,1,1989,24,24,24,24,24,24,24,24,24,24
62338,0,1,1989,20,20,20,20,20,20,20,20,20,20
62338,1,1,1989,0,13,16,0,0,0,11,0,14,0
62339,1,1,1989,0,0,0,0,0,0,0,0,0,0
62339,2,1,1989,0,0,0,0,0,0,0,0,0,0
62340,1,1,1989,0,0,0,0,0,0,0,0,0,0
62341,1,1,1989,14,14,14,14,14,14,14,14,14,14
62342,0,1,1989,26,26,26,26,26,26,26,26,26,26
62342,1,1,1989,13,32,0,0,0,0,0,12,0,0
62343,1,1,1989,0,0,0,0,0,0,0,0,0,0
62343,2,1,1989,0,0,0,0,0,0,0,0,0,0
62344,0,1,1989,0,0,0,0,0,0,0,0,0,0
62344,1,1,1989,0,0,0,0,0,0,0,0,0,0
62345,1,1,1989,0,0,0,0,0,0,0,0,0,0
62346,1,1,1989,0,0,0,0,0,0,0,0,0,0
62347,1,1,1989,0,0,0,0,0,0,0,0,0,0
62348,1,1,1989,15,15,15,15,15,15,15,15,15,15
62349,1,1,1989,0,0,0,0,0,0,0,0,0,0
62349,2,1,1989,0,0,0,0,0,0,0,0,0,0
62349,3,1,1989,0,0,0,0,0,0,0,0,0,0
62350,0,1,1989,0,0,0,0,0,0,0,0,0,0
62350,1,1,1989,0,0,0,0,0,0,0,0,0,0
62351,1,1,1989,14,0,8,15,8,20,27,10,36,0
62352,1,1,1989,18,18,18,18,18,18,18,18,18,18
62353,1,1,1989,0,0,0,0,0,0,0,0,0,0
62354,1,1,1989,0,0,0,0,0,0,0,0,0,0
62354,2,1,1989,0,0,0,0,0,0,0,0,0,0
62355,1,1,1989,0,0,0,0,0,0,0,0,0,0
62357,0,1,1989,0,0,0,0,0,0,0,0,0,0
62357,1,1,1989,0,0,0,0,0,0,0,0,0,0
62358,1,1,1989,0,0,0,0,0,0,0,0,0,0
62359,1,1,1989,0,0,0,0,0,0,0,0,0,0
62360,1,1,1989,16,16,16,16,16,16,16,16,16,16
62361,1,1,1989,20,20,20,20,20,20,20,20,20,20
62361,2,1,1989,0,0,0,0,0,0,0,0,0,0
62362,0,1,1989,0,0,0,0,0,0,0,0,0,0
62362,2,1,1989,0,0,0,0,0,0,0,0,0,0
62363,1,1,1989,0,0,0,0,0,0,0,0,0,0
62363,2,1,1989,17,17,17,17,17,17,17,17,17,17
62364,1,1,1989,0,0,0,0,0,0,0,0,0,0
62365,0,1,1989,0,0,0,0,0,0,0,0,0,0
62365,0,2,1989,0,19,0,0,19,0,0,30,9,9
62365,1,1,1989,17,26,6,0,4,0,0,0,9,20
62365,2,1,1989,0,0,0,0,0,0,22,0,0,0
62366,1,1,1989,20,20,20,20,20,20,20,20,20,20
62367,0,1,1989,0,0,0,0,0,0,0,0,0,0
62367,1,1,1989,0,0,0,0,0,0,0,0,0,0
62368,1,1,1989,0,14,18,16,0,8,0,20,17,0
62368,2,1,1989,0,0,0,0,0,0,0,0,0,0
62369,1,1,1989,20,20,20,20,20,20,20,20,20,20
62370,1,1,1989,28,28,28,28,28,28,28,28,28,28
62370,2,1,1989,0,0,0,0,0,0,0,0,0,0
62371,1,1,1989,23,23,23,23,23,23,23,23,23,23
62371,2,1,1989,0,0,0,0,0,0,0,0,0,0
62372,1,1,1989,0,0,0,0,0,0,0,0,0,0
62373,1,1,1989,15,15,15,15,15,15,15,15,15,15
62373,2,1,1989,0,0,0,0,0,0,0,0,0,0
62374,0,1,1989,0,0,0,0,0,0,0,0,0,0
62374,1,1,1989,11,11,11,11,11,11,11,11,11,11
62375,1,1,1989,20,10,45,38,24,18,16,25,22,23
62376,1,1,1989,0,0,0,0,0,0,0,0,0,0
62376,2,1,1989,0,7,0,11,20,0,0,18,15,15
62377,1,1,1989,0,0,0,0,0,0,0,0,0,0
62378,1,1,1989,7,7,7,7,7,7,7,7,7,7
62379,1,1,1989,0,0,0,0,0,0,0,0,0,0
62379,2,1,1989,0,0,0,0,0,0,0,11,0,0
62380,1,1,1989,20,10,0,0,0,0,0,19,0,0
62381,1,1,1989,0,0,0,0,0,0,0,0,0,0
62382,1,1,1989,19,19,19,19,19,19,19,19,19,19
62382,2,1,1989,5,10,16,12,21,11,17,13,20,7
62383,0,1,1989,20,20,20,20,20,20,20,20,20,20
62383,1,1,1989,0,0,0,4,3,10,0,0,0,0
62384,1,1,1989,22,22,22,22,22,22,22,22,22,22
62384,2,1,1989,0,0,0,0,0,0,0,0,0,0
62385,1,1,1989,14,14,14,14,14,14,14,14,14,14
62386,1,1,1989,18,18,18,18,18,18,18,18,18,18
62386,2,1,1989,0,0,19,12,23,0,0,22,15,0
62387,0,1,1989,0,0,0,0,0,0,0,0,0,0
62387,1,1,1989,0,0,0,0,0,0,0,12,0,0
62387,3,1,1989,0,0,0,0,0,0,0,15,0,0
62388,2,1,1989,0,8,14,0,0,0,0,0,0,0
62389,1,1,1989,0,0,0,0,0,0,0,0,0,0
62390,1,1,1989,0,0,0,0,0,0,0,0,0,0
62391,1,1,1989,0,0,0,0,0,0,0,0,0,0
62391,2,1,1989,0,0,0,0,0,0,0,0,0,0
62392,1,1,1989,0,0,0,0,0,0,0,0,0,0
62392,2,1,1989,0,0,0,0,0,0,0,0,0,0
62392,3,1,1989,0,0,0,0,0,0,0,0,0,0
62393,1,1,1989,15,15,15,15,15,15,15,15,15,15
62394,1,1,1989,0,0,0,0,0,0,0,0,0,0
62394,2,1,1989,0,0,0,0,0,0,0,0,0,0
62395,1,1,1989,0,0,0,0,0,0,0,0,0,0
62395,2,1,1989,0,0,0,0,0,0,0,0,0,0
62396,1,1,1989,0,0,0,0,0,0,0,0,0,0
62397,1,1,1989,0,0,0,0,0,0,0,0,0,0
62397,2,1,1989,0,0,0,0,0,0,0,0,0,0
62398,1,1,1989,0,0,0,0,0,0,0,0,0,0
62398,2,1,1989,0,0,0,0,0,0,0,0,0,0
62399,1,1,1989,21,21,21,21,21,21,21,21,21,21
62399,2,1,1989,0,0,0,0,0,0,9,0,0,0
62400,1,1,1989,0,0,0,0,0,0,0,0,0,0
62400,2,1,1989,0,0,0,0,0,0,0,0,0,0
62400,3,1,1989,0,0,0,0,0,11,0,0,0,0
62400,4,1,1989,0,0,0,0,0,0,0,0,0,0
62400,5,1,1989,0,0,0,0,0,0,0,0,0,8
62401,1,1,1989,0,0,0,0,0,0,0,0,0,0
62401,2,1,1989,0,0,0,0,0,0,0,0,0,0
62401,3,1,1989,0,0,0,0,0,0,0,0,0,0
62401,4,1,1989,0,0,0,0,0,0,0,0,0,0
62402,1,1,1989,24,24,24,24,24,24,24,24,24,24
62402,2,1,1989,0,0,0,6,0,18,0,0,0,0
62403,1,1,1989,16,16,16,16,16,16,16,16,16,16
62403,2,1,1989,0,0,0,0,0,0,0,0,0,0
62403,3,1,1989,0,0,0,0,0,0,0,0,0,0
62404,1,1,1989,10,10,10,10,10,10,10,10,10,10
62404,2,1,1989,8,8,8,8,8,8,8,8,8,8
62405,1,1,1989,0,0,0,0,0,0,0,0,0,0
62405,2,1,1989,0,0,0,0,0,0,0,0,0,0
62406,1,1,1989,16,16,16,16,16,16,16,16,16,16
62407,1,1,1989,18,18,18,18,18,18,18,18,18,18
62408,1,1,1989,5,12,0,14,16,10,24,7,20,6
62408,2,1,1989,0,0,0,0,0,0,0,32,0,0
62409,1,1,1989,5,5,5,5,5,5,5,5,5,5
62410,1,1,1989,7,7,7,7,7,7,7,7,7,7
62410,2,1,1989,22,27,0,16,0,0,25,13,32,0
62411,0,1,1989,2,2,2,2,2,2,2,2,2,2
62411,1,1,1989,8,8,8,8,8,8,8,8,8,8
62412,0,1,1989,38,38,38,38,38,38,38,38,38,38
62412,1,1,1989,23,0,19,19,11,27,11,7,20,21
62413,1,1,1989,22,22,22,22,22,22,22,22,22,22
62414,0,1,1989,0,0,0,0,0,0,0,0,0,0
62414,1,1,1989,0,0,0,0,0,0,0,0,0,0
62415,1,1,1989,0,0,0,0,0,0,0,0,0,0
62415,2,1,1989,0,0,0,14,0,0,0,0,0,0
62416,1,1,1989,0,0,0,0,0,0,0,0,0,0
62416,2,1,1989,0,0,0,0,0,0,0,0,0,0
62417,0,1,1989,33,33,33,33,33,33,33,33,33,33
62417,1,1,1989,0,0,0,0,0,0,0,0,0,0
62418,1,1,1989,0,0,0,0,0,0,0,0,0,0
62418,2,1,1989,0,0,0,0,0,0,0,0,0,0
62419,0,1,1989,0,0,0,0,0,0,0,0,0,0
62419,1,1,1989,15,22,12,16,7,8,19,23,21,13
62420,1,1,1989,0,0,0,0,0,0,0,0,0,0
62420,2,1,1989,26,26,26,26,26,26,26,26,26,26
62421,1,1,1989,0,0,0,0,0,0,0,0,0,0
62421,2,1,1989,0,0,0,0,0,0,0,0,0,0
62422,1,1,1989,0,0,0,0,0,0,0,0,0,0
62422,2,1,1989,0,0,0,0,0,0,0,0,10,0
62423,1,1,1989,0,0,0,0,0,0,0,0,0,0
62424,0,1,1989,0,0,0,0,0,0,0,0,0,0
62424,1,1,1989,0,0,0,0,0,0,0,0,0,0
62425,1,1,1989,0,0,0,0,0,0,0,0,0,0
62425,2,1,1989,0,0,0,0,0,0,0,0,0,0
62426,1,1,1989,0,0,0,0,0,0,0,0,0,0
62426,2,1,1989,0,0,0,0,0,0,0,0,0,0
62427,1,1,1989,0,0,0,0,0,0,0,0,0,0
62428,1,1,1989,0,0,0,0,0,0,0,0,0,0
62428,2,1,1989,0,0,0,0,0,0,0,0,0,0
62429,1,1,1989,25,25,25,25,25,25,25,25,25,25
62430,1,1,1989,22,0,0,0,0,0,0,0,0,0
62431,1,1,1989,0,0,0,0,0,0,0,0,5,0
62431,2,1,1989,0,0,0,0,0,0,0,0,0,0
62432,0,1,1989,18,18,18,18,18,18,18,18,18,18
62432,1,1,1989,0,0,0,0,0,0,0,0,16,11
62433,1,1,1989,15,15,15,15,15,15,15,15,15,15
62434,1,1,1989,13,13,13,13,13,13,13,13,13,13
62434,2,1,1989,0,0,0,0,0,0,0,0,0,0
62435,1,1,1989,9,9,9,9,9,9,9,9,9,9
62436,0,1,1989,28,28,28,28,28,28,28,28,28,28
62436,1,1,1989,0,0,0,0,0,0,0,0,0,0
62437,0,1,1989,22,22,22,22,22,22,22,22,22,22
62437,1,1,1989,12,12,12,12,12,12,12,12,12,12
62438,1,1,1989,3,3,3,3,3,3,3,3,3,3
62438,2,1,1989,0,0,0,0,0,0,0,0,0,0
62438,3,1,1989,0,0,4,0,0,0,0,0,0,0
62439,1,1,1989,11,11,11,11,11,11,11,11,11,11
62440,0,1,1989,0,0,0,0,0,0,0,0,0,0
62440,1,1,1989,0,0,0,0,0,0,0,0,0,0
62441,1,1,1989,0,26,8,12,0,17,19,0,0,0
62441,2,1,1989,0,0,0,0,0,0,9,0,0,0
62442,1,1,1989,16,16,16,16,16,16,16,16,16,16
62443,1,1,1989,28,28,28,28,28,28,28,28,28,28
62444,1,1,1989,25,25,25,25,25,25,25,25,25,25
62445,1,1,1989,10,10,10,10,10,10,10,10,10,10
62445,2,1,1989,9,9,9,9,9,9,9,9,9,9
62446,1,1,1989,0,0,0,0,0,0,0,0,0,0
62447,1,1,1989,0,0,0,0,0,0,0,0,0,0
62447,2,1,1989,0,0,0,0,0,0,0,0,0,0
62448,1,1,1989,0,0,0,0,0,0,0,0,0,0
62448,2,1,1989,0,0,0,0,0,0,0,0,0,0
62448,3,1,1989,0,0,0,0,0,0,0,0,0,0
62449,1,1,1989,23,0,23,25,0,0,16,14,11,12
62450,1,1,1989,16,11,17,10,26,12,14,7,19,23
62451,1,1,1989,23,23,23,23,23,23,23,23,23,23
62451,2,1,1989,0,0,0,0,0,0,17,0,0,33
62452,1,1,1989,8,0,0,14,14,7,5,25,0,7
62452,2,1,1989,0,0,0,0,0,0,0,0,0,0
62453,1,1,1989,13,13,13,13,13,13,13,13,13,13
62454,1,1,1989,7,7,7,7,7,7,7,7,7,7
62454,2,1,1989,0,0,0,0,0,0,0,0,0,0
62455,1,1,1989,15,15,15,15,15,15,15,15,15,15
62456,0,1,1989,0,0,0,0,0,0,0,0,0,0
62456,1,1,1989,0,0,0,0,0,0,0,0,0,0
62457,0,1,1989,0,0,0,0,0,0,0,0,0,0
62457,1,1,1989,0,0,0,0,0,0,0,0,0,0
62458,0,1,1989,0,0,0,0,0,0,0,29,0,0
62458,0,2,1989,0,0,0,0,0,0,0,0,0,0
62458,1,1,1989,0,0,0,0,0,0,0,0,0,0
62459,1,1,1989,0,0,0,0,0,0,0,0,0,0
62460,1,1,1989,0,0,0,0,0,0,0,0,0,0
62460,2,1,1989,0,0,0,0,0,0,0,0,0,0
62461,1,1,1989,0,0,0,0,0,0,0,0,0,0
62461,2,1,1989,0,0,0,0,0,0,0,0,0,0
62462,0,1,1989,31,31,31,31,31,31,31,31,31,31
62462,1,1,1989,0,0,0,0,0,10,0,0,0,0
62463,1,1,1989,10,10,10,10,10,10,10,10,10,10
62464,0,1,1989,0,0,0,0,0,0,0,0,0,0
62464,1,1,1989,0,0,0,0,0,0,0,0,0,0
62465,1,1,1989,0,0,0,0,0,0,0,0,0,0