ST_CASE,VEH_NO,PER_NO,YEAR,P1,P2,P3,P4,P5,P6,P7,P8,P9,P10
62466,1,1,1989,34,34,34,34,34,34,34,34,34,34
62467,0,1,1989,23,23,23,23,23,23,23,23,23,23
62467,1,1,1989,0,0,0,0,0,0,0,0,0,0
62468,1,1,1989,3,3,3,3,3,3,3,3,3,3
62469,0,1,1989,10,10,10,10,10,10,10,10,10,10
62469,1,1,1989,0,0,15,0,0,0,0,0,0,0
62470,0,1,1989,0,0,0,0,0,0,0,0,0,0
62470,0,2,1989,0,10,0,0,0,6,0,0,6,11
62470,1,1,1989,33,0,0,0,9,0,0,14,0,0
62471,1,1,1989,0,6,22,0,0,0,0,0,29,10
62471,2,1,1989,0,0,0,0,0,0,0,0,0,0
62472,0,1,1989,18,18,18,18,18,18,18,18,18,18
62472,1,1,1989,17,0,0,0,6,9,12,0,31,0
62473,0,1,1989,27,27,27,27,27,27,27,27,27,27
62473,1,1,1989,1,0,0,0,14,5,0,0,22,0
62474,1,1,1989,0,0,0,0,0,0,0,0,0,0
62474,2,1,1989,0,0,0,0,0,0,0,0,0,0
62475,1,1,1989,0,0,0,0,0,0,0,0,0,0
62476,1,1,1989,0,0,0,0,0,0,0,0,0,0
62477,0,1,1989,0,0,0,0,0,0,0,0,0,0
62477,1,1,1989,0,28,8,0,0,0,0,0,0,0
62478,1,1,1989,0,0,0,0,0,0,0,0,0,0
62478,2,1,1989,0,0,0,0,0,0,0,0,0,0
62479,1,1,1989,0,0,0,0,0,0,0,0,0,0
62479,2,1,1989,0,0,0,0,0,0,0,0,0,0
62480,1,1,1989,32,32,32,32,32,32,32,32,32,32
62481,1,1,1989,15,23,5,18,19,0,0,8,0,0
62481,2,1,1989,0,0,0,0,0,0,11,0,0,0
62482,0,1,1989,12,12,12,12,12,12,12,12,12,12
62482,1,1,1989,0,0,0,11,0,0,0,0,0,0
62483,1,1,1989,0,0,0,0,0,0,0,0,0,0
62483,2,1,1989,0,0,0,0,0,0,0,0,0,0
62484,2,1,1989,0,0,0,0,17,2,0,0,0,0
62485,0,1,1989,0,0,0,0,0,0,0,0,0,0
62485,1,1,1989,0,0,0,0,0,0,0,0,0,0
62486,1,1,1989,0,0,0,0,0,0,0,0,0,0
62486,2,1,1989,0,0,0,0,0,0,0,0,0,0
62487,1,1,1989,6,0,0,28,0,0,0,0,0,0
62488,1,1,1989,0,0,0,0,0,29,8,0,0,0
62489,1,1,1989,0,0,0,0,0,0,0,0,0,0
62489,2,1,1989,0,0,0,0,0,0,0,0,0,0
62490,1,1,1989,0,0,0,0,0,0,0,0,0,0
62490,2,1,1989,0,0,0,0,0,0,0,0,0,0
62491,1,1,1989,23,23,23,23,23,23,23,23,23,23
62492,1,1,1989,0,0,0,0,0,0,0,0,0,0
62492,2,1,1989,0,0,0,0,0,0,0,0,0,0
62493,1,1,1989,0,0,0,0,0,0,0,0,0,0
62493,2,1,1989,0,0,0,0,0,0,27,6,0,0
62494,1,1,1989,4,4,4,4,4,4,4,4,4,4
62494,2,1,1989,0,0,0,0,0,0,0,0,0,0
62495,1,1,1989,22,22,22,22,22,22,22,22,22,22
62496,1,1,1989,0,0,0,0,0,0,0,0,0,0
62496,2,1,1989,0,0,0,0,0,0,0,0,0,0
62497,1,1,1989,0,8,0,11,0,0,19,0,15,0
62498,1,1,1989,0,0,0,0,0,0,0,0,0,0
62498,2,1,1989,0,0,0,0,0,0,0,0,0,0
62499,0,1,1989,0,0,0,0,0,0,0,0,0,0
62499,1,1,1989,0,0,0,0,0,0,0,0,0,0
62500,0,1,1989,0,25,17,16,22,0,12,15,25,0
62500,1,1,1989,7,0,8,0,0,0,17,0,0,0
62501,1,1,1989,0,0,0,0,0,0,0,0,0,0
62502,0,1,1989,28,43,15,16,17,13,10,23,36,0
62502,1,1,1989,0,18,0,0,0,4,0,15,0,0
62503,1,1,1989,32,32,32,32,32,32,32,32,32,32
62503,2,1,1989,0,0,0,0,0,0,0,0,0,0
62503,3,1,1989,5,5,5,5,5,5,5,5,5,5
62504,1,1,1989,0,0,0,0,0,0,0,0,0,0
62505,1,1,1989,0,0,19,0,16,0,17,0,0,14
62505,2,1,1989,5,5,5,5,5,5,5,5,5,5
62506,0,1,1989,0,0,0,0,0,0,0,0,0,0
62506,1,1,1989,0,0,0,0,0,0,0,0,0,0
62507,0,1,1989,0,0,0,0,0,0,0,0,0,0
62507,1,1,1989,0,0,0,19,0,0,0,0,0,0
62508,1,1,1989,14,14,14,14,14,14,14,14,14,14
62509,1,1,1989,28,28,28,28,28,28,28,28,28,28
62510,0,1,1989,0,0,0,0,0,0,0,0,0,0
62510,0,2,1989,0,0,0,0,16,0,10,0,15,9
62510,1,1,1989,0,0,0,0,0,0,0,0,0,0
62511,1,1,1989,21,21,21,21,21,21,21,21,21,21
62512,1,1,1989,12,12,12,12,12,12,12,12,12,12
62512,2,1,1989,0,0,0,0,0,0,0,0,19,8
62513,1,1,1989,13,13,13,13,13,13,13,13,13,13
62514,1,1,1989,12,12,12,12,12,12,12,12,12,12
62514,2,1,1989,0,0,0,0,0,0,0,0,0,0
62515,1,1,1989,16,16,16,16,16,16,16,16,16,16
62516,1,1,1989,4,4,4,4,4,4,4,4,4,4
62517,1,1,1989,0,0,0,0,0,0,0,0,0,0
62517,2,1,1989,0,0,0,0,0,0,0,0,0,0
62518,1,1,1989,24,24,24,24,24,24,24,24,24,24
62519,1,1,1989,0,0,0,0,0,0,0,0,0,0
62519,2,1,1989,0,0,0,0,0,0,0,0,0,0
62520,1,1,1989,12,12,12,12,12,12,12,12,12,12
62521,1,1,1989,0,0,0,0,0,0,0,0,0,0
62522,0,1,1989,10,10,10,10,10,10,10,10,10,10
62522,1,1,1989,0,0,0,0,0,0,0,0,0,0
62523,0,1,1989,2,4,7,0,0,14,13,13,12,7
62523,1,1,1989,5,5,5,5,5,5,5,5,5,5
62524,1,1,1989,0,30,24,24,11,18,17,25,3,10
62525,0,1,1989,2,2,2,2,2,2,2,2,2,2
62525,1,1,1989,13,26,30,17,9,19,0,18,21,8
62526,1,1,1989,13,13,13,13,13,13,13,13,13,13
62527,1,1,1989,0,0,0,0,0,0,0,0,0,0
62527,2,1,1989,0,0,0,0,0,0,0,0,0,0
62528,1,1,1989,18,18,18,18,18,18,18,18,18,18
62529,1,1,1989,0,0,0,0,0,0,0,0,0,0
62529,2,1,1989,0,0,0,0,0,0,0,0,0,0
62530,1,1,1989,15,15,15,15,15,15,15,15,15,15
62530,2,1,1989,0,0,0,0,0,0,0,0,0,0
62531,1,1,1989,15,15,15,15,15,15,15,15,15,15
62532,1,1,1989,16,16,16,16,16,16,16,16,16,16
62532,2,1,1989,0,0,0,0,0,0,0,0,0,0
62533,1,1,1989,22,22,22,22,22,22,22,22,22,22
62533,2,1,1989,17,0,0,0,0,0,0,0,0,0
62534,1,1,1989,13,13,13,13,13,13,13,13,13,13
62535,1,1,1989,18,18,18,18,18,18,18,18,18,18
62536,1,1,1989,0,0,0,0,0,0,0,0,0,0
62536,2,1,1989,0,0,0,0,0,0,0,0,0,0
62537,1,1,1989,0,0,0,0,0,0,0,0,0,0
62537,2,1,1989,0,0,0,0,0,0,0,0,0,0
62538,0,1,1989,0,0,0,0,0,0,0,0,0,0
62538,1,1,1989,13,13,13,13,13,13,13,13,13,13
62539,1,1,1989,22,22,22,22,22,22,22,22,22,22
62540,1,1,1989,30,30,30,30,30,30,30,30,30,30
62541,0,1,1989,0,0,0,0,0,0,0,0,0,0
62541,1,1,1989,0,0,0,0,0,0,0,0,0,0
62542,1,1,1989,9,9,9,9,9,9,9,9,9,9
62543,1,1,1989,0,0,0,0,0,0,0,0,0,0
62543,2,1,1989,6,6,6,6,6,6,6,6,6,6
62544,1,1,1989,9,9,9,9,9,9,9,9,9,9
62544,2,1,1989,26,26,26,26,26,26,26,26,26,26
62545,1,1,1989,0,0,0,0,0,0,0,0,0,0
62545,2,1,1989,0,13,0,0,13,0,0,0,0,0
62546,1,1,1989,18,18,18,18,18,18,18,18,18,18
62547,0,1,1989,0,0,0,0,0,0,0,0,0,0
62547,1,1,1989,0,0,0,0,0,0,0,0,0,0
62548,1,1,1989,0,0,0,0,0,0,0,0,0,0
62548,2,1,1989,0,0,0,0,0,0,0,0,0,0
62549,0,1,1989,0,0,0,0,0,0,0,0,0,0
62549,1,1,1989,0,0,0,0,0,0,0,0,0,0
62550,1,1,1989,0,0,0,0,0,0,0,0,0,0
62550,2,1,1989,0,0,0,0,0,0,0,0,0,0
62551,0,1,1989,0,0,0,0,0,0,0,0,0,0
62551,1,1,1989,21,21,21,21,21,21,21,21,21,21
62551,2,1,1989,0,0,0,0,0,0,0,0,0,0
62552,1,1,1989,22,22,22,22,22,22,22,22,22,22
62553,1,1,1989,26,26,26,26,26,26,26,26,26,26
62554,1,1,1989,0,0,0,0,0,0,0,0,0,0
62554,2,1,1989,11,11,11,11,11,11,11,11,11,11
62555,1,1,1989,10,20,20,0,16,11,8,0,0,14
62555,2,1,1989,0,0,13,10,0,0,0,23,0,0
62556,1,1,1989,0,0,0,0,0,0,0,0,0,0
62556,2,1,1989,0,0,0,0,0,0,0,0,0,0
62557,1,1,1989,16,16,16,16,16,16,16,16,16,16
62557,2,1,1989,0,22,0,0,0,0,0,0,0,0
62558,1,1,1989,21,21,21,21,21,21,21,21,21,21
62558,2,1,1989,0,0,0,0,0,0,0,0,0,0
62559,1,1,1989,12,12,12,12,12,12,12,12,12,12
62559,2,1,1989,0,0,0,19,19,0,0,6,7,16
62560,1,1,1989,0,0,0,0,0,0,0,0,0,0
62561,1,1,1989,0,0,0,0,0,0,0,0,0,0
62562,1,1,1989,32,32,32,32,32,32,32,32,32,32
62563,1,1,1989,0,0,0,0,0,0,0,0,0,0
62564,1,1,1989,0,0,0,0,0,0,0,0,0,0
62565,0,1,1989,0,0,0,0,0,0,0,0,0,0
62565,1,1,1989,16,0,18,17,12,0,21,0,15,12
62566,1,1,1989,0,0,0,0,0,0,0,0,0,0
62566,2,1,1989,0,0,0,0,0,0,0,0,0,0
62567,1,1,1989,11,11,11,11,11,11,11,11,11,11
62568,1,1,1989,12,12,12,12,12,12,12,12,12,12
62569,1,1,1989,0,0,0,0,0,0,0,0,0,0
62570,1,1,1989,0,0,0,0,0,0,0,0,0,0
62571,1,1,1989,0,0,0,0,0,0,0,0,0,0
62571,2,1,1989,0,0,0,0,0,0,0,0,0,0
62572,1,1,1989,0,0,0,0,0,0,0,0,0,0
62573,1,1,1989,0,0,0,0,0,0,0,0,0,0
62573,2,1,1989,0,0,0,0,0,0,0,0,0,0
62574,0,1,1989,8,8,8,8,8,8,8,8,8,8
62574,1,1,1989,6,0,10,0,0,24,0,10,25,16
62575,1,1,1989,0,0,0,0,0,0,26,0,29,21
62576,1,1,1989,0,0,0,0,0,0,0,0,0,0
62577,1,1,1989,0,0,0,0,0,0,0,0,0,0
62578,1,1,1989,22,22,22,22,22,22,22,22,22,22
62578,2,1,1989,0,0,0,0,0,0,0,0,0,0
62579,1,1,1989,6,6,6,6,6,6,6,6,6,6
62579,2,1,1989,0,0,0,0,0,0,0,0,0,0
62580,1,1,1989,0,0,0,0,0,0,0,0,0,0
62581,1,1,1989,0,0,0,0,0,0,0,0,0,17
62581,2,1,1989,0,0,0,0,0,0,0,0,0,29
62582,1,1,1989,17,17,17,17,17,17,17,17,17,17
62583,1,1,1989,14,14,14,14,14,14,14,14,14,14
62584,1,1,1989,0,0,0,0,0,0,0,0,0,0
62584,2,1,1989,0,0,0,0,0,0,0,0,0,0
62585,1,1,1989,25,25,25,25,25,25,25,25,25,25
62585,2,1,1989,0,0,0,0,0,0,0,0,0,0
62586,1,1,1989,0,0,0,0,0,12,0,0,0,0
62586,2,1,1989,0,0,0,0,0,0,0,0,0,0
62586,3,1,1989,0,0,0,0,0,0,0,0,0,0
62586,4,1,1989,0,0,0,0,0,0,0,0,0,0
62587,1,1,1989,10,10,10,10,10,10,10,10,10,10
62587,2,1,1989,6,0,0,0,15,0,0,0,0,0
62588,0,1,1989,23,23,23,23,23,23,23,23,23,23
62588,1,1,1989,0,0,0,0,0,0,0,0,0,0
62589,1,1,1989,16,16,16,16,16,16,16,16,16,16
62590,1,1,1989,0,0,0,0,0,0,0,0,0,0
62590,2,1,1989,0,0,0,0,0,0,0,0,0,0
62591,0,1,1989,22,24,22,24,11,19,24,16,11,21
62591,1,1,1989,0,0,0,0,19,23,0,0,11,0
62592,1,1,1989,0,0,0,0,0,0,0,0,19,0
62592,2,1,1989,0,0,0,0,0,0,0,0,0,0
62593,1,1,1989,2,10,5,18,8,0,14,4,0,5
62593,2,1,1989,0,0,0,0,0,0,0,0,0,0
62594,1,1,1989,18,18,18,18,18,18,18,18,18,18
62595,1,1,1989,20,20,20,20,20,20,20,20,20,20
62596,1,1,1989,22,22,22,22,22,22,22,22,22,22
62596,2,1,1989,0,7,0,0,0,0,0,0,0,0
62597,0,1,1989,24,24,24,24,24,24,24,24,24,24
62597,1,1,1989,0,0,0,0,0,0,0,0,0,0
62597,2,1,1989,0,16,0,14,0,0,0,30,7,0
62598,1,1,1989,0,9,0,13,13,0,17,0,0,12
62598,2,1,1989,0,0,0,0,0,0,0,0,0,0
62599,1,1,1989,0,0,0,0,0,0,0,0,0,0
62599,2,1,1989,0,0,0,0,0,0,0,0,0,0
62600,1,1,1989,0,0,0,0,0,0,0,0,0,0
62600,2,1,1989,0,0,0,0,0,0,0,0,4,0
62601,1,1,1989,0,0,0,0,0,0,0,0,0,0
62602,1,1,1989,0,0,0,0,0,0,0,0,0,0
62602,2,1,1989,0,0,0,0,0,0,0,0,0,0
62603,1,1,1989,4,4,4,4,4,4,4,4,4,4
62603,2,1,1989,0,0,0,0,0,0,0,0,0,0
62604,1,1,1989,13,13,13,13,13,13,13,13,13,13
62605,1,1,1989,18,18,18,18,18,18,18,18,18,18
62605,2,1,1989,0,0,0,0,0,0,0,0,0,0
62605,3,1,1989,0,0,0,0,0,0,0,0,0,0
62605,4,1,1989,0,0,0,0,0,0,0,0,0,0
62605,5,1,1989,0,0,0,0,0,0,0,0,0,0
62606,1,1,1989,15,15,15,15,15,15,15,15,15,15
62606,2,1,1989,0,0,0,0,0,0,0,0,0,0
62607,1,1,1989,0,0,0,0,0,0,0,0,0,0
62607,2,1,1989,0,0,0,0,0,0,0,0,0,0
62608,1,1,1989,8,8,8,8,8,8,8,8,8,8
62608,2,1,1989,0,0,0,0,0,0,0,0,0,0
62608,3,1,1989,0,0,0,0,0,0,0,0,0,0
62609,1,1,1989,9,9,9,9,9,9,9,9,9,9
62609,2,1,1989,0,0,0,8,10,0,16,0,0,0
62610,0,1,1989,16,16,16,16,16,16,16,16,16,16
62610,0,2,1989,0,0,0,0,0,0,0,0,0,0
62610,0,3,1989,0,0,0,0,0,0,0,0,0,0
62610,0,4,1989,0,0,0,0,0,0,0,0,0,0
62610,1,1,1989,0,0,0,0,0,0,0,0,0,0
62611,1,1,1989,21,21,21,21,21,21,21,21,21,21
62611,2,1,1989,0,0,0,0,0,0,0,0,0,0
62612,1,1,1989,19,19,19,19,19,19,19,19,19,19
62613,1,1,1989,0,0,0,0,0,0,0,0,0,0
62614,1,1,1989,0,0,0,0,0,0,0,0,0,0
62614,2,1,1989,0,0,0,0,0,0,0,0,0,0
62615,1,1,1989,23,23,23,23,23,23,23,23,23,23
62615,2,1,1989,0,0,0,0,0,0,0,0,0,0
62616,1,1,1989,19,19,19,19,19,19,19,19,19,19
62616,2,1,1989,0,0,0,0,0,0,0,0,0,0
62617,0,1,1989,4,4,4,4,4,4,4,4,4,4
62617,1,1,1989,19,10,17,0,5,12,12,13,0,23
62617,2,1,1989,0,0,0,0,0,0,0,0,0,0
62618,1,1,1989,16,16,16,16,16,16,16,16,16,16
62619,1,1,1989,20,20,20,20,20,20,20,20,20,20
62620,1,1,1989,16,16,16,16,16,16,16,16,16,16
62620,2,1,1989,0,0,0,0,0,0,0,0,0,0
62621,1,1,1989,15,15,15,15,15,15,15,15,15,15
62622,1,1,1989,0,0,0,12,0,0,0,0,0,0
62622,2,1,1989,0,0,0,0,0,0,0,0,0,0
62622,3,1,1989,0,0,0,0,0,0,0,0,0,0
62623,1,1,1989,14,14,14,14,14,14,14,14,14,14
62623,2,1,1989,0,0,0,0,0,0,0,0,0,0
62624,0,1,1989,0,0,0,0,0,0,0,0,0,0
62624,1,1,1989,0,0,0,0,0,0,0,0,0,0
62625,1,1,1989,10,10,10,10,10,10,10,10,10,10
62625,2,1,1989,0,0,0,0,0,0,0,0,0,0
62626,0,1,1989,7,7,7,7,7,7,7,7,7,7
62626,1,1,1989,0,6,0,0,0,0,0,0,0,0
62626,2,1,1989,0,0,0,0,0,0,0,0,0,0
62627,1,1,1989,1,1,1,1,1,1,1,1,1,1
62628,1,1,1989,0,0,0,0,0,0,0,0,0,0
62629,1,1,1989,0,0,0,0,0,0,0,0,0,0
62630,1,1,1989,24,24,24,24,24,24,24,24,24,24
62631,1,1,1989,14,14,14,14,14,14,14,14,14,14
62632,1,1,1989,0,0,0,0,0,0,0,0,0,0
62632,2,1,1989,0,0,0,0,0,0,0,0,0,0
62633,1,1,1989,31,0,0,0,0,0,0,0,0,0
62634,1,1,1989,0,0,0,0,0,0,0,0,0,0
62634,2,1,1989,0,0,0,0,6,0,0,0,0,0
62634,3,1,1989,0,0,0,0,0,0,0,0,0,0
62635,0,1,1989,0,0,0,0,0,0,0,0,0,0
62635,1,1,1989,0,0,0,0,0,0,0,0,0,0
62636,0,1,1989,31,31,31,31,31,31,31,31,31,31
62636,0,2,1989,18,26,0,5,21,6,22,31,0,3
62636,1,1,1989,4,4,4,4,4,4,4,4,4,4
62637,1,1,1989,19,19,19,19,19,19,19,19,19,19
62638,1,1,1989,12,20,6,6,12,8,14,3,18,12
62639,1,1,1989,21,21,21,21,21,21,21,21,21,21
62640,0,1,1989,0,0,0,0,0,0,0,0,0,0
62640,1,1,1989,0,0,0,0,0,0,0,0,18,0
62640,2,1,1989,7,0,20,0,10,0,10,0,0,0
62641,1,1,1989,0,0,0,0,0,0,0,0,0,0
62641,2,1,1989,0,0,0,0,0,0,0,0,0,0
62642,1,1,1989,0,0,0,0,0,0,0,0,0,0
62643,0,1,1989,0,0,0,0,0,0,0,0,0,0
62643,1,1,1989,0,0,0,0,0,0,0,0,0,0
62644,1,1,1989,0,0,0,0,0,0,0,0,0,0
62644,2,1,1989,0,0,0,0,0,0,0,0,0,0
62644,3,1,1989,0,0,0,0,0,0,0,0,0,0
62645,1,1,1989,0,0,0,0,0,0,0,0,0,0
62645,2,1,1989,0,0,0,0,0,0,0,0,0,0
62646,1,1,1989,0,0,0,0,0,0,0,0,0,0
62646,2,1,1989,0,0,0,0,0,0,0,0,0,0
62647,1,1,1989,0,0,0,0,0,0,0,0,0,0
62648,1,1,1989,0,0,0,0,0,0,0,0,0,0
62648,2,1,1989,0,0,0,0,0,0,0,0,0,0
62649,1,1,1989,9,9,9,9,9,9,9,9,9,9
62650,0,1,1989,14,14,14,14,14,14,14,14,14,14
62650,1,1,1989,0,0,0,0,0,0,0,0,0,0
62651,1,1,1989,0,0,0,0,0,0,0,0,0,0
62651,2,1,1989,0,0,0,0,0,17,0,0,0,0
62652,0,1,1989,0,0,0,0,0,0,0,0,0,0
62652,0,2,1989,0,7,27,0,0,0,0,0,14,0
62652,1,1,1989,3,3,3,3,3,3,3,3,3,3
62653,1,1,1989,0,0,0,0,0,0,0,0,0,0
62653,2,1,1989,0,0,0,0,0,0,0,0,0,0
62654,1,1,1989,20,15,0,0,0,15,0,0,0,0
62655,1,1,1989,0,0,0,0,0,0,0,0,0,0
62655,2,1,1989,7,26,7,10,0,9,6,3,11,0
62656,1,1,1989,0,0,0,0,0,0,0,0,0,0
62657,0,1,1989,0,0,0,0,0,0,0,0,0,0
62657,0,2,1989,23,5,8,6,0,19,0,0,0,17
62657,0,3,1989,0,0,0,0,0,0,0,0,0,0
62657,0,4,1989,0,0,0,0,0,0,0,0,0,0
62657,1,1,1989,14,14,14,14,14,14,14,14,14,14
62658,1,1,1989,23,23,23,23,23,23,23,23,23,23
62659,1,1,1989,17,17,17,17,17,17,17,17,17,17
62660,1,1,1989,15,15,15,15,15,15,15,15,15,15
62660,2,1,1989,6,6,6,6,6,6,6,6,6,6
62661,1,1,1989,0,0,0,0,0,0,0,0,0,0
62662,0,1,1989,9,9,9,9,9,9,9,9,9,9
62662,0,2,1989,30,0,0,16,0,18,43,20,8,49
62662,1,1,1989,13,13,13,13,13,13,13,13,13,13
62663,0,1,1989,17,7,26,38,0,8,5,16,16,41
62663,1,1,1989,0,0,0,0,0,0,0,0,0,0
62664,1,1,1989,0,0,0,0,0,0,0,0,0,0
62664,2,1,1989,21,17,0,0,0,0,0,3,0,7
62665,1,1,1989,0,0,0,0,0,0,0,14,0,0
62666,1,1,1989,0,0,0,0,0,0,0,0,0,0
62666,2,1,1989,0,0,0,0,21,22,0,0,0,0
62667,1,1,1989,26,26,26,26,26,26,26,26,26,26
62668,1,1,1989,12,12,12,12,12,12,12,12,12,12
62669,1,1,1989,18,18,18,18,18,18,18,18,18,18
62670,1,1,1989,17,17,17,17,17,17,17,17,17,17
62671,1,1,1989,27,27,27,27,27,27,27,27,27,27
62672,0,1,1989,0,0,0,0,0,0,0,0,0,0
62672,1,1,1989,0,0,0,0,0,0,0,0,0,0
62673,1,1,1989,16,16,16,16,16,16,16,16,16,16
62674,1,1,1989,18,18,18,18,18,18,18,18,18,18
62675,1,1,1989,0,0,0,0,0,0,0,0,0,0
62675,2,1,1989,12,12,12,12,12,12,12,12,12,12
62676,1,1,1989,16,15,6,11,11,20,15,0,15,18
62677,1,1,1989,0,0,0,0,0,0,0,0,0,0
62678,1,1,1989,0,0,0,0,0,0,0,0,0,0
62679,0,1,1989,21,21,21,21,21,21,21,21,21,21
62679,1,1,1989,0,0,0,0,0,0,0,0,0,0
62680,1,1,1989,32,16,0,0,0,0,0,0,7,9
62681,1,1,1989,16,16,16,16,16,16,16,16,16,16
62681,2,1,1989,0,0,0,0,0,0,0,0,0,0
62682,1,1,1989,3,3,3,3,3,3,3,3,3,3
62682,2,1,1989,0,0,0,2,0,0,0,0,8,0
62683,1,1,1989,0,0,5,0,0,0,0,0,0,0
62683,2,1,1989,0,0,0,0,0,0,0,0,0,0
62684,1,1,1989,0,0,0,0,0,0,0,0,0,0
62684,2,1,1989,0,0,0,0,0,0,0,0,0,0
62684,3,1,1989,0,0,0,0,0,0,0,0,0,0
62685,1,1,1989,0,0,0,0,0,0,0,0,0,0
62685,2,1,1989,0,0,0,0,0,0,0,0,0,0
62686,1,1,1989,13,13,13,13,13,13,13,13,13,13
62687,1,1,1989,29,29,29,29,29,29,29,29,29,29
62687,2,1,1989,0,0,0,0,0,0,0,0,0,0
62688,0,1,1989,0,0,0,0,0,0,0,0,0,0
62688,1,1,1989,18,18,18,18,18,18,18,18,18,18
62689,1,1,1989,0,0,0,0,0,0,0,0,0,0
62690,0,1,1989,0,0,0,0,0,0,0,0,0,0
62690,1,1,1989,0,13,0,12,0,0,26,0,22,21
62690,2,1,1989,0,9,0,0,0,0,0,7,0,0
62691,1,1,1989,0,0,0,0,0,0,0,0,0,0
62692,1,1,1989,0,0,0,0,0,0,0,0,0,0
62692,2,1,1989,0,0,0,0,0,0,11,0,0,0
62693,1,1,1989,0,0,0,0,0,0,0,0,0,0
62694,1,1,1989,0,0,0,0,0,0,0,0,0,0
62695,1,1,1989,0,0,0,0,0,0,0,0,0,0
62695,2,1,1989,0,0,0,0,13,0,0,0,22,0
62696,0,1,1989,0,0,0,0,0,0,0,0,0,0
62696,1,1,1989,0,0,0,0,5,0,0,0,0,0
62697,1,1,1989,0,0,0,0,13,0,0,0,0,0
62698,1,1,1989,0,0,0,0,0,0,0,0,0,0
62699,1,1,1989,8,13,18,21,7,13,0,25,0,6
62700,1,1,1989,0,0,0,0,0,0,0,0,0,0
62700,2,1,1989,6,6,6,6,6,6,6,6,6,6
62701,1,1,1989,0,0,0,0,0,0,0,0,0,0
62702,1,1,1989,10,10,10,10,10,10,10,10,10,10
62702,2,1,1989,0,0,0,0,0,14,0,6,0,0
62703,1,1,1989,16,16,16,16,16,16,16,16,16,16
62704,1,1,1989,0,0,0,0,0,0,0,0,0,0
62705,1,1,1989,19,19,19,19,19,19,19,19,19,19
62706,1,1,1989,0,0,0,0,0,0,0,0,0,0
62706,2,1,1989,0,0,0,0,0,0,0,0,0,0
62707,1,1,1989,0,0,0,0,0,0,0,0,0,0
62707,2,1,1989,0,0,0,0,0,0,0,0,0,0
62708,1,1,1989,0,0,0,0,0,0,0,0,0,0
62708,2,1,1989,0,0,0,0,0,0,0,0,0,0
62709,1,1,1989,0,0,0,0,0,0,0,0,0,0
62709,2,1,1989,7,0,0,0,0,0,0,0,0,0
62710,1,1,1989,0,0,0,0,0,0,0,0,0,0
62710,2,1,1989,0,0,0,0,0,0,0,0,0,0
62711,1,1,1989,14,14,14,14,14,14,14,14,14,14
62713,0,1,1989,0,0,0,0,0,0,0,0,0,0
62713,1,1,1989,0,0,0,0,0,0,0,0,0,0
62714,1,1,1989,0,0,0,0,0,0,0,0,0,0
62714,2,1,1989,0,0,0,0,0,0,0,0,0,0
62715,1,1,1989,0,0,0,0,0,0,0,0,0,0
62715,2,1,1989,0,0,0,0,0,0,0,0,0,0
62715,3,1,1989,0,0,0,0,0,0,0,0,0,0
62716,1,1,1989,0,0,0,0,0,0,0,0,0,0
62717,0,1,1989,27,16,12,16,10,13,0,9,29,13
62717,1,1,1989,4,0,0,0,0,0,0,0,0,16
62718,1,1,1989,12,12,12,12,12,12,12,12,12,12
62719,0,1,1989,17,17,17,17,17,17,17,17,17,17
62719,2,1,1989,0,0,0,0,21,0,0,0,0,0
62719,3,1,1989,6,0,0,8,14,21,15,7,20,12
62719,4,1,1989,0,0,0,0,0,0,0,0,0,0
62719,5,1,1989,0,0,0,0,0,0,0,0,0,0
62720,1,1,1989,20,20,20,20,20,20,20,20,20,20
62721,1,1,1989,0,0,0,0,0,0,0,0,0,0
62721,2,1,1989,0,7,0,0,0,0,0,0,0,0
62722,1,1,1989,14,14,14,14,14,14,14,14,14,14
62723,0,1,1989,0,0,0,0,0,0,0,0,0,0
62723,1,1,1989,0,0,0,0,0,0,0,0,0,0
62724,1,1,1989,0,0,0,0,0,0,0,0,0,0
62724,2,1,1989,0,0,0,0,0,0,0,0,0,0
62724,3,1,1989,0,0,0,0,0,0,0,0,0,0
62724,4,1,1989,0,0,0,0,0,0,0,0,0,0
62724,5,1,1989,0,0,0,0,0,0,0,0,0,0
62724,6,1,1989,0,0,0,0,0,0,0,0,0,0
62724,7,1,1989,0,0,0,0,0,0,0,0,0,0
62724,8,1,1989,0,0,0,0,0,0,0,10,0,0
62725,1,1,1989,10,10,10,10,10,10,10,10,10,10
62726,0,1,1989,0,0,0,0,0,0,0,0,0,0
62726,1,1,1989,16,0,6,11,0,18,12,9,15,20
62727,1,1,1989,12,12,12,12,12,12,12,12,12,12
62728,1,1,1989,13,13,13,13,13,13,13,13,13,13
62728,2,1,1989,3,3,3,3,3,3,3,3,3,3
62729,0,1,1989,22,22,22,22,22,22,22,22,22,22
62729,1,1,1989,0,0,0,0,0,0,0,0,0,0
62730,1,1,1989,0,0,0,0,0,0,0,0,0,0
62730,2,1,1989,0,0,0,0,0,0,0,0,0,0
62731,0,1,1989,0,0,0,0,0,0,0,0,0,0
62731,1,1,1989,0,0,0,0,0,5,0,0,2,0
62732,1,1,1989,0,0,0,0,0,0,0,0,0,0
62733,1,1,1989,0,0,0,0,0,0,0,0,0,0
62734,0,1,1989,0,0,0,0,13,0,0,0,0,0
62734,1,1,1989,0,0,0,0,0,0,0,0,0,0
62735,1,1,1989,0,0,0,0,0,0,0,0,0,0
62735,2,1,1989,0,0,0,0,0,0,0,0,0,0
62736,1,1,1989,18,18,18,18,18,18,18,18,18,18