ST_CASE,VEH_NO,PER_NO,YEAR,P1,P2,P3,P4,P5,P6,P7,P8,P9,P10
63290,2,1,1989,0,0,0,0,0,0,0,0,0,0
63291,1,1,1989,0,0,0,0,0,0,0,0,0,0
63291,2,1,1989,0,0,0,0,0,0,7,0,0,4
63292,1,1,1989,0,0,0,0,0,0,0,0,0,0
63292,2,1,1989,6,6,6,6,6,6,6,6,6,6
63293,0,1,1989,16,16,16,16,16,16,16,16,16,16
63293,1,1,1989,0,0,0,0,0,0,0,0,0,0
63294,0,1,1989,0,0,0,0,0,0,0,0,0,0
63294,1,1,1989,0,21,0,0,28,0,21,0,0,0
63294,2,1,1989,11,11,11,11,11,11,11,11,11,11
63295,1,1,1989,19,0,0,0,0,11,0,0,13,17
63295,2,1,1989,17,0,21,0,6,0,0,0,25,0
63296,1,1,1989,16,16,16,16,16,16,16,16,16,16
63296,2,1,1989,0,0,0,0,0,0,0,0,0,0
63297,0,1,1989,35,35,35,35,35,35,35,35,35,35
63297,1,1,1989,0,0,0,0,0,0,0,11,0,0
63298,1,1,1989,0,0,0,0,0,0,0,0,0,0
63299,1,1,1989,20,20,20,20,20,20,20,20,20,20
63299,2,1,1989,0,0,0,0,0,0,0,12,0,0
63300,1,1,1989,12,12,12,12,12,12,12,12,12,12
63301,0,1,1989,25,25,25,25,25,25,25,25,25,25
63301,1,1,1989,6,6,6,6,6,6,6,6,6,6
63302,1,1,1989,0,0,11,0,0,0,0,0,0,0
63302,2,1,1989,0,0,0,0,0,0,0,0,0,0
63302,3,1,1989,0,0,0,0,0,0,0,0,0,0
63302,4,1,1989,0,0,0,0,0,0,0,0,0,0
63303,0,1,1989,21,0,0,13,14,0,9,17,14,0
63303,1,1,1989,4,26,21,0,0,0,0,0,0,26
63304,0,1,1989,0,0,0,0,0,0,0,0,0,0
63304,1,1,1989,18,18,0,21,22,0,18,0,14,18
63305,0,1,1989,0,0,0,0,0,0,0,0,0,0
63305,1,1,1989,0,0,0,0,0,0,0,0,0,0
63306,1,1,1989,0,0,0,0,0,0,0,0,3,0
63306,2,1,1989,0,0,0,0,0,0,0,0,0,0
63308,1,1,1989,0,0,0,0,0,0,0,0,0,0
63308,2,1,1989,0,0,0,0,0,0,0,0,0,0
63309,0,1,1989,0,0,0,0,0,0,0,0,0,0
63309,1,1,1989,0,0,0,0,0,0,0,0,0,0
63310,1,1,1989,0,0,0,0,0,0,0,0,0,0
63310,2,1,1989,0,0,0,0,0,0,0,0,0,0
63311,1,1,1989,0,0,0,0,0,0,0,0,0,0
63311,2,1,1989,0,0,0,0,0,0,0,0,0,0
63312,1,1,1989,0,0,0,0,0,0,0,0,0,0
63312,2,1,1989,0,0,0,0,0,0,0,0,0,0
63313,1,1,1989,0,0,0,0,0,0,0,0,0,0
63313,2,1,1989,0,0,0,0,0,0,0,0,0,0
63314,1,1,1989,31,31,31,31,31,31,31,31,31,31
63315,1,1,1989,0,0,0,0,0,0,0,0,0,0
63315,2,1,1989,0,0,0,0,0,0,0,0,0,0
63315,3,1,1989,0,0,0,0,0,0,0,0,0,0
63316,1,1,1989,18,18,18,18,18,18,18,18,18,18
63317,1,1,1989,0,0,0,0,0,0,0,0,0,0
63318,0,1,1989,0,0,0,0,0,0,0,0,0,0
63318,1,1,1989,0,0,0,0,0,0,0,0,0,0
63319,1,1,1989,0,0,0,0,0,0,0,0,0,0
63319,2,1,1989,0,0,0,0,0,0,0,0,0,0
63320,1,1,1989,0,0,0,0,0,0,0,0,0,0
63321,1,1,1989,16,16,16,16,16,16,16,16,16,16
63322,1,1,1989,22,22,22,22,22,22,22,22,22,22
63322,2,1,1989,0,19,0,0,30,0,5,0,0,0
63323,1,1,1989,0,0,0,0,0,0,0,0,0,0
63323,2,1,1989,0,0,0,0,0,0,0,0,0,0
63323,3,1,1989,0,0,0,0,0,0,0,0,0,0
63324,1,1,1989,0,0,0,0,0,0,0,0,0,0
63325,0,1,1989,0,0,0,0,0,0,0,0,0,0
63325,1,1,1989,10,0,0,0,0,0,0,0,0,0
63326,1,1,1989,0,0,0,0,0,0,0,0,0,0
63326,2,1,1989,0,0,0,0,0,0,0,0,0,0
63327,1,1,1989,0,0,0,0,0,0,0,0,0,0
63328,0,1,1989,0,0,0,0,0,0,0,0,0,0
63328,1,1,1989,0,15,0,12,0,0,0,0,0,0
63329,1,1,1989,0,0,0,0,0,0,0,0,0,0
63329,2,1,1989,0,0,0,0,0,0,0,0,0,0
63330,1,1,1989,22,22,22,22,22,22,22,22,22,22
63331,1,1,1989,0,0,0,0,0,0,0,0,0,0
63332,1,1,1989,1,1,1,1,1,1,1,1,1,1
63332,2,1,1989,12,0,31,0,11,3,0,0,0,0
63333,1,1,1989,0,0,0,0,0,0,0,0,0,0
63334,0,1,1989,13,13,13,13,13,13,13,13,13,13
63334,1,1,1989,0,0,0,0,0,0,0,0,0,0
63334,3,1,1989,15,0,0,7,10,13,18,24,21,21
63335,1,1,1989,0,0,0,0,0,0,0,0,0,0
63335,2,1,1989,0,0,0,0,0,0,0,0,0,0
63336,0,1,1989,0,0,0,0,0,0,0,0,0,0
63336,1,1,1989,0,0,0,0,0,0,0,0,0,0
63337,1,1,1989,0,0,0,0,0,0,0,0,0,0
63337,2,1,1989,0,0,0,0,0,0,0,0,0,0
63338,0,1,1989,18,18,18,18,18,18,18,18,18,18
63338,1,1,1989,6,0,0,0,8,0,0,0,11,0
63339,1,1,1989,7,7,7,7,7,7,7,7,7,7
63339,2,1,1989,0,0,0,0,0,0,0,0,0,0
63339,3,1,1989,0,0,0,0,0,0,0,0,0,0
63340,1,1,1989,0,0,0,0,0,0,0,0,0,0
63341,0,1,1989,0,0,0,0,0,0,0,0,0,0
63341,1,1,1989,0,14,17,0,10,2,0,0,0,0
63342,1,1,1989,0,0,10,23,0,0,14,0,0,6
63343,1,1,1989,12,0,0,0,0,0,0,0,0,0
63343,2,1,1989,0,0,0,0,0,0,0,0,0,0
63344,0,1,1989,0,0,0,0,0,0,0,0,0,0
63344,1,1,1989,0,0,0,0,0,0,0,0,0,0
63345,0,1,1989,0,0,0,0,0,0,0,0,0,0
63345,1,1,1989,0,0,3,0,0,0,0,0,0,14
63346,1,1,1989,18,17,18,4,0,12,11,6,13,0
63346,2,1,1989,0,0,0,0,0,0,0,0,0,0
63347,1,1,1989,22,22,22,22,22,22,22,22,22,22
63347,2,1,1989,0,0,0,0,0,0,0,0,0,0
63348,1,1,1989,0,0,0,0,0,0,0,0,0,0
63349,1,1,1989,12,12,12,12,12,12,12,12,12,12
63350,1,1,1989,0,0,0,0,0,0,0,0,0,0
63350,2,1,1989,0,0,0,0,0,0,0,0,0,0
63351,1,1,1989,7,7,7,7,7,7,7,7,7,7
63352,0,1,1989,8,8,8,8,8,8,8,8,8,8
63352,1,1,1989,14,14,14,14,14,14,14,14,14,14
63353,1,1,1989,0,0,0,0,0,0,0,4,0,0
63353,2,1,1989,15,15,15,15,15,15,15,15,15,15
63354,1,1,1989,15,0,0,0,0,0,0,0,0,0
63354,2,1,1989,17,17,17,17,17,17,17,17,17,17
63354,3,1,1989,5,27,0,0,14,0,19,0,0,0
63355,0,1,1989,12,26,0,0,23,20,0,0,0,0
63355,0,2,1989,16,12,0,0,10,35,29,18,11,46
63355,0,3,1989,14,10,26,11,19,43,13,15,16,7
63355,1,1,1989,0,0,0,0,0,0,0,0,0,0
63355,2,1,1989,0,0,0,0,0,0,0,0,0,0
63356,1,1,1989,6,7,0,10,0,0,27,8,9,13
63357,1,1,1989,6,0,22,14,9,14,0,0,0,7
63358,0,1,1989,28,28,28,28,28,28,28,28,28,28
63358,1,1,1989,0,0,0,0,0,0,0,0,0,0
63359,1,1,1989,28,28,28,28,28,28,28,28,28,28
63360,1,1,1989,20,20,20,20,20,20,20,20,20,20
63361,1,1,1989,5,5,5,5,5,5,5,5,5,5
63361,2,1,1989,0,0,0,0,0,16,0,0,0,15
63362,1,1,1989,9,9,9,9,9,9,9,9,9,9
63363,1,1,1989,11,11,11,11,11,11,11,11,11,11
63363,2,1,1989,0,0,0,29,0,0,0,0,0,0
63364,1,1,1989,7,7,7,7,7,7,7,7,7,7
63365,1,1,1989,16,16,16,16,16,16,16,16,16,16
63366,1,1,1989,0,0,0,0,0,0,0,0,0,0
63366,2,1,1989,0,0,0,0,0,0,0,0,0,0
63366,3,1,1989,0,0,0,0,0,0,0,0,0,0
63366,4,1,1989,0,0,0,0,0,0,0,0,0,0
63367,1,1,1989,0,0,0,0,0,0,0,0,0,0
63367,2,1,1989,0,0,0,0,0,0,0,0,0,0
63368,1,1,1989,0,0,0,0,0,0,14,0,0,0
63369,1,1,1989,33,33,33,33,33,33,33,33,33,33
63369,2,1,1989,25,13,30,13,0,0,13,24,25,0
63370,1,1,1989,0,18,0,24,0,0,19,0,0,27
63371,0,1,1989,28,28,28,28,28,28,28,28,28,28
63371,1,1,1989,0,0,11,10,18,15,17,5,21,0
63371,2,1,1989,0,0,0,0,0,0,0,0,0,0
63371,3,1,1989,0,0,0,0,0,0,0,0,0,0
63372,1,1,1989,8,8,8,8,8,8,8,8,8,8
63373,1,1,1989,0,0,0,0,0,0,0,0,0,0
63374,0,1,1989,0,0,0,0,0,0,0,0,0,0
63374,1,1,1989,0,0,0,0,0,0,0,0,0,0
63375,1,1,1989,11,20,0,0,0,0,9,0,0,0
63375,2,1,1989,0,0,0,0,0,0,0,0,0,0
63376,1,1,1989,0,0,0,0,0,0,0,0,0,0
63376,2,1,1989,0,0,0,0,0,0,0,0,0,0
63377,1,1,1989,0,0,0,0,0,0,0,0,0,0
63377,2,1,1989,0,0,0,0,0,0,0,0,0,0
63377,3,1,1989,0,0,0,0,0,0,0,0,0,0
63377,4,1,1989,20,0,0,0,0,13,0,0,0,0
63377,5,1,1989,0,0,0,0,0,0,0,0,0,0
63377,6,1,1989,0,0,0,0,0,0,0,0,0,0
63378,0,1,1989,0,0,0,0,0,0,0,0,0,0
63378,1,1,1989,15,20,0,0,15,14,0,17,0,0
63379,1,1,1989,14,14,14,14,14,14,14,14,14,14
63380,1,1,1989,0,0,21,0,0,0,0,0,0,0
63380,2,1,1989,0,0,0,0,0,0,0,0,0,0
63381,1,1,1989,0,0,0,0,0,0,0,0,0,0
63382,1,1,1989,17,17,17,17,17,17,17,17,17,17
63383,1,1,1989,17,17,17,17,17,17,17,17,17,17
63383,2,1,1989,0,0,0,0,0,0,0,0,0,0
63384,1,1,1989,0,0,0,0,0,0,0,0,26,0
63384,2,1,1989,0,0,6,0,0,0,0,0,0,0
63385,1,1,1989,0,0,0,0,0,0,0,0,0,0
63385,2,1,1989,0,0,0,0,0,0,0,0,0,0
63385,3,1,1989,0,0,0,0,0,0,0,0,0,0
63385,4,1,1989,0,0,0,13,0,0,0,0,0,0
63386,0,1,1989,0,0,0,0,0,0,0,0,0,0
63386,1,1,1989,0,0,0,0,0,0,0,0,0,0
63387,0,1,1989,0,0,0,0,0,0,0,0,0,0
63387,1,1,1989,5,0,0,0,0,0,0,0,0,0
63388,1,1,1989,0,0,0,0,0,0,0,0,0,0
63388,2,1,1989,0,0,0,0,0,0,0,0,0,0
63389,1,1,1989,8,11,18,7,2,11,10,5,9,13
63390,1,1,1989,18,0,32,0,0,45,24,26,0,8
63391,1,1,1989,0,0,9,0,0,0,0,0,0,0
63392,1,1,1989,20,20,20,20,20,20,20,20,20,20
63392,2,1,1989,0,0,0,0,0,0,0,0,0,0
63393,1,1,1989,26,26,26,26,26,26,26,26,26,26
63393,2,1,1989,0,0,0,0,0,0,0,0,0,0
63393,3,1,1989,0,0,0,0,0,0,0,0,0,0
63394,1,1,1989,20,20,20,20,20,20,20,20,20,20
63395,1,1,1989,0,0,0,0,0,0,0,0,0,0
63395,2,1,1989,14,17,0,0,19,15,7,19,15,24
63395,3,1,1989,0,0,0,19,0,0,0,0,0,0
63396,1,1,1989,7,7,7,7,7,7,7,7,7,7
63397,0,1,1989,0,0,0,0,0,0,0,0,0,0
63397,0,2,1989,30,17,11,5,0,32,18,0,0,21
63397,1,1,1989,15,15,15,15,15,15,15,15,15,15
63398,0,1,1989,25,25,25,25,25,25,25,25,25,25
63398,1,1,1989,0,0,0,0,0,0,0,0,0,0
63399,1,1,1989,0,0,0,0,0,0,0,0,0,0
63400,0,1,1989,33,19,0,20,23,18,0,13,0,0
63400,1,1,1989,0,0,0,0,0,0,0,0,0,0
63401,1,1,1989,23,23,23,23,23,23,23,23,23,23
63401,2,1,1989,0,0,0,0,0,0,0,0,0,0
63402,1,1,1989,23,23,23,23,23,23,23,23,23,23
63403,1,1,1989,0,0,0,0,0,0,0,0,0,0
63403,2,1,1989,9,28,0,0,0,0,0,22,0,0
63404,0,1,1989,21,21,21,21,21,21,21,21,21,21
63404,1,1,1989,0,0,0,0,0,0,0,0,0,0
63405,1,1,1989,11,0,0,0,0,0,16,0,11,0
63406,1,1,1989,12,12,12,12,12,12,12,12,12,12
63407,1,1,1989,13,13,13,13,13,13,13,13,13,13
63408,1,1,1989,17,17,17,17,17,17,17,17,17,17
63409,1,1,1989,0,0,14,8,8,0,11,17,0,0
63410,0,1,1989,0,0,0,0,0,0,0,0,0,0
63410,1,1,1989,0,3,0,0,0,22,0,0,0,5
63410,2,1,1989,0,0,0,0,0,0,0,0,0,0
63411,1,1,1989,18,18,18,18,18,18,18,18,18,18
63412,1,1,1989,0,0,0,0,0,0,0,0,0,0
63412,2,1,1989,0,0,0,0,7,0,0,0,0,0
63413,0,1,1989,0,0,0,0,0,0,0,0,0,0
63413,1,1,1989,0,0,0,0,0,0,0,0,0,0
63414,0,1,1989,0,0,0,0,0,0,0,0,0,0
63414,1,1,1989,0,0,0,0,0,0,4,0,0,0
63414,2,1,1989,0,0,0,0,8,0,0,0,0,0
63415,1,1,1989,13,0,10,29,0,0,20,17,31,18
63416,1,1,1989,0,0,0,0,0,0,0,0,0,0
63417,1,1,1989,0,0,0,0,0,0,0,0,0,0
63417,2,1,1989,16,16,16,16,16,16,16,16,16,16
63418,1,1,1989,0,3,0,0,0,0,0,0,21,0
63419,1,1,1989,2,2,2,2,2,2,2,2,2,2
63419,2,1,1989,0,0,0,0,0,0,0,0,0,21
63420,0,1,1989,38,17,34,0,21,0,0,23,0,0
63420,1,1,1989,0,27,15,11,17,0,5,0,5,0
63421,1,1,1989,0,0,25,0,0,30,17,0,0,37
63422,1,1,1989,11,0,0,9,0,0,0,0,0,0
63423,1,1,1989,0,0,0,0,0,0,0,0,0,0
63423,2,1,1989,0,14,0,0,0,0,0,0,0,0
63424,1,1,1989,10,0,7,11,13,2,9,6,28,10
63425,1,1,1989,0,13,7,17,10,0,37,12,0,32
63425,2,1,1989,0,0,0,36,0,20,0,0,0,0
63426,1,1,1989,0,0,0,0,0,0,0,0,0,0
63426,2,1,1989,0,0,0,0,0,0,0,0,0,0
63427,1,1,1989,19,13,0,18,26,33,12,0,0,21
63427,2,1,1989,0,0,0,0,7,0,0,0,0,0
63428,0,1,1989,21,21,21,21,21,21,21,21,21,21
63428,1,1,1989,0,0,0,0,0,0,0,0,0,0
63429,0,1,1989,14,7,33,19,10,31,28,33,16,37
63429,1,1,1989,0,0,0,0,0,0,0,0,0,0
63430,1,1,1989,0,6,0,0,0,0,0,16,0,0
63430,2,1,1989,17,17,17,17,17,17,17,17,17,17
63431,1,1,1989,4,4,4,4,4,4,4,4,4,4
63431,2,1,1989,0,0,0,0,0,0,0,0,0,4
63432,1,1,1989,0,0,0,0,0,0,0,0,0,0
63432,2,1,1989,0,0,0,0,0,0,0,0,0,0
63433,1,1,1989,0,0,0,0,17,0,0,22,0,0
63433,2,1,1989,0,0,0,0,0,0,0,0,0,0
63434,1,1,1989,17,17,17,17,17,17,17,17,17,17
63435,1,1,1989,0,0,0,0,0,0,0,0,0,0
63436,1,1,1989,0,0,0,20,14,21,0,0,20,0
63436,2,1,1989,0,0,15,0,0,0,0,0,0,0
63437,1,1,1989,0,0,0,0,0,0,0,0,0,0
63438,1,1,1989,14,14,14,14,14,14,14,14,14,14
63439,1,1,1989,9,9,9,9,9,9,9,9,9,9
63440,1,1,1989,0,0,0,0,0,0,0,0,0,0
63440,2,1,1989,26,0,0,0,0,0,25,0,16,0
63441,0,1,1989,0,39,11,16,49,38,11,0,0,26
63441,1,1,1989,0,0,0,0,0,0,0,0,0,0
63442,0,1,1989,0,0,0,0,0,0,0,0,0,0
63442,1,1,1989,0,0,0,0,8,0,0,0,0,0
63443,0,1,1989,16,20,4,28,19,21,36,20,8,25
63443,1,1,1989,0,0,0,0,0,0,0,0,0,0
63444,1,1,1989,0,0,0,0,0,0,0,0,0,0
63445,0,1,1989,0,0,0,0,0,0,0,0,0,0
63445,1,1,1989,0,0,0,0,0,0,0,0,0,0
63446,1,1,1989,9,0,0,0,0,0,0,0,0,0
63446,2,1,1989,0,0,0,0,0,0,0,0,0,0
63446,3,1,1989,0,0,0,0,0,0,0,0,0,0
63447,1,1,1989,0,0,0,0,0,0,0,0,0,0
63447,2,1,1989,0,0,0,0,0,0,0,0,0,0
63448,1,1,1989,0,0,0,0,0,0,0,0,0,0
63448,2,1,1989,0,0,0,0,0,0,0,0,0,0
63449,1,1,1989,16,16,16,16,16,16,16,16,16,16
63450,1,1,1989,0,0,0,0,0,0,0,0,0,0
63450,2,1,1989,0,0,0,0,0,0,0,0,0,0
63451,1,1,1989,0,0,0,0,0,0,0,0,0,0
63451,2,1,1989,0,0,0,0,16,0,0,0,0,0
63452,1,1,1989,0,0,0,0,0,0,0,0,0,0
63452,2,1,1989,0,0,0,0,0,0,0,0,0,0
63453,1,1,1989,0,0,0,0,0,0,0,0,0,0
63453,2,1,1989,0,0,0,0,0,0,0,0,0,0
63454,1,1,1989,0,0,0,0,0,0,0,0,0,0
63454,2,1,1989,0,0,0,0,0,0,0,0,0,0
63455,1,1,1989,0,0,0,0,0,0,0,0,0,0
63455,2,1,1989,0,0,0,0,0,0,0,0,0,0
63456,1,1,1989,9,9,9,9,9,9,9,9,9,9
63457,1,1,1989,13,13,13,13,13,13,13,13,13,13
63457,2,1,1989,0,0,0,0,0,0,0,0,0,0
63458,1,1,1989,0,0,0,0,0,0,0,0,0,0
63458,2,1,1989,0,0,0,0,0,0,0,0,0,0
63458,3,1,1989,0,0,0,0,0,0,0,0,0,0
63459,1,1,1989,0,0,0,0,0,0,0,0,0,0
63459,2,1,1989,0,0,0,0,0,0,0,0,14,0
63460,1,1,1989,0,0,0,0,0,0,0,0,0,0
63460,2,1,1989,0,0,0,0,0,0,0,0,0,0
63461,1,1,1989,10,10,10,10,10,10,10,10,10,10
63462,0,1,1989,18,23,9,18,0,23,19,15,23,11
63462,1,1,1989,0,0,0,0,0,0,0,0,0,0
63463,0,1,1989,6,6,6,6,6,6,6,6,6,6
63463,1,1,1989,0,0,0,0,0,0,0,0,0,0
63464,1,1,1989,0,0,6,0,0,0,0,0,0,0
63465,1,1,1989,27,27,27,27,27,27,27,27,27,27
63466,0,1,1989,4,4,4,4,4,4,4,4,4,4
63466,1,1,1989,0,0,0,0,0,0,9,0,0,21
63467,1,1,1989,31,31,31,31,31,31,31,31,31,31
63467,2,1,1989,0,0,0,0,0,0,0,0,0,0
63468,1,1,1989,0,0,0,0,0,0,0,0,0,0
63468,2,1,1989,0,0,0,0,0,0,0,0,0,0
63469,1,1,1989,15,15,15,15,15,15,15,15,15,15
63469,2,1,1989,0,0,8,0,0,0,0,0,0,0
63470,1,1,1989,0,0,0,0,0,0,0,0,0,0
63471,1,1,1989,0,0,0,0,0,22,0,0,0,0
63471,2,1,1989,0,0,0,0,0,0,0,0,0,0
63472,1,1,1989,0,0,0,0,0,0,0,0,0,0
63472,2,1,1989,0,0,0,0,0,0,0,0,0,0
63473,1,1,1989,0,0,0,0,0,0,0,0,0,0
63473,2,1,1989,0,0,0,0,0,0,0,0,0,0
63474,1,1,1989,0,0,0,0,0,0,0,0,16,0
63475,0,1,1989,0,0,0,0,0,0,0,0,0,0
63475,1,1,1989,0,0,0,0,0,0,0,0,0,0
63476,1,1,1989,0,0,0,0,0,0,0,0,0,0
63476,2,1,1989,0,0,0,0,0,0,0,0,0,0
63477,0,1,1989,0,0,0,0,0,0,0,0,0,0
63477,1,1,1989,4,4,4,4,4,4,4,4,4,4
63478,1,1,1989,25,25,25,25,25,25,25,25,25,25
63479,1,1,1989,0,0,0,0,0,0,0,0,0,0
63479,2,1,1989,0,0,0,0,0,0,0,0,0,0
63480,1,1,1989,17,17,17,17,17,17,17,17,17,17
63480,2,1,1989,0,0,19,0,0,0,0,0,0,0
63481,0,1,1989,25,25,25,25,25,25,25,25,25,25
63481,1,1,1989,0,0,0,0,0,0,0,0,0,0
63482,1,1,1989,0,0,0,0,0,0,0,0,0,0
63482,2,1,1989,0,0,13,0,0,0,15,0,0,0
63483,0,1,1989,0,0,0,0,0,0,0,0,0,0
63483,1,1,1989,0,0,0,0,0,0,0,0,0,0
63484,1,1,1989,0,0,0,0,0,0,0,0,0,0
63485,1,1,1989,0,0,0,0,0,0,0,0,0,0
63485,2,1,1989,0,0,0,0,0,0,0,0,0,0
63486,1,1,1989,0,0,0,0,0,0,0,0,0,0
63486,2,1,1989,0,0,0,0,0,0,0,0,0,0
63486,3,1,1989,0,0,0,0,0,0,0,0,0,0
63487,0,1,1989,0,0,0,0,0,0,0,0,0,0
63487,1,1,1989,0,0,0,0,0,0,0,0,0,0
63487,2,1,1989,0,0,0,0,0,0,0,0,0,0
63487,3,1,1989,0,0,0,0,0,0,0,0,0,0
63489,1,1,1989,0,0,0,0,0,0,0,0,0,0
63489,2,1,1989,0,15,0,28,0,0,0,0,0,0
63490,1,1,1989,22,22,22,22,22,22,22,22,22,22
63491,1,1,1989,0,0,0,0,0,0,0,0,0,0
63491,2,1,1989,0,0,0,0,0,0,0,0,0,0
63492,1,1,1989,26,26,26,26,26,26,26,26,26,26
63493,1,1,1989,23,23,23,23,23,23,23,23,23,23
63493,2,1,1989,0,0,0,0,0,0,0,0,0,7
63494,1,1,1989,20,20,20,20,20,20,20,20,20,20
63495,1,1,1989,16,16,16,16,16,16,16,16,16,16
63496,1,1,1989,0,6,0,0,24,26,7,0,7,9
63496,2,1,1989,0,0,0,0,0,0,0,0,0,0
63496,3,1,1989,0,0,0,0,0,0,0,0,0,0
63497,1,1,1989,3,3,3,3,3,3,3,3,3,3
63497,2,1,1989,0,13,0,0,0,7,0,15,0,0
63498,0,1,1989,7,7,7,7,7,7,7,7,7,7
63498,1,1,1989,0,0,0,0,0,0,0,0,0,0
63499,1,1,1989,0,0,0,0,0,0,0,0,0,0
63499,2,1,1989,0,0,0,0,0,0,7,0,0,0
63500,1,1,1989,23,23,23,23,23,23,23,23,23,23
63501,1,1,1989,23,23,23,23,23,23,23,23,23,23
63502,0,1,1989,23,23,23,23,23,23,23,23,23,23
63502,1,1,1989,0,0,0,0,0,0,0,0,0,0
63503,1,1,1989,0,0,0,0,0,0,0,0,0,0
63503,2,1,1989,0,0,0,0,0,0,0,0,0,0
63503,3,1,1989,0,0,0,0,0,0,0,0,0,0
63503,4,1,1989,0,0,0,0,0,0,0,0,0,0
63503,5,1,1989,0,0,0,0,0,0,0,0,0,0
63503,6,1,1989,0,0,0,0,0,0,0,0,0,0
63504,1,1,1989,0,0,0,0,0,0,0,0,0,0
63505,0,1,1989,0,0,0,0,0,0,0,0,0,0
63505,1,1,1989,0,0,0,0,0,0,0,0,0,0
63506,1,1,1989,4,4,4,4,4,4,4,4,4,4
63507,0,1,1989,0,0,0,0,0,0,0,0,0,0
63508,1,1,1989,0,14,0,0,0,0,0,0,0,0
63508,2,1,1989,0,0,0,0,0,0,0,0,0,0
63509,1,1,1989,0,0,0,0,0,0,0,0,0,0
63510,1,1,1989,0,16,0,0,0,0,0,0,0,0
63511,1,1,1989,0,0,0,0,0,0,0,0,0,0
63511,2,1,1989,0,0,0,0,9,0,0,0,0,0
63511,3,1,1989,0,0,0,0,0,0,0,0,0,0
63512,0,1,1989,0,0,0,0,0,0,0,0,0,0
63512,1,1,1989,0,0,0,28,32,0,0,0,0,0
63513,1,1,1989,12,12,12,12,12,12,12,12,12,12
63514,1,1,1989,0,21,17,3,12,27,11,11,6,24
63514,2,1,1989,0,0,0,0,0,0,0,0,0,0
63515,1,1,1989,11,11,11,11,11,11,11,11,11,11
63515,2,1,1989,0,0,0,0,0,0,0,0,0,0
63516,0,1,1989,0,0,0,0,0,0,0,0,0,0
63516,1,1,1989,0,0,0,0,0,0,0,0,0,0
63517,1,1,1989,22,22,22,22,22,22,22,22,22,22
63518,1,1,1989,0,0,0,0,0,0,0,0,10,0
63518,2,1,1989,0,0,0,0,0,0,0,0,0,0
63519,1,1,1989,26,26,26,26,26,26,26,26,26,26
63519,2,1,1989,0,0,0,0,0,0,0,0,0,0
63520,1,1,1989,0,0,0,0,0,0,0,0,0,0
63520,2,1,1989,0,0,0,0,0,0,0,0,0,0
63521,1,1,1989,0,0,0,0,0,0,46,19,0,0
63522,1,1,1989,34,34,34,34,34,34,34,34,34,34
63523,0,1,1989,0,4,0,0,31,11,0,0,0,12
63523,1,1,1989,3,3,3,3,3,3,3,3,3,3
63524,1,1,1989,14,14,14,14,14,14,14,14,14,14
63525,1,1,1989,0,0,0,0,0,0,0,0,0,0
63525,2,1,1989,0,0,0,0,0,0,0,0,0,0
63525,3,1,1989,0,0,0,0,0,0,0,0,0,5
63526,1,1,1989,0,0,0,0,0,0,0,0,0,0
63526,2,1,1989,0,0,0,0,0,0,0,0,0,0
63527,1,1,1989,0,0,0,0,0,0,0,0,0,0
63527,2,1,1989,0,0,0,0,0,0,0,0,0,0
63528,1,1,1989,24,24,24,24,24,24,24,24,24,24
63528,2,1,1989,0,0,0,0,0,0,0,0,0,0
63529,1,1,1989,21,21,21,21,21,21,21,21,21,21
63529,2,1,1989,0,0,0,0,0,0,0,0,0,0
63530,1,1,1989,14,14,14,14,14,14,14,14,14,14
63531,1,1,1989,0,0,0,0,0,0,0,0,0,0
63532,1,1,1989,14,14,14,14,14,14,14,14,14,14
63532,2,1,1989,6,6,6,6,6,6,6,6,6,6
63533,0,1,1989,25,25,25,25,25,25,25,25,25,25
63533,1,1,1989,0,0,0,0,0,0,0,0,0,0
63534,1,1,1989,0,0,0,0,0,0,0,0,0,0
63535,1,1,1989,10,10,10,10,10,10,10,10,10,10
63536,1,1,1989,21,21,21,21,21,21,21,21,21,21
63536,2,1,1989,0,11,0,13,0,0,5,0,0,0
63537,0,1,1989,0,0,0,0,0,0,0,0,0,0
63537,1,1,1989,10,10,10,10,10,10,10,10,10,10
63538,1,1,1989,25,18,24,21,18,20,21,12,10,14
63539,1,1,1989,21,22,16,18,19,13,33,6,23,6
63540,1,1,1989,16,16,16,16,16,16,16,16,16,16
63540,2,1,1989,12,12,12,12,12,12,12,12,12,12
63541,1,1,1989,15,15,15,15,15,15,15,15,15,15
63542,1,1,1989,0,0,0,0,0,0,0,0,0,0
63543,1,1,1989,0,0,0,0,0,0,0,0,0,0
63543,2,1,1989,0,0,0,0,0,0,0,0,0,0
63544,1,1,1989,0,0,0,0,0,0,0,0,0,0
63544,2,1,1989,0,0,0,0,0,0,0,0,0,0
63545,1,1,1989,0,0,0,0,0,8,0,0,6,11
63546,1,1,1989,0,0,0,0,0,0,0,0,0,0
63547,0,1,1989,0,0,0,0,0,0,0,0,0,0
63547,1,1,1989,3,3,3,3,3,3,3,3,3,3
63548,1,1,1989,0,0,0,0,0,0,0,0,0,0
63548,2,1,1989,0,0,0,0,0,0,0,0,0,0
63549,0,1,1989,0,0,0,0,0,0,0,0,0,0
63549,1,1,1989,19,0,0,0,0,0,0,0,0,0
63550,1,1,1989,12,12,12,12,12,12,12,12,12,12
63551,1,1,1989,20,20,20,20,20,20,20,20,20,20
63552,1,1,1989,20,20,20,20,20,20,20,20,20,20
63553,1,1,1989,0,0,0,0,0,0,0,0,0,0
63553,2,1,1989,0,0,0,0,0,0,0,0,0,0
63554,0,1,1989,0,0,0,0,0,0,0,0,0,0
63554,1,1,1989,0,0,0,0,0,0,0,0,0,0
63555,1,1,1989,0,0,0,0,0,0,0,0,0,0
63555,2,1,1989,0,0,0,20,0,0,0,0,0,0