ST_CASE,VEH_NO,PER_NO,YEAR,P1,P2,P3,P4,P5,P6,P7,P8,P9,P10
63556,1,1,1989,0,0,0,0,0,0,0,0,0,0
63556,2,1,1989,6,0,0,0,0,0,7,0,0,0
63557,1,1,1989,0,0,0,0,0,0,0,0,0,0
63558,1,1,1989,0,0,0,0,0,0,0,0,0,0
63558,2,1,1989,0,0,0,0,0,0,0,0,0,0
63559,1,1,1989,0,0,0,0,0,0,0,0,0,0
63560,0,1,1989,0,0,0,0,0,0,0,0,0,0
63560,1,1,1989,21,0,9,19,0,0,0,3,0,0
63561,1,1,1989,20,20,20,20,20,20,20,20,20,20
63562,0,1,1989,0,0,0,0,0,0,0,0,0,0
63562,1,1,1989,0,0,0,0,0,25,0,0,0,0
63563,1,1,1989,0,0,0,0,0,0,0,0,0,0
63563,2,1,1989,0,0,0,0,0,0,0,0,0,0
63564,1,1,1989,16,16,16,16,16,16,16,16,16,16
63565,1,1,1989,0,0,0,0,0,0,0,0,0,0
63565,2,1,1989,0,0,0,0,0,0,0,0,0,0
63565,3,1,1989,0,0,0,0,0,0,0,0,0,0
63565,4,1,1989,0,25,0,0,0,0,0,0,0,0
63566,0,1,1989,7,7,7,7,7,7,7,7,7,7
63566,1,1,1989,0,0,12,18,0,9,0,0,8,0
63567,1,1,1989,0,0,0,0,0,0,0,0,0,0
63568,1,1,1989,0,0,0,0,0,0,0,0,0,0
63568,2,1,1989,0,0,0,0,0,0,0,0,0,0
63569,1,1,1989,0,0,0,0,0,0,0,0,0,0
63569,2,1,1989,30,30,30,30,30,30,30,30,30,30
63570,1,1,1989,0,0,0,0,0,0,0,0,0,0
63570,2,1,1989,14,14,14,14,14,14,14,14,14,14
63571,0,1,1989,0,0,0,0,0,0,0,0,0,0
63571,1,1,1989,0,0,13,0,0,0,0,8,16,0
63572,1,1,1989,0,0,0,0,0,0,0,0,0,0
63572,2,1,1989,0,0,0,0,0,0,0,0,0,0
63573,1,1,1989,0,0,0,0,0,0,0,0,0,0
63573,2,1,1989,0,18,0,0,0,0,0,0,9,0
63574,0,1,1989,0,0,0,0,0,0,0,0,0,0
63574,0,2,1989,0,0,0,0,0,0,0,0,0,0
63574,1,1,1989,12,0,0,0,0,24,27,0,0,0
63575,0,1,1989,2,2,2,2,2,2,2,2,2,2
63575,1,1,1989,0,0,0,0,0,0,0,0,0,0
63576,0,1,1989,0,30,0,4,0,0,0,0,0,0
63576,1,1,1989,0,0,0,0,0,0,0,0,0,0
63577,0,1,1989,0,0,0,0,0,0,0,0,0,0
63577,1,1,1989,0,0,0,0,0,0,0,0,0,0
63578,0,1,1989,0,0,0,0,0,0,0,0,0,0
63578,0,2,1989,0,0,0,0,0,0,0,0,0,0
63578,0,3,1989,16,0,15,0,0,0,9,0,16,0
63578,0,4,1989,0,0,0,10,0,0,10,0,0,0
63578,1,1,1989,0,0,0,0,0,13,0,0,0,0
63579,1,1,1989,13,13,13,13,13,13,13,13,13,13
63580,1,1,1989,0,7,0,0,0,0,0,0,0,0
63580,2,1,1989,10,10,10,10,10,10,10,10,10,10
63581,0,1,1989,0,0,0,0,0,0,0,0,0,0
63581,1,1,1989,0,0,0,0,0,0,0,0,0,0
63582,1,1,1989,19,19,19,19,19,19,19,19,19,19
63582,2,1,1989,0,0,0,0,0,0,0,0,0,0
63583,1,1,1989,0,0,0,0,0,0,0,0,0,0
63583,2,1,1989,1,1,1,1,1,1,1,1,1,1
63584,1,1,1989,13,13,13,13,13,13,13,13,13,13
63585,0,1,1989,0,0,0,0,0,0,0,0,0,0
63585,1,1,1989,0,0,10,0,14,0,0,0,0,16
63586,1,1,1989,0,0,0,0,0,4,0,0,0,0
63586,2,1,1989,0,0,0,0,0,0,0,0,0,0
63587,1,1,1989,0,0,0,0,0,0,14,0,0,0
63588,0,1,1989,26,26,26,26,26,26,26,26,26,26
63588,1,1,1989,0,0,0,0,0,0,0,0,0,0
63589,1,1,1989,14,14,14,14,14,14,14,14,14,14
63590,1,1,1989,0,0,0,0,0,0,0,0,0,0
63591,1,1,1989,0,0,17,10,0,0,0,0,0,16
63592,1,1,1989,13,0,36,0,21,11,0,19,22,0
63593,1,1,1989,2,2,2,2,2,2,2,2,2,2
63593,2,1,1989,0,0,0,0,0,0,0,0,0,0
63594,1,1,1989,20,20,20,20,20,20,20,20,20,20
63594,2,1,1989,0,0,0,0,4,0,0,0,0,0
63595,1,1,1989,0,0,0,0,0,0,0,0,0,0
63595,2,1,1989,0,0,0,0,0,9,0,0,0,0
63596,0,1,1989,0,0,0,0,0,0,0,0,0,0
63596,1,1,1989,23,0,0,0,0,0,0,0,0,12
63597,1,1,1989,11,11,11,11,11,11,11,11,11,11
63598,1,1,1989,0,0,0,0,0,0,0,0,0,0
63599,1,1,1989,0,0,0,0,0,0,0,0,0,0
63600,0,1,1989,0,0,0,0,0,0,0,0,0,0
63600,1,1,1989,0,0,0,0,0,0,0,0,0,0
63600,2,1,1989,0,0,0,0,0,0,0,0,0,0
63601,0,1,1989,0,0,0,0,0,0,0,0,0,0
63601,1,1,1989,12,12,12,12,12,12,12,12,12,12
63602,1,1,1989,9,9,9,9,9,9,9,9,9,9
63603,1,1,1989,0,0,0,0,0,0,0,0,0,0
63603,2,1,1989,0,0,0,0,0,0,0,0,0,0
63604,0,1,1989,0,0,0,0,0,0,0,0,0,0
63604,1,1,1989,23,23,23,23,23,23,23,23,23,23
63605,1,1,1989,0,0,0,0,0,0,0,0,0,0
63605,2,1,1989,0,0,0,0,0,0,0,0,0,0
63605,3,1,1989,0,0,0,0,0,0,0,0,0,0
63606,1,1,1989,0,0,0,0,0,0,0,0,0,0
63607,1,1,1989,0,0,0,0,0,0,0,0,0,0
63607,2,1,1989,0,0,0,0,0,0,0,0,0,0
63608,1,1,1989,0,0,0,0,0,0,0,0,0,0
63608,2,1,1989,0,0,0,0,0,0,0,0,0,0
63609,1,1,1989,0,0,0,0,0,0,0,0,0,0
63610,1,1,1989,0,0,0,0,0,0,0,0,0,0
63610,2,1,1989,0,0,0,0,0,0,0,0,0,0
63611,1,1,1989,0,0,0,0,0,0,0,0,0,0
63612,1,1,1989,0,0,0,0,0,0,0,0,0,0
63612,2,1,1989,0,0,0,0,0,0,0,0,0,0
63613,0,1,1989,0,0,0,0,0,0,0,0,0,0
63613,1,1,1989,0,0,0,0,0,0,0,0,0,0
63614,1,1,1989,0,0,0,0,0,0,0,0,0,0
63615,1,1,1989,11,11,11,11,11,11,11,11,11,11
63616,1,1,1989,0,0,0,0,0,0,0,0,0,0
63616,2,1,1989,0,0,0,0,0,0,0,0,0,0
63617,1,1,1989,0,0,0,0,0,0,0,0,0,0
63617,2,1,1989,0,0,0,0,0,0,0,0,0,0
63618,0,1,1989,0,0,0,0,0,0,0,0,0,0
63618,1,1,1989,0,0,0,0,0,0,0,8,0,0
63619,0,1,1989,0,0,0,0,0,0,0,0,0,0
63619,1,1,1989,0,0,0,0,0,0,0,0,0,14
63620,1,1,1989,20,20,20,20,20,20,20,20,20,20
63620,2,1,1989,0,10,0,13,0,0,0,0,0,0
63621,1,1,1989,8,8,8,8,8,8,8,8,8,8
63622,1,1,1989,16,16,16,16,16,16,16,16,16,16
63623,1,1,1989,17,17,17,17,17,17,17,17,17,17
63623,2,1,1989,0,16,0,0,12,0,0,0,0,0
63624,1,1,1989,13,13,13,13,13,13,13,13,13,13
63624,2,1,1989,0,0,0,0,0,0,0,0,0,22
63625,1,1,1989,17,17,17,17,17,17,17,17,17,17
63626,0,1,1989,39,39,39,39,39,39,39,39,39,39
63626,1,1,1989,0,0,0,0,0,0,0,0,0,0
63627,0,1,1989,0,0,0,0,0,0,0,0,0,0
63627,1,1,1989,0,0,0,0,0,0,0,7,0,0
63628,0,1,1989,0,0,0,0,0,0,0,0,0,0
63628,1,1,1989,24,11,0,0,0,30,25,18,0,0
63629,1,1,1989,0,0,0,0,0,0,0,0,0,0
63629,2,1,1989,0,0,0,0,0,0,0,0,0,0
63630,1,1,1989,22,22,22,22,22,22,22,22,22,22
63631,1,1,1989,14,14,14,14,14,14,14,14,14,14
63632,1,1,1989,4,4,4,4,4,4,4,4,4,4
63632,2,1,1989,0,0,0,0,0,0,0,11,0,0
63633,0,1,1989,0,0,0,0,0,0,0,0,0,0
63633,1,1,1989,13,13,13,13,13,13,13,13,13,13
63633,2,1,1989,0,0,0,0,0,0,0,0,0,0
63634,1,1,1989,0,0,0,0,0,0,0,0,0,0
63635,0,1,1989,0,0,0,0,0,0,0,0,0,0
63635,1,1,1989,0,0,0,0,0,0,8,0,0,0
63636,1,1,1989,0,0,0,0,0,0,0,0,0,0
63636,2,1,1989,0,0,0,23,17,0,0,0,0,0
63637,1,1,1989,0,0,0,0,0,0,0,0,0,0
63638,1,1,1989,18,18,18,18,18,18,18,18,18,18
63639,1,1,1989,0,0,0,0,0,0,0,0,0,0
63640,1,1,1989,12,12,12,12,12,12,12,12,12,12
63641,1,1,1989,0,0,0,0,0,0,0,0,0,0
63642,1,1,1989,6,6,6,6,6,6,6,6,6,6
63642,2,1,1989,16,16,16,16,16,16,16,16,16,16
63643,0,1,1989,0,0,0,0,0,0,0,0,0,0
63643,1,1,1989,0,0,0,0,0,0,0,0,0,0
63645,1,1,1989,10,8,0,15,22,33,18,32,27,19
63646,0,1,1989,22,22,22,22,22,22,22,22,22,22
63646,1,1,1989,0,0,21,18,16,0,19,11,16,0
63646,2,1,1989,0,0,0,0,0,0,0,0,0,0
63647,1,1,1989,0,0,0,0,0,0,0,0,0,0
63648,1,1,1989,0,0,0,0,0,0,0,0,0,0
63648,2,1,1989,0,0,0,0,0,0,0,0,0,0
63649,1,1,1989,0,0,0,0,0,0,0,0,0,0
63649,2,1,1989,0,22,0,0,0,0,0,0,0,0
63649,3,1,1989,0,0,0,0,0,0,0,0,0,0
63650,1,1,1989,10,10,10,10,10,10,10,10,10,10
63651,1,1,1989,0,0,0,0,0,0,0,0,0,0
63652,0,1,1989,10,10,10,10,10,10,10,10,10,10
63652,1,1,1989,0,0,0,0,0,0,0,0,0,0
63653,1,1,1989,2,2,2,2,2,2,2,2,2,2
63653,2,1,1989,0,0,0,0,0,0,0,0,0,0
63654,1,1,1989,18,18,18,18,18,18,18,18,18,18
63655,1,1,1989,0,0,0,0,0,0,0,0,0,0
63656,1,1,1989,7,7,7,7,7,7,7,7,7,7
63656,2,1,1989,0,0,0,0,13,0,0,0,0,0
63657,1,1,1989,9,14,19,4,27,0,18,16,23,16
63658,0,1,1989,29,0,0,0,11,0,16,39,30,17
63658,1,1,1989,10,0,0,0,0,0,0,0,7,0
63659,1,1,1989,25,25,25,25,25,25,25,25,25,25
63659,2,1,1989,0,0,0,0,0,0,0,0,0,0
63660,0,1,1989,0,0,0,0,0,0,0,0,0,0
63660,1,1,1989,0,0,0,0,0,0,0,5,0,0
63661,1,1,1989,24,24,24,24,24,24,24,24,24,24
63662,1,1,1989,19,19,19,19,19,19,19,19,19,19
63663,1,1,1989,0,0,0,0,0,0,0,0,0,0
63663,2,1,1989,0,0,0,0,0,0,0,0,0,0
63664,0,1,1989,7,16,0,6,32,0,0,0,0,0
63664,1,1,1989,0,0,0,0,0,0,0,0,0,0
63665,1,1,1989,23,23,23,23,23,23,23,23,23,23
63666,0,1,1989,30,30,30,30,30,30,30,30,30,30
63666,1,1,1989,0,0,0,0,0,0,0,0,0,0
63667,1,1,1989,0,0,0,0,0,0,0,0,0,0
63667,2,1,1989,0,0,0,0,0,0,0,0,0,0
63667,3,1,1989,0,0,0,0,0,0,0,0,0,0
63668,1,1,1989,16,16,16,16,16,16,16,16,16,16
63669,1,1,1989,0,0,0,0,0,0,0,0,0,0
63669,2,1,1989,0,0,0,0,0,0,0,0,0,0
63670,1,1,1989,21,21,21,21,21,21,21,21,21,21
63671,1,1,1989,0,0,0,0,0,0,0,0,0,0
63671,2,1,1989,0,0,0,0,0,0,0,0,0,0
63672,1,1,1989,24,24,24,24,24,24,24,24,24,24
63672,2,1,1989,0,0,0,0,0,0,0,0,0,0
63672,3,1,1989,0,0,0,19,0,0,0,0,0,12
63673,1,1,1989,3,3,3,3,3,3,3,3,3,3
63673,2,1,1989,0,0,0,0,0,0,0,0,0,0
63674,1,1,1989,6,6,6,6,6,6,6,6,6,6
63674,2,1,1989,10,18,22,11,10,14,19,17,38,11
63675,1,1,1989,40,40,40,40,40,40,40,40,40,40
63676,1,1,1989,0,0,0,0,0,0,0,0,0,0
63676,2,1,1989,0,0,0,0,0,0,0,0,0,0
63677,1,1,1989,0,0,0,0,0,0,0,0,0,0
63677,2,1,1989,15,15,15,15,15,15,15,15,15,15
63678,1,1,1989,0,0,0,0,0,0,0,0,0,0
63678,2,1,1989,0,0,0,0,0,0,0,0,0,0
63679,0,1,1989,0,0,0,0,4,0,0,0,0,2
63679,1,1,1989,30,30,30,30,30,30,30,30,30,30
63680,0,1,1989,0,0,0,0,0,0,0,0,0,0
63680,1,1,1989,10,17,13,10,22,24,21,11,12,21
63681,1,1,1989,20,20,20,20,20,20,20,20,20,20
63681,2,1,1989,0,0,0,0,0,0,0,0,0,0
63682,0,1,1989,32,32,32,32,32,32,32,32,32,32
63682,1,1,1989,14,14,14,14,14,14,14,14,14,14
63683,1,1,1989,0,0,0,0,0,0,0,0,0,0
63683,2,1,1989,8,0,0,0,0,0,0,0,0,0
63683,3,1,1989,0,0,0,0,0,0,0,0,0,0
63683,4,1,1989,13,0,0,0,0,13,0,0,0,0
63683,5,1,1989,15,9,0,0,0,0,0,0,0,0
63684,1,1,1989,15,15,15,15,15,15,15,15,15,15
63685,1,1,1989,23,23,23,23,23,23,23,23,23,23
63685,2,1,1989,0,0,0,0,0,15,8,11,0,0
63686,1,1,1989,10,10,10,10,10,10,10,10,10,10
63687,1,1,1989,0,0,0,0,0,0,0,0,0,0
63688,1,1,1989,14,14,14,14,14,14,14,14,14,14
63688,2,1,1989,0,0,0,0,0,0,0,0,0,0
63689,0,1,1989,13,13,13,13,13,13,13,13,13,13
63689,0,2,1989,16,0,0,0,0,0,23,22,7,19
63689,0,3,1989,27,3,29,24,21,8,0,18,15,0
63689,0,4,1989,0,36,20,0,13,24,0,0,8,25
63689,0,5,1989,0,0,0,25,0,43,11,12,25,0
63689,0,6,1989,9,8,0,15,23,17,24,13,9,0
63689,0,7,1989,0,0,0,0,0,0,0,0,0,0
63689,0,8,1989,0,0,0,0,0,0,0,0,0,0
63689,1,1,1989,6,6,6,6,6,6,6,6,6,6
63690,1,1,1989,29,29,29,29,29,29,29,29,29,29
63690,2,1,1989,0,0,0,0,0,0,0,0,0,0
63691,1,1,1989,0,0,0,0,0,0,0,0,0,0
63691,2,1,1989,0,0,0,0,0,0,0,0,0,0
63691,3,1,1989,0,0,0,0,0,0,0,0,0,0
63691,4,1,1989,0,0,0,0,0,0,0,0,0,0
63692,0,1,1989,0,0,0,0,0,7,0,0,0,3
63692,1,1,1989,32,32,32,32,32,32,32,32,32,32
63692,2,1,1989,0,0,0,0,0,0,0,0,0,0
63693,1,1,1989,0,0,0,0,0,0,0,0,0,0
63694,1,1,1989,14,14,14,14,14,14,14,14,14,14
63695,1,1,1989,0,0,0,0,0,0,0,0,0,0
63696,1,1,1989,0,0,0,0,0,0,0,0,0,0
63696,2,1,1989,0,0,0,0,0,0,0,0,0,0
63697,0,1,1989,9,9,9,9,9,9,9,9,9,9
63697,1,1,1989,22,6,12,0,14,15,0,23,0,7
63698,1,1,1989,0,0,0,0,0,0,0,0,0,0
63698,2,1,1989,0,0,0,0,0,0,0,0,0,0
63699,1,1,1989,0,0,0,0,0,0,0,0,0,0
63699,2,1,1989,15,0,0,15,0,0,0,0,0,0
63700,1,1,1989,0,0,0,0,0,0,0,0,0,0
63700,2,1,1989,0,0,0,0,0,0,0,0,0,0
63701,1,1,1989,0,0,0,0,0,0,0,0,0,0
63702,0,1,1989,0,0,0,0,0,0,0,0,0,0
63702,1,1,1989,0,0,0,0,0,0,0,0,0,0
63703,1,1,1989,15,15,15,15,15,15,15,15,15,15
63704,1,1,1989,22,22,22,22,22,22,22,22,22,22
63705,1,1,1989,0,0,0,0,0,0,0,0,0,0
63705,2,1,1989,0,0,0,0,0,0,0,0,0,0
63706,1,1,1989,0,0,0,0,0,0,0,0,0,0
63706,2,1,1989,0,0,0,0,0,0,0,0,0,0
63707,1,1,1989,0,0,0,0,0,0,0,0,0,0
63708,1,1,1989,28,28,28,28,28,28,28,28,28,28
63709,1,1,1989,24,24,24,24,24,24,24,24,24,24
63709,2,1,1989,15,11,18,0,18,7,0,13,21,7
63710,1,1,1989,14,18,21,24,0,15,23,17,15,18
63711,1,1,1989,6,0,0,15,6,0,0,0,0,0
63712,1,1,1989,0,0,0,0,0,0,0,0,0,0
63712,2,1,1989,0,0,0,0,0,0,0,0,0,0
63712,3,1,1989,0,0,0,0,0,0,0,7,0,0
63713,1,1,1989,11,11,11,11,11,11,11,11,11,11
63714,1,1,1989,0,0,0,0,0,0,0,0,0,0
63714,2,1,1989,0,0,0,0,0,0,0,0,0,0
63715,1,1,1989,16,16,16,16,16,16,16,16,16,16
63715,2,1,1989,0,0,0,0,0,0,0,0,0,0
63716,0,1,1989,0,0,0,0,0,0,18,0,0,0
63717,1,1,1989,0,0,0,0,0,0,0,0,0,0
63717,2,1,1989,0,0,0,0,0,0,0,0,0,0
63717,3,1,1989,0,0,0,0,0,0,0,0,0,0
63717,4,1,1989,0,0,0,0,0,0,0,0,0,0
63718,0,1,1989,0,0,0,0,0,0,0,0,0,0
63718,1,1,1989,0,0,0,0,0,0,0,0,0,0
63719,0,1,1989,12,12,12,12,12,12,12,12,12,12
63719,1,1,1989,0,0,0,0,0,10,0,0,0,0
63720,1,1,1989,0,0,0,0,0,0,0,0,0,0
63720,2,1,1989,0,0,0,0,0,0,0,0,0,0
63721,0,1,1989,0,0,0,0,0,0,0,0,0,0
63721,1,1,1989,0,0,0,0,0,0,0,0,0,0
63722,1,1,1989,0,0,0,0,0,0,0,0,0,0
63722,2,1,1989,0,0,0,0,0,0,0,0,0,0
63723,1,1,1989,21,21,21,21,21,21,21,21,21,21
63723,2,1,1989,0,0,0,0,0,0,0,0,0,0
63724,1,1,1989,9,9,9,9,9,9,9,9,9,9
63724,2,1,1989,0,0,0,0,0,0,0,0,22,0
63725,1,1,1989,0,0,0,0,0,0,0,0,0,0
63726,1,1,1989,0,0,0,0,0,0,0,0,0,0
63726,2,1,1989,0,0,0,0,0,0,0,0,0,0
63726,3,1,1989,0,0,0,0,0,0,0,0,0,0
63727,1,1,1989,0,0,0,0,0,0,0,0,29,0
63728,0,1,1989,0,0,0,0,0,0,0,0,0,0
63728,1,1,1989,0,0,0,0,0,0,0,0,0,0
63729,1,1,1989,18,18,18,18,18,18,18,18,18,18
63730,0,1,1989,0,0,0,0,0,0,0,0,0,0
63730,1,1,1989,0,0,0,0,0,0,0,0,0,0
63731,1,1,1989,2,2,2,2,2,2,2,2,2,2
63731,2,1,1989,0,0,19,0,0,0,26,0,0,0
63732,0,1,1989,0,0,0,0,0,0,0,0,0,0
63732,1,1,1989,0,0,0,0,0,0,0,0,0,0
63733,1,1,1989,0,0,0,0,0,0,0,0,0,0
63733,2,1,1989,0,0,0,0,0,0,0,0,0,0
63734,1,1,1989,11,11,11,11,11,11,11,11,11,11
63735,1,1,1989,20,20,20,20,20,20,20,20,20,20
63736,1,1,1989,16,16,16,16,16,16,16,16,16,16
63737,1,1,1989,15,15,15,15,15,15,15,15,15,15
63738,1,1,1989,0,0,0,0,0,0,0,0,0,0
63739,1,1,1989,0,0,0,0,0,0,0,0,0,0
63739,2,1,1989,0,0,0,0,0,0,0,0,0,0
63740,1,1,1989,0,0,0,0,0,0,0,0,0,0
63740,2,1,1989,0,0,0,0,0,0,0,28,0,0
63741,1,1,1989,0,0,0,0,0,0,0,0,0,0
63742,1,1,1989,0,0,0,0,0,0,0,0,0,0
63743,1,1,1989,13,13,13,13,13,13,13,13,13,13
63744,1,1,1989,7,7,7,7,7,7,7,7,7,7
63745,1,1,1989,22,22,22,22,22,22,22,22,22,22
63746,1,1,1989,31,31,31,31,31,31,31,31,31,31
63746,2,1,1989,0,0,0,0,0,0,0,0,0,0
63747,1,1,1989,0,0,0,0,0,0,0,0,0,0
63747,2,1,1989,0,0,0,0,0,0,0,0,0,0
63747,3,1,1989,0,0,0,0,0,0,0,0,0,0
63748,1,1,1989,0,0,30,17,22,0,20,0,0,26
63748,2,1,1989,0,0,0,0,0,0,0,0,0,0
63749,1,1,1989,14,14,14,14,14,14,14,14,14,14
63749,2,1,1989,0,0,0,0,0,0,0,0,0,0
63750,1,1,1989,21,21,21,21,21,21,21,21,21,21
63751,1,1,1989,3,3,3,3,3,3,3,3,3,3
63752,1,1,1989,0,0,0,0,0,0,0,0,0,0
63753,0,1,1989,0,0,0,0,0,0,0,0,0,0
63753,1,1,1989,0,0,0,3,0,0,0,0,0,0
63754,1,1,1989,0,0,0,0,0,0,0,0,0,0
63755,1,1,1989,0,0,0,0,0,0,0,0,0,0
63756,1,1,1989,0,0,0,0,0,0,0,8,0,0
63757,0,1,1989,0,0,0,0,0,0,0,0,0,0
63757,1,1,1989,0,0,0,0,0,0,0,0,0,0
63758,0,1,1989,0,0,0,0,0,0,0,0,0,0
63758,1,1,1989,0,0,0,0,0,0,0,0,0,0
63759,1,1,1989,0,0,0,0,0,0,0,0,0,0
63759,2,1,1989,0,0,0,0,0,0,0,0,0,0
63759,3,1,1989,0,0,0,0,0,0,0,0,0,0
63760,1,1,1989,0,0,0,0,0,0,0,0,0,0
63761,1,1,1989,20,20,20,20,20,20,20,20,20,20
63761,2,1,1989,0,0,0,0,0,0,0,0,0,0
63762,0,1,1989,25,25,25,25,25,25,25,25,25,25
63762,1,1,1989,0,0,0,0,0,0,0,0,0,0
63763,1,1,1989,16,16,16,16,16,16,16,16,16,16
63763,2,1,1989,0,0,0,0,0,0,0,0,0,0
63764,0,1,1989,0,0,0,0,0,0,0,0,0,34
63764,1,1,1989,0,0,0,0,0,0,26,0,0,0
63765,0,1,1989,0,0,0,0,0,0,0,0,0,0
63765,1,1,1989,0,0,0,0,0,0,9,0,0,0
63766,0,1,1989,0,0,0,0,0,0,0,0,0,0
63766,1,1,1989,0,0,0,0,0,0,0,0,0,0
63767,0,1,1989,2,2,2,2,2,2,2,2,2,2
63767,1,1,1989,0,5,0,0,0,0,0,7,0,18
63768,1,1,1989,0,0,0,0,0,0,0,0,0,0
63768,2,1,1989,0,0,0,0,0,0,0,0,0,0
63769,1,1,1989,22,22,22,22,22,22,22,22,22,22
63770,1,1,1989,0,0,0,0,0,0,0,0,0,0
63770,2,1,1989,4,4,4,4,4,4,4,4,4,4
63772,2,1,1989,0,0,0,0,0,0,0,0,0,0
63773,1,1,1989,0,0,0,0,0,0,0,0,0,0
63773,2,1,1989,3,3,3,3,3,3,3,3,3,3
63773,3,1,1989,0,0,0,0,0,0,0,0,0,0
63774,0,1,1989,0,0,0,0,0,0,30,0,26,23
63774,1,1,1989,0,21,0,18,0,16,0,12,0,0
63775,0,1,1989,6,6,6,6,6,6,6,6,6,6
63775,1,1,1989,0,0,0,0,0,0,0,0,0,21
63776,1,2,1989,15,15,15,15,15,15,15,15,15,15
63777,1,1,1989,9,9,9,9,9,9,9,9,9,9
63777,2,1,1989,0,0,0,0,0,0,0,0,0,0
63778,0,1,1989,12,12,12,12,12,12,12,12,12,12
63778,1,1,1989,12,0,19,0,0,0,0,0,0,0
63779,1,1,1989,0,0,0,0,0,0,0,0,0,0
63779,2,1,1989,0,0,0,0,7,0,6,0,25,0
63779,3,1,1989,0,0,0,0,0,0,0,0,0,0
63779,4,1,1989,0,0,0,0,0,0,0,0,0,0
63780,0,1,1989,9,9,9,9,9,9,9,9,9,9
63780,1,1,1989,0,0,0,0,0,0,0,0,0,0
63781,1,1,1989,11,11,11,11,11,11,11,11,11,11
63782,0,1,1989,0,0,0,0,0,0,0,0,0,0
63782,1,1,1989,0,0,0,0,0,0,0,0,0,0
63783,1,1,1989,0,0,0,0,0,0,0,0,0,0
63784,1,1,1989,20,20,20,20,20,20,20,20,20,20
63784,2,1,1989,0,0,0,0,0,0,0,0,0,0
63785,1,1,1989,7,7,7,7,7,7,7,7,7,7
63785,2,1,1989,16,7,15,0,0,0,0,24,11,15
63785,3,1,1989,15,7,2,8,4,24,19,7,5,2
63785,4,1,1989,13,15,12,3,16,10,7,5,24,15
63786,0,1,1989,15,4,0,3,15,16,0,18,13,0
63786,0,2,1989,0,0,0,0,0,53,0,0,0,0
63786,1,1,1989,0,0,0,0,0,0,0,0,0,0
63787,1,1,1989,0,0,0,0,0,0,0,0,0,0
63787,2,1,1989,0,0,0,0,0,0,0,0,0,0
63788,0,1,1989,0,0,0,0,0,0,0,0,0,0
63788,1,1,1989,0,10,0,0,8,0,0,0,0,0
63789,1,1,1989,0,0,0,0,0,10,0,0,0,0
63789,2,1,1989,0,0,0,0,0,0,0,0,0,0
63790,1,1,1989,22,22,22,22,22,22,22,22,22,22
63791,1,1,1989,5,5,5,5,5,5,5,5,5,5
63791,2,1,1989,33,33,33,33,33,33,33,33,33,33
63792,1,1,1989,0,0,0,0,0,0,0,0,0,0
63792,2,1,1989,0,0,0,0,0,0,0,0,0,0
63793,1,1,1989,0,0,0,0,0,0,0,0,0,0
63794,1,1,1989,16,3,15,21,20,0,22,12,0,3
63795,1,1,1989,0,0,0,0,0,0,0,0,0,0
63795,2,1,1989,0,0,0,0,0,0,0,0,0,0
63796,1,1,1989,3,3,3,3,3,3,3,3,3,3
63796,2,1,1989,0,0,0,0,0,0,0,0,0,0
63796,3,1,1989,0,0,0,0,0,0,0,0,0,0
63798,1,1,1989,0,0,0,0,0,0,0,0,0,0
63798,2,1,1989,0,0,0,0,0,0,0,0,0,0
63799,1,1,1989,9,9,9,9,9,9,9,9,9,9
63799,2,1,1989,0,0,0,7,0,0,0,0,0,0
63800,0,1,1989,24,24,24,24,24,24,24,24,24,24
63800,1,1,1989,0,0,0,0,0,0,0,0,0,0
63801,1,1,1989,0,0,0,0,0,0,0,0,0,0
63802,1,1,1989,18,18,18,18,18,18,18,18,18,18
63803,1,1,1989,0,0,0,0,0,0,0,0,0,0
63803,2,1,1989,0,0,0,0,0,0,0,0,0,0
63804,0,1,1989,0,0,0,0,0,0,0,0,0,0
63804,1,1,1989,0,0,0,0,0,0,0,0,0,0
63805,1,1,1989,0,0,0,0,0,0,0,0,0,0
63806,0,1,1989,0,0,0,0,0,0,0,0,0,0
63806,1,1,1989,0,0,0,0,0,0,0,0,0,0
63807,1,1,1989,0,0,0,0,0,0,0,0,0,0
63807,2,1,1989,0,0,37,0,0,0,0,0,0,0
63808,1,1,1989,0,0,0,0,0,0,0,0,0,0
63808,2,1,1989,0,0,0,0,0,0,0,0,0,0
63809,1,1,1989,0,0,0,0,0,0,0,0,0,0
63809,2,1,1989,0,0,0,0,0,0,0,0,0,0
63810,0,1,1989,0,0,0,0,0,0,0,0,0,0
63810,0,2,1989,0,0,0,0,0,0,16,0,12,0
63810,1,1,1989,0,0,0,0,0,0,0,0,0,0
63810,2,1,1989,0,0,0,0,0,0,0,0,0,0
63811,0,1,1989,0,0,0,0,0,0,0,0,0,0
63811,1,1,1989,0,0,0,0,0,0,0,0,0,0
63812,0,1,1989,0,0,0,0,0,0,0,0,0,0
63812,1,1,1989,0,0,0,0,0,0,0,0,0,0
63813,1,1,1989,0,0,0,0,0,0,0,0,0,0
63813,2,1,1989,0,0,0,2,0,0,0,0,0,16
63815,1,1,1989,0,0,0,0,0,0,0,0,0,6
63816,0,1,1989,0,0,0,0,0,0,0,0,0,0
63816,1,1,1989,0,0,0,0,0,0,0,0,0,0
63817,0,1,1989,0,0,0,0,0,0,0,0,0,0
63817,1,1,1989,0,0,0,0,0,0,0,0,0,0
63818,1,1,1989,0,0,0,0,0,0,0,0,0,0
63819,1,1,1989,26,26,26,26,26,26,26,26,26,26
63820,1,1,1989,0,0,0,0,0,0,0,0,0,0
63820,2,1,1989,0,0,0,0,0,15,0,0,0,0
63821,0,1,1989,0,0,0,0,0,0,0,0,0,0
63821,1,1,1989,0,0,0,0,0,0,7,0,0,0
63822,1,1,1989,0,0,0,0,0,0,0,0,0,0
63823,1,1,1989,0,0,0,0,0,0,0,0,0,0