ST_CASE,VEH_NO,PER_NO,YEAR,P1,P2,P3,P4,P5,P6,P7,P8,P9,P10
63824,1,1,1989,16,11,7,18,36,13,20,13,20,14
63825,1,1,1989,0,0,0,0,0,0,0,0,0,0
63825,2,1,1989,0,0,0,0,0,0,0,0,4,0
63826,1,1,1989,0,0,0,0,0,0,0,0,0,0
63827,1,1,1989,0,0,0,0,0,0,0,0,0,0
63827,2,1,1989,0,0,0,0,0,0,0,0,0,0
63828,1,1,1989,0,0,0,0,0,0,0,0,0,0
63829,1,1,1989,0,0,0,0,0,0,0,0,0,0
63829,2,1,1989,0,0,0,0,0,0,0,0,0,0
63829,3,1,1989,0,0,0,0,0,0,0,12,0,0
63830,0,1,1989,0,0,0,0,0,0,0,0,0,0
63830,1,1,1989,0,0,0,0,0,7,0,0,0,0
63831,1,1,1989,0,8,25,0,0,0,0,0,0,0
63831,2,1,1989,0,0,0,0,0,0,0,0,0,0
63832,1,1,1989,19,19,19,19,19,19,19,19,19,19
63833,1,1,1989,11,11,11,11,11,11,11,11,11,11
63834,0,1,1989,0,0,0,0,0,0,0,0,0,0
63834,1,1,1989,0,0,0,18,0,0,0,10,19,11
63835,1,1,1989,0,0,0,0,0,0,0,0,0,0
63835,2,1,1989,0,0,0,0,0,0,0,0,0,0
63836,1,1,1989,0,0,0,0,0,0,0,0,0,0
63837,0,1,1989,14,14,14,14,14,14,14,14,14,14
63837,2,1,1989,0,0,0,0,0,0,0,0,0,0
63837,3,1,1989,0,0,0,0,0,0,0,0,0,0
63838,1,1,1989,25,25,25,25,25,25,25,25,25,25
63839,0,1,1989,30,30,30,30,30,30,30,30,30,30
63839,1,1,1989,0,0,0,0,10,0,0,0,0,0
63840,1,1,1989,0,0,0,0,0,0,0,0,0,0
63841,1,1,1989,0,0,0,0,0,0,0,0,0,0
63841,2,1,1989,0,0,0,0,0,0,0,0,0,0
63841,3,1,1989,0,0,0,0,0,0,0,0,0,0
63841,4,1,1989,0,0,0,0,0,0,0,0,0,0
63842,1,1,1989,0,0,0,0,0,0,0,0,0,0
63843,0,1,1989,0,0,0,0,0,0,0,0,0,0
63843,1,1,1989,0,0,0,0,0,0,0,0,0,0
63844,1,1,1989,0,0,0,0,0,0,0,0,0,0
63845,1,1,1989,0,0,0,0,16,12,0,0,0,0
63845,2,1,1989,0,0,0,0,17,0,0,0,0,0
63845,3,1,1989,0,0,0,0,0,0,0,0,0,20
63845,4,1,1989,0,0,0,0,0,0,0,0,0,0
63846,1,1,1989,20,20,20,20,20,20,20,20,20,20
63847,1,1,1989,0,0,0,0,0,0,0,0,0,0
63847,2,1,1989,14,14,14,14,14,14,14,14,14,14
63848,1,1,1989,0,0,0,0,0,0,0,0,0,0
63848,2,1,1989,0,0,0,0,0,0,0,0,0,0
63849,1,1,1989,17,17,17,17,17,17,17,17,17,17
63850,1,1,1989,0,0,0,0,0,0,0,0,0,0
63850,2,1,1989,0,0,0,0,0,0,0,0,0,0
63850,3,1,1989,0,0,0,0,0,0,0,0,0,0
63851,1,1,1989,6,6,6,6,6,6,6,6,6,6
63851,2,1,1989,0,11,0,0,0,0,0,0,0,0
63852,0,1,1989,0,0,0,0,0,0,0,0,0,0
63852,1,1,1989,0,0,0,0,0,0,0,0,0,0
63852,2,1,1989,0,0,0,0,0,0,0,0,0,0
63853,1,1,1989,0,0,0,0,0,0,0,0,0,0
63853,2,1,1989,0,0,0,0,0,0,0,0,0,0
63853,3,1,1989,0,0,32,0,0,0,0,0,0,0
63853,4,1,1989,0,0,0,0,21,0,0,0,0,0
63854,1,1,1989,4,4,4,4,4,4,4,4,4,4
63854,2,1,1989,0,0,0,0,0,0,0,0,0,0
63855,1,1,1989,23,23,23,23,23,23,23,23,23,23
63856,0,1,1989,0,0,0,0,0,0,0,0,0,0
63856,1,1,1989,0,0,0,0,0,0,0,0,0,0
63857,0,1,1989,0,0,0,0,0,0,0,0,0,0
63857,1,1,1989,0,0,0,0,0,8,0,0,0,0
63858,0,1,1989,0,0,0,0,0,0,0,0,0,0
63858,0,2,1989,19,30,0,6,0,10,0,0,0,0
63858,1,1,1989,0,0,0,0,0,0,0,0,0,0
63859,0,1,1989,0,37,0,0,0,0,34,6,37,20
63859,1,1,1989,0,9,0,0,0,0,8,0,0,0
63860,1,1,1989,4,12,10,8,19,0,0,11,20,0
63860,2,1,1989,0,0,0,0,0,0,0,0,0,0
63861,1,1,1989,0,0,0,0,0,0,0,0,0,0
63861,2,1,1989,0,0,0,17,0,0,0,0,0,0
63862,1,1,1989,17,17,17,17,17,17,17,17,17,17
63863,1,1,1989,0,0,0,0,0,0,0,0,0,0
63863,2,1,1989,18,6,19,0,0,10,0,0,0,0
63864,1,1,1989,0,0,0,0,0,0,0,0,0,0
63864,2,1,1989,0,0,0,0,0,0,0,0,0,0
63865,1,1,1989,8,8,8,8,8,8,8,8,8,8
63866,0,1,1989,19,19,19,19,19,19,19,19,19,19
63866,1,1,1989,0,0,0,0,0,0,0,0,0,0
63867,0,1,1989,11,11,11,11,11,11,11,11,11,11
63867,1,1,1989,0,0,0,0,0,0,10,0,0,0
63867,3,1,1989,0,0,0,0,0,0,0,0,0,11
63868,0,1,1989,0,0,0,0,0,0,0,0,0,0
63868,1,1,1989,0,0,0,0,0,0,0,0,0,5
63869,0,1,1989,0,0,0,0,0,0,0,0,0,0
63869,1,1,1989,0,0,0,0,0,0,0,0,0,0
63870,0,1,1989,17,17,17,17,17,17,17,17,17,17
63870,1,1,1989,0,0,0,0,0,0,0,0,0,0
63871,1,1,1989,10,10,10,10,10,10,10,10,10,10
63872,1,1,1989,0,0,0,0,0,0,0,0,0,0
63872,2,1,1989,0,14,0,0,0,0,0,0,0,0
63873,1,1,1989,2,2,2,2,2,2,2,2,2,2
63874,0,1,1989,26,26,26,26,26,26,26,26,26,26
63874,1,1,1989,0,6,0,0,0,12,0,0,0,0
63875,0,1,1989,0,0,0,0,0,0,0,0,0,0
63875,1,1,1989,6,0,20,14,10,0,0,9,0,0
63876,1,1,1989,30,30,30,30,30,30,30,30,30,30
63876,2,1,1989,0,0,0,3,0,4,0,9,16,27
63877,0,1,1989,0,0,0,0,0,28,0,0,23,0
63877,1,1,1989,19,0,0,0,0,0,0,0,0,0
63878,0,1,1989,0,0,0,0,0,0,0,0,0,0
63878,1,1,1989,0,0,0,0,0,0,0,0,0,0
63879,1,1,1989,0,0,0,0,0,0,0,0,0,0
63879,2,1,1989,0,0,0,0,0,0,0,0,0,0
63880,1,1,1989,1,1,1,1,1,1,1,1,1,1
63881,0,1,1989,17,17,17,17,17,17,17,17,17,17
63881,1,1,1989,0,0,0,0,11,10,0,0,0,0
63882,1,1,1989,13,13,13,13,13,13,13,13,13,13
63882,2,1,1989,0,0,0,0,0,0,0,0,0,0
63883,1,1,1989,0,0,0,0,0,0,7,0,0,0
63883,2,1,1989,20,20,20,20,20,20,20,20,20,20
63884,1,1,1989,0,0,0,0,0,0,0,0,0,0
63884,2,1,1989,0,0,0,0,0,0,0,0,0,0
63884,3,1,1989,0,0,0,0,0,0,0,0,0,0
63885,1,1,1989,0,0,0,0,0,0,0,0,0,0
63885,2,1,1989,0,0,0,0,0,0,0,0,0,0
63885,3,1,1989,0,0,0,0,0,0,0,0,0,0
63886,1,1,1989,12,12,12,12,12,12,12,12,12,12
63887,1,1,1989,0,0,0,0,0,0,0,0,0,0
63887,2,1,1989,0,0,0,0,0,0,0,0,0,0
63887,3,1,1989,0,0,0,4,0,0,0,0,0,0
63888,1,1,1989,21,21,21,21,21,21,21,21,21,21
63888,2,1,1989,0,0,0,0,0,0,0,0,0,0
63888,3,1,1989,0,0,19,0,18,0,0,15,0,0
63889,1,1,1989,9,9,9,9,9,9,9,9,9,9
63889,2,1,1989,0,0,0,0,0,0,0,0,0,0
63890,0,1,1989,0,0,0,0,0,0,0,0,0,0
63890,1,1,1989,0,0,0,0,0,0,0,0,0,0
63891,1,1,1989,0,0,0,0,0,0,0,0,0,0
63891,2,1,1989,10,0,0,0,0,0,0,0,0,0
63891,3,1,1989,0,0,0,0,0,0,0,0,0,0
63892,1,1,1989,0,0,0,0,0,0,0,0,0,0
63893,1,1,1989,18,18,18,18,18,18,18,18,18,18
63893,2,1,1989,0,0,0,0,0,0,0,0,0,0
63894,1,1,1989,0,0,0,0,0,0,0,0,0,0
63895,0,1,1989,0,0,0,0,0,0,0,0,0,0
63895,1,1,1989,13,0,0,0,22,0,0,0,0,0
63896,1,1,1989,0,0,0,0,0,0,0,0,0,0
63896,2,1,1989,0,0,0,0,0,0,0,0,0,0
63897,1,1,1989,14,14,14,14,14,14,14,14,14,14
63897,2,1,1989,0,0,0,5,0,0,0,0,0,0
63898,1,1,1989,16,16,16,16,16,16,16,16,16,16
63898,2,1,1989,0,0,0,0,0,0,0,0,0,0
63899,1,1,1989,0,0,0,0,0,0,0,0,0,0
63899,2,1,1989,29,29,29,29,29,29,29,29,29,29
63900,1,1,1989,21,21,21,21,21,21,21,21,21,21
63900,2,1,1989,0,0,0,0,0,0,0,0,0,0
63901,0,1,1989,0,0,0,0,0,0,0,0,0,0
63901,1,1,1989,14,14,14,14,14,14,14,14,14,14
63902,1,1,1989,4,4,4,4,4,4,4,4,4,4
63903,1,1,1989,11,11,11,11,11,11,11,11,11,11
63904,1,1,1989,9,9,9,9,9,9,9,9,9,9
63904,2,1,1989,0,14,0,0,0,0,0,0,0,0
63905,1,1,1989,0,0,0,0,0,0,0,0,0,0
63905,2,1,1989,7,7,7,7,7,7,7,7,7,7
63906,1,1,1989,25,25,25,25,25,25,25,25,25,25
63907,1,1,1989,7,7,7,7,7,7,7,7,7,7
63908,0,1,1989,0,0,0,0,0,0,0,0,0,0
63908,1,1,1989,0,0,0,0,0,0,0,0,0,0
63909,1,1,1989,0,0,0,0,0,0,0,0,0,0
63909,2,1,1989,0,0,0,0,0,12,0,15,0,0
63910,0,1,1989,0,0,0,0,0,0,0,0,0,0
63910,1,1,1989,0,0,0,0,0,0,0,0,0,0
63911,1,1,1989,12,12,12,12,12,12,12,12,12,12
63911,2,1,1989,0,0,0,0,0,0,0,0,0,0
63912,1,1,1989,28,28,28,28,28,28,28,28,28,28
63913,1,1,1989,14,14,14,14,14,14,14,14,14,14
63914,1,1,1989,0,0,0,0,0,0,0,0,0,0
63915,1,1,1989,16,16,16,16,16,16,16,16,16,16
63916,1,1,1989,11,10,5,8,8,13,13,23,10,24
63916,2,1,1989,10,10,10,10,10,10,10,10,10,10
63917,1,1,1989,0,0,0,0,0,0,0,0,0,0
63917,2,1,1989,0,0,0,0,0,0,0,0,0,0
63917,3,1,1989,0,0,0,0,0,0,0,0,0,0
63918,1,1,1989,0,0,0,0,0,0,0,0,0,0
63918,2,1,1989,0,0,0,0,0,0,0,0,0,0
63919,1,1,1989,0,0,0,0,0,0,0,0,0,0
63919,2,1,1989,7,12,14,5,3,22,18,9,18,20
63919,3,1,1989,6,6,6,6,6,6,6,6,6,6
63919,4,1,1989,6,6,6,6,6,6,6,6,6,6
63919,5,1,1989,16,16,16,16,16,16,16,16,16,16
63919,6,1,1989,23,23,23,23,23,23,23,23,23,23
63919,7,1,1989,0,0,0,0,8,0,0,0,0,0
63919,8,1,1989,0,0,12,0,10,0,0,17,0,0
63919,9,1,1989,22,7,5,14,12,15,16,7,13,12
63919,10,1,1989,0,0,10,0,0,0,0,11,0,0
63919,11,1,1989,8,0,0,0,0,0,0,17,0,23
63920,0,1,1989,0,0,0,0,0,0,0,0,0,0
63921,0,1,1989,20,20,20,20,20,20,20,20,20,20
63921,1,1,1989,0,0,0,12,11,13,0,0,0,4
63922,1,1,1989,20,20,20,20,20,20,20,20,20,20
63922,2,1,1989,0,0,0,0,0,0,0,0,0,0
63923,1,1,1989,0,0,0,0,0,7,0,0,0,0
63923,2,1,1989,12,12,12,12,12,12,12,12,12,12
63924,1,1,1989,0,0,0,0,0,0,0,0,0,0
63924,2,1,1989,0,0,0,0,0,0,0,0,9,0
63925,0,1,1989,5,5,5,5,5,5,5,5,5,5
63925,1,1,1989,10,2,12,0,14,20,0,14,0,12
63926,0,1,1989,0,0,0,0,0,0,0,0,0,0
63926,1,1,1989,0,0,0,0,0,0,0,0,0,0
63927,1,1,1989,9,9,9,9,9,9,9,9,9,9
63928,1,1,1989,0,0,0,0,0,0,0,0,0,0
63929,1,1,1989,0,0,0,0,0,0,0,0,0,0
63929,2,1,1989,0,0,0,0,0,0,0,0,0,0
63930,1,1,1989,11,0,0,0,0,0,0,0,0,0
63930,2,1,1989,0,0,0,0,0,0,0,0,0,0
63930,3,1,1989,0,0,0,0,0,0,0,0,0,0
63930,4,1,1989,0,0,0,0,0,0,0,0,0,0
63931,1,1,1989,15,15,15,15,15,15,15,15,15,15
63932,1,1,1989,17,17,17,17,17,17,17,17,17,17
63932,2,1,1989,0,0,0,0,0,0,0,0,0,0
63932,3,1,1989,0,0,0,0,0,0,0,0,0,0
63933,1,1,1989,0,0,0,0,0,0,0,0,0,0
63934,0,1,1989,9,9,9,9,9,9,9,9,9,9
63934,1,1,1989,0,0,0,0,0,0,0,22,0,0
63935,0,1,1989,16,16,16,16,16,16,16,16,16,16
63935,1,1,1989,0,0,0,0,0,0,0,0,0,0
63936,1,1,1989,11,11,11,11,11,11,11,11,11,11
63937,1,1,1989,0,0,0,0,0,0,0,0,0,0
63937,2,1,1989,0,0,0,0,0,0,0,0,0,0
63938,1,1,1989,0,0,0,0,0,0,0,0,0,0
63938,2,1,1989,0,0,0,0,0,17,0,0,0,20
63939,1,1,1989,0,0,0,0,0,0,0,0,0,0
63939,2,1,1989,0,0,0,0,0,0,0,0,0,0
63940,1,1,1989,18,18,18,18,18,18,18,18,18,18
63941,0,1,1989,5,5,5,5,5,5,5,5,5,5
63941,1,1,1989,0,0,0,0,0,0,0,0,0,0
63942,1,1,1989,24,24,24,24,24,24,24,24,24,24
63943,0,1,1989,0,0,0,0,0,0,0,0,0,0
63943,1,1,1989,0,0,0,27,0,0,0,17,0,0
63944,1,1,1989,0,0,0,0,0,0,0,0,0,0
63945,1,1,1989,18,18,18,18,18,18,18,18,18,18
63946,1,1,1989,0,0,0,0,0,0,0,0,13,0
63947,1,1,1989,0,0,0,0,0,0,0,0,0,0
63947,2,1,1989,0,0,0,0,0,0,0,0,0,0
63948,1,1,1989,0,0,0,0,0,0,0,0,5,0
63948,2,1,1989,0,0,0,0,0,0,0,0,0,0
63949,1,1,1989,0,0,0,0,0,0,0,0,0,0
63949,2,1,1989,0,0,0,0,0,0,0,0,0,0
63950,0,1,1989,0,0,0,0,0,0,0,0,0,0
63950,1,1,1989,0,0,0,0,0,0,0,0,0,0
63951,1,1,1989,7,7,7,7,7,7,7,7,7,7
63952,0,1,1989,28,28,28,28,28,28,28,28,28,28
63952,1,1,1989,5,23,0,11,0,0,0,19,12,13
63953,0,1,1989,0,0,0,0,0,0,0,0,0,0
63953,1,1,1989,0,0,0,16,0,0,0,16,0,0
63954,1,1,1989,0,0,0,0,0,0,0,0,0,0
63955,1,1,1989,0,0,0,0,0,0,0,0,0,0
63956,1,1,1989,0,0,0,0,0,0,0,0,0,0
63957,1,1,1989,0,0,0,0,0,0,0,0,0,0
63958,0,1,1989,16,16,16,16,16,16,16,16,16,16
63958,1,1,1989,0,0,0,0,0,0,0,0,0,10
63958,2,1,1989,0,0,0,0,0,0,0,4,0,0
63959,1,1,1989,13,13,13,13,13,13,13,13,13,13
63960,1,1,1989,0,0,0,0,0,0,0,0,0,0
63960,2,1,1989,28,28,28,28,28,28,28,28,28,28
63961,1,1,1989,19,19,19,19,19,19,19,19,19,19
63962,1,1,1989,2,2,2,2,2,2,2,2,2,2
63963,1,1,1989,14,14,14,14,14,14,14,14,14,14
63964,1,1,1989,21,21,21,21,21,21,21,21,21,21
63965,1,1,1989,32,32,32,32,32,32,32,32,32,32
63965,2,1,1989,0,0,0,0,0,0,0,0,0,0
63965,3,1,1989,0,0,0,0,0,0,0,0,0,0
63966,1,1,1989,35,35,35,35,35,35,35,35,35,35
63966,2,1,1989,4,0,0,0,0,0,0,0,0,0
63967,1,1,1989,0,0,0,0,0,0,0,0,0,0
63968,0,1,1989,12,12,12,12,12,12,12,12,12,12
63968,1,1,1989,0,0,0,0,0,0,0,0,0,0
63969,1,1,1989,27,27,27,27,27,27,27,27,27,27
63970,1,1,1989,0,0,0,0,0,0,0,0,0,0
63970,2,1,1989,0,0,0,0,0,0,0,0,0,0
63971,0,1,1989,15,18,28,22,0,0,22,0,0,0
63971,1,1,1989,0,0,0,0,0,0,0,0,0,0
63972,1,1,1989,0,0,30,0,19,18,7,0,0,12
63972,2,1,1989,0,0,2,0,0,0,0,0,0,0
63973,1,1,1989,0,0,0,0,0,0,0,0,0,0
63974,1,1,1989,0,0,0,0,0,0,0,0,0,0
63975,1,1,1989,0,0,0,0,0,0,0,0,0,0
63976,0,1,1989,0,0,0,0,0,0,0,0,0,0
63976,1,1,1989,0,0,0,0,0,0,0,0,0,0
63977,1,1,1989,28,28,28,28,28,28,28,28,28,28
63978,1,1,1989,0,0,0,0,0,0,0,0,0,0
63979,0,1,1989,0,0,0,0,0,0,0,0,0,0
63979,1,1,1989,0,0,0,0,0,0,0,0,0,0
63980,1,1,1989,10,10,10,10,10,10,10,10,10,10
63981,0,1,1989,9,9,9,9,9,9,9,9,9,9
63981,1,1,1989,0,11,0,0,0,0,0,20,0,0
63982,1,1,1989,12,18,24,9,3,17,11,17,25,5
63982,2,1,1989,0,0,0,0,0,0,0,0,0,0
63983,1,1,1989,0,0,0,0,0,0,0,0,0,0
63983,2,1,1989,0,0,0,0,0,0,0,0,0,0
63984,1,1,1989,0,0,0,0,0,0,0,0,0,0
63984,2,1,1989,0,0,0,0,0,0,0,0,0,0
63984,3,1,1989,0,0,0,0,0,20,0,0,0,0
63984,4,1,1989,0,0,0,0,0,0,0,0,0,0
63985,1,1,1989,22,22,22,22,22,22,22,22,22,22
63986,0,1,1989,11,11,11,11,11,11,11,11,11,11
63986,1,1,1989,0,0,0,0,2,0,0,0,0,0
63987,0,1,1989,21,21,21,21,21,21,21,21,21,21
63987,1,1,1989,0,0,0,0,0,0,0,0,0,0
63988,0,1,1989,0,0,0,0,0,0,0,0,0,0
63988,1,1,1989,0,0,0,0,0,0,0,0,0,0
63989,0,1,1989,19,19,19,19,19,19,19,19,19,19
63989,1,1,1989,14,0,0,0,0,0,0,15,11,0
63990,1,1,1989,0,0,0,0,0,0,0,0,0,0
63991,1,1,1989,22,22,22,22,22,22,22,22,22,22
63991,2,1,1989,0,0,0,0,0,0,0,0,0,0
63992,0,1,1989,0,0,0,0,0,0,0,0,0,0
63992,1,1,1989,0,0,0,0,0,0,0,0,0,0
63993,0,1,1989,0,0,0,0,0,0,0,0,50,0
63993,1,1,1989,0,0,0,0,0,0,0,0,0,0
63994,0,1,1989,0,0,0,0,0,0,0,0,0,0
63994,1,1,1989,5,5,5,5,5,5,5,5,5,5
63995,1,1,1989,14,14,14,14,14,14,14,14,14,14
63996,1,1,1989,31,31,31,31,31,31,31,31,31,31
63997,0,1,1989,0,0,0,0,0,0,0,0,0,0
63997,1,1,1989,0,0,0,0,0,0,0,0,0,0
63998,1,1,1989,6,6,6,6,6,6,6,6,6,6
63999,0,1,1989,0,0,0,7,0,17,0,0,0,0
63999,0,2,1989,0,14,0,7,6,0,0,13,0,0
63999,1,1,1989,18,18,18,18,18,18,18,18,18,18
64000,0,1,1989,17,17,17,17,17,17,17,17,17,17
64000,0,2,1989,8,0,14,22,20,28,0,13,0,13
64000,2,1,1989,8,8,8,8,8,8,8,8,8,8
64000,3,1,1989,0,0,0,0,28,0,0,21,0,5
64001,0,1,1989,20,30,16,0,16,9,0,10,0,0
64001,0,2,1989,23,23,23,23,23,23,23,23,23,23
64001,1,1,1989,0,0,0,0,0,0,0,0,0,0
64002,1,1,1989,2,2,2,2,2,2,2,2,2,2
64002,2,1,1989,0,0,0,0,0,0,0,0,0,0
64003,1,1,1989,16,16,16,16,16,16,16,16,16,16
64004,1,1,1989,20,20,20,20,20,20,20,20,20,20
64005,1,1,1989,0,0,0,0,0,0,0,0,0,0
64006,1,1,1989,17,17,17,17,17,17,17,17,17,17
64007,1,1,1989,11,11,11,11,11,11,11,11,11,11
64008,0,1,1989,0,0,0,0,0,0,0,0,0,0
64008,0,2,1989,16,16,16,16,16,16,16,16,16,16
64008,1,1,1989,0,0,0,9,0,0,0,0,0,0
64009,1,1,1989,0,0,0,0,0,0,0,0,15,0
64010,1,1,1989,21,21,21,21,21,21,21,21,21,21
64011,1,1,1989,8,8,8,8,8,8,8,8,8,8
64012,1,1,1989,7,7,7,7,7,7,7,7,7,7
64013,1,1,1989,8,8,8,8,8,8,8,8,8,8
64014,1,1,1989,14,14,14,14,14,14,14,14,14,14
64015,1,1,1989,16,16,16,16,16,16,16,16,16,16
64016,1,1,1989,0,0,0,0,0,0,0,0,0,0
64017,1,1,1989,0,0,0,0,0,0,0,0,0,0
64018,1,1,1989,0,0,0,0,0,0,0,0,0,0
64019,1,1,1989,0,0,0,0,0,0,0,0,0,0
64019,2,1,1989,0,0,0,0,0,0,0,0,0,0
64020,1,1,1989,0,0,0,0,0,0,0,0,0,0
64020,2,1,1989,0,0,0,0,0,0,0,0,0,0
64020,3,1,1989,0,0,0,0,0,0,0,0,0,0
64021,1,1,1989,12,12,12,12,12,12,12,12,12,12
64021,2,1,1989,0,7,12,0,0,0,0,0,0,0
64022,1,1,1989,24,24,24,24,24,24,24,24,24,24
64023,0,1,1989,16,16,16,16,16,16,16,16,16,16
64023,1,1,1989,0,0,0,0,0,0,0,0,0,0
64024,0,1,1989,10,10,10,10,10,10,10,10,10,10
64024,1,1,1989,0,0,0,0,0,0,0,0,0,0
64025,1,1,1989,0,0,0,0,0,0,0,0,0,0
64025,2,1,1989,0,0,0,0,0,0,0,0,0,0
64026,0,1,1989,0,0,0,0,0,0,0,0,0,0
64026,1,1,1989,0,0,0,0,0,0,0,0,0,0
64027,1,1,1989,0,0,0,0,0,0,0,0,0,0
64027,2,1,1989,0,0,0,0,0,0,0,0,0,0
64028,1,1,1989,0,0,0,0,0,0,0,0,0,0
64029,1,1,1989,15,0,0,0,0,0,0,0,0,0
64029,2,1,1989,5,0,0,8,0,0,0,0,8,0
64030,0,1,1989,0,0,0,0,0,0,0,0,0,0
64030,0,2,1989,0,0,7,0,23,0,23,0,13,0
64030,1,1,1989,0,0,0,0,0,0,0,0,0,0
64031,0,1,1989,0,0,0,0,0,0,0,0,0,0
64031,1,1,1989,0,0,0,0,0,3,0,0,6,0
64032,1,1,1989,14,14,14,14,14,14,14,14,14,14
64033,1,1,1989,12,12,12,12,12,12,12,12,12,12
64034,1,1,1989,0,0,0,0,0,0,0,0,0,0
64035,0,1,1989,26,26,26,26,26,26,26,26,26,26
64035,1,1,1989,8,19,12,0,19,10,0,2,18,14
64035,2,1,1989,0,0,0,0,0,0,0,0,0,0
64036,1,1,1989,26,26,26,26,26,26,26,26,26,26
64037,1,1,1989,0,0,0,0,0,0,0,0,0,0
64037,2,1,1989,0,0,0,0,0,0,0,0,0,0
64038,1,1,1989,21,21,21,21,21,21,21,21,21,21
64038,2,1,1989,2,2,2,2,2,2,2,2,2,2
64039,0,1,1989,47,47,47,47,47,47,47,47,47,47
64039,1,1,1989,0,0,0,0,14,0,0,0,0,0
64040,0,1,1989,11,11,11,11,11,11,11,11,11,11
64040,1,1,1989,0,0,0,0,0,0,0,0,0,0
64041,1,1,1989,26,26,26,26,26,26,26,26,26,26
64042,1,1,1989,10,10,10,10,10,10,10,10,10,10
64042,2,1,1989,0,0,0,0,0,0,0,0,0,0
64043,1,1,1989,10,10,10,10,10,10,10,10,10,10
64044,1,1,1989,6,6,6,6,6,6,6,6,6,6
64045,1,1,1989,16,16,16,16,16,16,16,16,16,16
64045,2,1,1989,0,0,0,0,0,0,0,0,0,0
64046,1,1,1989,16,16,16,16,16,16,16,16,16,16
64047,1,1,1989,0,0,0,0,0,0,0,0,0,0
64048,1,1,1989,25,0,4,9,0,8,7,5,12,13
64049,1,1,1989,0,0,0,0,0,0,0,0,0,0
64049,2,1,1989,0,0,0,0,0,0,0,0,0,0
64049,3,1,1989,0,0,0,0,0,0,0,0,0,0
64050,0,1,1989,0,0,0,0,0,0,0,0,0,0
64050,1,1,1989,0,0,8,0,0,0,0,18,0,0
64051,1,1,1989,0,0,0,0,0,0,0,0,0,0
64051,2,1,1989,0,0,0,0,0,0,0,0,0,0
64052,1,1,1989,0,0,0,0,0,0,0,0,0,0
64053,1,1,1989,0,0,0,0,0,0,0,0,0,0
64054,0,1,1989,0,0,0,0,0,0,0,0,0,0
64054,1,1,1989,0,0,0,0,0,0,0,16,11,0
64055,1,1,1989,27,27,27,27,27,27,27,27,27,27
64056,1,1,1989,6,6,6,6,6,6,6,6,6,6
64056,2,1,1989,0,0,0,0,0,0,0,0,0,0
64057,1,1,1989,8,8,8,8,8,8,8,8,8,8
64057,2,1,1989,17,17,17,17,17,17,17,17,17,17
64058,1,1,1989,0,0,0,0,0,0,0,0,0,0
64058,2,1,1989,0,0,0,0,0,0,0,0,0,0
64059,1,1,1989,0,0,0,0,0,0,0,0,0,0
64059,2,1,1989,13,0,0,0,0,0,0,0,21,0
64059,3,1,1989,0,0,0,0,0,0,0,0,0,0
64060,0,1,1989,0,0,0,0,0,0,0,0,0,0
64060,1,1,1989,0,0,0,0,0,0,0,0,0,0
64061,0,1,1989,27,27,27,27,27,27,27,27,27,27
64062,1,1,1989,0,0,0,0,0,0,0,0,0,0
64062,2,1,1989,0,0,0,0,0,0,0,0,0,0
64062,3,1,1989,0,0,0,0,0,0,0,0,0,0
64063,1,1,1989,0,0,0,0,0,0,0,0,0,0
64063,2,1,1989,0,0,0,0,0,0,0,0,0,0
64064,1,1,1989,0,0,0,0,20,0,6,0,0,0
64064,2,1,1989,0,0,0,0,0,0,0,0,0,0
64064,3,1,1989,0,0,0,0,16,0,0,0,0,0
64064,4,1,1989,0,0,0,0,0,0,0,0,0,0
64065,0,1,1989,25,25,25,25,25,25,25,25,25,25
64065,1,1,1989,0,0,0,0,0,0,0,0,0,0
64066,0,1,1989,6,6,6,6,6,6,6,6,6,6
64066,1,1,1989,0,0,0,0,0,0,0,24,0,0
64067,1,1,1989,24,24,24,24,24,24,24,24,24,24
64068,0,1,1989,14,14,14,14,14,14,14,14,14,14
64068,1,1,1989,0,0,0,0,0,0,0,31,0,0
64069,1,1,1989,0,0,0,0,0,0,0,0,0,0
64069,2,1,1989,0,0,0,0,0,0,0,0,0,0
64070,0,1,1989,18,18,18,18,18,18,18,18,18,18
64070,1,1,1989,6,0,0,10,0,0,4,16,0,0
64071,1,1,1989,0,0,0,0,0,0,0,0,0,0
64071,2,1,1989,0,0,0,0,0,0,0,0,0,0
64072,1,1,1989,0,0,0,0,0,0,0,0,0,0
64072,2,1,1989,0,0,0,0,0,0,0,0,0,0
64073,1,1,1989,27,0,15,0,10,30,0,11,14,16
64074,1,1,1989,12,12,12,12,12,12,12,12,12,12
64075,0,1,1989,13,13,13,13,13,13,13,13,13,13
64075,1,1,1989,3,3,3,3,3,3,3,3,3,3
64076,0,1,1989,22,22,22,22,22,22,22,22,22,22
64076,1,1,1989,0,0,0,0,0,0,0,0,0,0
64077,1,1,1989,0,0,0,0,0,0,0,0,0,0
64077,2,1,1989,0,0,0,0,0,0,0,0,0,0
64077,3,1,1989,12,0,0,0,0,0,0,0,0,0
64078,1,1,1989,13,13,13,13,13,13,13,13,13,13
64078,2,1,1989,0,0,0,0,0,0,0,0,0,0
64079,0,1,1989,0,0,0,0,0,0,0,0,0,0
64079,1,1,1989,0,0,0,12,0,0,0,0,0,0
64080,0,1,1989,0,0,0,0,0,0,0,0,0,0
64080,1,1,1989,0,0,0,0,0,0,0,0,0,0
64081,0,1,1989,0,0,0,0,0,0,0,0,0,0
64081,1,1,1989,0,0,0,0,0,0,0,0,0,0
64082,1,1,1989,0,0,0,0,0,0,0,0,0,23