ST_CASE,VEH_NO,PER_NO,YEAR,P1,P2,P3,P4,P5,P6,P7,P8,P9,P10
64083,1,1,1989,0,0,0,0,0,0,0,0,0,0
64083,2,1,1989,0,0,0,0,0,0,0,0,0,0
64084,0,1,1989,0,0,0,0,0,0,0,0,0,0
64084,1,1,1989,0,0,0,0,0,0,0,0,0,0
64085,1,1,1989,0,0,0,0,0,0,0,0,0,0
64086,1,1,1989,8,8,8,8,8,8,8,8,8,8
64087,1,1,1989,13,13,13,13,13,13,13,13,13,13
64088,1,1,1989,3,3,3,3,3,3,3,3,3,3
64088,2,1,1989,14,14,14,14,14,14,14,14,14,14
64089,1,1,1989,27,27,27,27,27,27,27,27,27,27
64090,1,1,1989,12,12,12,12,12,12,12,12,12,12
64090,2,1,1989,0,0,0,0,0,0,0,0,0,0
64090,3,1,1989,0,0,0,0,0,0,0,0,0,0
64091,1,1,1989,23,23,23,23,23,23,23,23,23,23
64091,2,1,1989,0,0,0,0,0,0,0,0,0,0
64092,1,1,1989,12,12,12,12,12,12,12,12,12,12
64093,1,1,1989,0,0,0,0,0,0,0,0,0,0
64094,1,1,1989,25,25,25,25,25,25,25,25,25,25
64094,2,1,1989,0,0,0,0,0,0,0,0,0,0
64095,1,1,1989,0,0,0,0,0,0,0,0,0,0
64095,2,1,1989,0,0,0,0,0,6,0,0,0,0
64096,0,1,1989,8,8,8,8,8,8,8,8,8,8
64096,1,1,1989,0,0,11,0,0,0,0,0,0,0
64096,2,1,1989,0,0,0,0,0,0,0,0,0,0
64097,1,1,1989,10,10,10,10,10,10,10,10,10,10
64098,1,1,1989,10,10,10,10,10,10,10,10,10,10
64099,0,1,1989,0,0,0,0,0,0,0,0,0,0
64099,1,1,1989,0,0,0,0,0,0,0,0,0,0
64100,1,1,1989,10,14,22,0,15,7,22,0,32,18
64101,1,1,1989,22,22,22,22,22,22,22,22,22,22
64102,1,1,1989,24,24,24,24,24,24,24,24,24,24
64103,1,1,1989,0,13,0,0,0,0,0,0,0,0
64103,2,1,1989,0,0,0,0,0,0,0,0,0,0
64103,3,1,1989,0,0,9,0,0,0,0,0,0,0
64103,4,1,1989,0,0,0,0,0,0,0,0,0,0
64104,0,1,1989,27,27,27,27,27,27,27,27,27,27
64104,1,1,1989,3,31,20,0,0,0,0,24,8,0
64104,2,1,1989,0,0,0,0,0,0,0,0,0,0
64105,1,1,1989,29,29,29,29,29,29,29,29,29,29
64105,2,1,1989,0,0,0,0,0,0,26,0,0,17
64106,1,1,1989,14,14,14,14,14,14,14,14,14,14
64106,2,1,1989,0,0,0,0,0,0,0,0,0,0
64106,3,1,1989,0,0,0,0,0,0,12,0,0,0
64106,4,1,1989,21,8,25,10,15,10,29,14,0,28
64106,5,1,1989,0,0,0,0,0,0,0,0,0,0
64107,1,1,1989,0,0,0,0,0,0,0,0,0,0
64107,2,1,1989,0,0,0,0,0,0,0,0,0,0
64108,1,1,1989,24,24,24,24,24,24,24,24,24,24
64109,0,1,1989,19,19,19,19,19,19,19,19,19,19
64109,1,1,1989,0,0,19,0,0,0,0,0,0,17
64110,0,1,1989,23,23,23,23,23,23,23,23,23,23
64110,1,1,1989,0,0,21,0,0,0,0,0,0,0
64111,1,1,1989,0,0,0,0,0,0,0,0,0,0
64112,1,1,1989,0,0,0,0,0,0,0,0,0,0
64113,1,1,1989,5,5,5,5,5,5,5,5,5,5
64113,2,1,1989,0,0,0,0,0,24,0,11,0,0
64114,1,1,1989,20,20,20,20,20,20,20,20,20,20
64114,2,1,1989,21,0,0,0,0,0,0,0,11,0
64115,1,1,1989,0,0,13,0,0,0,0,0,0,0
64115,2,1,1989,20,20,20,20,20,20,20,20,20,20
64116,1,1,1989,0,0,0,0,0,0,0,0,0,0
64116,2,1,1989,0,0,0,0,0,0,0,0,0,0
64117,1,1,1989,5,5,5,5,5,5,5,5,5,5
64117,2,1,1989,0,0,0,0,0,0,0,0,0,0
64118,1,1,1989,26,26,26,26,26,26,26,26,26,26
64118,2,1,1989,0,0,0,0,0,0,0,0,0,0
64119,1,1,1989,20,20,20,20,20,20,20,20,20,20
64120,1,1,1989,20,20,20,20,20,20,20,20,20,20
64121,1,1,1989,0,0,0,0,0,0,0,0,0,0
64121,2,1,1989,0,0,0,0,0,0,0,0,0,0
64122,1,1,1989,0,0,0,0,23,0,0,0,0,0
64122,2,1,1989,2,2,2,2,2,2,2,2,2,2
64123,1,1,1989,0,0,0,0,0,0,0,0,0,0
64124,1,1,1989,0,0,0,0,0,0,0,0,0,0
64125,1,1,1989,0,0,0,0,0,0,0,0,0,0
64125,2,1,1989,0,0,0,0,0,0,0,0,0,0
64126,1,1,1989,0,0,0,7,0,0,0,0,16,0
64127,1,1,1989,3,3,3,3,3,3,3,3,3,3
64128,0,1,1989,0,0,0,0,0,0,0,0,0,0
64128,1,1,1989,18,0,0,22,10,0,0,0,9,0
64129,1,1,1989,16,16,16,16,16,16,16,16,16,16
64129,2,1,1989,0,0,0,14,0,0,0,0,0,0
64130,1,1,1989,16,16,16,16,16,16,16,16,16,16
64130,2,1,1989,26,23,14,24,23,21,20,19,0,14
64131,1,1,1989,0,0,7,0,0,13,11,0,0,15
64131,2,1,1989,0,0,0,21,0,0,0,0,0,0
64132,0,2,1989,10,0,0,0,0,0,21,0,0,0
64132,1,1,1989,0,0,0,0,0,0,0,0,0,0
64133,1,1,1989,0,0,26,15,0,4,0,0,0,26
64134,1,1,1989,0,6,8,0,8,0,0,17,15,7
64134,2,1,1989,0,0,0,0,0,0,14,0,0,0
64135,1,1,1989,23,23,23,23,23,23,23,23,23,23
64135,2,1,1989,23,0,0,0,0,0,0,0,0,0
64136,1,1,1989,0,0,0,0,0,0,0,0,0,0
64136,2,1,1989,0,0,0,0,0,5,25,9,0,0
64137,0,1,1989,0,0,0,0,0,0,0,0,0,0
64137,1,1,1989,0,0,0,0,0,0,0,0,0,0
64138,0,1,1989,0,0,0,0,0,0,0,0,0,0
64138,0,2,1989,0,0,0,0,0,0,0,0,0,0
64138,1,1,1989,0,0,0,0,0,0,0,0,0,0
64139,1,1,1989,0,0,0,0,0,0,0,0,0,0
64139,2,1,1989,0,0,0,0,0,0,0,0,0,0
64140,0,1,1989,0,0,0,0,0,0,0,0,0,0
64140,1,1,1989,0,0,0,0,0,0,0,0,0,0
64140,2,1,1989,0,0,0,0,0,0,0,0,0,0
64141,1,1,1989,0,0,0,0,0,0,0,0,0,0
64141,2,1,1989,0,14,0,0,0,0,0,0,0,0
64142,1,1,1989,22,22,22,22,22,22,22,22,22,22
64142,2,1,1989,0,0,0,0,0,0,0,0,0,0
64143,0,1,1989,44,44,44,44,44,44,44,44,44,44
64143,1,1,1989,0,0,0,0,0,0,0,24,0,0
64144,1,1,1989,15,15,15,15,15,15,15,15,15,15
64145,0,1,1989,0,0,0,0,0,0,0,0,0,0
64145,0,2,1989,23,0,0,17,0,14,5,19,5,0
64145,1,1,1989,0,0,0,0,0,0,0,0,0,0
64146,1,1,1989,0,0,0,0,23,0,0,0,0,0
64147,1,1,1989,6,6,6,6,6,6,6,6,6,6
64148,0,1,1989,10,10,10,10,10,10,10,10,10,10
64148,1,1,1989,0,0,0,0,0,0,0,0,0,0
64148,2,1,1989,0,0,0,0,0,0,0,0,0,0
64149,1,1,1989,0,16,0,0,0,16,0,27,0,0
64150,0,1,1989,0,0,0,0,0,0,0,0,0,0
64150,1,1,1989,0,0,0,0,0,0,0,0,0,0
64151,1,1,1989,0,0,0,0,0,0,0,0,0,0
64152,0,1,1989,0,0,0,0,0,0,0,0,0,0
64152,1,1,1989,0,0,0,0,21,0,0,0,0,19
64153,1,1,1989,18,18,18,18,18,18,18,18,18,18
64153,2,1,1989,0,0,0,0,0,0,0,0,0,0
64154,0,1,1989,0,0,0,0,0,0,0,0,0,0
64154,1,1,1989,0,0,0,0,0,0,0,0,0,0
64155,1,1,1989,0,0,0,0,0,0,0,0,0,0
64156,1,1,1989,0,0,0,0,0,0,0,0,0,0
64156,2,1,1989,0,0,0,0,0,0,0,0,0,0
64157,1,1,1989,0,0,0,0,0,0,0,0,0,0
64157,2,1,1989,0,0,0,0,0,0,0,0,0,0
64158,0,1,1989,0,0,0,0,0,0,0,0,0,0
64158,1,1,1989,0,0,0,0,0,0,0,0,0,0
64159,1,1,1989,8,8,8,8,8,8,8,8,8,8
64160,1,1,1989,0,0,0,0,0,0,0,0,0,0
64161,1,1,1989,13,13,13,13,13,13,13,13,13,13
64162,0,1,1989,0,0,0,0,0,0,0,0,0,0
64162,1,1,1989,0,0,0,9,7,0,0,13,0,0
64163,1,1,1989,21,21,21,21,21,21,21,21,21,21
64164,1,1,1989,24,24,24,24,24,24,24,24,24,24
64164,2,1,1989,0,0,0,0,0,0,0,0,0,0
64165,0,1,1989,17,17,17,17,17,17,17,17,17,17
64165,0,2,1989,21,6,0,23,0,11,0,9,9,18
64165,1,1,1989,0,0,0,14,0,0,0,0,0,0
64165,2,1,1989,0,0,0,0,0,0,0,0,0,0
64166,1,1,1989,17,17,17,17,17,17,17,17,17,17
64167,1,1,1989,23,0,0,0,0,0,0,0,0,0
64167,2,1,1989,0,0,0,0,0,0,0,0,0,0
64168,0,1,1989,0,0,0,0,0,0,0,0,0,0
64168,1,1,1989,0,0,0,0,0,0,0,0,0,0
64169,0,1,1989,0,0,0,0,0,0,0,0,0,46
64169,1,1,1989,0,0,0,0,0,0,0,0,0,0
64170,1,1,1989,0,0,0,0,0,0,0,0,0,0
64171,1,1,1989,0,0,0,0,0,0,0,0,0,0
64172,1,1,1989,21,21,21,21,21,21,21,21,21,21
64173,1,1,1989,0,0,0,0,0,0,0,0,0,0
64174,1,1,1989,0,0,0,0,0,0,0,0,0,0
64175,1,1,1989,0,0,0,0,0,0,0,0,0,0
64175,2,1,1989,0,0,0,0,0,0,0,0,0,0
64175,3,1,1989,0,0,0,0,0,0,0,0,0,0
64176,1,1,1989,0,0,0,0,0,0,0,0,0,0
64176,2,1,1989,0,0,0,0,0,0,0,0,0,0
64177,1,1,1989,0,0,0,0,0,0,0,0,0,0
64177,2,1,1989,0,0,0,0,0,0,0,0,0,0
64177,3,1,1989,0,0,0,0,0,0,0,0,0,0
64178,1,1,1989,0,0,0,0,0,0,0,0,0,0
64178,2,1,1989,0,0,0,0,0,0,0,0,0,0
64178,3,1,1989,0,0,0,0,0,0,0,0,0,0
64178,4,1,1989,0,0,20,0,0,0,0,0,0,0
64179,1,1,1989,15,15,15,15,15,15,15,15,15,15
64180,1,1,1989,0,0,0,0,0,0,0,0,0,0
64180,2,1,1989,0,0,0,0,0,0,0,0,0,0
64181,1,1,1989,0,0,0,0,0,0,0,0,0,0
64182,1,1,1989,0,0,0,0,0,0,0,0,0,0
64182,2,1,1989,0,0,0,0,0,0,0,0,0,0
64183,1,1,1989,0,0,0,0,0,0,0,0,0,0
64183,2,1,1989,0,0,0,0,0,0,0,0,0,0
64184,0,1,1989,0,0,0,0,0,0,0,0,0,0
64184,1,1,1989,0,0,0,0,0,0,0,0,0,0
64185,1,1,1989,0,0,0,0,0,0,0,0,0,0
64186,0,1,1989,18,18,18,18,18,18,18,18,18,18
64186,1,1,1989,0,0,0,0,0,0,0,0,0,0
64186,2,1,1989,0,0,0,0,0,0,0,0,0,0
64186,3,1,1989,0,0,0,0,0,0,0,0,0,0
64187,0,1,1989,28,28,28,28,28,28,28,28,28,28
64187,1,1,1989,0,0,0,0,0,0,0,0,0,0
64188,1,1,1989,13,13,13,13,13,13,13,13,13,13
64189,0,1,1989,0,0,0,0,0,0,0,0,0,0
64189,1,1,1989,0,0,0,0,0,0,0,0,0,0
64190,0,1,1989,0,0,0,0,0,0,0,0,0,0
64190,0,2,1989,0,33,0,0,0,0,0,23,23,0
64190,0,3,1989,0,0,7,0,0,0,4,0,28,0
64190,0,4,1989,0,0,0,0,0,0,0,0,0,0
64190,1,1,1989,0,0,0,0,0,0,0,0,0,0
64191,1,1,1989,0,0,0,0,0,0,0,0,0,0
64191,2,1,1989,21,0,0,0,15,0,0,0,23,0
64191,3,1,1989,0,0,0,0,0,0,0,0,0,0
64192,1,1,1989,0,0,0,0,0,0,0,0,0,0
64193,1,1,1989,49,49,49,49,49,49,49,49,49,49
64193,2,1,1989,0,0,0,0,0,0,0,0,0,0
64194,1,1,1989,0,0,0,0,0,0,0,0,0,0
64194,2,1,1989,0,0,0,0,0,0,0,6,0,0
64196,1,1,1989,25,25,25,25,25,25,25,25,25,25
64197,1,1,1989,0,0,0,0,24,0,0,0,0,0
64197,2,1,1989,0,0,0,0,0,0,0,0,0,0
64198,1,1,1989,25,25,25,25,25,25,25,25,25,25
64199,0,1,1989,12,12,12,12,12,12,12,12,12,12
64199,1,1,1989,0,0,13,9,7,0,0,0,0,0
64200,1,1,1989,23,23,23,23,23,23,23,23,23,23
64201,1,1,1989,9,9,9,9,9,9,9,9,9,9
64202,1,1,1989,5,5,5,5,5,5,5,5,5,5
64203,1,1,1989,0,0,0,0,0,0,0,0,0,0
64203,2,1,1989,0,0,0,0,0,0,0,0,0,0
64204,1,1,1989,17,17,17,17,17,17,17,17,17,17
64205,0,1,1989,17,17,17,17,17,17,17,17,17,17
64205,1,1,1989,0,12,0,0,11,29,14,15,0,0
64206,0,1,1989,3,3,3,3,3,3,3,3,3,3
64206,1,1,1989,5,5,5,5,5,5,5,5,5,5
64207,1,1,1989,7,7,7,7,7,7,7,7,7,7
64208,1,1,1989,9,9,9,9,9,9,9,9,9,9
64209,0,1,1989,0,0,0,0,0,0,0,0,0,0
64209,1,1,1989,0,0,0,0,0,15,0,0,0,0
64210,1,1,1989,18,18,18,18,18,18,18,18,18,18
64211,1,1,1989,24,24,24,24,24,24,24,24,24,24
64212,1,1,1989,12,12,12,12,12,12,12,12,12,12
64212,2,1,1989,0,0,0,0,0,0,0,0,0,0
64213,1,1,1989,0,0,0,0,0,0,0,0,0,0
64213,2,1,1989,0,0,0,0,0,0,0,0,0,0
64214,1,1,1989,0,0,0,0,0,0,0,0,0,0
64214,2,1,1989,0,0,0,0,0,0,0,0,0,0
64215,1,1,1989,0,0,0,0,0,0,0,0,0,0
64215,2,1,1989,0,0,0,0,0,0,0,0,0,0
64216,1,1,1989,0,0,0,0,0,0,0,0,0,0
64217,0,1,1989,0,0,0,0,0,0,0,0,0,0
64217,1,1,1989,0,0,0,0,0,0,0,0,0,0
64218,0,1,1989,0,0,0,0,0,0,0,0,0,0
64218,1,1,1989,0,0,0,0,0,0,0,0,0,0
64219,1,1,1989,0,0,0,0,0,0,0,0,0,0
64219,2,1,1989,0,0,0,0,0,0,0,0,0,0
64219,3,1,1989,0,0,0,0,0,0,0,0,0,0
64219,4,1,1989,0,0,0,0,0,0,0,0,0,0
64219,5,1,1989,0,0,0,0,0,0,0,0,15,0
64220,1,1,1989,25,25,25,25,25,25,25,25,25,25
64221,1,1,1989,25,25,25,25,25,25,25,25,25,25
64221,2,1,1989,0,0,0,0,0,0,0,0,0,0
64222,1,1,1989,17,17,17,17,17,17,17,17,17,17
64223,1,1,1989,18,18,18,18,18,18,18,18,18,18
64224,1,1,1989,0,0,0,0,0,0,0,0,0,0
64224,2,1,1989,3,3,3,3,3,3,3,3,3,3
64225,1,1,1989,17,17,17,17,17,17,17,17,17,17
64225,2,1,1989,0,0,0,0,0,0,0,0,0,0
64226,1,1,1989,0,0,0,0,0,0,0,0,0,0
64227,1,1,1989,8,8,8,8,8,8,8,8,8,8
64227,2,1,1989,0,0,0,0,0,22,0,0,0,0
64227,3,1,1989,0,0,0,0,0,0,0,0,0,0
64228,1,1,1989,0,0,0,0,0,0,0,0,0,0
64229,0,1,1989,0,0,0,0,0,0,0,0,0,0
64229,1,1,1989,0,0,0,0,0,0,0,0,0,0
64230,1,1,1989,0,0,0,0,0,0,0,0,0,0
64231,0,1,1989,0,0,0,0,0,0,0,0,0,0
64231,1,1,1989,0,0,0,0,0,0,0,0,0,0
64232,1,1,1989,10,10,10,10,10,10,10,10,10,10
64233,0,1,1989,0,0,0,0,0,0,0,0,0,0
64233,1,1,1989,0,0,0,0,0,0,0,0,0,0
64233,2,1,1989,0,0,0,0,0,0,0,0,0,0
64234,1,1,1989,21,21,21,21,21,21,21,21,21,21
64234,2,1,1989,0,0,0,0,0,0,0,0,0,0
64234,3,1,1989,0,0,0,0,0,0,0,0,0,0
64235,1,1,1989,0,0,0,0,0,0,0,0,0,0
64235,2,1,1989,0,0,0,0,0,0,0,0,0,0
64235,3,1,1989,0,0,0,0,0,0,0,0,0,0
64236,0,1,1989,25,25,25,25,25,25,25,25,25,25
64236,1,1,1989,0,0,0,0,0,20,0,0,0,0
64237,1,1,1989,0,0,0,0,0,0,0,0,0,0
64237,2,1,1989,0,0,0,14,15,0,0,0,0,0
64238,0,1,1989,0,0,0,0,0,0,0,0,0,0
64238,1,1,1989,0,0,0,0,0,0,0,0,0,0
64239,1,1,1989,0,0,0,0,0,0,0,0,0,0
64239,2,1,1989,0,0,0,0,0,0,0,0,0,0
64240,1,1,1989,0,0,0,0,0,0,0,0,0,0
64241,0,1,1989,0,0,0,0,0,0,0,0,0,0
64241,1,1,1989,0,0,0,0,0,0,0,0,0,0
64242,1,1,1989,0,0,0,0,0,0,0,0,0,0
64242,2,1,1989,0,0,0,0,0,0,0,0,0,0
64243,1,1,1989,0,0,0,0,0,0,0,0,0,0
64243,2,1,1989,0,0,0,0,0,0,0,0,0,0
64244,0,1,1989,0,0,0,0,0,0,0,0,0,0
64244,1,1,1989,0,0,0,0,0,0,0,0,0,0
64245,1,1,1989,21,12,0,0,0,0,0,0,0,0
64246,0,1,1989,14,14,14,14,14,14,14,14,14,14
64246,1,1,1989,0,0,0,0,17,0,0,0,15,0
64247,1,1,1989,19,19,19,19,19,19,19,19,19,19
64248,0,1,1989,19,19,19,19,19,19,19,19,19,19
64248,1,1,1989,0,0,0,0,0,0,0,0,0,0
64249,1,1,1989,0,0,0,0,14,0,0,0,0,0
64249,2,1,1989,3,14,20,19,25,11,17,17,14,16
64250,1,1,1989,0,0,0,0,0,0,0,0,0,0
64250,2,1,1989,0,0,0,0,0,13,0,19,0,0
64250,3,1,1989,0,0,0,0,0,0,0,0,0,0
64251,1,1,1989,19,19,19,19,19,19,19,19,19,19
64252,0,1,1989,0,0,0,0,0,0,0,0,0,0
64252,1,1,1989,0,0,0,0,0,0,0,0,0,0
64253,1,1,1989,19,19,19,19,19,19,19,19,19,19
64254,1,1,1989,33,33,33,33,33,33,33,33,33,33
64255,1,1,1989,26,24,0,18,0,0,0,0,14,0
64256,1,1,1989,24,24,24,24,24,24,24,24,24,24
64256,2,1,1989,0,0,0,0,0,0,0,0,0,0
64257,1,1,1989,1,1,1,1,1,1,1,1,1,1
64257,2,1,1989,8,8,8,8,8,8,8,8,8,8
64258,1,1,1989,21,21,21,21,21,21,21,21,21,21
64259,1,1,1989,14,14,14,14,14,14,14,14,14,14
64259,2,1,1989,0,0,0,0,0,0,0,0,0,0
64260,1,1,1989,0,0,0,0,0,0,0,0,0,0
64261,0,1,1989,0,0,0,0,0,0,0,0,0,0
64261,1,1,1989,0,0,0,0,0,0,0,0,0,0
64262,0,1,1989,0,0,0,0,0,0,0,0,0,0
64262,1,1,1989,0,0,0,0,0,0,0,10,0,0
64263,1,1,1989,0,0,0,0,0,0,0,0,0,0
64264,0,1,1989,23,23,23,23,23,23,23,23,23,23
64264,1,1,1989,0,0,0,0,0,0,0,0,0,0
64265,1,1,1989,0,0,0,0,0,0,0,0,0,0
64266,1,1,1989,10,10,10,10,10,10,10,10,10,10
64267,1,1,1989,0,17,0,0,0,18,0,0,0,0
64267,2,1,1989,0,0,0,0,0,0,0,0,0,0
64268,0,1,1989,29,29,29,29,29,29,29,29,29,29
64268,1,1,1989,0,0,0,0,0,10,0,0,0,0
64269,1,1,1989,0,0,0,6,0,0,0,0,0,0
64270,1,1,1989,0,0,0,0,0,0,0,0,0,0
64270,2,1,1989,0,0,0,0,0,0,0,0,0,0
64271,0,1,1989,0,0,0,0,0,0,0,0,0,0
64271,1,1,1989,0,0,0,0,0,0,0,0,0,0
64272,1,1,1989,0,0,0,0,0,0,0,0,0,0
64272,2,1,1989,0,0,0,0,0,0,0,0,0,0
64273,1,1,1989,10,10,10,10,10,10,10,10,10,10
64274,1,1,1989,0,0,0,0,0,0,0,0,0,0
64274,2,1,1989,0,0,0,0,0,0,0,0,0,0
64275,1,1,1989,13,0,0,0,0,0,0,0,0,0
64275,2,1,1989,0,0,0,0,0,0,0,0,0,0
64276,1,1,1989,23,23,23,23,23,23,23,23,23,23
64277,1,1,1989,0,0,0,0,0,0,0,0,0,0
64278,1,1,1989,0,0,0,0,0,0,0,0,0,0
64278,2,1,1989,0,0,0,0,0,0,0,0,0,0
64279,1,1,1989,20,20,20,20,20,20,20,20,20,20
64279,2,1,1989,0,0,0,0,0,0,0,0,0,0
64280,0,1,1989,0,0,0,0,0,0,0,0,0,0
64280,1,1,1989,0,17,0,0,0,0,0,0,0,0
64281,1,1,1989,28,28,28,28,28,28,28,28,28,28
64281,2,1,1989,0,0,0,0,0,0,0,0,0,0
64282,0,1,1989,0,0,0,0,0,0,0,0,0,0
64282,1,1,1989,0,0,0,18,0,0,0,0,0,0
64283,0,1,1989,0,0,0,0,0,0,0,0,0,0
64283,1,1,1989,0,0,0,0,0,0,0,0,0,0
64284,0,1,1989,0,0,0,0,0,0,0,0,0,0
64284,1,1,1989,0,0,0,0,0,0,0,0,0,0
64285,1,1,1989,22,22,22,22,22,22,22,22,22,22
64285,2,1,1989,0,0,0,0,0,0,10,15,0,20
64286,0,1,1989,5,5,5,5,5,5,5,5,5,5
64286,1,1,1989,0,0,0,0,0,0,0,0,0,0
64287,1,1,1989,0,0,0,0,0,0,0,0,0,0
64287,2,1,1989,0,0,0,0,0,0,0,0,0,0
64288,1,1,1989,0,0,0,0,0,0,0,0,0,0
64288,2,1,1989,13,0,0,0,0,0,0,0,0,0
64289,1,1,1989,0,0,0,0,0,0,0,0,0,0
64290,1,1,1989,20,20,20,20,20,20,20,20,20,20
64291,1,1,1989,23,23,23,23,23,23,23,23,23,23
64292,1,1,1989,0,0,0,0,0,0,0,0,0,0
64293,1,1,1989,0,0,0,0,0,0,11,0,0,0
64293,2,1,1989,0,0,0,0,0,0,0,0,0,0
64293,3,1,1989,0,0,0,0,0,0,0,0,0,0
64294,1,1,1989,0,0,0,0,0,0,0,0,0,0
64294,2,1,1989,0,0,0,0,0,0,0,0,0,0
64295,0,1,1989,22,22,22,22,22,22,22,22,22,22
64295,1,1,1989,0,0,0,0,0,0,0,0,0,0
64296,0,1,1989,10,10,10,10,10,10,10,10,10,10
64296,1,1,1989,0,12,0,2,17,0,0,0,0,0
64297,0,1,1989,22,22,22,22,22,22,22,22,22,22
64297,1,1,1989,0,0,0,0,0,0,0,0,0,0
64298,1,1,1989,29,29,29,29,29,29,29,29,29,29
64299,1,1,1989,0,0,0,0,0,0,0,0,0,0
64299,2,1,1989,0,0,0,0,0,0,0,0,0,0
64299,3,1,1989,0,0,0,0,0,0,0,0,0,0
64300,0,1,1989,0,0,0,0,0,0,0,0,0,0
64300,1,1,1989,0,0,0,0,0,0,0,0,0,10
64301,1,1,1989,0,0,16,9,20,0,0,29,0,0
64302,0,1,1989,0,0,0,0,0,0,0,0,0,0
64302,1,1,1989,35,0,12,0,0,0,0,0,0,0
64303,0,1,1989,0,0,0,0,0,0,0,16,19,0
64303,1,1,1989,0,0,0,0,0,0,0,0,0,0
64304,1,1,1989,28,28,28,28,28,28,28,28,28,28
64305,1,1,1989,0,0,0,0,0,0,0,0,0,0
64306,1,1,1989,0,0,0,0,0,0,14,5,0,10
64307,0,1,1989,0,0,0,0,0,0,0,0,0,0
64307,1,1,1989,0,0,22,0,0,7,0,6,26,0
64308,1,1,1989,0,0,0,0,0,0,0,0,0,0
64309,1,1,1989,36,36,36,36,36,36,36,36,36,36
64310,1,1,1989,0,0,0,9,0,0,0,0,0,0
64310,2,1,1989,0,0,0,0,0,0,0,0,0,0
64311,1,1,1989,23,23,23,23,23,23,23,23,23,23
64312,1,1,1989,0,0,0,0,0,0,0,0,0,0
64313,1,1,1989,0,0,0,0,0,0,8,0,0,0
64313,2,1,1989,0,0,0,0,0,0,0,0,0,0
64314,1,1,1989,11,11,11,11,11,11,11,11,11,11
64315,1,1,1989,0,0,0,0,0,0,0,0,0,0
64316,0,1,1989,13,18,21,29,38,21,32,16,17,51
64316,1,1,1989,0,0,0,0,0,9,0,11,16,0
64317,0,1,1989,28,10,9,10,31,28,0,19,25,34
64317,1,1,1989,23,17,0,0,5,0,0,12,3,0
64318,1,1,1989,0,0,0,0,0,0,0,0,0,0
64319,1,1,1989,0,0,0,0,0,0,0,0,0,0
64320,1,1,1989,27,0,0,0,0,0,0,0,0,0
64320,2,1,1989,0,0,0,0,0,0,0,0,0,0
64321,1,1,1989,34,34,34,34,34,34,34,34,34,34
64321,2,1,1989,0,0,0,0,0,0,0,0,0,0
64322,1,1,1989,14,14,14,14,14,14,14,14,14,14
64323,1,1,1989,0,0,0,0,0,0,0,0,0,0
64323,2,1,1989,0,0,16,0,0,0,0,0,0,0
64324,1,1,1989,17,17,17,17,17,17,17,17,17,17
64325,1,1,1989,1,1,1,1,1,1,1,1,1,1
64326,1,1,1989,0,0,0,0,0,0,6,0,0,0
64327,1,1,1989,0,0,0,0,0,0,0,0,0,0
64328,1,1,1989,0,0,0,0,0,0,0,0,0,0
64328,2,1,1989,0,0,0,0,0,0,0,0,0,0
64329,0,1,1989,0,0,0,0,0,0,0,0,0,0
64329,1,1,1989,18,0,0,0,0,0,0,0,0,0
64330,1,1,1989,0,0,0,0,0,0,0,0,0,0
64330,2,1,1989,0,0,0,0,0,0,0,0,11,0
64331,1,1,1989,0,0,0,0,0,0,0,0,0,0
64332,1,1,1989,23,23,23,23,23,23,23,23,23,23
64333,1,1,1989,16,16,16,16,16,16,16,16,16,16
64334,1,1,1989,17,17,17,17,17,17,17,17,17,17
64335,0,1,1989,16,16,16,16,16,16,16,16,16,16
64335,1,1,1989,0,0,0,0,0,0,13,0,0,0
64336,1,1,1989,0,0,0,0,0,0,0,0,0,0
64336,2,1,1989,0,0,0,0,0,0,0,0,0,0
64337,0,1,1989,18,18,18,18,18,18,18,18,18,18
64337,1,1,1989,0,0,0,0,0,0,0,0,0,0
64338,1,1,1989,0,0,0,0,0,0,0,0,0,0
64338,2,1,1989,0,0,0,0,0,0,0,0,0,0
64338,3,1,1989,0,0,0,0,0,0,0,0,0,0
64339,1,1,1989,0,0,0,0,0,0,0,0,0,0
64339,2,1,1989,0,0,0,0,0,0,0,0,0,0
64340,0,1,1989,0,0,0,0,0,0,0,0,0,0
64340,1,1,1989,0,0,0,0,0,0,0,0,0,0
64341,0,1,1989,0,0,0,0,0,0,0,0,0,0
64341,1,1,1989,0,0,0,0,0,0,0,0,0,0
64342,0,1,1989,11,11,11,11,11,11,11,11,11,11
64343,0,1,1989,43,43,43,43,43,43,43,43,43,43
64343,1,1,1989,0,0,0,0,0,0,0,0,0,0
64344,1,1,1989,0,0,0,0,0,0,0,0,0,0
64345,1,1,1989,20,20,20,20,20,20,20,20,20,20
64346,1,1,1989,23,23,23,23,23,23,23,23,23,23
64347,1,1,1989,9,9,9,9,9,9,9,9,9,9
64347,2,1,1989,0,0,0,0,0,0,6,6,0,0
64348,0,1,1989,0,0,0,0,0,0,0,0,0,0
64348,1,1,1989,0,0,0,0,0,0,0,0,0,0
64348,2,1,1989,0,0,0,17,8,0,0,0,0,0
64349,1,1,1989,0,0,0,0,0,0,0,0,0,0
64350,1,1,1989,19,19,19,19,19,19,19,19,19,19
64351,1,1,1989,10,10,10,10,10,10,10,10,10,10
64352,1,1,1989,0,0,0,0,0,0,0,0,0,0
64353,1,1,1989,0,0,0,0,0,0,0,0,0,0
64354,1,1,1989,20,20,20,20,20,20,20,20,20,20
64355,1,1,1989,23,23,23,23,23,23,23,23,23,23
64356,1,1,1989,0,0,0,0,0,0,0,0,0,0
64356,2,1,1989,0,0,0,0,0,0,0,0,0,0