ST_CASE,VEH_NO,PER_NO,YEAR,P1,P2,P3,P4,P5,P6,P7,P8,P9,P10
64357,1,1,1989,0,0,0,0,0,0,0,0,0,0
64357,2,1,1989,0,0,0,0,10,0,0,0,6,0
64358,0,1,1989,0,0,0,0,0,0,0,0,0,0
64358,1,1,1989,0,0,0,0,0,0,0,0,0,0
64359,0,1,1989,0,15,0,10,0,5,0,16,12,0
64359,0,2,1989,0,0,0,0,0,0,0,0,0,0
64359,1,1,1989,0,0,0,0,0,0,0,0,0,0
64360,1,1,1989,0,0,0,0,0,0,0,0,0,0
64360,2,1,1989,0,0,0,0,0,0,0,0,0,0
64361,1,1,1989,0,0,0,0,0,0,0,0,0,0
64362,0,1,1989,14,17,12,10,0,11,15,10,22,40
64362,1,1,1989,16,3,9,18,16,12,17,31,22,20
64363,1,1,1989,0,0,0,0,0,0,0,0,0,0
64364,1,1,1989,9,0,24,0,0,0,0,24,0,0
64365,0,1,1989,0,0,0,0,0,0,0,0,0,0
64365,1,1,1989,8,10,0,0,10,26,11,0,0,22
64366,1,1,1989,0,0,0,0,0,0,0,0,0,0
64366,2,1,1989,0,0,0,0,0,0,0,0,0,0
64366,3,1,1989,0,0,0,0,0,0,0,0,0,0
64366,4,1,1989,9,0,0,0,3,0,0,0,0,0
64366,5,1,1989,0,0,0,0,0,0,0,0,0,0
64367,1,1,1989,22,37,16,9,17,19,24,18,32,18
64368,1,1,1989,33,33,33,33,33,33,33,33,33,33
64369,1,1,1989,22,22,22,22,22,22,22,22,22,22
64370,0,1,1989,25,25,25,25,25,25,25,25,25,25
64370,1,1,1989,0,0,0,0,0,0,8,0,0,0
64371,0,1,1989,0,0,0,0,0,0,0,0,0,0
64371,1,1,1989,0,0,0,0,0,0,0,0,0,25
64372,0,1,1989,0,0,0,0,0,0,0,0,0,0
64372,1,1,1989,0,0,0,0,0,0,0,0,0,0
64373,1,1,1989,0,0,0,0,0,0,0,0,0,0
64374,0,1,1989,0,0,14,0,0,20,0,26,9,0
64374,1,1,1989,0,0,0,0,0,0,0,0,0,0
64375,0,1,1989,0,0,26,0,0,0,0,0,0,0
64375,1,1,1989,0,0,0,0,0,0,0,0,0,0
64376,1,1,1989,20,20,20,20,20,20,20,20,20,20
64377,1,1,1989,0,0,0,0,0,0,0,0,0,0
64377,2,1,1989,0,11,21,0,0,0,0,16,0,15
64378,1,1,1989,20,20,20,20,20,20,20,20,20,20
64379,0,1,1989,0,0,0,0,0,0,0,0,0,0
64379,1,1,1989,0,0,0,0,0,0,0,0,0,0
64380,1,1,1989,0,0,0,0,0,0,0,0,0,0
64381,1,1,1989,0,0,0,0,0,0,0,0,0,0
64382,1,1,1989,0,0,0,0,0,0,0,0,0,0
64382,2,1,1989,0,0,0,0,0,0,0,0,0,0
64383,1,1,1989,0,0,0,0,0,0,0,0,0,0
64384,1,1,1989,4,4,4,4,4,4,4,4,4,4
64385,1,1,1989,24,24,24,24,24,24,24,24,24,24
64386,1,1,1989,27,27,27,27,27,27,27,27,27,27
64386,2,1,1989,0,0,0,0,0,0,0,0,0,0
64387,1,1,1989,19,19,19,19,19,19,19,19,19,19
64387,2,1,1989,0,0,0,0,0,0,0,0,0,0
64388,1,1,1989,13,13,13,13,13,13,13,13,13,13
64388,2,1,1989,0,0,0,0,0,0,20,0,0,0
64389,1,1,1989,0,0,0,0,0,0,0,0,0,0
64389,2,1,1989,23,23,23,23,23,23,23,23,23,23
64390,1,1,1989,18,18,18,18,18,18,18,18,18,18
64391,1,1,1989,13,13,13,13,13,13,13,13,13,13
64392,1,1,1989,0,0,0,0,0,0,0,0,0,0
64392,2,1,1989,0,0,0,0,0,0,0,0,0,0
64393,1,1,1989,0,0,0,0,0,0,0,0,0,0
64393,2,1,1989,0,0,0,0,0,0,0,0,0,0
64394,1,1,1989,0,0,0,0,0,0,0,0,0,0
64395,0,1,1989,31,42,0,11,0,0,0,0,18,19
64395,0,2,1989,0,21,18,22,0,21,26,14,15,0
64395,1,1,1989,4,4,4,4,4,4,4,4,4,4
64396,0,1,1989,0,0,0,0,0,0,0,0,0,0
64396,1,1,1989,16,18,0,0,21,16,0,0,0,3
64397,1,1,1989,17,17,17,17,17,17,17,17,17,17
64397,2,1,1989,0,0,0,0,0,0,0,0,0,0
64398,0,1,1989,22,22,22,22,22,22,22,22,22,22
64398,1,1,1989,14,14,14,14,14,14,14,14,14,14
64399,0,1,1989,0,0,0,0,0,0,0,0,0,0
64399,1,1,1989,0,20,10,8,7,8,22,20,15,6
64400,0,1,1989,0,0,0,0,0,0,0,0,0,0
64400,1,1,1989,0,0,0,0,0,0,0,0,0,0
64401,0,1,1989,0,0,0,0,0,0,0,0,0,0
64401,1,1,1989,0,0,0,0,0,0,0,0,0,0
64402,0,1,1989,0,0,0,0,0,0,0,0,0,0
64402,0,2,1989,23,0,26,37,14,32,13,6,22,30
64402,1,1,1989,0,0,0,0,0,0,0,0,0,0
64403,1,1,1989,0,0,0,0,0,0,0,0,0,0
64403,2,1,1989,0,0,0,0,0,0,0,0,0,0
64404,0,1,1989,0,0,0,0,0,0,0,0,0,0
64404,1,1,1989,0,0,15,0,0,12,0,0,0,0
64405,1,1,1989,8,8,8,8,8,8,8,8,8,8
64405,2,1,1989,0,0,0,0,0,0,0,0,0,0
64406,1,1,1989,15,15,15,15,15,15,15,15,15,15
64407,0,1,1989,0,0,0,0,0,0,0,0,0,0
64407,1,1,1989,0,0,0,0,0,0,0,0,0,0
64408,1,1,1989,0,0,0,0,0,0,0,0,0,0
64408,2,1,1989,0,0,0,0,0,0,0,0,0,0
64408,3,1,1989,0,0,0,0,0,0,0,0,0,0
64409,0,1,1989,0,0,0,0,0,0,0,0,0,0
64409,1,1,1989,0,0,0,0,0,0,0,0,0,0
64410,0,1,1989,0,0,0,0,0,0,0,0,0,0
64410,1,1,1989,0,10,0,0,0,0,0,0,0,0
64411,0,1,1989,0,0,0,0,0,0,0,0,0,0
64411,1,1,1989,0,0,0,0,0,0,0,0,0,0
64412,1,1,1989,1,1,1,1,1,1,1,1,1,1
64413,1,1,1989,0,0,0,0,0,0,0,0,0,0
64413,2,1,1989,0,0,0,0,0,0,0,0,0,0
64413,3,1,1989,0,0,0,0,0,0,0,0,0,0
64414,1,1,1989,11,11,11,11,11,11,11,11,11,11
64414,2,1,1989,0,0,0,28,0,26,0,0,0,18
64415,1,1,1989,0,0,0,0,0,0,0,0,0,0
64415,2,1,1989,0,0,0,0,0,0,0,0,0,0
64415,3,1,1989,0,0,0,0,0,0,0,0,0,0
64416,1,1,1989,1,1,1,1,1,1,1,1,1,1
64416,2,1,1989,0,0,0,0,0,0,0,0,0,0
64417,1,1,1989,10,10,10,10,10,10,10,10,10,10
64418,1,1,1989,8,8,8,8,8,8,8,8,8,8
64418,2,1,1989,0,0,0,0,0,0,13,3,0,0
64419,0,1,1989,27,27,27,27,27,27,27,27,27,27
64419,1,1,1989,0,0,0,0,0,0,0,0,0,0
64419,2,1,1989,14,0,0,0,0,0,0,20,0,0
64420,1,1,1989,0,0,0,0,0,0,0,0,0,0
64420,2,1,1989,0,0,0,0,0,0,0,0,0,0
64420,3,1,1989,0,0,0,0,0,0,0,0,0,0
64421,0,1,1989,0,0,0,0,0,0,0,0,0,0
64421,1,1,1989,6,19,0,31,6,26,4,12,12,0
64422,1,1,1989,16,16,16,16,16,16,16,16,16,16
64423,1,1,1989,13,13,13,13,13,13,13,13,13,13
64424,1,1,1989,0,0,0,0,0,0,0,0,0,0
64425,1,1,1989,0,0,0,0,0,0,0,0,0,0
64425,2,1,1989,0,0,0,0,0,0,0,0,0,0
64426,1,1,1989,22,22,22,22,22,22,22,22,22,22
64426,2,1,1989,0,0,0,0,0,0,0,0,0,0
64427,1,1,1989,0,0,18,0,0,7,0,0,0,0
64428,1,1,1989,0,0,0,0,0,0,0,0,0,0
64428,2,1,1989,0,0,0,0,0,0,0,0,0,0
64429,1,1,1989,0,0,0,0,0,0,0,0,0,0
64430,1,1,1989,0,0,0,0,0,0,0,0,0,0
64430,2,1,1989,0,0,0,0,0,0,0,12,0,0
64431,1,1,1989,14,14,14,14,14,14,14,14,14,14
64432,1,1,1989,0,0,0,0,0,0,0,0,0,0
64432,2,1,1989,0,0,0,0,0,0,0,0,0,0
64433,1,1,1989,17,17,17,17,17,17,17,17,17,17
64434,1,1,1989,0,0,0,0,0,0,0,0,0,0
64434,2,1,1989,0,0,0,0,0,0,0,0,0,0
64434,3,1,1989,0,0,0,0,0,0,0,0,0,0
64435,0,1,1989,0,0,0,0,0,0,0,0,0,0
64435,1,1,1989,0,0,0,0,0,0,0,0,0,0
64436,1,1,1989,0,0,0,0,0,0,0,0,0,0
64436,2,1,1989,7,0,0,0,0,0,0,0,0,0
64436,3,1,1989,0,0,0,0,13,0,0,18,0,0
64436,4,1,1989,0,0,0,0,0,4,0,0,10,0
64436,5,1,1989,0,0,0,0,0,0,0,0,0,0
64437,0,1,1989,8,8,8,8,8,8,8,8,8,8
64437,1,1,1989,0,0,0,0,0,13,0,15,0,10
64438,1,1,1989,0,0,0,0,0,0,0,0,0,0
64439,1,1,1989,0,0,0,0,0,0,0,0,0,24
64439,2,1,1989,15,15,15,15,15,15,15,15,15,15
64440,1,1,1989,0,0,0,0,0,0,0,0,0,0
64440,2,1,1989,0,0,0,0,0,0,0,11,0,0
64441,0,1,1989,0,0,0,0,0,0,0,0,0,0
64441,1,1,1989,0,0,0,0,0,0,0,0,17,0
64442,1,1,1989,0,0,0,0,0,0,0,0,0,5
64442,2,1,1989,0,0,0,0,0,0,0,0,0,0
64443,0,1,1989,23,0,27,15,15,32,11,17,21,5
64443,1,1,1989,0,24,0,0,0,0,0,10,30,0
64443,2,1,1989,20,0,0,0,8,0,0,0,0,0
64444,1,1,1989,0,0,0,0,0,0,0,0,0,0
64444,2,1,1989,0,0,0,0,0,0,0,0,0,0
64444,3,1,1989,0,0,0,0,0,0,24,0,0,0
64444,4,1,1989,0,0,0,0,0,0,0,0,0,0
64445,0,1,1989,0,0,0,0,0,0,0,0,0,0
64445,1,1,1989,2,2,2,2,2,2,2,2,2,2
64446,1,1,1989,13,13,13,13,13,13,13,13,13,13
64446,2,1,1989,0,0,0,0,0,0,9,0,0,0
64447,1,1,1989,0,0,0,0,0,0,0,0,0,0
64447,2,1,1989,0,0,0,0,0,0,0,0,0,0
64447,3,1,1989,0,0,0,0,0,0,0,0,32,0
64448,1,1,1989,21,21,21,21,21,21,21,21,21,21
64449,1,1,1989,0,0,0,0,0,0,0,0,0,0
64449,2,1,1989,0,0,0,0,0,0,0,0,0,0
64450,1,1,1989,0,0,0,0,0,0,0,0,0,0
64450,2,1,1989,0,0,0,0,0,0,0,0,0,0
64451,1,1,1989,0,0,0,0,0,0,0,0,0,0
64451,2,1,1989,0,0,0,0,0,0,0,0,0,0
64452,0,1,1989,0,0,0,0,0,0,0,0,0,0
64452,1,1,1989,0,0,0,0,0,0,0,0,0,0
64453,1,1,1989,0,0,0,0,0,0,0,0,0,0
64453,2,1,1989,0,0,0,0,0,0,0,0,0,0
64454,1,1,1989,0,0,0,0,0,0,0,0,0,0
64455,1,1,1989,0,0,0,0,0,0,0,0,0,0
64456,0,1,1989,0,0,0,37,0,16,0,0,22,21
64456,1,1,1989,0,0,0,0,0,17,0,0,0,0
64457,0,1,1989,0,0,0,0,0,0,0,0,0,0
64457,1,1,1989,0,0,0,0,0,0,0,0,0,0
64458,1,1,1989,18,18,18,18,18,18,18,18,18,18
64459,1,1,1989,2,2,2,2,2,2,2,2,2,2
64460,1,1,1989,0,0,0,0,0,0,0,0,0,0
64460,2,1,1989,0,0,11,0,0,28,0,0,11,0
64461,1,1,1989,0,0,0,0,0,0,0,0,0,0
64462,1,1,1989,0,0,0,0,0,0,0,0,0,0
64462,2,1,1989,0,0,0,0,0,0,0,0,0,0
64463,1,1,1989,0,0,23,0,19,21,0,0,9,0
64464,1,1,1989,27,27,27,27,27,27,27,27,27,27
64465,1,1,1989,0,0,0,0,0,0,0,0,0,0
64465,2,1,1989,0,0,0,0,0,0,0,0,0,0
64466,0,1,1989,15,0,26,16,16,15,17,21,12,14
64466,1,1,1989,0,0,0,0,0,0,20,0,0,5
64467,0,1,1989,0,0,0,0,0,0,0,0,0,0
64467,0,2,1989,0,0,0,0,0,17,15,0,0,0
64467,1,1,1989,0,0,0,0,0,0,0,0,0,0
64468,1,1,1989,0,0,0,0,0,0,0,0,0,0
64469,0,1,1989,0,0,0,0,0,0,0,0,0,0
64469,1,1,1989,0,0,0,0,0,0,0,7,0,0
64470,0,1,1989,0,0,0,0,0,0,0,0,0,0
64470,1,1,1989,0,0,0,0,0,0,8,0,0,0
64471,0,1,1989,0,0,0,0,0,0,0,0,0,0
64471,0,2,1989,0,0,0,0,0,0,0,0,0,0
64471,1,1,1989,0,0,0,0,0,0,0,0,0,0
64472,1,1,1989,0,0,0,6,0,0,0,0,0,0
64472,2,1,1989,0,0,0,0,0,0,0,0,0,0
64473,1,1,1989,0,0,0,0,0,0,0,0,0,0
64473,2,1,1989,0,0,0,0,0,0,0,0,0,0
64474,1,1,1989,0,0,0,0,0,0,0,0,0,0
64474,2,1,1989,0,0,0,0,0,0,0,0,0,0
64475,1,1,1989,0,0,0,0,0,0,0,0,0,0
64476,1,1,1989,0,0,0,21,0,0,0,0,0,0
64476,2,1,1989,0,0,0,0,0,0,0,0,0,0
64477,1,1,1989,0,0,0,0,0,0,0,0,0,0
64477,2,1,1989,14,14,14,14,14,14,14,14,14,14
64478,0,1,1989,25,25,25,25,25,25,25,25,25,25
64478,1,1,1989,0,0,12,6,0,0,0,0,0,0
64479,1,1,1989,0,0,0,0,0,0,0,0,0,0
64480,1,1,1989,0,0,0,0,0,0,0,0,0,0
64481,1,1,1989,17,0,0,0,0,6,0,22,10,17
64482,1,1,1989,0,0,0,0,0,0,0,0,0,0
64482,2,1,1989,0,0,0,0,0,0,0,0,0,0
64483,1,1,1989,0,0,0,0,0,0,0,0,0,0
64483,2,1,1989,0,0,0,0,0,0,0,0,0,0
64483,3,1,1989,0,0,0,0,0,0,5,21,0,0
64484,1,1,1989,0,0,0,0,0,0,0,0,0,0
64485,1,1,1989,0,0,0,0,0,0,0,0,0,0
64486,1,1,1989,0,0,0,0,0,0,0,0,0,0
64486,2,1,1989,0,0,0,0,0,0,0,0,0,0
64487,0,1,1989,0,0,0,0,0,0,0,0,0,0
64487,1,1,1989,0,0,0,0,0,0,0,0,0,0
64488,0,1,1989,8,8,8,8,8,8,8,8,8,8
64488,1,1,1989,0,0,0,0,0,0,0,0,0,0
64489,1,1,1989,0,0,0,0,0,0,0,0,0,0
64489,2,1,1989,0,0,0,0,23,0,0,0,0,0
64490,1,1,1989,19,19,19,19,19,19,19,19,19,19
64490,2,1,1989,0,0,0,0,0,0,0,0,0,0
64490,3,1,1989,0,0,0,0,0,0,0,0,0,0
64490,4,1,1989,0,0,0,0,0,0,0,0,0,0
64491,1,1,1989,0,20,0,0,0,0,0,0,0,0
64491,2,1,1989,0,0,0,0,0,0,0,0,0,0
64492,1,1,1989,10,10,10,10,10,10,10,10,10,10
64492,2,1,1989,0,0,0,0,0,0,0,0,0,0
64493,1,1,1989,16,16,16,16,16,16,16,16,16,16
64493,2,1,1989,6,0,0,23,0,0,0,0,0,0
64494,1,1,1989,0,0,0,0,0,0,0,0,0,0
64495,1,1,1989,3,3,3,3,3,3,3,3,3,3
64496,1,1,1989,0,29,0,0,0,0,0,15,3,0
64496,2,1,1989,19,19,19,19,19,19,19,19,19,19
64497,1,1,1989,13,5,17,16,15,21,13,3,7,18
64498,0,1,1989,0,0,0,0,0,0,0,0,0,0
64498,1,1,1989,0,0,0,0,0,0,0,26,0,0
64499,1,1,1989,30,30,30,30,30,30,30,30,30,30
64499,2,1,1989,0,0,0,0,0,0,0,0,0,0
64500,0,1,1989,0,0,0,0,0,0,0,0,0,0
64500,1,1,1989,0,0,0,0,0,0,0,0,0,0
64501,1,1,1989,0,0,0,0,0,0,0,0,0,0
64502,0,1,1989,0,0,0,0,0,0,0,0,0,0
64502,0,2,1989,0,0,0,0,0,0,0,0,0,0
64502,1,1,1989,27,0,0,0,0,31,0,0,0,0
64503,0,1,1989,0,0,0,0,0,0,0,0,0,0
64503,1,1,1989,0,0,0,0,0,0,0,0,0,0
64504,1,1,1989,4,4,4,4,4,4,4,4,4,4
64504,2,1,1989,2,2,2,2,2,2,2,2,2,2
64505,1,1,1989,0,0,0,0,0,0,0,0,0,0
64505,2,1,1989,16,9,21,8,12,20,0,3,13,8
64506,1,1,1989,7,22,7,21,14,9,26,16,21,4
64506,2,1,1989,0,0,0,0,0,0,0,0,0,0
64507,1,1,1989,14,14,14,14,14,14,14,14,14,14
64507,2,1,1989,0,0,0,0,0,0,0,0,0,0
64507,3,1,1989,11,0,0,0,0,0,0,0,0,0
64508,1,1,1989,18,18,18,18,18,18,18,18,18,18
64509,1,1,1989,10,10,10,10,10,10,10,10,10,10
64510,0,1,1989,28,28,28,28,28,28,28,28,28,28
64510,1,1,1989,0,0,0,0,0,0,0,0,0,0
64511,1,1,1989,2,2,2,2,2,2,2,2,2,2
64512,1,1,1989,0,0,0,0,0,0,0,0,0,0
64513,1,1,1989,0,0,0,0,0,0,0,0,0,0
64513,2,1,1989,0,0,0,0,0,0,0,0,0,0
64514,1,1,1989,25,25,25,25,25,25,25,25,25,25
64514,2,1,1989,0,0,0,0,0,0,0,0,0,0
64515,0,1,1989,0,0,0,0,0,0,0,0,0,0
64515,1,1,1989,0,0,0,0,0,0,0,0,0,0
64515,2,1,1989,0,0,0,0,0,0,0,0,0,0
64516,1,1,1989,27,27,27,27,27,27,27,27,27,27
64517,1,1,1989,0,0,0,0,0,0,0,0,0,14
64518,1,1,1989,0,0,0,0,0,0,0,0,0,0
64519,1,1,1989,0,0,0,0,0,0,0,0,0,0
64520,1,1,1989,22,22,22,22,22,22,22,22,22,22
64520,2,1,1989,0,0,0,0,0,0,0,0,0,0
64521,0,1,1989,0,0,0,0,0,0,0,0,0,0
64521,1,1,1989,0,0,0,0,0,0,0,0,0,0
64522,1,1,1989,14,14,14,14,14,14,14,14,14,14
64522,2,1,1989,0,0,0,0,0,0,0,0,0,0
64522,3,1,1989,0,0,0,0,0,0,6,0,0,0
64523,0,1,1989,0,0,0,0,0,0,0,0,0,0
64523,1,1,1989,0,0,0,0,0,0,0,0,0,0
64524,1,1,1989,0,0,0,0,0,0,0,0,0,0
64524,2,1,1989,0,0,15,0,0,0,17,0,0,0
64524,3,1,1989,0,0,0,0,0,0,0,10,0,16
64525,1,1,1989,14,14,14,14,14,14,14,14,14,14
64526,1,1,1989,24,24,24,24,24,24,24,24,24,24
64527,1,1,1989,0,0,0,0,22,0,0,0,0,0
64528,0,1,1989,31,31,31,31,31,31,31,31,31,31
64528,1,1,1989,0,0,0,0,0,0,0,0,0,0
64529,1,1,1989,0,0,0,0,0,0,0,0,0,0
64530,1,1,1989,0,0,0,0,0,0,0,0,0,0
64530,2,1,1989,0,0,0,0,0,14,16,0,0,0
64531,0,1,1989,43,43,43,43,43,43,43,43,43,43
64531,1,1,1989,0,0,0,0,0,0,0,0,0,0
64532,1,1,1989,23,23,23,23,23,23,23,23,23,23
64533,1,1,1989,0,0,0,0,0,0,0,0,0,0
64533,2,1,1989,15,15,15,15,15,15,15,15,15,15
64534,0,1,1989,21,21,21,21,21,21,21,21,21,21
64534,1,1,1989,0,0,0,5,0,0,0,0,0,0
64535,1,1,1989,24,24,24,24,24,24,24,24,24,24
64535,2,1,1989,0,0,0,0,0,0,0,0,0,0
64535,3,1,1989,0,0,0,0,0,0,0,0,0,0
64536,0,1,1989,0,0,0,0,0,0,0,0,0,0
64536,1,1,1989,0,0,0,0,0,0,0,0,0,0
64537,1,1,1989,0,0,0,0,0,0,0,0,0,0
64538,1,1,1989,30,30,30,30,30,30,30,30,30,30
64539,1,1,1989,20,20,20,20,20,20,20,20,20,20
64540,1,1,1989,0,0,0,0,0,0,0,0,0,0
64540,2,1,1989,0,0,10,0,0,0,0,0,0,0
64541,1,1,1989,12,12,12,12,12,12,12,12,12,12
64542,1,1,1989,21,21,21,21,21,21,21,21,21,21
64543,1,1,1989,10,10,10,10,10,10,10,10,10,10
64544,1,1,1989,24,24,24,24,24,24,24,24,24,24
64545,1,1,1989,16,9,0,16,0,18,32,21,19,25
64546,1,1,1989,0,0,0,0,0,0,0,0,0,0
64546,2,1,1989,0,0,0,0,0,0,0,0,0,0
64546,3,1,1989,0,0,0,0,0,0,0,0,0,0
64546,4,1,1989,0,0,0,0,0,7,0,0,0,0
64547,1,1,1989,20,20,20,20,20,20,20,20,20,20
64547,2,1,1989,0,0,0,0,0,0,0,0,0,0
64548,1,1,1989,0,0,0,0,0,0,0,0,0,0
64548,2,1,1989,0,0,0,0,0,0,0,0,0,0
64549,1,1,1989,0,21,0,33,0,24,0,21,10,19
64550,1,1,1989,14,20,18,16,16,15,19,22,14,23
64550,2,1,1989,0,0,0,0,0,0,30,0,0,0
64550,3,1,1989,0,0,0,0,0,0,0,0,0,0
64551,1,1,1989,13,13,13,13,13,13,13,13,13,13
64551,2,1,1989,0,0,0,0,0,0,0,0,0,0
64552,1,1,1989,16,16,16,16,16,16,16,16,16,16
64553,0,1,1989,12,12,12,12,12,12,12,12,12,12
64553,1,1,1989,0,0,0,0,0,0,0,0,0,0
64553,2,1,1989,0,0,0,0,0,0,0,12,0,0
64553,3,1,1989,0,0,0,0,0,0,0,0,22,0
64554,1,1,1989,17,17,17,17,17,17,17,17,17,17
64555,1,1,1989,0,0,0,0,0,0,0,0,0,0
64555,2,1,1989,0,0,0,0,0,0,0,0,0,0
64556,0,1,1989,19,19,19,19,19,19,19,19,19,19
64556,1,1,1989,0,0,0,0,0,0,0,0,0,15
64557,1,1,1989,0,0,0,0,0,0,0,0,0,0
64557,2,1,1989,0,0,0,0,0,0,0,0,0,0
64558,1,1,1989,0,0,0,0,0,0,0,0,0,0
64558,2,1,1989,0,0,0,0,0,0,0,0,0,0
64559,1,1,1989,22,22,22,22,22,22,22,22,22,22
64560,0,1,1989,0,0,0,0,0,0,0,0,0,0
64560,1,1,1989,0,0,0,0,0,0,0,0,0,0
64561,1,1,1989,0,0,0,0,0,0,0,0,0,0
64562,1,1,1989,0,0,0,0,0,0,0,0,0,0
64562,2,1,1989,0,0,0,0,0,0,0,0,0,16
64563,0,1,1989,0,0,8,0,2,0,17,0,0,21
64563,1,1,1989,6,6,6,6,6,6,6,6,6,6
64564,0,1,1989,21,0,0,0,0,13,0,30,0,0
64564,1,1,1989,0,0,0,0,0,0,0,0,0,0
64565,0,1,1989,0,0,0,0,0,0,0,0,0,0
64565,1,1,1989,0,0,0,0,0,0,0,0,0,0
64566,1,1,1989,9,9,9,9,9,9,9,9,9,9
64567,1,1,1989,13,13,13,13,13,13,13,13,13,13
64567,2,1,1989,0,0,0,0,0,0,0,0,0,0
64568,1,1,1989,16,16,16,16,16,16,16,16,16,16
64569,1,1,1989,0,0,0,0,0,0,0,0,0,0
64570,1,1,1989,17,17,17,17,17,17,17,17,17,17
64571,1,1,1989,0,0,0,0,0,0,0,0,0,0
64571,2,1,1989,9,9,9,9,9,9,9,9,9,9
64571,3,1,1989,0,0,0,0,0,0,0,0,0,0
64572,1,1,1989,10,10,10,10,10,10,10,10,10,10
64573,1,1,1989,0,0,0,0,0,0,0,0,0,0
64573,2,1,1989,0,0,0,0,0,0,0,0,0,0
64574,1,1,1989,8,22,0,23,0,19,25,24,19,12
64574,2,1,1989,19,4,34,17,18,13,9,15,9,10
64575,1,1,1989,20,20,20,20,20,20,20,20,20,20
64576,1,1,1989,0,0,0,0,0,0,0,0,0,0
64577,1,1,1989,6,6,6,6,6,6,6,6,6,6
64578,1,1,1989,0,0,0,0,0,0,0,0,0,0
64578,2,1,1989,0,0,0,0,0,0,0,0,0,0
64579,1,1,1989,0,0,0,0,0,0,0,0,0,0
64579,2,1,1989,0,0,0,0,0,0,0,0,0,11
64580,1,1,1989,22,22,22,22,22,22,22,22,22,22
64581,1,1,1989,0,0,0,0,0,0,0,0,0,0
64581,2,1,1989,0,0,0,0,0,0,0,0,0,0
64582,0,1,1989,0,0,0,0,0,0,0,0,0,0
64582,1,1,1989,0,0,11,0,0,0,0,0,0,0
64583,1,1,1989,0,0,0,0,0,0,0,0,0,0
64583,2,1,1989,0,0,0,0,0,0,0,0,0,0
64584,1,1,1989,0,0,0,0,0,0,0,0,0,0
64584,2,1,1989,3,3,3,3,3,3,3,3,3,3
64585,0,1,1989,25,25,25,25,25,25,25,25,25,25
64585,1,1,1989,0,0,0,0,0,0,0,0,0,0
64586,1,1,1989,0,0,0,0,0,0,0,0,0,0
64586,2,1,1989,0,0,0,0,0,0,0,9,0,0
64587,1,1,1989,0,0,0,0,0,0,0,0,0,0
64588,1,1,1989,6,6,6,6,6,6,6,6,6,6
64588,2,1,1989,0,0,0,0,0,0,0,0,0,0
64589,1,1,1989,0,0,0,0,0,0,0,0,0,0
64589,2,1,1989,0,0,0,0,0,0,0,0,8,0
64589,3,1,1989,0,0,0,0,0,0,0,0,0,0
64590,1,1,1989,3,3,3,3,3,3,3,3,3,3
64590,2,1,1989,0,0,0,0,0,0,0,0,0,0
64591,1,1,1989,0,0,0,0,0,0,0,0,0,0
64592,1,1,1989,7,7,7,7,7,7,7,7,7,7
64593,1,1,1989,20,20,20,20,20,20,20,20,20,20
64594,1,1,1989,0,0,0,0,0,0,0,0,0,0
64594,2,1,1989,0,0,0,0,5,0,0,0,0,0
64595,1,1,1989,0,0,0,0,0,0,0,0,0,0
64595,2,1,1989,0,0,0,0,0,0,0,0,0,0
64595,3,1,1989,0,0,0,0,0,0,0,0,0,0
64596,1,1,1989,17,17,17,17,17,17,17,17,17,17
64597,1,1,1989,0,0,0,0,0,0,0,0,0,0
64598,1,1,1989,5,19,13,27,18,33,5,10,20,22
64599,1,1,1989,6,6,6,6,6,6,6,6,6,6
64599,2,1,1989,0,0,0,0,0,0,0,0,0,0
64599,3,1,1989,0,0,0,0,0,0,0,0,0,0
64599,4,1,1989,0,14,0,0,0,0,0,0,0,0
64600,1,1,1989,0,0,0,0,0,0,0,0,0,0
64600,2,1,1989,0,0,0,0,0,0,0,0,0,0
64600,3,1,1989,13,7,0,12,0,0,15,0,0,0
64600,4,1,1989,0,0,0,0,0,0,0,0,0,0
64601,1,1,1989,0,0,0,0,0,0,0,0,0,0
64601,2,1,1989,10,10,10,10,10,10,10,10,10,10
64602,1,1,1989,8,8,8,8,8,8,8,8,8,8
64603,1,1,1989,0,0,0,0,0,9,0,0,0,0
64604,1,1,1989,4,4,4,4,4,4,4,4,4,4
64604,2,1,1989,0,0,0,0,0,0,0,0,0,0
64605,1,1,1989,20,0,0,9,19,0,0,0,0,0
64606,1,1,1989,11,9,25,13,25,5,38,25,11,26
64607,0,1,1989,23,23,23,23,23,23,23,23,23,23
64607,1,1,1989,18,18,18,18,18,18,18,18,18,18
64608,1,1,1989,0,0,0,0,0,0,0,0,0,0
64609,1,1,1989,24,24,24,24,24,24,24,24,24,24
64610,1,1,1989,0,0,0,0,0,0,0,0,0,0
64611,1,1,1989,0,7,0,0,20,0,0,0,0,0
64611,2,1,1989,20,20,20,20,20,20,20,20,20,20
64612,1,1,1989,0,0,0,0,0,0,0,0,0,0
64612,2,1,1989,0,0,0,0,0,0,0,0,0,0
64613,1,1,1989,0,0,0,0,0,10,0,0,0,0
64613,2,1,1989,33,31,14,7,3,4,17,7,11,13
64614,1,1,1989,0,0,0,0,21,0,0,0,0,0
64615,0,1,1989,0,0,0,0,0,0,0,0,0,0
64615,1,1,1989,0,0,0,0,0,0,0,0,0,0
64616,1,1,1989,0,0,0,0,0,0,0,0,0,0
64616,2,1,1989,16,16,16,16,16,16,16,16,16,16
64617,0,1,1989,0,0,0,0,0,0,0,0,0,0
64617,1,1,1989,0,9,0,0,0,0,0,0,14,0
64618,1,1,1989,0,0,0,0,0,0,0,0,0,0
64618,2,1,1989,0,0,0,0,0,0,0,0,0,0
64619,1,1,1989,0,0,0,0,0,0,0,0,0,0
64619,2,1,1989,0,0,0,0,0,0,0,0,0,0
64619,3,1,1989,0,0,0,0,0,0,0,0,0,0
64619,4,1,1989,0,0,0,0,0,0,0,0,0,0