ST_CASE,VEH_NO,PER_NO,YEAR,P1,P2,P3,P4,P5,P6,P7,P8,P9,P10
64619,5,1,1989,0,0,0,0,0,0,0,0,0,0
64620,1,1,1989,0,0,0,0,0,0,0,0,0,0
64620,2,1,1989,0,0,0,0,0,0,0,0,0,0
64621,1,1,1989,0,0,0,0,0,0,0,0,0,0
64621,2,1,1989,0,0,0,0,0,0,0,0,0,0
64622,0,1,1989,0,0,0,0,0,0,0,0,0,0
64622,1,1,1989,0,0,0,0,0,0,0,0,0,0
64623,0,1,1989,0,0,0,0,0,0,0,0,0,0
64623,1,1,1989,0,0,0,0,0,0,0,0,0,0
64624,1,1,1989,15,15,15,15,15,15,15,15,15,15
64625,1,1,1989,40,40,40,40,40,40,40,40,40,40
64625,2,1,1989,0,0,0,0,0,0,0,0,0,0
64626,1,1,1989,0,0,0,24,0,0,0,0,15,0
64627,1,1,1989,28,28,28,28,28,28,28,28,28,28
64627,2,1,1989,0,0,0,15,0,0,0,0,10,0
64628,1,1,1989,18,18,18,18,18,18,18,18,18,18
64629,0,1,1989,0,18,20,0,33,0,0,0,15,0
64629,1,1,1989,0,0,0,0,0,0,5,0,0,0
64630,0,1,1989,10,10,10,10,10,10,10,10,10,10
64630,1,1,1989,8,0,0,0,0,0,9,0,0,0
64631,1,1,1989,0,0,0,0,0,0,0,0,0,0
64632,1,1,1989,26,26,26,26,26,26,26,26,26,26
64633,1,1,1989,0,0,0,0,0,0,0,0,0,0
64633,2,1,1989,0,0,0,0,0,0,0,0,0,0
64634,1,1,1989,21,21,21,21,21,21,21,21,21,21
64635,0,1,1989,0,0,0,0,0,0,0,0,0,0
64635,1,1,1989,2,13,0,0,0,0,0,0,0,0
64636,1,1,1989,14,14,14,14,14,14,14,14,14,14
64636,2,1,1989,11,16,0,14,8,21,13,16,14,10
64637,1,1,1989,17,17,17,17,17,17,17,17,17,17
64638,1,1,1989,0,0,0,0,0,0,0,0,0,0
64638,2,1,1989,17,0,18,0,0,0,0,0,0,0
64639,0,1,1989,4,26,15,35,40,23,23,16,45,11
64639,1,1,1989,26,0,11,0,0,10,9,0,0,0
64640,1,1,1989,21,21,21,21,21,21,21,21,21,21
64641,1,1,1989,26,26,26,26,26,26,26,26,26,26
64641,2,1,1989,11,16,13,26,3,0,0,0,12,0
64642,1,1,1989,7,7,7,7,7,7,7,7,7,7
64643,1,1,1989,34,34,34,34,34,34,34,34,34,34
64644,1,1,1989,33,33,33,33,33,33,33,33,33,33
64645,1,1,1989,26,26,26,26,26,26,26,26,26,26
64646,1,1,1989,0,0,0,0,0,0,0,0,0,0
64646,2,1,1989,0,0,17,0,0,0,7,0,0,0
64647,1,1,1989,22,22,22,22,22,22,22,22,22,22
64648,1,1,1989,0,0,0,0,0,0,0,0,0,0
64648,2,1,1989,0,0,0,0,0,0,0,0,0,0
64649,1,1,1989,0,0,0,0,0,0,0,0,0,0
64649,2,1,1989,0,0,0,0,0,0,0,0,0,0
64650,1,1,1989,15,4,14,14,12,22,0,0,7,14
64651,0,1,1989,0,0,0,0,0,0,0,0,0,0
64651,0,2,1989,0,25,12,17,4,0,7,25,0,0
64651,1,1,1989,26,26,26,26,26,26,26,26,26,26
64652,1,1,1989,0,0,0,0,0,0,0,0,0,0
64652,2,1,1989,0,0,0,0,0,0,0,0,0,0
64653,1,1,1989,0,0,0,0,0,0,0,0,0,0
64654,0,1,1989,0,0,0,0,0,0,0,0,0,0
64654,1,1,1989,0,0,0,0,11,8,0,0,0,0
64655,1,1,1989,0,0,0,28,14,0,0,0,29,0
64656,1,1,1989,0,0,0,0,0,0,0,0,0,0
64656,2,1,1989,0,0,0,0,0,0,0,0,0,0
64657,1,1,1989,0,0,0,0,0,0,0,0,0,11
64657,2,1,1989,0,0,0,0,0,0,0,0,0,0
64658,0,1,1989,0,0,0,0,0,0,0,0,0,0
64658,1,1,1989,0,0,0,0,0,0,0,0,0,0
64658,2,1,1989,0,0,0,0,0,0,0,0,0,0
64659,0,1,1989,0,0,0,19,0,0,21,0,0,0
64659,0,2,1989,6,0,0,0,0,0,0,0,0,0
64659,1,1,1989,0,0,0,0,0,0,0,0,0,0
64660,0,1,1989,25,0,12,0,17,21,13,19,0,0
64660,1,1,1989,0,0,0,0,0,0,0,0,0,18
64661,1,1,1989,0,0,0,0,0,0,0,0,0,0
64661,2,1,1989,0,0,0,0,0,0,0,0,0,0
64661,3,1,1989,0,0,0,0,0,0,0,0,0,0
64662,0,1,1989,0,0,17,36,15,0,0,0,19,29
64662,1,1,1989,0,0,0,0,0,0,0,0,18,26
64663,1,1,1989,0,0,0,0,0,0,0,0,0,0
64663,2,1,1989,0,0,0,0,0,0,0,0,0,0
64663,3,1,1989,0,0,0,0,0,0,6,0,0,0
64664,1,1,1989,0,0,0,0,0,0,0,0,0,0
64664,2,1,1989,0,0,0,0,0,0,0,0,0,0
64665,1,1,1989,0,0,0,0,0,0,0,0,0,0
64665,2,1,1989,0,0,0,0,0,0,0,0,0,0
64666,1,1,1989,0,0,0,0,0,0,0,0,0,0
64666,2,1,1989,0,0,0,0,0,0,0,0,0,0
64667,1,1,1989,0,0,0,0,0,0,0,0,0,0
64667,2,1,1989,0,0,0,0,0,0,0,0,0,0
64668,0,1,1989,0,0,0,0,0,0,0,0,0,0
64668,1,1,1989,0,0,0,0,0,0,0,0,0,0
64668,2,1,1989,0,0,0,0,0,0,0,0,0,0
64668,3,1,1989,0,0,0,0,9,0,0,0,0,0
64669,1,1,1989,0,0,0,0,0,0,0,0,0,0
64669,2,1,1989,0,0,0,0,8,0,0,0,0,0
64670,1,1,1989,0,0,0,0,0,0,0,0,0,0
64670,2,1,1989,0,0,25,0,0,0,0,0,0,0
64670,3,1,1989,0,0,0,0,0,0,0,0,0,0
64671,0,1,1989,13,13,13,13,13,13,13,13,13,13
64671,1,1,1989,0,26,0,0,0,0,16,0,0,15
64672,0,1,1989,0,0,0,0,0,0,0,0,0,0
64672,1,1,1989,0,0,0,0,0,0,0,0,0,0
64673,0,1,1989,0,0,0,0,0,0,0,0,0,0
64673,1,1,1989,0,0,0,0,0,0,0,0,0,0
64674,1,1,1989,12,12,12,12,12,12,12,12,12,12
64675,0,1,1989,18,18,18,18,18,18,18,18,18,18
64675,1,1,1989,11,0,0,0,0,0,0,19,0,0
64676,0,1,1989,0,0,0,0,0,0,0,0,0,0
64676,1,1,1989,0,19,0,0,2,27,0,20,0,12
64677,0,1,1989,23,13,0,45,0,0,12,28,35,27
64677,1,1,1989,0,0,0,0,0,0,0,0,0,0
64678,1,1,1989,18,18,18,18,18,18,18,18,18,18
64679,1,1,1989,21,21,21,21,21,21,21,21,21,21
64680,1,1,1989,0,0,0,0,0,0,0,0,0,0
64681,1,1,1989,0,0,0,0,0,0,0,0,0,0
64681,2,1,1989,0,0,0,0,0,0,0,0,0,0
64682,0,1,1989,23,27,27,0,30,11,18,20,3,10
64682,1,1,1989,0,0,0,0,0,0,0,0,0,0
64683,1,1,1989,0,0,0,0,0,0,0,0,0,0
64683,2,1,1989,11,11,11,11,11,11,11,11,11,11
64684,1,1,1989,27,27,27,27,27,27,27,27,27,27
64684,2,1,1989,0,0,0,0,0,0,0,0,0,0
64685,1,1,1989,20,20,20,20,20,20,20,20,20,20
64685,2,1,1989,0,0,0,0,0,0,0,0,0,0
64686,1,1,1989,8,8,8,8,8,8,8,8,8,8
64686,2,1,1989,17,17,17,17,17,17,17,17,17,17
64687,1,1,1989,0,0,0,0,25,0,0,0,0,0
64687,2,1,1989,8,0,0,0,0,0,0,0,15,0
64688,1,1,1989,38,24,34,22,8,14,32,15,23,0
64689,0,1,1989,12,18,8,42,15,33,23,12,41,19
64689,1,1,1989,19,19,19,19,19,19,19,19,19,19
64690,1,1,1989,21,21,21,21,21,21,21,21,21,21
64691,1,1,1989,12,0,0,0,0,0,0,0,0,0
64691,2,1,1989,0,0,0,0,0,0,0,0,0,0
64692,1,1,1989,7,7,7,7,7,7,7,7,7,7
64693,1,1,1989,16,16,16,16,16,16,16,16,16,16
64694,1,1,1989,0,0,0,0,0,0,0,0,0,0
64694,2,1,1989,19,19,19,19,19,19,19,19,19,19
64695,1,1,1989,0,0,0,0,0,0,0,0,0,0
64696,1,1,1989,6,6,6,6,6,6,6,6,6,6
64697,0,1,1989,33,33,33,33,33,33,33,33,33,33
64697,1,1,1989,0,5,0,0,14,0,0,0,0,0
64698,0,1,1989,0,0,0,0,0,0,0,0,0,0
64698,1,1,1989,13,13,13,13,13,13,13,13,13,13
64699,1,1,1989,11,11,11,11,11,11,11,11,11,11
64700,1,1,1989,17,16,14,46,16,19,15,26,11,11
64701,0,1,1989,0,0,0,0,0,0,0,0,0,0
64701,0,2,1989,0,0,0,0,0,0,0,0,0,0
64701,1,1,1989,0,0,0,0,0,0,0,0,0,0
64702,1,1,1989,17,17,21,23,21,11,19,19,0,20
64702,2,1,1989,0,0,0,0,0,0,0,0,0,0
64703,1,1,1989,0,0,0,0,0,0,0,0,0,0
64703,2,1,1989,0,0,0,0,0,0,0,0,0,0
64704,1,1,1989,0,0,0,0,0,0,0,0,0,0
64704,2,1,1989,0,0,0,0,0,0,0,0,0,0
64705,0,1,1989,26,0,9,19,13,0,13,0,0,20
64705,1,1,1989,0,0,0,0,0,0,0,0,0,0
64706,1,1,1989,24,24,24,24,24,24,24,24,24,24
64706,2,1,1989,2,0,10,0,0,0,0,0,14,0
64707,1,1,1989,0,0,17,0,0,0,0,0,0,0
64707,2,1,1989,0,0,0,0,0,0,0,0,0,0
64708,1,1,1989,0,0,0,0,0,0,0,0,0,0
64708,2,1,1989,0,0,0,0,0,0,0,0,0,0
64709,0,1,1989,0,0,0,0,0,0,0,0,0,0
64709,1,1,1989,14,14,14,14,14,14,14,14,14,14
64710,1,1,1989,0,0,0,0,0,0,0,0,0,0
64710,2,1,1989,0,0,0,0,0,0,0,0,0,0
64711,1,1,1989,22,22,22,22,22,22,22,22,22,22
64711,2,1,1989,0,0,0,0,0,0,0,0,0,0
64712,0,1,1989,0,0,0,0,0,0,0,13,0,18
64712,1,1,1989,0,0,0,0,0,0,0,0,0,0
64713,1,1,1989,0,0,0,0,8,0,0,0,0,0
64714,1,1,1989,0,0,0,0,0,0,0,0,0,0
64714,2,1,1989,0,0,0,0,0,0,0,0,0,0
64715,1,1,1989,0,0,0,0,0,0,0,0,0,0
64715,2,1,1989,0,0,0,0,0,0,0,0,0,0
64716,0,1,1989,0,0,0,0,0,0,0,0,0,0
64716,1,1,1989,0,0,0,0,0,0,0,0,0,0
64717,1,1,1989,8,8,8,8,8,8,8,8,8,8
64718,0,1,1989,48,48,48,48,48,48,48,48,48,48
64718,1,1,1989,0,0,0,0,0,0,0,0,0,0
64719,1,1,1989,0,0,0,0,0,0,0,0,0,0
64719,2,1,1989,0,0,0,0,0,0,0,0,0,0
64720,1,1,1989,18,18,18,18,18,18,18,18,18,18
64721,1,1,1989,6,6,6,6,6,6,6,6,6,6
64722,1,1,1989,22,22,22,22,22,22,22,22,22,22
64723,1,1,1989,0,0,0,0,0,0,0,0,0,0
64723,2,1,1989,0,0,0,0,0,0,0,0,0,0
64724,1,1,1989,14,14,14,14,14,14,14,14,14,14
64725,1,1,1989,0,0,0,0,0,0,0,0,0,0
64726,0,1,1989,0,0,0,0,0,0,0,0,0,0
64726,1,1,1989,0,0,0,0,0,0,0,0,0,0
64727,1,1,1989,0,13,16,23,30,19,0,18,18,15
64728,0,1,1989,13,13,13,13,13,13,13,13,13,13
64728,1,1,1989,7,0,0,0,0,8,0,0,0,0
64729,1,1,1989,16,16,16,16,16,16,16,16,16,16
64730,1,1,1989,23,23,23,23,23,23,23,23,23,23
64730,2,1,1989,0,0,0,0,0,0,0,0,0,0
64730,3,1,1989,14,0,0,0,0,0,0,0,0,0
64731,0,1,1989,18,18,18,18,18,18,18,18,18,18
64731,1,1,1989,0,0,0,0,0,0,0,0,0,0
64732,1,1,1989,0,0,0,0,0,0,0,0,0,0
64733,1,1,1989,0,0,0,0,0,0,0,0,0,0
64734,1,1,1989,18,18,18,18,18,18,18,18,18,18
64735,1,1,1989,18,18,18,18,18,18,18,18,18,18
64736,1,1,1989,12,12,12,12,12,12,12,12,12,12
64736,2,1,1989,13,0,0,0,0,0,0,0,0,0
64737,1,1,1989,0,0,29,0,13,0,0,0,0,0
64738,1,1,1989,0,0,0,0,0,0,0,0,0,0
64738,2,1,1989,0,0,0,3,0,0,0,0,0,0
64739,1,1,1989,22,22,22,22,22,22,22,22,22,22
64740,1,1,1989,18,18,18,18,18,18,18,18,18,18
64741,1,1,1989,0,0,0,0,0,0,0,0,0,0
64741,2,1,1989,0,0,0,0,0,0,0,0,0,0
64742,1,1,1989,18,18,18,18,18,18,18,18,18,18
64743,1,1,1989,0,0,0,0,0,0,0,0,0,0
64743,2,1,1989,0,0,0,0,0,0,0,0,0,0
64744,1,1,1989,37,37,37,37,37,37,37,37,37,37
64745,0,1,1989,0,0,0,0,0,0,0,0,0,0
64745,1,1,1989,10,10,10,10,10,10,10,10,10,10
64746,1,1,1989,0,0,0,0,0,0,0,0,0,0
64746,2,1,1989,0,0,0,0,0,0,0,0,0,0
64747,1,1,1989,0,0,20,0,0,0,0,0,23,0
64748,1,1,1989,0,0,0,0,0,0,0,0,0,0
64748,2,1,1989,0,0,0,0,0,0,0,0,0,0
64749,1,1,1989,0,0,0,0,0,0,0,0,0,0
64749,2,1,1989,0,0,0,0,0,0,0,0,0,0
64749,3,1,1989,0,0,0,0,0,0,0,0,0,0
64750,1,1,1989,23,23,23,23,23,23,23,23,23,23
64751,1,1,1989,3,3,3,3,3,3,3,3,3,3
64752,1,1,1989,19,19,19,19,19,19,19,19,19,19
64753,1,1,1989,0,0,0,0,0,0,0,0,0,0
64754,1,1,1989,0,0,0,0,0,0,0,0,0,0
64755,0,1,1989,0,0,0,0,0,0,0,0,0,0
64755,1,1,1989,0,0,0,0,29,24,0,0,0,0
64756,1,1,1989,23,23,23,23,23,23,23,23,23,23
64757,0,1,1989,0,0,0,0,0,0,0,0,0,0
64757,1,1,1989,0,0,0,0,0,0,0,0,0,0
64758,1,1,1989,2,2,2,2,2,2,2,2,2,2
64759,1,1,1989,0,0,0,0,0,0,0,0,0,0
64759,2,1,1989,0,0,0,0,0,0,0,0,0,0
64760,1,1,1989,0,0,0,0,0,0,0,0,0,3
64761,1,1,1989,24,24,24,24,24,24,24,24,24,24
64761,2,1,1989,0,0,0,0,0,0,0,0,0,0
64762,1,1,1989,0,0,0,0,0,0,0,0,0,0
64762,2,1,1989,0,0,0,0,0,0,0,0,0,0
64763,1,1,1989,0,0,0,0,0,0,0,0,0,0
64763,2,1,1989,5,5,5,5,5,5,5,5,5,5
64764,1,1,1989,22,22,22,22,22,22,22,22,22,22
64765,1,1,1989,30,30,30,30,30,30,30,30,30,30
64766,1,1,1989,8,8,8,8,8,8,8,8,8,8
64767,1,1,1989,7,7,7,7,7,7,7,7,7,7
64768,1,1,1989,27,27,27,27,27,27,27,27,27,27
64769,1,1,1989,18,18,18,18,18,18,18,18,18,18
64770,1,1,1989,0,0,0,0,0,0,0,0,0,0
64770,2,1,1989,18,18,18,18,18,18,18,18,18,18
64771,1,1,1989,0,0,0,0,0,0,0,0,0,0
64772,1,1,1989,0,0,0,0,0,0,0,0,0,0
64773,0,1,1989,0,0,0,0,0,0,0,0,0,0
64773,1,1,1989,0,0,0,0,0,14,0,0,0,0
64774,0,1,1989,0,0,18,20,0,26,25,0,0,22
64774,1,1,1989,0,0,13,0,0,0,0,0,0,0
64775,1,1,1989,27,4,8,18,17,9,17,23,26,12
64775,2,1,1989,0,0,0,0,0,0,0,0,0,0
64775,3,1,1989,0,0,0,0,0,0,0,0,0,0
64776,1,1,1989,0,0,0,0,0,0,0,0,0,0
64777,1,1,1989,14,14,14,14,14,14,14,14,14,14
64778,1,1,1989,0,0,0,0,0,0,0,0,0,0
64778,2,1,1989,0,0,0,0,0,0,0,8,0,15
64779,1,1,1989,0,0,0,0,7,0,0,0,0,0
64780,1,1,1989,0,0,0,0,0,0,0,0,0,0
64781,0,1,1989,0,0,0,0,14,15,22,0,19,0
64781,1,1,1989,0,0,0,0,0,0,0,0,0,0
64782,0,1,1989,0,0,0,0,0,0,0,0,0,17
64782,1,1,1989,0,0,0,0,0,0,0,0,0,0
64783,1,1,1989,0,0,0,0,0,0,0,0,0,0
64784,1,1,1989,0,0,0,0,0,0,0,0,0,0
64784,2,1,1989,0,0,0,0,0,0,0,0,0,0
64785,1,1,1989,29,29,29,29,29,29,29,29,29,29
64786,1,1,1989,0,0,0,23,10,0,0,0,26,2
64786,2,1,1989,0,4,0,0,0,0,23,0,17,0
64787,0,1,1989,0,0,0,0,0,0,0,0,0,0
64787,1,1,1989,0,25,10,30,0,11,0,25,0,15
64788,0,1,1989,0,0,0,0,0,32,0,0,0,0
64788,1,1,1989,0,0,0,0,0,0,0,0,0,0
64789,0,1,1989,0,0,0,0,0,0,0,0,0,0
64789,1,1,1989,0,0,0,0,0,0,0,0,0,0
64790,0,1,1989,0,0,0,0,0,0,0,0,0,0
64790,1,1,1989,8,8,8,8,8,8,8,8,8,8
64791,1,1,1989,0,0,0,0,0,0,20,0,0,0
64792,0,1,1989,0,0,0,0,0,0,0,0,0,0
64792,1,1,1989,0,0,0,0,0,0,0,0,0,0
64793,0,1,1989,0,0,0,0,0,0,0,0,0,0
64793,1,1,1989,0,0,0,0,0,0,7,0,0,0
64794,1,1,1989,17,17,17,17,17,17,17,17,17,17
64795,1,1,1989,12,12,12,12,12,12,12,12,12,12
64796,0,1,1989,12,12,12,12,12,12,12,12,12,12
64796,1,1,1989,0,0,0,0,0,0,25,0,0,0
64797,0,1,1989,0,0,0,0,0,0,0,0,0,0
64797,1,1,1989,0,0,0,0,0,0,0,0,0,0
64798,0,1,1989,0,0,0,0,0,0,0,0,0,0
64798,1,1,1989,0,0,0,0,0,0,0,0,0,0
64799,0,1,1989,0,0,0,0,0,0,0,0,0,0
64799,1,1,1989,0,0,0,0,0,0,0,0,0,0
64800,1,1,1989,22,22,22,22,22,22,22,22,22,22
64801,1,1,1989,0,0,0,0,0,0,0,0,0,0
64801,2,1,1989,0,0,0,0,0,0,0,0,0,0
64802,1,1,1989,25,25,25,25,25,25,25,25,25,25
64803,1,1,1989,0,0,0,0,0,0,0,0,0,0
64804,1,1,1989,0,0,0,0,0,0,0,0,0,0
64805,1,1,1989,11,11,11,11,11,11,11,11,11,11
64806,1,1,1989,29,29,29,29,29,29,29,29,29,29
64807,1,1,1989,0,0,0,0,0,0,0,0,0,0
64808,1,1,1989,0,0,0,0,0,0,0,0,0,0
64809,1,1,1989,24,24,24,24,24,24,24,24,24,24
64810,1,1,1989,23,23,23,23,23,23,23,23,23,23
64811,1,1,1989,12,12,12,12,12,12,12,12,12,12
64811,2,1,1989,0,14,0,0,30,0,9,0,0,0
64812,1,1,1989,0,0,0,0,0,0,0,0,0,0
64813,1,1,1989,6,6,6,6,6,6,6,6,6,6
64814,1,1,1989,4,4,4,4,4,4,4,4,4,4
64815,0,1,1989,0,0,0,0,0,0,0,0,0,0
64815,1,1,1989,0,0,15,0,0,0,0,0,0,3
64816,0,1,1989,0,0,0,0,0,0,0,0,0,0
64816,1,1,1989,0,0,0,0,0,0,0,0,0,0
64817,1,1,1989,9,24,13,0,30,15,0,0,11,0
64817,2,1,1989,0,0,0,0,0,0,0,0,0,0
64817,3,1,1989,0,0,0,0,0,0,0,0,14,0
64818,1,1,1989,0,0,0,0,0,0,17,0,0,0
64819,1,1,1989,0,0,0,0,0,0,0,0,0,0
64819,2,1,1989,0,0,0,0,0,0,0,0,18,0
64820,1,1,1989,15,15,15,15,15,15,15,15,15,15
64821,1,1,1989,18,0,0,0,0,0,0,0,0,40
64821,2,1,1989,0,0,0,0,0,0,0,0,0,0
64822,1,1,1989,0,0,12,0,0,0,0,0,0,0
64823,0,1,1989,0,0,0,0,0,0,0,0,0,0
64823,1,1,1989,0,0,0,0,0,0,0,0,0,0
64823,2,1,1989,0,0,0,0,0,0,0,0,0,0
64824,1,1,1989,24,9,20,12,8,14,0,0,20,12
64825,1,1,1989,19,19,19,19,19,19,19,19,19,19
64826,1,1,1989,18,18,18,18,18,18,18,18,18,18
64827,1,1,1989,4,4,4,4,4,4,4,4,4,4
64828,1,1,1989,0,0,0,0,0,0,0,0,0,0
64828,2,1,1989,0,0,0,0,0,0,0,0,0,0
64829,1,1,1989,0,5,12,11,9,14,0,3,10,23
64830,0,1,1989,29,29,29,29,29,29,29,29,29,29
64830,1,1,1989,0,0,0,0,0,0,0,0,0,0
64831,0,1,1989,0,0,0,0,0,0,0,0,0,0
64831,1,1,1989,0,0,0,0,0,0,0,0,0,0
64831,2,1,1989,15,0,0,0,0,0,0,0,0,0
64832,1,1,1989,0,0,0,0,0,0,0,0,0,0
64833,1,1,1989,15,15,15,15,15,15,15,15,15,15
64833,2,1,1989,0,0,0,0,0,0,0,0,0,0
64833,3,1,1989,0,0,0,0,0,0,0,0,0,0
64834,0,1,1989,0,21,19,25,0,17,32,5,8,31
64834,0,2,1989,13,27,11,19,11,11,0,35,18,21
64834,0,3,1989,16,16,16,16,16,16,16,16,16,16
64834,1,1,1989,0,0,0,22,0,18,0,0,0,0
64835,1,1,1989,0,0,0,0,0,0,0,0,0,0
64835,2,1,1989,16,16,16,16,16,16,16,16,16,16
64836,1,1,1989,19,19,19,19,19,19,19,19,19,19
64836,2,1,1989,0,0,0,0,0,0,0,0,0,0
64837,0,1,1989,0,0,0,0,0,0,0,0,0,0
64837,1,1,1989,1,1,1,1,1,1,1,1,1,1
64838,0,1,1989,0,0,0,0,0,0,0,0,0,0
64838,0,2,1989,13,0,3,3,8,0,0,0,0,0
64838,1,1,1989,0,0,0,0,0,0,0,0,0,0
64839,1,1,1989,0,0,0,0,0,0,0,0,0,0
64839,2,1,1989,0,0,0,0,0,0,0,0,0,0
64839,3,1,1989,0,0,0,0,0,0,0,9,0,0
64840,1,1,1989,0,0,0,0,0,0,0,0,0,0
64840,2,1,1989,0,0,0,0,0,0,0,0,0,0
64840,3,1,1989,0,0,0,0,0,0,0,0,0,0
64841,1,1,1989,0,0,0,0,0,0,0,0,30,0
64842,1,1,1989,4,4,4,4,4,4,4,4,4,4
64842,2,1,1989,0,0,0,0,0,0,0,0,0,0
64843,1,1,1989,0,0,0,0,0,0,0,0,0,0
64843,2,1,1989,0,0,0,0,0,0,0,0,0,4
64844,1,1,1989,24,0,0,0,12,0,0,0,14,0
64845,1,1,1989,0,0,0,0,0,0,0,0,0,0
64845,2,1,1989,0,0,0,0,18,0,0,0,0,0
64846,0,1,1989,0,0,0,0,0,0,0,0,0,0
64846,1,1,1989,0,18,17,0,7,8,15,17,0,0
64847,1,1,1989,23,23,23,23,23,23,23,23,23,23
64848,1,1,1989,26,26,26,26,26,26,26,26,26,26
64848,2,1,1989,0,0,0,0,0,0,0,0,0,0
64849,1,1,1989,14,14,14,14,14,14,14,14,14,14
64850,1,1,1989,0,0,0,0,0,0,0,0,0,0
64851,1,1,1989,0,0,0,0,0,0,0,0,0,0
64852,1,1,1989,21,21,21,21,21,21,21,21,21,21
64853,0,1,1989,23,23,23,23,23,23,23,23,23,23
64853,1,1,1989,0,0,0,0,0,8,0,0,0,0
64854,1,1,1989,22,0,0,0,0,21,0,28,0,0
64855,1,1,1989,0,0,0,0,0,0,0,0,0,0
64856,1,1,1989,0,0,0,0,0,0,0,0,0,0
64856,2,1,1989,0,0,0,10,0,0,0,0,0,0
64857,1,1,1989,25,25,25,25,25,25,25,25,25,25
64858,1,1,1989,0,0,0,0,0,0,0,0,0,0
64859,1,1,1989,10,0,0,0,17,0,0,0,0,11
64860,1,1,1989,0,0,0,0,0,0,0,0,0,0
64860,2,1,1989,0,0,0,0,0,0,0,0,0,0
64861,1,1,1989,1,1,1,1,1,1,1,1,1,1
64862,1,1,1989,18,18,18,18,18,18,18,18,18,18
64862,2,1,1989,0,0,0,0,0,0,0,0,0,0
64863,1,1,1989,20,20,20,20,20,20,20,20,20,20
64863,2,1,1989,0,0,6,10,0,0,0,0,0,0
64864,0,1,1989,0,0,17,0,0,7,0,0,0,29
64864,1,1,1989,0,0,0,0,0,8,0,0,0,7
64865,0,1,1989,0,0,0,0,0,0,0,0,0,0
64865,1,1,1989,0,0,0,0,0,0,0,0,0,0
64866,1,1,1989,0,0,0,0,0,0,0,0,0,0
64867,1,1,1989,0,0,0,0,0,0,0,0,0,0
64867,2,1,1989,0,0,0,0,0,0,0,0,0,0
64868,2,1,1989,0,0,0,0,0,0,0,0,0,0
64869,1,1,1989,7,7,7,7,7,7,7,7,7,7
64870,1,1,1989,0,0,11,2,0,0,0,0,10,0
64870,2,1,1989,0,0,0,0,8,0,0,11,0,0
64871,1,1,1989,18,0,13,6,0,0,16,0,0,0
64872,0,1,1989,0,0,26,0,0,0,0,17,12,0
64872,1,1,1989,0,19,0,0,0,0,0,0,0,0
64873,1,1,1989,15,15,15,15,15,15,15,15,15,15
64874,1,1,1989,13,13,13,13,13,13,13,13,13,13
64874,2,1,1989,0,0,0,0,0,0,0,0,0,0
64875,1,1,1989,18,18,18,18,18,18,18,18,18,18
64876,1,1,1989,16,16,16,16,16,16,16,16,16,16
64876,2,1,1989,0,0,0,0,0,12,0,0,0,0
64877,1,1,1989,0,0,0,0,0,0,0,0,0,0
64877,2,1,1989,0,13,0,0,0,0,0,0,27,0
64878,1,1,1989,0,0,0,0,0,0,0,0,0,0
64878,2,1,1989,0,0,0,0,0,0,0,0,0,0
64879,1,1,1989,0,0,0,0,0,0,0,0,0,0
64879,2,1,1989,0,0,0,0,0,0,0,0,0,0
64879,3,1,1989,0,0,0,0,0,0,0,0,0,0
64879,4,1,1989,0,0,0,0,0,0,0,0,0,0
64879,5,1,1989,0,0,0,0,0,0,0,0,0,0
64879,6,1,1989,0,0,0,0,8,0,0,0,0,0
64880,1,1,1989,0,0,0,0,0,0,0,0,0,0
64881,1,1,1989,0,0,0,0,0,0,0,0,0,0
64881,2,1,1989,0,0,0,0,0,0,0,0,17,0
64881,3,1,1989,0,0,0,0,0,0,0,18,0,0
64882,1,1,1989,17,17,17,17,17,17,17,17,17,17
64883,1,1,1989,0,0,0,0,0,0,0,0,0,0
64883,2,1,1989,0,0,0,0,0,0,0,0,0,0
64884,1,1,1989,0,0,0,0,0,0,0,0,0,0
64884,2,1,1989,0,0,0,0,0,0,0,0,0,0
64885,1,1,1989,19,19,19,19,19,19,19,19,19,19
64885,2,1,1989,0,8,0,0,0,0,0,0,0,0
64886,1,1,1989,20,20,20,20,20,20,20,20,20,20
64887,1,1,1989,0,0,0,0,0,0,0,0,0,0
64887,2,1,1989,0,0,0,0,0,0,0,0,0,0
64888,1,1,1989,11,11,11,11,11,11,11,11,11,11
64888,2,1,1989,0,0,0,0,0,0,0,0,0,0
64888,3,1,1989,15,0,16,26,0,24,0,20,0,21
64889,1,1,1989,9,0,19,0,6,27,31,11,14,19
64890,1,1,1989,9,9,9,9,9,9,9,9,9,9
64892,1,1,1989,21,21,21,21,21,21,21,21,21,21
64892,2,1,1989,0,0,0,0,0,0,0,0,0,0
64893,0,1,1989,0,0,0,0,0,0,0,0,0,0
64893,1,1,1989,0,0,0,0,0,0,0,0,0,0
64894,1,1,1989,4,4,4,4,4,4,4,4,4,4
64895,1,1,1989,24,12,19,0,25,15,0,0,38,22
64896,0,1,1989,0,18,0,0,0,0,0,0,0,0
64896,1,1,1989,15,25,0,0,0,0,22,12,16,0
64897,1,1,1989,0,0,0,0,0,0,0,0,0,0
64897,2,1,1989,0,0,0,0,0,0,0,0,0,0
64898,1,1,1989,0,0,0,0,14,0,0,0,0,0
64899,0,1,1989,0,0,0,0,0,0,0,0,0,0
64899,1,1,1989,0,0,0,0,0,0,0,0,0,0
64900,1,1,1989,0,24,0,0,0,0,0,0,0,0
64900,2,1,1989,0,0,0,0,0,0,0,0,0,0